current_kf,historical_kf,current_submap,historical_submap,overlap,loop_rmse,frontend_world_x,frontend_world_y,frontend_world_z,loop_world_x,loop_world_y,loop_world_z,world_error_dx,world_error_dy,world_error_dz,world_error_norm,frontend_rel_tx,frontend_rel_ty,frontend_rel_tz,frontend_rel_roll_deg,frontend_rel_pitch_deg,frontend_rel_yaw_deg,loop_rel_tx,loop_rel_ty,loop_rel_tz,loop_rel_roll_deg,loop_rel_pitch_deg,loop_rel_yaw_deg,relative_error_tx,relative_error_ty,relative_error_tz,relative_error_roll_deg,relative_error_pitch_deg,relative_error_yaw_deg,relative_translation_norm,relative_rotation_deg,graph_correction_translation,graph_correction_rotation_deg,graph_gate_pass
55,4,5,0,0.886126704,0.456020704,30.181316030,2.775237669,-0.085537971,3.421071291,-0.055402167,0.348787934,26.760244739,2.830639837,-0.434325905,26.913042551,28.107631878,-1.184161376,0.222987437,0.519877814,0.978043535,-1.915231451,1.205418186,-0.431656523,0.351417653,-3.368032016,3.247527354,1.063448453,26.847795675,-1.331483456,1.318792677,4.054377287,-2.086182401,-3.108453439,26.913123099,5.476004250,26.913042551,5.476004250,0
56,4,5,0,0.896949711,0.450974378,30.743082888,2.847738044,-0.091285755,3.733271122,0.040672049,0.351037264,27.009811766,2.807065995,-0.442323019,27.158888062,28.674079214,-1.187017959,0.223761497,0.377051057,1.148728481,0.034896369,1.527574213,-0.377992541,0.357720070,-4.197681979,4.259316304,2.379952177,27.024701147,-2.067971460,1.731643393,4.751050625,-2.926856570,-2.569278341,27.158968443,6.091502073,27.158888062,6.091502073,0
57,4,5,0,0.864344638,0.457775090,31.319255551,2.937804023,-0.099079207,4.473743916,-0.128995270,0.291983157,26.845511636,3.066799293,-0.391062364,27.022947335,29.257162919,-1.174369539,0.222778108,0.313421500,1.563875576,2.231678887,2.239540573,-0.644305716,0.305226838,-5.760193586,3.279568245,6.071878280,26.770859436,-3.513532718,1.104370423,6.281752755,-1.314558756,-3.992319416,27.023017247,7.518862160,27.022947335,7.518862160,0
58,4,5,0,0.811219947,0.502133871,31.903873999,2.938724785,-0.113938949,2.923421144,0.560118794,0.939671159,28.980452854,2.378605991,-1.053610108,29.096984524,29.836843977,-1.251151841,0.214133015,0.198753320,1.374073739,-4.779657542,0.787250875,0.240924928,0.941701483,-2.802967273,11.386024504,-5.539088451,28.629789080,1.071656054,5.081847417,2.892812548,-10.036593947,0.275402811,29.097052130,10.454431071,29.096984524,10.454431071,0
59,8,5,0,0.848608838,0.468835499,32.501296169,2.987981087,-0.130995441,4.432653427,0.173408180,0.606466472,28.068642742,2.814572907,-0.737461913,28.219042792,28.342250298,-0.896119243,-0.119724369,-0.179288551,1.036066946,-1.916064657,0.138449941,-0.274694065,0.568644909,-2.509152128,9.543184064,0.579268626,27.920122455,-1.080634220,3.952309984,2.772652533,-8.379416462,-2.894601272,28.219173667,9.223723704,28.219042792,9.223723704,0
60,8,5,0,0.844408428,0.473040932,33.079333961,3.063318285,-0.127705485,4.806241989,0.437448591,0.630265057,28.273091972,2.625869694,-0.757970542,28.404884098,28.925153319,-0.891724135,-0.115370428,-0.145036159,0.719876034,0.750853009,0.541360083,-0.058168515,0.593789062,-1.261416066,10.542118821,2.774073909,27.962115498,-2.304441952,4.432747142,1.509710644,-9.768030071,-2.270690906,28.404922162,10.111720664,28.404884098,10.111720664,0
61,7,5,0,0.822506862,0.466879757,33.646293768,3.133896955,-0.127989439,4.943306923,0.585404754,0.524221897,28.702986845,2.548492201,-0.652211336,28.823283053,30.001827446,-1.080506823,0.136213796,0.252650476,1.117552958,0.479531546,1.203506834,0.059355166,0.509162146,-0.232830971,7.161811836,0.677976874,28.604779132,-1.493642903,3.212322399,0.511637201,-6.043335278,-0.224237903,28.823313021,6.068090233,28.823283053,6.068090233,0
62,5,5,0,0.741302409,0.446146663,34.224303123,3.177717417,-0.137021773,4.192506313,0.310145229,0.254694372,30.031796809,2.867572188,-0.391716146,30.170933552,31.631050702,-1.365211993,0.232336386,0.374154486,0.843835093,-2.151207667,1.484126481,-0.162256941,0.265359674,-1.472854943,-0.136062102,-0.492772593,30.156055049,-0.940645347,-0.128852938,1.842698600,1.022133231,-1.632790851,30.170997213,2.675733007,30.170933552,2.675733007,0
65,14,6,1,0.654516640,0.490032727,35.813964977,3.345967014,-0.154333634,6.720898834,0.579577755,0.088551538,29.093066143,2.766389260,-0.242885173,29.225304111,27.983454281,5.241155447,-0.074230177,-0.997836656,1.363796881,8.476549844,-0.773132111,0.028969261,0.027034818,-2.371284845,2.083672167,9.322568761,29.205471117,0.444809539,0.980499797,1.404119690,-0.684049966,-0.874884975,29.225310581,1.786102554,29.225304111,1.786102554,0
66,20,6,1,0.747500000,0.489138275,36.375747845,3.408202267,-0.162366702,9.026955847,0.699711481,0.285685265,27.348791998,2.708490785,-0.448051967,27.486234675,25.707723957,-0.015277696,0.050910478,-1.934349707,0.812017807,0.012654023,-1.774517779,0.431205758,0.192820068,-2.224597227,8.301131045,3.589291653,27.133776664,-2.312591534,3.728544855,0.824577607,-7.327256861,-3.895328264,27.486214043,8.313228836,27.486234675,8.313228836,0
70,22,6,1,0.632098765,0.421886928,38.675115723,3.592705660,-0.180170770,7.396476831,1.011451045,-0.021417844,31.278638892,2.581254614,-0.158752925,31.385368069,26.772978128,-2.900720354,0.269164238,-0.807247392,-0.140915675,-7.124763673,-4.328424772,1.285395906,-0.200406982,0.636871855,-1.180652715,-3.682875754,31.309187396,-2.181527457,-0.151343934,-1.513973822,0.999298906,-3.453747394,31.385461323,3.889321654,31.385368069,3.889321654,0
71,22,6,1,0.649754501,0.435069913,39.248769525,3.651430253,-0.199406903,7.548952164,0.939141742,0.245389802,31.699817361,2.712288511,-0.444796705,31.818748778,27.346118733,-2.966641539,0.261319730,-0.527518359,1.675762035,-5.588927217,-4.199852765,1.186430499,0.070404336,-0.396262527,3.452162550,-0.208331038,31.492149049,-4.052732709,2.063045048,0.190848583,-1.724016519,-5.392876314,31.818803387,5.662014108,31.818748778,5.662014108,0
72,22,6,1,0.701517707,0.451399579,39.838428853,3.679168076,-0.213752822,7.075095121,1.295213069,-0.034217944,32.763333732,2.383955007,-0.179534879,32.850441572,27.928150597,-3.066176352,0.259073484,-0.581947263,0.554919580,-8.303899063,-4.581130710,1.631203149,-0.223385040,-0.970443887,0.480577142,-10.529728052,32.815181781,1.309629614,0.780034154,0.369094536,0.036977185,2.226661391,32.850566788,2.257235473,32.850441572,2.257235473,0
75,14,7,1,0.725981621,0.474837233,41.644629822,3.760494971,-0.251380279,7.369943206,1.236742058,-0.016452232,34.274686616,2.523752913,-0.234928047,34.368279890,33.758792689,6.146028678,-0.141866798,-1.439486067,1.996507489,6.671850824,-0.181251599,0.737875084,-0.079169244,-1.599521687,-1.363731436,4.205726443,34.234101752,2.927863323,-0.796273905,0.219959877,3.288763999,2.561675428,34.368301654,4.170423423,34.368279890,4.170423423,0
76,29,7,2,0.615695793,0.489043424,42.242553981,3.813118858,-0.269571300,12.083666078,1.499212865,-0.323688517,30.158887903,2.313905993,0.054117217,30.247571954,26.621920092,-1.375659115,0.162073684,-0.968739639,0.957963999,-3.384607414,-3.546100843,0.728484809,-0.453312690,3.093916645,-1.655062653,1.322245339,30.116661874,-2.809353993,-0.103079095,-4.190719750,2.349683042,-4.844513608,30.247585318,6.760471222,30.247571954,6.760471222,0
77,32,7,2,0.622168285,0.501050057,42.825473521,3.870628805,-0.268147730,13.178285845,1.296241566,-0.146295324,29.647187676,2.574387239,-0.121852405,29.758999559,25.474038050,-2.078868181,0.206714845,-0.707930664,0.756586739,-2.434025572,-4.173905047,0.441611975,-0.287961447,0.976077051,-0.559880128,2.226510182,29.531127070,-3.666306868,0.268618722,-1.726500944,1.235100601,-4.682893140,29.759056237,5.124399370,29.758999559,5.124399370,0
78,30,7,2,0.711743772,0.514442375,43.414239423,3.969657686,-0.296584979,15.609999685,1.840862382,-0.092645628,27.804239738,2.128795304,-0.203939351,27.886360611,27.168260519,-2.420312459,0.254455460,-0.881623963,0.381402099,-1.167937566,-0.555289353,0.558866228,-0.167900946,1.122360586,-2.208762172,6.068190703,27.249361469,-5.904303347,-0.512770197,-2.274444746,2.430589915,-7.291786573,27.886402274,7.970757195,27.886360611,7.970757195,0
79,2,7,0,0.572663001,0.538587734,44.000659090,4.066490513,-0.303074540,1.017633915,1.034822464,-0.089095265,42.983025175,3.031668049,-0.213979275,43.090338262,43.140669783,1.041315578,0.381004372,-0.234298600,0.291913416,7.598594703,0.052994002,0.961764843,-0.091350322,-0.065375192,0.839100844,-2.223023990,43.040723194,1.749567342,1.104781306,-0.313011621,-0.546040529,9.821297838,43.090432589,9.839924120,43.090338262,9.839924120,0
80,2,7,0,0.582861762,0.534995209,44.599673540,4.205423178,-0.316810032,1.451456189,1.571367383,-0.279460162,43.148217351,2.634055795,-0.037349870,43.228558911,43.747931896,1.138933241,0.377429602,-0.001901392,1.082656845,9.872114330,0.525500967,1.468272256,-0.271651233,1.610924585,-2.853476225,-5.729595819,43.018344005,3.943775088,-1.605824339,-0.788668005,4.263524736,15.524872555,43.228577986,16.143633416,43.228558911,16.143633416,0
81,27,7,2,0.693957115,0.521137082,45.205230180,4.321992478,-0.318095210,13.550154582,1.878993498,-0.183589232,31.655075598,2.442998980,-0.134505978,31.749490500,30.916787528,-1.073644396,0.179470424,-1.069222186,0.652171023,4.999033221,-0.771376568,0.844098312,-0.281686943,4.284841755,-1.735474253,12.567850448,30.511607617,-8.777076257,0.193216228,-5.547466458,1.801686219,-7.729650953,31.749529122,9.610714898,31.749490500,9.610714898,0
82,2,7,0,0.633280757,0.526788936,45.342728276,4.304824894,-0.316467534,1.014847875,1.041661501,-0.167594716,44.327880402,3.263163393,-0.148872818,44.448075092,44.495948120,1.187169608,0.389925225,-0.038795855,1.019851301,3.493449485,0.051932536,0.969176631,-0.169840047,1.290497559,-1.986958407,-3.870316901,44.320829200,3.194505722,-1.049717176,-1.065597465,3.155231819,7.303888821,44.448202145,8.053066157,44.448075092,8.053066157,0
83,2,7,0,0.653953488,0.528562909,45.501668514,4.262494299,-0.330190582,0.925079882,1.111760974,-0.210448116,44.576588631,3.150733325,-0.119742466,44.687959371,44.651816237,1.134114995,0.378412690,-0.524207404,0.741170980,-2.119478267,-0.032132977,1.045480260,-0.213650871,3.232199081,-0.784756107,-4.362549479,44.551714031,3.480785994,-0.214726094,-3.724546185,1.649378643,2.154133725,44.687998406,4.632607825,44.687959371,4.632607825,0
85,7,8,0,0.613000756,0.555535278,46.216634703,4.140141878,-0.338447919,1.066559076,0.732207477,0.116542555,45.150075626,3.407934401,-0.454990475,45.280794630,42.599135822,-1.688976740,0.047450718,0.022403395,1.016603188,-12.739043803,-2.618463963,0.702397269,0.066484572,3.109112523,1.790806081,-16.474589746,44.018593475,10.588252173,0.784107340,-3.196956603,-0.566834101,3.771582567,45.280928435,4.964185318,45.280794630,4.964185318,0
86,0,8,0,0.611360239,0.575542007,46.831097464,4.084175121,-0.343375200,1.531192183,0.567463517,-0.164232105,45.299905281,3.516711603,-0.179143095,45.436557651,46.831097464,4.084175121,-0.343375200,-0.165448582,2.177504559,-4.625188031,1.531192183,0.567463517,-0.164232105,2.977939005,-1.301163290,-12.200347876,43.518339529,12.932159753,-1.842007691,-2.952245691,3.855551535,7.394446516,45.436545023,8.927098440,45.436557651,8.927098440,0
87,36,8,3,0.561027837,0.594037961,47.612419176,4.003340185,-0.357810350,15.280399146,-0.015077228,0.119798524,32.332020030,4.018417413,-0.477608874,32.584280074,27.990238863,-1.017072220,0.196680333,0.084794745,0.210445784,-10.871576214,-4.592529742,-1.252640774,-0.010697278,-2.600217719,2.601451530,1.311972996,32.536752905,-0.586382571,1.661024317,3.176802431,-1.781094394,-12.284804483,32.584400193,12.763964328,32.584280074,12.763964328,0
88,36,8,3,0.548808609,0.575357277,48.225044718,3.941272314,-0.359093520,15.800217460,0.021462056,0.115169618,32.424827259,3.919810258,-0.474263138,32.664342344,28.591397234,-1.149843838,0.208698350,0.388273052,-0.095930135,-11.044998106,-4.072004580,-1.276715480,-0.004248242,-0.999825096,3.339171287,1.366293634,32.589322715,-0.688847854,2.103046212,2.084631567,-3.141223018,-12.488453858,32.664373096,12.988031903,32.664342344,12.988031903,0
89,36,8,3,0.542292490,0.589575828,48.527512679,3.860450152,-0.363810902,16.083843831,-0.019558485,0.192301013,32.443668848,3.880008637,-0.556111915,32.679586530,28.882460741,-1.265253994,0.210666635,0.507839072,0.864912486,-17.064639174,-3.796750839,-1.350011661,0.079051840,-1.537871035,5.224824200,-3.993083566,32.446625876,2.276138710,3.161434479,3.192409343,-3.874213969,-13.212335055,32.679642075,14.028508191,32.679586530,14.028508191,0
90,36,8,3,0.538235294,0.606410286,49.147809732,3.764489418,-0.375781826,16.284427683,-0.108887769,0.166797165,32.863382049,3.873377187,-0.542578992,33.095306654,29.487524904,-1.432631027,0.212243559,0.743081285,0.641180131,-14.418319854,-3.607409485,-1.462144118,0.058070603,-1.212144822,5.903571021,-2.051635332,32.881513119,1.138841166,3.579930600,3.198436594,-4.863390261,-12.519704327,33.095419128,13.677967698,33.095306654,13.677967698,0
91,33,8,3,0.570601014,0.610020016,49.571185649,3.608008308,-0.368225233,16.470377753,-0.552900671,0.136717576,33.100807896,4.160908979,-0.504942809,33.365125718,31.681984409,0.767197724,0.186471819,1.380164695,0.819616577,-17.202704365,-1.562780303,-2.060945821,0.049221992,-0.309851513,4.492226969,-1.701282681,33.033783676,3.799095523,2.753568547,2.880953187,-3.426069100,-15.547651057,33.365343254,16.092419420,33.365125718,16.092419420,0
92,35,8,3,0.473759885,0.583098556,50.161556240,3.456967349,-0.374535388,20.607285788,3.699211453,0.082320360,29.554270452,-0.242244104,-0.456855748,29.558793976,30.963183609,-2.970016849,0.295904957,1.225962157,-0.301879191,-23.190819157,1.782130236,1.735438698,0.078848638,-7.155985007,0.360138315,-108.627354504,-4.863075010,28.905078418,3.816955262,1.439467061,-7.463697770,85.399530374,29.558792336,85.765603990,29.558793976,85.765603990,0
93,33,8,3,0.593750000,0.585699480,50.740012056,3.234720889,-0.373534791,16.825082455,-0.696407133,0.086072415,33.914929601,3.931128023,-0.459607206,34.145094174,32.834770778,0.347240159,0.202158964,1.486218377,0.712588672,-20.585084244,-1.213219760,-2.218470214,0.004860353,-0.708152037,3.854392309,-2.070984345,33.843131621,3.763564493,2.524579362,3.383084971,-2.716860214,-18.571049459,34.145211620,18.988595026,34.145094174,18.988595026,0
94,35,8,3,0.448214286,0.620420933,51.298687483,2.989480332,-0.377589834,20.711934232,2.780889872,-0.312931764,30.586753251,0.208590460,-0.064658070,30.587532837,32.016402689,-3.603957694,0.317572399,1.461825910,0.674256498,-30.075884579,1.755884433,0.811512328,-0.316323837,-0.926280016,0.138195881,-113.561787095,-8.050441865,29.488971368,1.091343219,1.429618692,-0.261727105,83.484667768,30.587580430,83.498315231,30.587532837,83.498315231,0
95,35,9,3,0.505686789,0.630134565,51.526712684,2.784378969,-0.387445632,21.259704513,4.733324545,-0.875518616,30.267008171,-1.948945576,0.488072984,30.333618111,32.210989738,-3.841166796,0.312383867,1.691913563,0.635856411,-39.846047794,2.605105366,2.658283769,-0.861132476,3.498167338,-4.944619128,-109.906442297,-3.853347640,30.086225058,-0.325105893,5.152165009,5.608459237,70.098020794,30.333725787,70.206448086,30.333618111,70.206448086,0
96,13,9,1,0.600943396,0.611371642,52.049233394,2.460829130,-0.399808121,8.798545277,0.151240691,-0.805426574,43.250688117,2.309588439,0.405618454,43.314209536,45.154058513,0.489572849,-0.303813256,1.149561825,1.942052928,-32.917888911,1.853647552,-0.453560931,-0.856675757,3.619657119,-4.871357583,-37.621526720,33.645976477,26.979214686,-4.024021589,-2.083721601,7.081988565,4.294836438,43.314229855,8.603317085,43.314209536,8.603317085,0
97,12,9,0,0.615618661,0.598835127,52.585235005,2.107113197,-0.416009268,6.722698212,0.137388274,-0.621138752,45.862536793,1.969724923,0.205129484,45.905273940,46.187665195,-2.315552794,0.125232559,1.913365177,1.716876882,-35.137332146,0.328263709,-0.425002855,-0.671819350,5.480441207,-6.157319286,-40.158828959,36.144086419,27.705907683,-5.770019634,-3.060509636,8.297789363,4.291368187,45.905396526,9.923982189,45.905273940,9.923982189,0
98,31,9,2,0.603619910,0.540676018,53.103085927,1.769558787,-0.429809713,16.644909352,-1.607864184,0.694677031,36.458176575,3.377422972,-1.124486744,36.631545088,35.576941186,-7.218422573,0.266813810,0.994094600,-0.543136235,-44.888671246,-0.809012409,-2.999933862,0.636718648,-3.941536932,9.773736147,34.681677740,27.184150280,-24.412216116,2.635508596,11.309717831,1.582907182,-79.813629814,36.631683386,80.645933961,36.631545088,80.645933961,0
99,31,9,2,0.650000000,0.554556405,53.588298618,1.388839720,-0.421749807,17.349816152,-1.063162142,0.049237389,36.238482466,2.452001862,-0.470987197,36.324396121,35.972929556,-7.690968691,0.285163273,0.317966648,-0.545692820,-47.690725357,0.005963876,-2.615434797,0.005719150,-2.196165387,5.675527465,34.741102676,26.504671996,-24.760875474,1.967492385,6.231091306,0.888121810,-82.523013835,36.324504376,82.768014871,36.324396121,82.768014871,0
100,7,9,0,0.490428441,0.578704387,53.770169581,1.151010613,-0.422729550,3.416850567,-1.584873676,0.305900186,50.353319014,2.735884289,-0.728629736,50.432853378,49.709097912,-5.619038467,0.016593438,0.323818064,-0.463744725,-51.576071057,-0.585606672,-1.896974583,0.264849604,-2.464980068,12.220596275,-19.923412840,47.505341057,13.195154907,10.612230552,8.930444919,-9.517570277,-32.669043307,50.433014774,34.414205359,50.432853378,34.414205359,0
101,9,9,0,0.498539435,0.539617996,53.919986404,0.875169995,-0.426081590,3.417024851,-0.699955881,0.157572180,50.502961553,1.575125876,-0.583653770,50.530889552,49.081658363,-2.597024611,-0.332527227,-0.155168301,0.187445815,-54.013098157,-1.424043061,-1.061487404,0.099963341,-1.955871951,7.691587335,-28.648798880,44.711418035,22.662482714,6.379320476,4.928580588,-5.912390277,-25.750236853,50.531126597,26.612136264,50.530889552,26.612136264,0
102,35,9,3,0.531349628,0.580996718,53.967820352,0.736193376,-0.415814037,20.191780622,4.041571707,0.125858523,33.776039730,-3.305378331,-0.541672560,33.941711726,34.314642736,-6.234707539,0.334347757,0.627082470,-0.922348118,-64.671749982,1.422228741,2.136687330,0.113792980,-3.710967810,9.460754981,-80.929141222,13.233193468,30.938889344,4.440544756,1.573740571,-11.035098925,15.851034196,33.941872679,19.481029559,33.941711726,19.481029559,0
103,35,9,3,0.803488372,0.554072531,54.016586304,0.461923360,-0.406616213,17.858600145,-0.668973063,-0.251432662,36.157986159,1.130896423,-0.155183551,36.175999941,34.321188648,-6.513189115,0.343935399,0.922834396,-1.324469807,-75.826711813,-1.586548120,-2.167553853,-0.329017873,3.721253666,1.491948370,11.860084135,34.219020270,-11.506711520,2.316127633,2.265615224,-5.102533680,-87.713643489,36.176099921,87.754378893,36.175999941,87.754378893,0
104,31,9,2,0.785557987,0.480643253,54.233657376,-0.086090804,-0.391496028,15.276536753,-1.257264704,0.216978815,38.957120623,1.171173900,-0.608474843,38.979470715,36.299446740,-9.267112334,0.329671844,0.532065034,-1.443809448,-79.829332059,-2.065722946,-2.377030040,0.130528363,0.129980631,4.813311990,12.186697575,35.902390825,-14.826386160,3.256721080,5.348464188,-1.399433706,-92.130127008,38.979605253,92.193489488,38.979470715,92.193489488,0
105,33,10,3,0.818766067,0.494147233,54.342373450,-0.642726973,-0.371694531,17.848400580,-0.542150729,-0.060310845,36.493972870,-0.100576244,-0.311383686,36.495439868,36.277873931,-3.671878881,0.259914849,0.637310313,-0.064508446,-77.698656686,-0.181923922,-2.105115739,-0.121562505,3.176900507,4.449435537,11.204016301,35.324099033,-8.434306766,3.604295875,5.025484574,-3.325781141,-88.909147563,36.495485363,88.924733490,36.495439868,88.924733490,0
106,7,10,0,0.539540816,0.573259091,54.335632542,-0.818217084,-0.380737107,3.799869537,2.365088224,-0.248285532,50.535763005,-3.183305308,-0.132451575,50.636096992,50.017771723,-7.644566409,0.053014348,-0.057562983,0.305619215,-88.064905867,0.304607736,1.973909348,-0.264111890,-0.361099614,0.195737768,-57.191623131,35.019174550,36.568322069,0.667303794,0.352878571,0.322863700,-30.871622280,50.636252423,30.876285180,50.636096992,30.876285180,0
107,31,10,2,0.623828648,0.555893041,54.406587186,-1.417949716,-0.370640429,14.503229716,0.780054739,-0.067670158,39.903357470,-2.198004455,-0.302970271,39.964996584,36.193491487,-10.605889731,0.354898846,1.244898225,-0.488430741,-93.682807585,-2.396278963,-0.225442965,-0.171307854,-0.229568187,2.403352260,-11.015183626,39.805164477,-2.824617057,2.186071473,3.658062770,-0.566955342,-82.694648278,39.965090880,82.744478723,39.964996584,82.744478723,0
108,31,10,2,0.711647727,0.581120629,54.514591690,-1.993146093,-0.355346094,14.886841941,1.297412851,-0.621447524,39.627749749,-3.290558943,0.266101430,39.765024058,36.180202265,-11.190914299,0.372770971,1.312723478,-0.451826375,-89.922123027,-1.903111113,0.198997693,-0.717314013,3.250342827,-3.588825289,-9.598220608,39.440325711,-4.950967423,-1.102457268,-2.772286975,-3.052136296,-80.300758306,39.765145324,80.462402513,39.765024058,80.462402513,0
111,31,10,2,0.808069793,0.496087866,54.651328076,-3.694610619,-0.327536622,14.023998121,-0.635752185,0.085163207,40.627329954,-3.058858434,-0.412699829,40.744409129,35.962464058,-12.883852651,0.404418291,1.383569775,-1.413294031,-97.438864399,-3.160214693,-1.511243752,-0.027611160,1.685899572,2.918232706,-11.130703128,40.507744937,-3.531085447,2.602611513,4.190487572,-3.281828810,-86.380220606,40.744564681,86.391982959,40.744409129,86.391982959,0
112,33,10,3,0.798530955,0.536747938,54.715963643,-4.291700718,-0.302220757,17.460233992,-0.708152500,0.434170136,37.255729650,-3.583548218,-0.736390894,37.434923282,36.503278503,-7.333080965,0.324704614,1.502529626,-1.260817838,-85.879541162,-0.585818968,-2.256594704,0.364918989,-1.073957925,9.099332676,0.098490462,36.620167037,-5.248509533,5.727113985,10.654952395,-0.808937348,-86.229147215,37.435054704,86.684957989,37.434923282,86.684957989,0
113,31,10,2,0.771622935,0.479147794,54.813014060,-4.902791547,-0.288964683,15.209013083,-1.137123115,0.641522879,39.604000978,-3.765668432,-0.930487562,39.793503983,35.870661501,-14.099206928,0.447051347,1.791837977,-1.319244088,-92.281173275,-2.115566284,-2.243485748,0.553509064,0.225544547,11.588274402,-3.470286704,37.868217131,-9.504396658,7.693972271,13.378261702,-1.756714944,-89.100039046,39.793625543,89.699824655,39.793503983,89.699824655,0
114,35,10,3,0.761166819,0.480288634,54.934259150,-5.505811493,-0.271457467,16.900607951,-0.950130806,0.326645632,38.033651199,-4.555680688,-0.598103099,38.310188950,34.323387758,-12.550948447,0.484320648,1.660316167,-1.283165813,-86.170069815,-2.589035478,-2.300240297,0.226307832,-1.441254940,10.756314689,2.018740883,35.838622783,-11.718806028,6.778322414,12.454238583,-0.157859512,-88.460641801,38.310350461,89.136204799,38.310188950,89.136204799,0
115,9,11,0,0.470178926,0.625754615,54.911892463,-5.955094055,-0.246125907,5.822938919,-0.380243033,-0.060785159,49.088953544,-5.574851022,-0.185340748,49.404844653,49.650436721,-9.476437901,-0.194931326,1.022008381,-0.251709353,-89.460968368,0.997678290,-0.889209831,-0.109571548,2.996222234,2.154969154,-48.290493072,38.757847322,30.637137808,-0.228698740,0.182064387,-3.845127947,-41.083928262,49.405032590,41.250135312,49.404844653,41.250135312,0
116,31,11,2,0.729011690,0.505811985,54.945455772,-6.569125021,-0.228898427,14.058439659,-0.920943540,-0.279960530,40.887016113,-5.648181481,0.051062103,41.275327352,35.655317154,-15.756727367,0.510838612,1.847227209,-1.533372983,-98.234612978,-3.177977417,-1.799178399,-0.391772932,2.573088424,-0.369831087,-6.455225383,40.161361225,-9.464604909,1.069372286,1.557063263,-4.116662955,-91.773393539,41.275382961,91.799255228,41.275327352,91.799255228,0
117,33,11,3,0.692307692,0.574404362,54.999741348,-7.186866053,-0.204603650,17.362848347,-0.191644274,-0.238102009,37.636893001,-6.995221779,0.033498359,38.281457191,36.668683443,-10.237545037,0.418357460,1.532969637,-1.231067426,-86.365674157,-0.649527785,-1.734937592,-0.307412472,5.353372622,0.223648123,1.245296046,37.121611734,-9.189809860,1.735638688,1.532616389,-6.589089335,-87.600491221,38.281576570,87.720606207,38.281457191,87.720606207,0
119,31,11,2,0.694694695,0.566855207,55.003435865,-8.079178897,-0.158504743,15.218614846,-0.924111086,-0.508070223,39.784821020,-7.155067811,0.349565481,40.424611006,35.399153738,-17.245924237,0.583313836,1.907660358,-1.139366522,-102.358657951,-2.039041422,-2.042618835,-0.595763336,2.151834721,-3.208281795,-9.551825350,39.446250904,-8.812562687,-0.699734628,-1.194546715,-3.443988275,-92.743001328,40.424715213,92.834203446,40.424611006,92.834203446,0
120,31,11,2,0.680582524,0.548697162,55.011049118,-8.702035898,-0.145057527,14.952420306,-1.103411010,0.678243425,40.058628812,-7.598624888,-0.823300952,40.781253866,35.277859621,-17.856892470,0.597284797,1.734295179,-0.576540701,-100.263632983,-2.360375640,-2.157409694,0.584878628,6.002054470,8.589807898,-7.144943617,38.856162925,-10.221414874,6.989018179,10.644452162,-6.097354967,-93.187812507,40.781430755,93.242611891,40.781253866,93.242611891,0
121,31,11,2,0.726930320,0.525866107,55.068539512,-9.309536539,-0.131588848,15.908072924,-1.076004748,0.605503773,39.160466588,-8.233531791,-0.737092621,40.023449310,35.208526742,-18.463119317,0.612302848,1.769649494,-0.417495565,-97.187442480,-1.418350612,-2.328005572,0.531963803,4.454716497,9.458391355,-3.285412267,36.968507278,-13.482523859,7.309549870,11.510868759,-4.215391353,-93.928209010,40.023474353,94.116795232,40.023449310,94.116795232,0
122,31,11,2,0.731814198,0.525528011,55.099018975,-9.917003378,-0.116815626,17.022486466,-1.053568079,-0.175831985,38.076532509,-8.863435299,0.059016359,39.094581417,35.112750016,-19.063736988,0.628064789,1.771952899,-0.538986824,-96.901375771,-0.307739026,-2.539643726,-0.226098008,2.159778576,-0.008986540,-2.640847402,36.144416634,-14.832014766,1.408434858,1.923550401,-2.693434179,-94.264979976,39.094644193,94.264128857,39.094581417,94.264128857,0
124,33,11,3,0.739236393,0.500742700,55.177738952,-11.135814272,-0.072914721,18.570991419,-0.839359199,-0.227019698,36.606747533,-10.296455073,0.154104978,38.027551858,36.685457550,-14.190768502,0.540668642,1.774081905,-0.970311981,-86.486631346,0.531206225,-2.430720820,-0.275474696,-0.163782001,-1.596998116,6.819838114,34.511319663,-15.969595097,-0.191379351,0.170088916,-0.898509911,-93.278028401,38.027566034,93.280128471,38.027551858,93.280128471,0
125,14,12,1,0.582644628,0.588219020,55.212518234,-11.736267418,-0.064748249,8.276002558,-0.627808926,-0.515789339,46.936515676,-11.108458492,0.451041090,48.235233926,48.585154357,-8.147673629,0.233827317,0.967305010,-0.764870644,-80.478765722,0.882048974,-1.046848434,-0.559778565,-3.124482906,-3.124005071,1.834384225,47.424322467,-8.513643193,-2.260867792,-1.708743034,2.750049160,-82.274292043,48.235464184,82.285784789,48.235233926,82.285784789,0
126,23,12,2,0.541495481,0.545052677,55.270211203,-12.344855009,-0.048028933,14.481636954,-0.454381987,0.459080018,40.788574249,-11.890473021,-0.507108951,42.489390410,38.063882452,-23.700764252,0.655859607,1.544575618,-1.042577437,-98.517078947,1.681005297,-1.755717211,0.433468613,4.782097262,8.304096191,12.997643668,30.163027914,-29.077154262,7.075926240,11.019690211,-2.448034558,-111.456588315,42.489503234,111.600161377,42.489390410,111.600161377,0
127,45,12,4,0.612479475,0.542627620,55.329295999,-12.928809693,-0.017153209,22.717778503,-0.035438516,0.266617177,32.611517496,-12.893371177,-0.283770385,35.068940950,29.951464976,-16.818974544,0.567765932,2.489646412,-1.016081824,-85.811410922,-1.979668168,-2.324905852,0.173648885,7.442436652,7.818611877,7.354465766,29.482381089,-17.730837387,6.800123523,10.724744656,-8.006411338,-93.306625515,35.069004392,93.295149234,35.068940950,93.295149234,0
128,45,12,4,0.601960784,0.578615073,55.380414778,-13.546742446,-0.003796636,23.069214889,0.249374660,0.307340178,32.311199890,-13.796117106,-0.311136814,35.134645176,29.971661750,-17.438821323,0.571570428,2.266825159,0.066648820,-86.173137603,-1.615932006,-2.058640033,0.229173286,7.652258707,7.927208285,9.635795554,28.247421345,-19.698600620,6.964129214,10.923006890,-6.747881363,-95.784207847,35.134751668,95.791247462,35.134645176,95.791247462,0
129,31,12,2,0.557594292,0.574560931,55.385850689,-14.136879378,0.003295948,15.970217486,-0.394793995,0.608787674,39.415633203,-13.742085383,-0.605491726,41.746900145,34.520537399,-23.251435147,0.756598898,1.887575229,0.341521798,-98.197516826,-1.217114705,-1.674241433,0.536132965,0.940292357,10.564605422,11.063528329,30.368151018,-27.933806091,6.347375770,12.181817255,2.914071135,-108.880807722,41.746991487,109.676953305,41.746900145,109.676953305,0
130,32,12,2,0.509191176,0.583278354,55.440240069,-14.743457956,0.011012594,14.757938880,-0.737055385,0.076993557,40.682301188,-14.006402571,-0.065980963,43.025960727,34.719740837,-22.570457177,0.760115134,1.737339366,-1.258061790,-93.770321984,-2.969209478,-1.830371260,-0.030553421,-3.049851000,3.739524010,20.434923116,27.964631428,-32.687074797,0.882269556,3.894569854,3.057277490,-114.270923688,43.026083592,114.443987708,43.025960727,114.443987708,0
131,46,12,4,0.489322191,0.550471476,55.514118218,-15.342358390,0.025801980,22.562013982,2.176893179,0.278936635,32.952104236,-17.519251569,-0.253134656,37.320630036,28.434515112,-20.693002452,0.997799280,2.207365934,-1.272921201,-87.544327556,-2.605878188,0.011926683,0.204502634,0.256659837,2.283897021,-5.701051918,32.885892014,-17.509372821,2.183958761,4.432840158,-1.849987259,-81.898807510,37.320633784,81.943236887,37.320630036,81.943236887,0
132,46,12,4,0.505144995,0.562976810,55.597502217,-15.947078634,0.042588162,22.154901993,1.170991276,0.173183889,33.442600224,-17.118069910,-0.130595727,37.569307718,28.456863274,-21.303038062,1.014483235,2.243836951,-0.993645373,-86.339216275,-3.106861913,-0.948414266,0.079911208,-2.464634989,3.133826201,-3.147497478,32.533929045,-18.690507972,1.915242765,5.645825685,1.084063847,-83.256459661,37.569399545,83.471902595,37.569307718,83.471902595,0
133,18,12,1,0.538883806,0.577620250,55.659886941,-16.554083143,0.047593517,9.022021468,0.932351639,-0.082238450,46.637865473,-17.486434782,0.129831966,49.808460663,45.956690787,-16.788432778,0.012372989,1.617786769,0.775293547,-80.800186154,-0.739772637,0.540712134,-0.141879854,1.980657147,0.817319785,2.154928136,46.005096881,-19.033559750,1.469293071,2.185712377,-1.290688793,-82.943539697,49.808675528,82.950909543,49.808460663,82.950909543,0
134,19,12,1,0.584699454,0.531482958,55.771308010,-17.145646948,0.068229792,9.495289918,1.080384657,0.069059039,46.276018091,-18.226031605,-0.000829247,49.735883215,44.484046720,-20.003460353,0.252156553,0.995518470,-1.245102650,-81.799944728,-0.731288695,0.712877033,-0.002574409,-0.067663639,0.438173834,-0.998997536,45.566575189,-19.925799683,0.579741663,1.439024106,-1.248360820,-80.810857725,49.736167604,80.814005477,49.735883215,80.814005477,0
135,19,13,1,0.596405229,0.539650361,55.891490174,-17.756811754,0.075751662,9.600135025,0.595700289,-0.007226383,46.291355149,-18.352512043,0.082978045,49.796698136,44.570781202,-20.620132480,0.266831994,0.945373285,-1.470574937,-80.180878020,-0.652953742,0.222356344,-0.073171773,0.676045455,0.070694118,3.053054358,44.049036656,-23.215350581,0.668434599,0.936031783,-2.150311830,-83.233217877,49.796756298,83.242739480,49.796698136,83.242739480,0
136,47,13,4,0.593750000,0.570830142,55.973234804,-18.346625550,0.102038638,22.100248613,0.693760183,0.558494722,33.872986191,-19.040385732,-0.456456083,38.860311817,26.832039318,-25.104763781,0.555178681,2.888773214,-0.218412966,-88.303889724,-3.868697548,-1.280812862,0.465998894,10.118011225,5.371903552,2.025626095,29.700186635,-24.000795530,7.210896543,8.322879890,-10.304417752,-90.354227751,38.860472220,90.366821622,38.860311817,90.366821622,0
137,46,13,4,0.648133439,0.554867467,56.093953024,-18.944893718,0.100734071,21.864386802,0.740886380,0.294284451,34.229566222,-19.685780099,-0.193550379,39.487094139,28.651146546,-24.335418709,1.074991542,3.463650535,-0.698680683,-83.297631438,-3.442635812,-1.347715420,0.188856701,10.921240358,3.176679931,6.806540330,29.049424326,-25.673539610,7.499712481,6.668251181,-11.613047704,-90.145703811,39.487281206,90.250546507,39.487094139,90.250546507,0
139,46,13,4,0.612830189,0.583422330,56.305030587,-20.134390079,0.147168020,21.422212698,0.906501795,0.216062867,34.882817889,-21.040891874,-0.068894847,40.737388984,28.741439808,-25.540063792,1.122832864,2.667776733,-1.297294009,-84.720582863,-3.863219724,-1.138890168,0.096302891,10.737708398,2.625688393,1.099668537,32.049743658,-24.119080604,7.115689362,4.503438296,-12.196804446,-85.790102162,40.737564395,86.104166525,40.737388984,86.104166525,0
140,45,13,4,0.608368201,0.577681606,56.390323836,-20.716398311,0.170879266,21.719797381,0.968261338,0.212578311,34.670526455,-21.684659648,-0.041699045,40.893417656,30.621551515,-24.651750549,0.646992374,2.064320859,-0.046211123,-83.641597886,-2.925008805,-1.272032311,0.109709057,11.778532577,4.996821078,1.842204103,32.606419644,-23.239345205,8.309007050,6.107965675,-12.180733821,-85.401286555,40.893585875,85.629666913,40.893417656,85.629666913,0
141,45,13,4,0.602941176,0.536127083,56.377376043,-21.020656793,0.178332328,21.718116927,0.893231159,0.305741097,34.659259116,-21.913887952,-0.127408769,41.006084434,30.593415185,-24.955068715,0.648682095,2.221930781,-0.202712432,-88.852944760,-2.933053044,-1.348398771,0.201442968,13.564813254,5.806594320,-0.591687660,33.550078275,-21.704774002,9.208990556,7.612985371,-13.936232449,-88.238848373,41.006224818,88.447401026,41.006084434,88.447401026,0
142,45,13,4,0.601311953,0.577304213,56.421178294,-21.775959377,0.204131755,21.727147806,0.994486225,0.625960547,34.694030488,-22.770445602,-0.421828791,41.501167260,30.599180324,-25.711935981,0.662281531,1.822287627,0.000812744,-88.052022123,-2.928218341,-1.252966820,0.523536137,11.078033703,10.350749862,-2.678601089,34.045436579,-21.217439706,10.634321666,11.247279380,-11.872161668,-85.349012190,41.501328856,85.449252514,41.501167260,85.449252514,0
144,45,13,4,0.510761589,0.579738750,56.549047449,-23.151369339,0.246377493,21.468962552,1.259382490,0.702448549,35.080084897,-24.410751829,-0.456071056,42.739971480,30.657841101,-27.092511968,0.683650825,2.010038032,-0.098205755,-85.725220930,-3.175118549,-0.976835020,0.597506311,7.440785430,11.091601501,-3.201790597,34.564028035,-23.092829897,9.937964811,12.053217162,-8.910404949,-82.593058813,42.740074534,82.771425522,42.739971480,82.771425522,0
146,45,14,4,0.586150041,0.568213668,56.679903807,-24.344001354,0.285973467,22.162379750,1.115718336,0.364303787,34.517524056,-25.459719690,-0.078330320,42.891291999,30.728568772,-28.290666320,0.705698407,2.871453407,0.217748701,-86.297311633,-2.480224267,-1.149284870,0.276271717,13.208786282,7.890507625,-0.059835705,32.863516944,-25.249874918,11.050093945,9.862797101,-13.480289875,-86.136637014,42.891391975,86.278440172,42.891291999,86.278440172,0
147,45,14,4,0.607424961,0.587867759,56.767879794,-24.934320946,0.301507644,21.332086553,0.995852592,0.157191112,35.435793241,-25.930173538,0.144316532,43.910023567,30.786861426,-28.884807792,0.713193906,2.567490253,0.860341175,-84.096514417,-3.309142788,-1.224277584,0.044063993,9.094634215,5.141164675,3.152201162,32.332662912,-28.556648656,8.197772820,7.253013654,-8.473112534,-87.151795651,43.909984658,87.185855709,43.910023567,87.185855709,0
148,35,14,3,0.688394277,0.540122803,56.874592976,-25.536749741,0.308962556,18.366337267,0.699017699,0.425649720,38.508255709,-26.235767440,-0.116687165,46.596296707,33.201375578,-32.644585964,1.056238340,1.475857459,-0.079512129,-87.949220493,-0.893643330,-0.891411865,0.363066547,6.619603847,2.865378079,1.947979205,32.920145908,-32.404607329,6.118057571,4.329785444,-6.704144670,-89.900623491,46.596407707,89.925762809,46.596296707,89.925762809,0
149,34,14,3,0.672240803,0.564601131,56.990458763,-26.143857888,0.315551980,17.828357320,0.234602473,0.752178853,39.162101443,-26.378460361,-0.436626872,47.219529895,35.578641191,-31.355473130,1.453284988,1.887836689,0.018249320,-83.144321351,-0.848930348,-1.320585652,0.664888255,-2.067954521,10.597440213,1.049578701,35.114619020,-30.943186675,6.259492554,12.637876683,1.009602831,-84.288991350,47.219683581,85.170621102,47.219529895,85.170621102,0
150,35,14,3,0.711111111,0.569637320,57.129771679,-26.716348522,0.324678770,18.355698441,0.164594987,0.654495540,38.774073238,-26.880943510,-0.329816770,47.181804317,33.274985106,-33.849184737,1.074674404,1.094325962,-0.089261217,-83.821120135,-0.990149860,-1.417896236,0.590205108,-1.955799995,12.517685937,0.320328794,33.168104142,-32.871633750,6.742255571,13.743360625,0.591309901,-84.300328121,47.181833877,85.277560555,47.181804317,85.277560555,0
151,34,14,3,0.737520129,0.518718007,57.235954626,-27.304927118,0.335965021,18.063307917,0.637987735,0.014431436,39.172646709,-27.942914853,0.321533585,48.118667110,35.710203636,-32.534898905,1.473603180,1.963397555,-0.832870597,-83.264185128,-0.548998501,-0.938656389,-0.060620966,6.049498939,-5.138044080,7.647577720,31.741866675,-36.077737112,2.502357558,-3.086151173,-6.960007474,-90.839598497,48.118717860,91.275194183,48.118667110,91.275194183,0
152,34,14,3,0.681309904,0.539424933,57.369822098,-27.894515077,0.347546184,18.667272112,0.828961508,-0.051183127,38.702549986,-28.723476585,0.398729311,48.198386566,35.786121724,-33.134702350,1.485471520,1.880998655,-0.736354273,-81.711364299,0.072572199,-0.806622668,-0.102644331,7.773787227,-6.162224604,9.408146625,29.946046431,-37.605736476,3.482766079,-4.139303112,-8.624782103,-91.045720757,48.198410475,91.746482486,48.198386566,91.746482486,0
153,45,14,4,0.662717220,0.589230416,57.418449622,-28.483091083,0.364562020,22.640960639,1.728774230,-0.150828769,34.777488983,-30.211865313,0.515390789,46.070556469,31.259657567,-32.462114267,0.731322223,1.440794677,0.531533947,-84.693618888,-1.957450679,-0.552468282,-0.214397705,7.714399708,-0.863892367,1.593981637,32.327306014,-32.462872470,4.860015807,0.077956293,-7.110797759,-86.267475607,46.070734276,86.497962831,46.070556469,86.497962831,0
154,40,14,3,0.676320273,0.535680999,57.496444585,-29.060127780,0.383609110,19.919670090,1.176510344,-0.145975553,37.576774495,-30.236638123,0.529584663,48.234310676,26.275956848,-39.279647449,0.947098514,1.057968870,0.138580810,-95.771112959,-2.331569950,-0.462699622,-0.237257112,7.872850086,-5.031143106,-5.591193420,32.233146302,-35.733130415,3.276704861,-3.946685427,-7.750531874,-90.193143908,48.234522124,90.787171665,48.234310676,90.787171665,0
155,34,15,3,0.646630237,0.593694944,57.596715610,-29.646804649,0.385453423,19.826299263,1.867944542,0.095041165,37.770416347,-31.514749191,0.290412258,49.192154932,35.841570546,-34.900857670,1.517985869,1.511636700,0.051086162,-84.978539018,1.320082065,0.114951982,0.093902162,3.425662043,-1.826679114,0.000772916,34.548898208,-34.934446646,2.414734772,-0.607878559,-3.201630893,-84.975645212,49.192203385,85.043245171,49.192154932,85.043245171,0
156,34,15,3,0.654170572,0.573141046,57.685382286,-30.238286323,0.404140609,19.807172241,2.108561280,0.204509039,37.878210045,-32.346847603,0.199631571,49.810814075,35.872083279,-35.498211091,1.535289735,1.126931834,-1.012963225,-85.074199321,1.320178131,0.355825892,0.204469893,4.228145258,-3.740050606,-3.483338107,36.675326911,-33.675279342,1.422893847,-3.196275490,-4.646306118,-81.515325422,49.810929219,81.805467298,49.810814075,81.805467298,0
157,43,15,4,0.703517588,0.577965079,57.809161998,-30.819852980,0.405612316,22.449960227,1.666645866,0.082567510,35.359201770,-32.486498846,0.323044806,48.018226904,32.047460953,-35.336767181,0.852844281,0.708571251,0.242481070,-81.512087675,-1.068876980,-0.574725270,0.041229142,3.958406780,-0.013053487,3.679942637,30.817184389,-36.672608692,3.344176853,0.363364214,-3.700895059,-85.182060801,48.018356914,85.236067829,48.018226904,85.236067829,0
158,45,15,4,0.667747164,0.586259520,57.885041442,-31.390298967,0.427698666,22.915898393,1.760418998,0.348418290,34.969143049,-33.150717964,0.079280376,48.185239986,31.580393460,-35.389584333,0.755803670,1.064630281,0.560247400,-83.814737574,-1.695700332,-0.542711511,0.292782092,7.063730376,0.158835825,0.955349507,32.689123114,-35.060198443,4.902329718,0.576242846,-6.488421424,-84.734983542,48.185362109,84.905262572,48.185239986,84.905262572,0
159,22,15,1,0.631661442,0.508479157,57.985283553,-31.969682439,0.438121630,12.995912466,-0.098117336,0.056108770,44.989371087,-31.871565104,0.382012859,55.136069018,37.986217522,-41.760760079,1.721365774,0.614855354,-1.617097752,-90.993559824,0.900056396,-0.997189827,0.008444280,0.538319809,-4.987021243,2.291340159,35.441655245,-42.224851990,-0.976540578,-4.337254773,-2.433916425,-93.133203424,55.136219345,93.327436350,55.136069018,93.327436350,0
160,37,15,3,0.668585526,0.590034393,57.985220456,-32.403615430,0.446311979,20.141728916,2.014263375,0.473568101,37.843491540,-34.417878804,-0.027256122,51.153895025,32.544083682,-39.176489717,1.487310749,1.279205827,-0.958200447,-93.007365323,-0.094836310,0.197428003,0.430673963,2.113972785,1.492100061,-9.370208520,38.573539831,-33.435738506,3.297373336,2.528798774,-3.224278245,-83.655229550,51.154073694,83.666060619,51.153895025,83.666060619,0
161,37,15,3,0.693288020,0.584846822,58.021414337,-32.961465518,0.465920930,20.594668917,1.796214314,0.429204625,37.426745420,-34.757679831,0.036716305,51.076990202,32.501289878,-39.733772042,1.509589189,0.794304081,-0.547655660,-92.955645759,0.324071557,-0.082145869,0.398692665,1.044809684,-0.497538073,-8.329368254,37.590162139,-34.552058308,1.414790366,0.200989121,-1.541250850,-84.619993345,51.077065839,84.628940258,51.076990202,84.628940258,0
162,37,15,3,0.720194647,0.579689683,58.088558968,-33.548481779,0.471353190,19.625865448,1.535751528,0.481642449,38.462693520,-35.084233307,-0.010289259,52.060371930,32.485403165,-40.324358770,1.518585368,0.557190382,-0.841470284,-90.238343530,-0.672669839,-0.204129339,0.426930427,3.806199273,0.108464830,-2.864276747,35.119506239,-38.251767430,3.705544862,0.490837649,-4.648637919,-87.367280775,52.060623246,87.447343414,52.060371930,87.447343414,0
163,38,15,3,0.701466782,0.575894004,58.191470860,-34.115422613,0.486184942,20.121961954,1.604884933,0.956132420,38.069508906,-35.720307545,-0.469947479,52.205830423,30.401921491,-42.077301424,1.264811500,0.460199510,-0.589832591,-89.189989201,-0.748574702,-0.185002618,0.903400756,6.396945923,1.138719545,-0.423150191,31.445690808,-41.291852858,5.622102707,1.461645018,-7.009707668,-88.769673665,52.205906004,88.908779142,52.205830423,88.908779142,0
164,41,15,3,0.668639053,0.597052988,58.325595999,-34.681020860,0.500943041,20.038667165,1.895020217,1.082369324,38.286928834,-36.576041077,-0.581426283,52.953127924,29.306991827,-42.215247333,0.793930487,1.043806486,0.676454143,-85.368550438,-2.647890827,0.008945376,0.985715710,8.935001418,4.088928585,3.007258290,29.633899296,-43.011449748,8.712161774,4.869446599,-8.372261476,-88.313827436,52.953324349,88.379701482,52.953127924,88.379701482,0
165,47,16,4,0.711439114,0.559617163,58.390056688,-35.248099036,0.511940958,21.645624112,1.720432417,0.706501893,36.744432576,-36.968531453,-0.194560935,52.123540719,26.722622721,-42.181145495,0.787707168,0.760073511,0.398148169,-89.340172778,-4.170854232,-0.199869219,0.617351511,2.235275490,4.216671332,-0.851625447,31.416330685,-41.389091261,4.104496389,4.915378274,-1.948505531,-88.462501349,52.123791111,88.504360601,52.123540719,88.504360601,0
166,43,16,4,0.729961089,0.553382041,58.500883184,-35.819301037,0.524524878,21.632075189,1.711943757,0.773195995,36.868807996,-37.531244794,-0.248671117,52.611454800,32.404345815,-40.372240765,0.913985530,1.182399143,0.345364413,-81.930738188,-1.901642060,-0.484617597,0.709314815,3.766083961,8.317760899,6.053884562,29.563981275,-42.892469903,7.362346005,9.360497850,-3.713440346,-87.951563368,52.611758209,88.106887048,52.611454800,88.106887048,0
167,43,16,4,0.734136546,0.539653083,58.607797285,-36.370881543,0.537833011,22.077733367,1.752670577,0.909729518,36.530063917,-38.123552121,-0.371896508,52.801411942,32.474233123,-40.929828299,0.921776033,0.940250986,0.597860817,-81.240515022,-1.458407299,-0.475396392,0.858878197,3.365047007,8.524205991,6.504287709,28.800696506,-43.705120565,6.957709580,9.321657952,-3.105218248,-87.677751479,52.801774643,87.863871314,52.801411942,87.863871314,0
168,47,16,4,0.720403023,0.542502969,58.673824356,-36.954706925,0.548623839,22.083880229,1.834275566,1.024104727,36.589944128,-38.788982491,-0.475480888,53.325746653,26.750980892,-43.911228427,0.807432090,0.977536723,0.813752373,-88.993330520,-3.728924020,-0.155186540,0.946898765,6.931689086,6.591573402,-0.116556109,30.382855199,-42.967868256,8.619116537,7.421539450,-6.250695280,-88.783652042,53.325835787,88.798544859,53.325746653,88.798544859,0
169,43,16,4,0.703470032,0.523686235,58.719248022,-37.551152970,0.547410798,22.153202813,1.568579597,0.964200977,36.566045210,-39.119732567,-0.416790179,53.550003291,32.507305474,-42.114914618,0.916273541,1.523622690,1.179643054,-88.009627712,-1.396846911,-0.664808587,0.912596026,7.390011218,7.465449052,4.667509665,30.160493814,-43.196693098,9.591661276,9.306853816,-5.865575922,-92.513619831,53.550066739,92.542734346,53.550003291,92.542734346,0
170,43,16,4,0.663079470,0.539884445,58.788108937,-38.131464986,0.556474350,22.063723104,1.575431907,1.158169732,36.724385833,-39.706896893,-0.601695381,54.089557338,32.537467028,-42.698585868,0.918313805,1.357695960,0.955129042,-86.308610254,-1.491256750,-0.654660424,1.104067295,9.368460099,8.677875660,6.697897896,28.590069842,-44.436437613,11.563398514,10.490821297,-7.959332748,-92.854884885,54.089751954,92.846251289,54.089557338,92.846251289,0
171,47,16,4,0.718878813,0.520258769,58.878347757,-38.720143780,0.565015624,22.900067359,1.871452017,0.924929976,35.978280398,-40.591595796,-0.359914352,54.242454296,26.692844706,-45.687594177,0.804160131,0.878991818,0.769554468,-88.765684810,-2.913881837,-0.237824748,0.867801872,9.702975483,6.377032656,3.042293729,26.992084651,-45.787995920,10.824621472,7.545538497,-8.733031390,-91.731192164,54.242839474,91.720359925,54.242454296,91.720359925,0
172,47,16,4,0.784351145,0.504762504,58.990273939,-39.291720866,0.572375526,23.631994127,1.946479555,-0.034798918,35.358279812,-41.238200421,0.607174444,54.324633326,26.719166089,-46.269474608,0.806246285,0.878754746,0.953362961,-86.115707432,-2.154456997,-0.261794964,-0.073008851,1.590137696,-2.251847800,3.599693904,25.942660780,-47.715474266,1.184335520,-1.380263302,-0.626312224,-89.753104494,54.324863399,89.770821173,54.324633326,89.770821173,0
173,43,16,4,0.782687106,0.545010556,59.048542645,-39.874933299,0.579821159,23.584752825,2.166345794,0.096270839,35.463789821,-42.041279093,0.483550320,55.003484955,32.681607196,-44.455646516,0.922060694,1.005495838,0.666690589,-86.238345467,0.095517514,-0.151639129,0.094385709,3.048189748,-0.346873805,2.946835615,30.269942166,-45.821560969,3.085406275,0.615503276,-2.376269749,-89.188589416,55.003677880,89.202627745,55.003484955,89.202627745,0
175,39,17,3,0.626213592,0.592294977,59.214137389,-40.994573083,0.610516220,20.404252526,1.188868074,1.197632078,38.809884863,-42.183441157,-0.587115858,57.323595281,27.347917068,-50.275360715,1.611640069,0.587879316,-0.419251608,-92.684627172,-1.290281509,-0.620301211,1.139174391,8.316165055,3.154804391,6.253357341,22.998244224,-51.675565927,9.312819087,5.006444637,-8.143004725,-99.039346014,57.323746829,99.024021781,57.323595281,99.024021781,0
177,39,17,3,0.706643658,0.577913238,59.381263397,-42.114959013,0.634321315,21.016460251,1.669800455,1.208274953,38.364803146,-43.784759468,-0.573953638,58.217632251,27.265138135,-51.404957594,1.641987354,0.409217659,-0.863389862,-91.501856774,-0.588085395,-0.284880659,1.164098164,6.792870632,3.055664860,3.816872537,24.328383079,-52.279603596,8.017205223,4.089834374,-7.342085342,-95.401179762,58.217718565,95.419656746,58.217632251,95.419656746,0
178,127,17,12,0.828867761,0.458548258,59.363692654,-42.384607698,0.648625147,57.477858935,-12.921014633,0.019649712,1.885833718,-29.463593064,0.628975436,29.530582371,29.734496171,0.373990481,-0.289001404,-1.931427763,1.428489172,-1.890173039,0.257782012,2.133374324,-0.000581451,1.814703218,5.607421077,-1.508319128,29.399810587,-0.900115427,2.626538362,-3.713546748,-4.188830752,-0.249900851,29.530624343,5.608998689,29.530582371,5.608998689,0
179,47,17,4,0.716216216,0.538510372,59.415352710,-42.940570907,0.651311056,25.973548730,2.542969834,0.213761304,33.441803980,-45.483540741,0.437549751,56.456161591,26.600188421,-49.941722458,0.844579596,0.631625239,0.513169566,-91.898293348,0.242230946,-0.019879017,0.239760030,-1.616022757,1.078018463,-10.688325855,35.141917637,-44.185377523,0.020113792,1.944274921,1.945366463,-81.197006174,56.456198655,81.268472350,56.456161591,81.268472350,0
180,36,17,3,0.741674167,0.501700639,59.507240632,-43.510382024,0.660182477,18.927743682,1.066715922,0.186429691,40.579496950,-44.577097946,0.473752786,60.282979984,34.261080185,-49.584926731,1.581217210,0.305023284,-0.603161477,-87.203765544,-0.846429602,-0.601262636,0.131705530,-0.098267240,-3.068761966,7.312158480,28.624280136,-53.053489003,-0.173917787,-2.762160570,-0.745883779,-94.477190613,60.283101746,94.528268411,60.282979984,94.528268411,0
181,36,17,3,0.769369369,0.487792173,59.616587804,-44.056929418,0.665088256,19.085320030,1.296221852,0.079137841,40.531267774,-45.353151269,0.585950415,60.827915757,34.306070492,-50.140442684,1.589750847,0.697638149,-1.201089475,-84.402920678,-0.661035806,-0.392120986,0.027284611,-0.086223852,-3.650144039,8.866225791,26.926696357,-54.543100663,-0.234154747,-2.952423305,-1.320593181,-93.186060155,60.828049740,93.263347791,60.827915757,93.263347791,0
182,36,17,3,0.793103448,0.463099966,59.755637099,-44.600479561,0.680687618,19.551200591,1.535252271,0.224757928,40.204436508,-46.135731832,0.455929690,61.197306627,34.380678214,-50.696378157,1.609606366,0.104366913,-0.584778785,-81.232833175,-0.173712807,-0.208090027,0.182314768,-2.817519641,-1.801806374,9.721344221,25.565262396,-55.561662419,-2.109902593,-1.743300916,2.202638178,-90.935959192,61.197489009,90.936416547,61.197306627,90.936416547,0
183,33,17,3,0.776381910,0.473790701,59.826757129,-45.161556113,0.682530692,18.790872594,1.386185386,0.164277220,41.035884535,-46.547741498,0.518253472,62.055657637,39.949474210,-48.377648844,1.274550991,0.154607160,-0.540770311,-82.750607352,0.832738315,-0.216783202,0.127102411,-0.764528959,-1.772422890,11.270076740,28.971842736,-54.875455720,-0.480768666,-1.666918049,0.097895859,-94.001813500,62.055736645,94.011755369,62.055657637,94.011755369,0
184,35,17,3,0.717429577,0.463671701,59.880383891,-45.704115535,0.697037639,18.901087633,1.337345046,0.065458974,40.979296258,-47.041460582,0.631578665,62.390709461,33.116111068,-53.034237224,1.459817121,0.313640689,-0.571193097,-90.618460001,-0.260468081,-0.341520081,0.016850923,1.254623155,0.354687799,3.550759268,30.039626814,-54.609955994,2.825358273,0.758751871,-1.796690923,-94.174534158,62.390777541,94.178141865,62.390709461,94.178141865,0
185,35,18,3,0.800777454,0.486685032,59.967375118,-46.263552108,0.708446103,19.175184774,1.195949958,0.089308292,40.792190344,-47.459502066,0.619137811,62.584266881,33.117300176,-53.600385074,1.471737898,0.124619977,-0.382503873,-89.443129772,-0.011499277,-0.522687071,0.046577351,-4.417124095,-2.755591496,4.008088685,29.372472574,-55.100549614,-4.243201418,-2.890612505,3.861327408,-93.436530692,62.584482670,93.434876155,62.584266881,93.434876155,0
186,35,18,3,0.758497317,0.486423512,60.066370912,-46.824381355,0.716704784,19.288380123,1.271009281,0.148679472,40.777990789,-48.095390636,0.568025312,63.058177788,33.130214762,-54.169726158,1.480780008,0.186241253,-0.191452815,-87.417850227,0.110343573,-0.465542659,0.108713185,-2.579654562,-1.123604003,5.451166199,27.790430289,-56.578126605,-1.720949675,-1.064954615,2.328777287,-92.867060767,63.058338811,92.872743780,63.058177788,92.872743780,0
187,35,18,3,0.785775493,0.434117372,60.179719628,-47.356423678,0.728588466,19.811636282,1.579280702,0.111431507,40.368083346,-48.935704380,0.617156959,63.440256926,33.161579557,-54.712776459,1.493849327,0.128898437,-0.326098902,-86.023786303,0.674882290,-0.239905590,0.084225671,-1.441869397,-1.185259170,5.956550533,26.681905160,-57.553552562,-0.590474331,-1.105287168,1.074021141,-91.973475642,63.440398292,91.973234481,63.440256926,91.973234481,0
188,39,18,3,0.823414634,0.469023862,60.327743308,-47.944084565,0.738326893,19.864706537,1.478888829,-0.064865966,40.463036771,-49.422973394,0.803192859,63.879047916,26.910002818,-57.298991232,1.781960429,-0.442449772,-0.328954361,-87.705631787,-1.722898181,-0.228795585,-0.137026762,-5.557549497,-2.563665297,4.589008698,24.037014799,-58.981961892,-4.890434324,-3.225535869,5.121902683,-92.286719010,63.879310085,92.296389013,63.879047916,92.296389013,0
189,39,18,3,0.851662404,0.471247724,60.453697686,-48.449517065,0.755436429,19.909782523,1.605160277,0.028683330,40.543915162,-50.054677342,0.726753099,64.419003024,26.921825906,-57.819591667,1.803283076,-1.566071113,-0.453713427,-88.190628330,-1.653528049,-0.114742330,-0.042647560,-8.021186036,-3.969268075,3.126610784,25.452500314,-58.610634927,-8.174148895,-5.714974504,7.475354437,-91.293622649,64.419352751,91.298840011,64.419003024,91.298840011,0
190,39,18,3,0.840812870,0.479148110,60.582315174,-48.981817088,0.774755412,20.475209547,1.902402877,-0.007826702,40.107105627,-50.884219965,0.782582114,64.795032201,26.930313031,-58.366973994,1.826937928,-0.947145742,-0.925787352,-87.924209879,-1.036042949,0.051321697,-0.065642237,-7.004116610,-3.742190848,2.692220928,25.261468776,-59.252186747,-7.033357451,-4.757641842,6.039744630,-90.557708790,64.795305046,90.562602526,64.795032201,90.562602526,0
191,43,18,4,0.827437446,0.457577212,60.689591594,-49.509859971,0.774819634,22.145043053,2.413138210,0.235069917,38.544548541,-51.922998180,0.539749717,64.668162894,33.677549909,-54.179969490,1.014358256,-0.360381378,0.683183882,-80.232473154,-1.328202608,0.188218820,0.196628053,-1.890398763,0.663649238,8.748193157,26.318472704,-59.064949927,-0.826213274,0.337153639,2.561430073,-88.971862457,64.668484934,89.009326011,64.668162894,89.009326011,0
192,39,18,3,0.777881912,0.471055693,60.704023772,-49.819518258,0.790748565,20.859037308,2.277158446,0.315593727,39.844986464,-52.096676704,0.475154838,65.588965856,26.865293207,-59.210864763,1.847741948,-0.203255536,-0.607356607,-94.256263534,-0.587345757,0.335458860,0.266476965,-1.728589702,-2.297343086,-4.059130775,31.636944267,-57.437045822,-1.419869499,-2.505917758,1.113792464,-90.172650858,65.589073059,90.181124714,65.588965856,90.181124714,0
193,42,18,3,0.810763889,0.438198748,60.803058685,-50.341965978,0.792011204,21.096966960,2.386549305,0.225191661,39.706091725,-52.728515283,0.566819543,66.009024599,35.220696580,-54.435264615,1.243702962,0.449908165,0.189550785,-81.413985543,-1.798876739,0.204939338,0.152542271,-3.033852834,-2.250625504,6.497552381,30.617998531,-58.390592952,-3.206164748,-1.689041574,3.303232625,-87.917142042,66.009110521,87.930770547,66.009024599,87.930770547,0
194,43,18,4,0.823581560,0.453783480,60.887601855,-50.842611004,0.796967556,23.053647938,2.571228967,0.149909994,37.833953917,-53.413839971,0.647057561,65.458880627,33.786540758,-55.523097937,1.021491316,0.218097042,0.772000818,-82.552374362,-0.409068646,0.286822534,0.139375942,-2.089152600,-0.548973328,6.115858427,28.062311620,-59.118606501,-1.542878802,-0.282446930,2.873307762,-88.674141779,65.459021097,88.704445050,65.458880627,88.704445050,0
195,36,19,3,0.805653710,0.493436279,60.891587934,-51.078992166,0.801496002,20.514716885,2.100550514,0.162053673,40.376871048,-53.179542680,0.639442329,66.773979676,34.753574354,-57.262300695,1.769962956,-0.218706498,-0.451407530,-90.562992652,0.850052877,0.241225481,0.138990697,-5.246915852,-0.831937389,1.690606434,32.212656824,-58.340163857,-4.189262639,-1.256152624,4.758803969,-92.254511818,66.774096025,92.304078026,66.773979676,92.304078026,0
196,35,19,3,0.738967136,0.468238040,60.885799802,-51.637798413,0.820810343,20.553499863,2.136366405,0.373569450,40.332299939,-53.774164819,0.447240894,67.220199678,33.210428596,-59.051603085,1.590911093,-0.069322248,-0.389447911,-97.698523582,1.486178917,0.198912545,0.364687400,-2.495516938,1.065710433,-3.901028591,35.652818892,-56.983443324,-0.592030827,0.828422629,2.171214361,-93.806735349,67.220434457,93.844555798,67.220199678,93.844555798,0
197,35,19,3,0.720238095,0.474701443,60.814385538,-51.819630354,0.831278534,20.173335494,2.027578541,0.290266835,40.641050044,-53.847208895,0.541011699,67.464876403,33.112141972,-59.220547803,1.599269119,0.351201839,-0.784229986,-104.972140910,1.095956226,0.148745082,0.272445601,1.088117386,-0.512917377,-9.699956188,41.572134294,-53.098584490,1.963449732,-0.059662888,-1.914852659,-95.267406255,67.465229262,95.283223987,67.464876403,95.283223987,0
198,34,19,3,0.675700090,0.488822852,60.714801274,-52.136877653,0.845164598,21.430095378,1.923111325,0.127472926,39.284705895,-54.059988978,0.717691673,66.830274628,36.759112976,-57.588670678,1.916022387,1.196841608,-0.141319723,-107.753630190,2.919419546,0.014848334,0.185313623,-1.279881727,-3.374571562,-13.498796907,46.372682486,-48.079041463,-2.075097841,-2.263112300,0.885090879,-94.239596504,66.830576385,94.246339375,66.830274628,94.246339375,0
199,35,19,3,0.594594595,0.538246334,60.625057485,-52.286953902,0.848534321,20.202406103,2.045990504,0.781615515,40.422651382,-54.332944407,0.066918806,67.720484868,32.854039116,-59.653883850,1.610972085,0.866137484,-0.347704145,-117.101508445,1.116188165,0.162971329,0.764376398,3.861789278,3.104215500,-15.387128181,46.358082700,-48.913412318,6.671381034,4.690754877,-3.498486258,-101.738129570,67.720757978,101.716694101,67.720484868,101.716694101,0
200,35,19,3,0.503378378,0.541364729,60.504882899,-52.421738312,0.860262006,16.797351215,0.655320022,-0.012940239,43.707531684,-53.077058333,0.873202245,68.762525618,32.714643780,-59.768952539,1.619600172,1.131008635,-0.532835412,-124.425558443,-2.440736035,-0.697909790,-0.111326728,-0.611405828,-0.587420435,11.383128059,22.821683591,-64.860166879,0.804972526,0.283131183,-0.527756416,-135.797627840,68.762769507,135.796933327,68.762525618,135.796933327,0
201,47,19,4,0.513133208,0.536680575,60.342366984,-52.566175546,0.876944756,25.549244342,0.890877207,-0.369262386,34.793122642,-53.457052753,1.246207142,63.794756089,26.093726626,-59.600555755,0.958450209,0.763046528,-0.120232266,-131.669343156,-0.405570695,-1.585239216,-0.376163153,-4.480896508,-6.087991982,17.054739584,8.413599474,-63.077565230,-4.496953445,-6.234596404,-2.974203431,-148.296508404,63.794909528,148.517223004,63.794756089,148.517223004,0
202,39,19,3,0.536458333,0.555588060,60.200807098,-52.683557497,0.888605387,17.414738188,0.621810171,-0.214809769,42.786068909,-53.305367668,1.103415156,68.361739592,25.745195082,-61.894624450,1.939053913,1.454170580,-0.779780344,-141.930830394,-4.296751144,-0.530254916,-0.346347272,1.022830713,-1.652103945,8.826331406,20.327951446,-65.206787155,2.864487731,1.539858452,-2.720950383,-150.774525207,68.361948415,150.749047841,68.361739592,150.749047841,0
203,52,19,4,0.495412844,0.563098408,59.841318070,-53.122500558,0.898550573,26.554508425,1.499077461,-0.121065836,33.286809645,-54.621578018,1.019616408,63.973182657,29.314284842,-56.814599171,1.459959391,1.573464711,0.070644818,-130.070984699,-1.999889287,-1.051795892,-0.121295908,1.508971071,-7.403705695,19.146672749,11.402070756,-62.924065153,1.770547360,-0.927275146,-7.060767187,-149.162532673,63.973275912,149.280589154,63.973182657,149.280589154,0
204,54,19,5,0.400346620,0.608983226,59.648493493,-53.243308617,0.913127275,30.733628527,1.625690755,0.278422446,28.914864966,-54.868999372,0.634704829,62.024828563,22.317074281,-59.461469713,1.794989561,1.952491799,-0.356634789,-141.796397823,0.946982747,-1.251251672,0.391756980,8.574728053,1.581089685,0.952135232,20.353394148,-57.609853016,10.674449481,9.744347057,-4.283148877,-142.946122147,62.024992459,142.747836219,62.024828563,142.747836219,0
207,36,20,3,0.465391621,0.552025415,58.582556201,-53.876906503,0.952998844,17.074320795,-2.035102001,0.144063257,41.508235406,-51.841804502,0.808935588,66.416569298,32.132484186,-59.772486381,1.878403911,3.195200687,0.867700966,-152.535687256,-3.046317396,-3.467118763,0.056818351,1.914387318,0.747536315,5.019900989,30.090855345,-59.060758863,4.189713449,5.250153490,0.826920335,-157.512744023,66.416763785,157.575037900,66.416569298,157.575037900,0
208,161,20,15,0.613295880,0.552229870,58.275626257,-53.996944364,0.947113014,56.063998076,-33.603749498,0.863438743,2.211628182,-20.393194866,0.083674271,20.512939756,20.976536777,-1.622212490,0.375328219,2.651189414,0.820804127,-67.606567913,0.467286226,-2.011224592,0.372353011,-0.460305070,7.831864567,24.941649992,18.585279588,-8.316189174,2.492681958,10.457551563,1.620202746,-92.413201249,20.513046655,93.027454253,20.512939756,93.027454253,0
209,36,20,3,0.524770642,0.506371564,57.829779514,-54.233951883,0.956403549,18.967536130,-0.240361996,-0.015266226,38.862243384,-53.993589887,0.971669774,66.532141494,31.343424407,-60.039709530,1.866479592,2.966283230,0.972575342,-157.210261003,-0.954503269,-1.905080060,-0.066025534,0.779443716,2.973944267,20.705479371,9.544240880,-65.759960563,3.325762110,3.855344267,3.915768537,-177.857515484,66.532139909,177.991698676,66.532141494,177.991698676,0
210,36,20,3,0.559679037,0.507365203,57.507732623,-54.337377924,0.958201823,18.164824924,-0.326989004,0.187126270,39.342907699,-54.010388921,0.771075554,66.825003218,31.011577427,-60.105040940,1.861604254,3.333401720,1.112271399,-162.386230593,-1.765925564,-1.896960075,0.119285463,0.779487009,3.568926216,15.224113870,16.201935895,-64.729062149,3.637124679,4.263963741,4.645014756,-177.539295182,66.825016943,177.715772767,66.825003218,177.715772767,0
212,159,20,15,0.422398589,0.600414537,56.507706011,-54.712603716,1.001619501,55.908593937,-30.777541665,1.114025503,0.599112074,-23.935062051,-0.112406002,23.942822845,22.005894114,-5.951489106,0.248264112,2.211884383,-1.434143907,-79.188013964,-1.571141068,-1.804878950,0.681625375,-1.470334557,9.265068208,13.301530515,21.773421898,-9.536641781,2.869032715,11.400593689,0.453978343,-92.687474186,23.942865040,93.272636349,23.942822845,93.272636349,0
213,159,20,15,0.454545455,0.589830226,55.965226033,-54.934063580,1.025516337,55.602802762,-27.874569597,0.032251875,0.362423270,-27.059493983,0.993264462,27.080142901,22.115895526,-6.527222279,0.266459179,2.129205912,-0.999212791,-77.371534433,-4.490278162,-1.522188515,-0.362268296,1.513107808,1.143933546,4.586862767,26.103049349,-7.083892595,1.337588412,3.050783958,-2.657297556,-81.972693154,27.080248566,81.984236014,27.080142901,81.984236014,0
214,39,20,3,0.584426947,0.518503908,55.494450120,-55.103044630,1.033108855,18.033120756,0.412330127,-0.006635280,37.461329364,-55.515374757,1.039744134,66.980512838,20.621300460,-63.224766859,1.970996212,3.312496487,0.673717569,-170.196352514,-3.744377647,-0.868365560,-0.122337854,2.299529018,3.042543376,15.969929379,6.149089329,-66.502976544,5.095571686,5.276771576,3.942972128,173.973847914,66.980758727,173.802381191,66.980512838,173.802381191,0
215,39,21,3,0.543533390,0.543437039,54.961783895,-55.339546924,1.052016291,18.818060833,0.219543792,-0.029270066,36.143723062,-55.559090715,1.081286357,66.289897104,20.049488333,-63.338863143,1.977084102,2.850656004,0.016091669,-168.367888263,-3.020357965,-1.228363577,-0.124937209,2.071911646,2.913740412,15.265311969,5.788396401,-65.863212870,4.783679641,4.736501110,3.053504287,176.470034826,66.289908232,176.348132681,66.289897104,176.348132681,0
216,125,21,12,0.478476821,0.585570137,54.495832238,-55.523638665,1.063722443,54.117011785,-9.308046839,-0.383140631,0.378820454,-46.215591827,1.446863075,46.239786392,43.588562065,-4.275788677,0.935870680,2.034537162,-2.456880133,-70.620141331,-2.511242913,-0.897318739,-0.293668835,5.075112674,4.639490707,-5.724328404,45.956179693,1.670614628,4.834167577,4.090182777,-9.017872430,-64.895928573,46.239924106,65.245951812,46.239786392,65.245951812,0
217,92,21,8,0.479508197,0.585568918,54.204422287,-55.561994255,1.081270645,53.348926527,1.928972609,-1.396812937,0.855495760,-57.490966864,2.478083581,57.550708442,18.667480180,-56.098142891,2.495097949,3.565468278,-1.589598725,-148.081417144,3.484525567,-0.693768417,-0.957034804,7.522566626,-7.313601384,91.211875962,-54.820465699,-12.510423093,12.259911545,13.667567396,1.192865144,120.190174407,57.550843404,120.519686287,57.550708442,120.519686287,0
218,125,21,12,0.587423313,0.584002023,53.636580829,-55.694003409,1.100706427,55.634317972,-9.980100735,-0.311991240,-1.997737143,-45.713902674,1.412697668,45.779335579,43.688462807,-5.145578115,0.982680095,2.286680007,-2.377960981,-78.805562169,-1.717255786,0.560792833,-0.244355277,2.118350135,2.400110562,-22.095809537,44.127398761,11.898206732,2.639736139,3.132448396,-5.465627675,-56.723292911,45.779502528,56.894369908,45.779335579,56.894369908,0
219,35,21,3,0.670751634,0.524240456,53.073805301,-55.815283022,1.127625523,17.542981074,0.768533679,0.091417194,35.530824227,-56.583816701,1.036208329,66.822462618,24.852014836,-62.000482030,1.708400164,3.658522023,0.755394352,-175.410085234,-1.689154814,-0.698570692,0.010315877,-1.382650522,2.846284889,-1.459314377,27.974821133,-60.663209711,1.627621923,2.581044759,3.730576288,-174.027320042,66.822636756,174.116006687,66.822462618,174.116006687,0
220,23,21,2,0.577099237,0.576440106,52.496422994,-55.949091644,1.143276229,12.208876018,0.334202489,-0.356055711,40.287546977,-56.283294132,1.499331939,69.232533076,24.195338060,-65.120442247,2.242148599,3.452753276,0.701325651,179.028428874,-0.303935317,-0.422498900,-0.423440774,2.383506816,-0.102941864,0.383969069,24.070017249,-64.695802834,5.317505336,5.838168590,0.654245051,178.670543250,69.232857067,178.638968230,69.232533076,178.638968230,0
221,36,21,3,0.670023238,0.525888094,51.986850073,-56.040278052,1.155524229,17.705346409,0.895433985,0.247493366,34.281503663,-56.935712037,0.908030863,66.465941042,25.327333261,-61.154553195,1.944317008,3.089972976,0.003028970,-175.147294422,-2.081460997,-0.629185547,0.166906810,-3.165692411,6.664567897,-1.044470322,28.108680629,-60.204372043,1.751765914,0.605731143,6.949251671,-174.438160595,66.466029095,174.485161339,66.465941042,174.485161339,0
222,40,21,3,0.640784983,0.522053257,51.471124153,-56.121067946,1.169262204,18.743518547,0.006045391,0.223427675,32.727605606,-56.127113337,0.945834530,64.978793642,13.538631410,-63.914621343,1.255029872,2.165038519,1.107510103,176.480792744,-3.777159096,-1.296395364,0.086784294,-3.975795355,4.405763833,-5.993619655,23.599679268,-60.529712681,-1.209751825,-1.635664531,5.668172004,-177.903451011,64.978877170,177.825352665,64.978793642,177.825352665,0
223,41,21,3,0.683876092,0.547852519,50.917820821,-56.145431608,1.175364995,18.575019404,0.937881428,-0.043587528,32.342801417,-57.083313036,1.218952524,65.620479089,18.549804737,-62.223438666,0.872111682,1.478985198,1.878946480,175.663729642,-4.210971345,-0.686048812,-0.197466709,-2.793406571,4.803559009,-0.261510879,22.870978514,-61.506006068,-0.002192149,-1.668353012,6.462679617,175.578907512,65.620655631,175.680439460,65.620479089,175.680439460,0
224,40,21,3,0.694596711,0.552720461,50.346478400,-56.196999940,1.186457042,18.659144353,0.440051491,0.013828300,31.687334048,-56.637051431,1.172628742,64.909304356,12.431709799,-63.701497482,1.241167427,1.928337788,1.373305020,172.511982694,-3.742145967,-0.854289014,-0.119923841,-3.017491446,2.268461064,-14.506786840,31.322767581,-56.850511352,-0.390191884,-0.796018396,3.989046954,-173.168526533,64.909542131,173.145094111,64.909304356,173.145094111,0
225,40,22,3,0.656716418,0.545565500,49.765203555,-56.205411834,1.190540477,18.758149128,-0.004860408,0.113678297,31.007054427,-56.200551426,1.076862179,64.195786754,11.867585719,-63.561507530,1.229560722,2.013676931,1.530798560,169.190021190,-3.762621285,-1.310181224,-0.022652986,-1.500667632,4.074814441,-10.663187520,26.722156604,-58.347081448,1.631562727,0.495336720,5.599767904,179.705341999,64.195931055,179.681496733,64.195786754,179.681496733,0
226,41,22,3,0.647321429,0.588120335,49.160625881,-56.262750846,1.200351783,19.153774278,0.506476697,-0.077540075,30.006851603,-56.769227543,1.277891858,64.224522938,16.796479963,-62.058161749,0.846460617,1.963388881,2.063161042,176.916091105,-3.707774695,-1.204069857,-0.223299829,0.746558118,0.213058420,-10.982046983,31.717456641,-55.813399194,1.915114544,2.732706331,2.171410003,-172.072086080,64.224607816,172.127512676,64.224522938,172.127512676,0
227,39,22,3,0.684547638,0.584547624,48.551547625,-56.345929060,1.224739198,18.807658305,-0.443819746,0.032680360,29.743889319,-55.902109315,1.192058838,63.333764944,13.572161418,-62.917210476,1.991655293,2.956885485,1.532383321,176.298562667,-3.177186600,-1.872897139,-0.061861721,-4.056685616,3.202325052,-5.873828408,22.758159052,-59.097566202,-0.852837605,-0.989847077,4.874666776,-178.161827554,63.333904557,178.121441808,63.333764944,178.121441808,0
228,41,22,3,0.602716469,0.573174019,48.030619114,-56.436787650,1.229299975,19.153379388,0.407079949,0.007143591,28.877239725,-56.843867600,1.222156383,63.770008029,15.652829985,-62.049361547,0.841039706,1.299313504,1.527792929,-178.456667133,-3.726590063,-1.303262006,-0.140486229,1.742873693,1.704635469,-9.160941609,28.761617704,-56.803740743,3.567243489,3.331043650,2.877221509,-169.191731356,63.770062267,169.283318787,63.770008029,169.283318787,0
229,39,22,3,0.580824089,0.608967611,47.652424245,-56.435673148,1.239326672,18.760001135,-0.006415496,-0.062292945,28.892423109,-56.429257652,1.301619617,63.409206319,12.675112124,-62.807972655,1.983953994,2.276467898,1.556871446,172.589371016,-3.125661329,-1.436390595,-0.158922502,0.328578887,2.641823012,-14.127494858,30.171588606,-55.637676946,3.856477766,2.913383448,4.141919512,-173.243905183,63.409370567,173.355761213,63.409206319,173.355761213,0
230,35,22,3,0.594533030,0.600931589,47.044783178,-56.507929461,1.247213129,18.234272893,-0.592448476,-0.063297986,28.810510286,-55.915480984,1.310511116,62.915053493,18.786413092,-61.774098167,1.688554229,2.605648866,1.973986732,179.834951545,-1.208044983,-2.148511329,-0.132158939,-1.695222359,3.554737895,-3.470572160,23.409020608,-58.377324049,1.552141696,1.110906239,5.618470184,-176.846099386,62.915048699,176.904490381,62.915053493,176.904490381,0
231,35,22,3,0.558194774,0.614392496,46.451835113,-56.597542974,1.251955111,19.563112708,-0.187922306,0.195436315,26.888722405,-56.409620668,1.056518796,62.499319424,18.186781550,-61.773085210,1.679528451,2.751867261,1.820172460,-178.636801714,0.160363754,-1.949195178,0.157894013,0.221348000,8.589241489,-13.897976620,31.283535884,-53.718369026,6.471668016,5.256971992,10.043721004,-164.462765247,62.499642200,164.998882908,62.499319424,164.998882908,0
232,35,22,3,0.599697885,0.540672660,45.840260006,-56.662218600,1.252588911,19.678751690,2.726149120,0.209401416,26.161508316,-59.388367719,1.043187495,64.903705425,17.572603605,-61.744609674,1.666036027,2.636012233,1.696457195,-179.853688323,0.714576066,0.913956932,0.182150489,3.872609889,4.263397605,-24.556870630,41.149208424,-49.563222320,7.921121720,7.947702269,3.933396333,-154.891551476,64.903886863,155.240263521,64.903705425,155.240263521,0
233,34,22,3,0.658857980,0.573529462,45.237761640,-56.718268656,1.250465993,19.291125872,-0.703123755,0.055237961,25.946635769,-56.015144901,1.195228033,61.744254275,20.908344561,-60.655741917,1.720106022,2.444767254,3.215251328,-179.222539706,0.541533701,-2.392228227,0.014549237,-1.172361752,5.040874346,-1.765196156,21.916393080,-57.671089642,2.465948465,1.486868740,8.301860277,-177.605182150,61.744341992,177.719272305,61.744254275,177.719272305,0
234,40,22,3,0.594910591,0.598444760,44.639583855,-56.764350935,1.249315075,19.241440246,-0.876111039,-0.025008828,25.398143608,-55.888239896,1.274323903,61.401831885,6.769106541,-62.795943760,1.144314742,1.763010689,2.067366018,171.391077506,-3.513305224,-2.275206167,-0.158485414,1.470620286,3.917007076,-8.724522173,19.209320061,-58.174347909,4.115550232,3.249665668,5.979372080,-179.729737057,61.401876890,179.899678609,61.401831885,179.899678609,0
235,35,23,3,0.611670020,0.576007883,44.040806765,-56.827599521,1.256891237,19.882509399,-0.113249137,0.020857075,24.158297366,-56.714350384,1.236034162,61.657673095,15.769200250,-61.636193523,1.628839216,2.236503788,1.623827374,179.597315649,0.491298154,-1.923788311,-0.009154346,1.951768204,5.015992868,-7.871432083,23.079132173,-56.899394751,5.611133431,4.838969488,6.337992226,-172.264914575,61.657702546,172.551051661,61.657673095,172.551051661,0
236,35,23,3,0.576419214,0.586909826,43.443470561,-56.921355113,1.245996144,19.854727317,1.326442799,-0.123848549,23.588743244,-58.247797912,1.369844693,62.857865410,15.164965279,-61.638625355,1.604069470,2.131689536,1.504408267,-178.552941419,0.684669835,-0.496551742,-0.150673251,6.936919508,5.136876232,-19.328626142,33.608083550,-51.938272870,11.137486214,10.455475570,3.795898448,-158.527086267,62.858023098,158.974991134,62.857865410,158.974991134,0
237,40,23,3,0.610497238,0.577044620,42.748465789,-56.959337793,1.253736332,19.915815321,-1.065351593,0.407125381,22.832650469,-55.893986201,0.846610951,60.383643240,4.891362165,-62.502544255,1.095737527,1.839376752,2.092580591,171.468692113,-2.922128419,-2.631988357,0.289342853,0.518652935,6.892559539,-5.759271997,13.585656628,-58.759721769,2.986581348,2.027244743,9.002011479,177.277395415,60.383728243,177.127130404,60.383643240,177.127130404,0
238,40,23,3,0.607012418,0.591637524,42.160954445,-57.021567914,1.262625026,18.466443438,-0.706959986,-0.040733178,23.694511007,-56.314607928,1.303358204,61.110258227,4.307367251,-62.413026795,1.088138737,1.823329767,1.730094891,173.172580300,-4.218896954,-1.914058838,-0.193015167,-0.264905207,7.023228392,-3.554605604,12.012154652,-59.866097344,2.493982155,1.151161078,8.726379944,176.649585584,61.110239875,176.571878065,61.110258227,176.571878065,0
239,46,23,4,0.549583649,0.635566566,41.554239955,-57.105585910,1.277655278,21.412576058,-0.436245103,-0.206927425,20.141663897,-56.669340807,1.484582703,60.160658223,10.365352290,-60.865081476,1.565190249,2.235607498,2.046850444,-176.113249614,-3.991348735,-2.473424873,-0.333328302,-1.143838277,3.559956610,2.384686433,11.773803460,-58.979315006,1.457652568,1.180379466,5.634533700,-178.604220891,60.160674842,178.663987861,60.160658223,178.663987861,0
240,7,23,0,0.564469914,0.548899803,41.051012064,-57.143635617,1.281693856,3.785173416,-2.629033089,0.036820780,37.265838647,-54.514602529,1.244873076,66.046455832,29.626797862,-61.815507806,1.283820617,1.882626190,1.072709648,179.008890808,-0.351133865,-2.978504809,-0.006534252,-4.981643850,-0.406060594,-5.045385910,35.044478949,-55.851661349,-3.822386052,-3.115978081,1.016841479,-176.019272178,66.046454980,175.993249760,66.046455832,175.993249760,0
241,174,23,17,0.379437870,0.596184414,40.549318358,-57.198854012,1.287269430,54.422923364,-39.429261278,0.222895018,-13.873605006,-17.769592734,1.064374412,22.569187728,13.737844624,-20.926256569,0.347672580,1.926409177,1.269597262,-90.417017056,-1.716950697,-4.497350645,-0.432446933,-18.668933859,10.137832786,-1.542007913,15.505947770,-16.306055761,-1.746350044,12.516529707,19.715463583,-88.586463833,22.569262487,93.060506129,22.569187728,93.060506129,0
242,140,23,13,0.381778742,0.622859212,40.041872086,-57.272360045,1.290375418,56.870580037,-21.550630915,-1.401504968,-16.828707951,-35.721729130,2.691880385,39.578953540,33.480063001,-21.984964882,0.781143477,1.551242930,-0.486311644,-89.133292420,0.878437542,0.331421201,-1.586659922,5.483341615,-9.321227921,0.859834401,32.220651916,-22.974919315,-0.696919223,-7.778573861,-5.962102471,-89.913985951,39.579073054,90.734601534,39.578953540,90.734601534,0
243,143,23,14,0.405139834,0.620344314,39.510409982,-57.319762776,1.290606630,56.540361660,-23.224535118,-1.463722407,-17.029951678,-34.095227658,2.754329037,38.211125757,32.815698295,-20.526272879,0.902947021,1.757479319,-0.208925032,-89.019060659,0.671078897,-0.031410949,-1.699784209,3.415110190,-8.871889780,0.494270842,31.985520039,-20.875004192,-1.116952811,-7.144711541,-3.546303584,-89.485951810,38.211083153,89.985656060,38.211125757,89.985656060,0
244,144,23,14,0.430131004,0.633444602,38.982763061,-57.333940651,1.301463254,56.607352256,-24.516743289,-1.691373984,-17.624589195,-32.817197363,2.992837238,37.370465100,31.750842398,-21.669717576,0.665643946,1.870459326,-0.116651041,-92.281526239,1.331111134,-0.121970918,-1.958517935,5.871206348,-12.360117239,2.339294996,29.392448243,-23.036064296,-1.405459094,-9.989065365,-6.955153587,-94.521769749,37.370464102,95.717482246,37.370465100,95.717482246,0
246,144,24,14,0.390194762,0.626768661,37.937336207,-57.451808672,1.313870114,56.599225119,-24.382160736,-1.557174969,-18.661888911,-33.069647936,2.871045083,38.080317912,31.738247581,-22.721608801,0.683818880,1.368727573,0.227856607,-88.844734991,1.198708455,-0.112610665,-1.822246861,7.523679079,-8.112411474,-8.936774358,33.697538153,-17.736424115,0.050797260,-7.925183734,-5.767428465,-79.991568515,38.080275713,80.884859302,38.080317912,80.884859302,0
247,170,24,16,0.378756115,0.629893509,37.416813752,-57.508062295,1.314408734,60.819029694,-42.422964049,0.656641103,-23.402215942,-15.085098246,0.657767631,27.850611454,16.431455371,-23.712466779,0.696734785,3.126588136,0.831668983,-88.137911855,4.518444360,1.455319276,0.131693107,3.206308065,21.270283183,-175.647622999,-9.494611282,25.785824113,-4.539118474,-18.269534992,3.074917295,87.373928358,27.850672615,89.407402833,27.850611454,89.407402833,0
248,28,24,2,0.538144330,0.608799376,36.876078720,-57.545542999,1.328326226,15.858429221,-1.925435922,0.670494437,21.017649499,-55.620107077,0.657831789,59.462346442,14.589984212,-60.918038318,1.678671953,3.376892437,1.909463054,179.849231889,0.312380440,-3.204922181,0.621836719,-1.087905433,12.280471945,13.957695398,-0.287978919,-59.461604514,-0.110070421,-0.766814179,13.536043581,165.214550139,59.462403742,165.408795094,59.462346442,165.408795094,0
249,174,24,17,0.405387205,0.605465714,36.342581103,-57.546880792,1.326545034,55.169806954,-40.542390823,0.575753726,-18.827225851,-17.004489969,0.750791308,25.380717089,13.441710396,-25.137108355,0.329361469,2.305750200,1.694071890,-95.701749477,-0.501856251,-3.933491201,-0.076062640,-9.959867498,14.312649375,-0.335666154,13.530741508,-21.472747604,0.159044806,15.726226517,12.891144594,-94.900260588,25.380802798,98.263102910,25.380717089,98.263102910,0
251,28,24,2,0.546767538,0.617221423,35.253535950,-57.642764394,1.326228821,18.165427306,-1.066520950,-0.551072214,17.088108644,-56.576243444,1.877301035,59.130356319,12.967650288,-60.822764467,1.646160873,2.932038278,1.160814849,-178.994151729,2.727083450,-2.627585675,-0.556336490,0.122674224,-4.102513903,13.729471532,-3.696484975,-58.957407927,2.599569513,3.955833203,-2.813927177,167.257215004,59.130345106,167.365794995,59.130356319,167.365794995,0
255,35,25,3,0.583765112,0.618389829,33.037571405,-57.888517653,1.311861814,19.164284394,-0.444471828,-0.263471294,13.873287012,-57.444045826,1.575333107,59.116564241,4.733651511,-61.022312161,1.429914272,3.286107923,1.802382995,179.773960577,-0.262005217,-2.142927351,-0.310667800,-4.442825317,4.390209388,5.560192590,-0.863846892,-59.039035796,-2.902745062,-1.600565191,5.701874732,173.723198071,59.116663540,173.811196570,59.116564241,173.811196570,0
256,176,25,17,0.407622204,0.616519374,32.476252036,-57.956832972,1.326626845,54.925424232,-41.447271989,-0.819487605,-22.449172196,-16.509560983,2.146114451,27.948823649,11.762931766,-29.150817403,0.260963453,2.282267234,1.096725964,-90.187695861,-0.829248571,-4.260998989,-1.491371288,-15.024495562,-0.616118863,2.645531313,11.448138718,-24.997155779,-5.022413732,0.899607878,16.071634408,-92.960138963,27.948923357,94.152002607,27.948823649,94.152002607,0
257,168,25,16,0.453292496,0.640056275,31.921578418,-57.991936451,1.326086751,55.505572999,-35.370572187,-0.699972019,-23.583994581,-22.621364264,2.026058770,32.741958336,16.345274229,-29.855324505,0.586298991,2.677279044,0.890917349,-92.835571654,-2.078286342,-2.853216271,-1.283033102,-7.270906957,-2.574657277,5.826178754,15.655712791,-28.649662103,-2.478603327,-0.974041093,7.689261417,-98.771862690,32.742143425,98.931380103,32.741958336,98.931380103,0
258,124,25,12,0.476793249,0.588402608,31.370995571,-58.065206571,1.320239267,54.379637057,-11.492362061,-0.967306064,-23.008641486,-46.572844511,2.287545331,51.996733479,44.283853048,-28.445784724,0.920576256,1.474494196,-0.213649240,-86.652549368,0.257222132,-0.840713125,-0.889419503,-3.556515978,-6.096463480,4.966304426,41.429314249,-31.090994371,-4.542049960,-4.718262053,3.170781212,-91.589419543,51.996809786,91.596057990,51.996733479,91.596057990,0
259,142,25,13,0.432876712,0.546112795,30.823666408,-58.147939021,1.327178884,57.701001453,-20.806796207,-0.448440594,-26.877335045,-37.341142814,1.775619479,46.042425113,34.115448931,-28.549894288,0.674116646,1.424118932,-0.408260685,-84.220252295,-0.868575346,1.354763000,-0.642860266,1.397181465,-3.893998425,-20.406256254,43.205235108,-15.864752681,-1.234425617,-2.686520832,0.055705516,-63.848875984,46.042442648,63.898069504,46.042425113,63.898069504,0
260,141,25,13,0.495204882,0.605658264,30.145137175,-58.228381937,1.336362889,55.945406423,-17.927147125,-0.545530529,-25.800269248,-40.301234812,1.881893418,47.889298841,35.300135569,-28.761277009,0.758666454,1.191098232,0.045121320,-85.273429913,-3.129522455,-0.221311040,-0.661428669,-2.517863797,-1.202018369,-7.939498040,42.024046810,-22.959858512,-0.470435007,0.570731446,2.765216357,-77.322737742,47.889423908,77.380098012,47.889298841,77.380098012,0
261,169,25,16,0.456018519,0.589300268,29.617255294,-58.313391866,1.333255098,56.287398457,-37.341006281,0.158135890,-26.670143162,-20.972385586,1.175119208,33.948761371,17.730238452,-31.041011424,0.841635434,2.907948310,0.214725423,-85.706447869,-0.449961057,-2.397374212,-0.399650882,-8.023007045,2.863604171,6.785213924,14.588407668,-30.566969996,-2.316343044,5.419480460,8.354329400,-92.504386570,33.948884196,93.310179112,33.948761371,93.310179112,0
262,144,25,14,0.477463713,0.588564384,29.086254394,-58.404338558,1.337212872,56.089489204,-20.607298419,-0.353169170,-27.003234810,-37.797040139,1.690382042,46.482774497,31.585276252,-31.622215317,0.756693829,1.551741455,0.188691196,-85.309418707,-2.590632461,-0.143208325,-0.557729016,-1.162379919,-2.309299351,-11.008706140,39.579123292,-24.362998586,-0.774984449,-0.357306496,1.932347167,-74.312608019,46.482935595,74.328917555,46.482774497,74.328917555,0
263,133,25,13,0.533622560,0.550083299,28.516967840,-58.509282463,1.344086951,55.340117799,-16.557842192,-0.490398989,-26.823149959,-41.951440271,1.834485940,49.827402634,37.202071038,-33.354027406,1.473929716,1.574286704,-0.941937469,-86.629421004,-0.051007898,-0.324473685,-0.532745148,-2.286502684,-2.159878327,1.874516566,36.202725738,-34.228891994,-0.723453192,-0.524034625,1.400788011,-88.469234056,49.827480194,88.472912872,49.827402634,88.472912872,0
264,133,25,13,0.485714286,0.573616540,27.937180360,-58.562533332,1.340890977,54.809642756,-17.544341572,-0.363483687,-26.872462395,-41.018191760,1.704374664,49.066548518,37.163934124,-33.934983850,1.479809891,2.358398290,0.228217340,-90.059494495,0.841427088,-1.000881342,-0.403420863,-4.589371037,-6.456280711,-7.969497153,40.492647895,-27.276713044,-4.885138168,-3.409346117,5.659789170,-82.127804830,49.066670795,82.178107962,49.066548518,82.178107962,0
266,170,26,16,0.434527687,0.598192814,26.768808879,-58.737523678,1.352049667,56.548495013,-37.607400135,0.020337427,-29.779686133,-21.130123543,1.331712240,36.538818873,16.266766202,-34.429979738,0.668568381,2.770757458,0.612855372,-87.159014892,-0.807921221,-2.149219052,-0.553243225,-4.702487943,1.317302785,19.396854182,5.355296553,-36.107951198,-1.620363042,2.690283535,5.495313895,-106.614252020,36.538868582,106.864792885,36.538818873,106.864792885,0
269,145,26,14,0.500864553,0.588874430,25.117911705,-58.850230561,1.357705169,56.123729952,-22.755728697,-0.499495906,-31.005818247,-36.094501863,1.857201075,47.619565577,29.755982165,-36.616655574,0.837933490,1.868515366,-0.204499947,-90.308322287,-1.062854300,-0.349493087,-0.748026731,-0.798978173,-8.080728512,-18.459301535,40.535195417,-24.582611975,-4.496474293,-5.566545345,3.066929779,-71.978563033,47.619587988,72.072178401,47.619565577,72.072178401,0
271,143,26,14,0.531209363,0.596760410,23.761862544,-58.933153059,1.355151390,56.386980454,-22.790874977,-0.414973439,-32.625117909,-36.142278082,1.770124829,48.721616614,32.767280661,-36.356092442,1.098929008,1.655941871,0.511511391,-89.842810935,0.234217714,-0.129696282,-0.645766367,-0.397099341,-7.733011933,-8.101223829,37.208982471,-31.256671162,-3.508680138,-5.943358697,2.007517032,-81.882029732,48.721645138,81.975780087,48.721616614,81.975780087,0
274,144,26,14,0.497369959,0.579408134,21.969084889,-59.184497225,1.389615313,55.389328163,-23.587505595,0.221130456,-33.420243275,-35.596991630,1.168484857,48.840800879,31.476921847,-38.780796774,0.848705639,1.760256023,-1.005774379,-85.329384980,0.288391599,-1.205023344,-0.023454104,-2.578379474,-5.831404225,-10.639933216,37.484346528,-31.006898190,-4.350843402,-3.181184196,3.022863660,-74.645161743,48.840903026,74.671514618,48.840800879,74.671514618,0
275,231,27,22,0.680825243,0.583611738,21.395244386,-59.268177226,1.397554476,45.786675799,-56.502637867,1.268228570,-24.391431413,-2.765539359,0.129325906,24.548052051,25.135812832,-1.725063964,0.448656818,-0.462311215,0.438020737,-1.415207684,0.638212639,-0.208305162,0.031659208,0.074578238,-4.235264631,4.097191085,24.291041672,-3.265019391,-1.376459539,-0.944638204,4.646448966,-5.536608808,24.548109866,7.259037544,24.548052051,7.259037544,0
279,145,27,14,0.446899939,0.624717175,19.026312481,-59.586442920,1.366836966,54.665549563,-26.333542710,0.185984155,-35.639237082,-33.252900209,1.180852811,48.757614846,29.529400018,-42.748228764,0.884235593,1.297421870,0.508204612,-91.019242223,2.252573804,-2.346411539,-0.102132581,-13.693283965,-21.183284515,-8.064331822,30.823438378,-32.570225375,-19.141762764,-18.173215519,16.619976158,-83.338732027,48.757676484,83.673226090,48.757614846,83.673226090,0
280,144,27,14,0.431654676,0.627775177,18.409418383,-59.639701087,1.356798911,56.016521353,-24.112368933,0.417254806,-37.607102970,-35.527332154,0.939544105,51.743291999,31.486286081,-42.369561186,0.834726634,1.228511786,1.394769669,-89.573766491,0.890077954,-0.646841799,0.160188142,-5.978755854,-13.571108186,5.664649710,25.751699582,-43.721578888,-10.131480602,-12.851659749,6.080498128,-95.449632310,51.743341514,95.569588156,51.743291999,95.569588156,0
282,31,27,2,0.756800000,0.550429199,17.205907935,-59.827583639,1.350310652,15.489211692,1.967860574,-0.292772716,1.716696243,-61.795444213,1.643083367,61.841116536,-12.281846735,-60.080246990,1.338312556,2.402869093,1.851367582,-179.884399321,-1.182164280,0.732414379,-0.376610476,-3.821866687,4.060908443,26.698283028,-37.267030106,-49.170804062,-4.213381818,-2.842694997,3.755549614,153.025021873,61.841346132,153.141304204,61.841116536,153.141304204,0
283,230,27,22,0.703964758,0.534713005,16.610810326,-59.955737068,1.335786738,46.567121993,-57.382658923,1.222008341,-29.956311667,-2.573078145,0.113778397,30.066830318,30.605781589,-1.081109670,0.489143556,-0.851441955,0.380437347,5.779679281,0.602305223,0.792645203,-0.053750566,0.093846131,-3.594928793,7.692748013,29.458690170,-5.875378733,-1.297166497,-1.065712981,3.970192264,-1.924263437,30.066877834,4.522905294,30.066830318,4.522905294,0
284,226,27,22,0.651565074,0.563369577,15.999145706,-59.990155305,1.351907634,48.245658283,-56.703786742,0.687942798,-32.246512577,-3.286368563,0.663964836,32.420343012,33.368189296,0.177802693,0.364156431,-1.378675488,0.704646593,0.838722333,0.960258497,0.315218801,-0.522285422,-13.266962850,-7.168013765,63.291131237,14.440990052,-28.025852531,-7.555977523,-1.470637620,15.753300638,-61.630995653,32.420416409,63.238799663,32.420343012,63.238799663,0
285,33,28,3,0.747368421,0.566587585,15.689929241,-59.949806984,1.342385431,17.959547237,1.188349027,0.128121289,-2.269617996,-61.138156011,1.214264142,61.192317522,-4.749994143,-61.381251861,1.048308424,1.610089756,1.903775717,177.920352870,-0.005016329,-0.380951395,0.074525930,-4.540573913,6.835975516,33.166401588,-37.194076166,-48.039307568,-7.304005705,-6.067555008,4.822581532,144.031404404,61.192506672,144.371372840,61.192317522,144.371372840,0
286,35,28,3,0.727659574,0.551021181,15.082088027,-59.963678904,1.344583017,18.455759558,1.409909426,-0.323599626,-3.373671531,-61.373588330,1.668182644,61.488875721,-13.325212162,-60.360573895,1.047430902,1.889912181,2.133056200,174.367610466,-0.680672201,-0.202831629,-0.382076750,-4.466415198,2.465750204,28.195167717,-39.592339934,-46.881164596,-3.936905980,-3.193586549,1.682257628,145.906846498,61.488992543,145.971095651,61.488875721,145.971095651,0
287,28,28,2,0.680987203,0.583861490,14.457835696,-60.014129002,1.338495302,16.622889620,0.854765858,-0.082973874,-2.165053925,-60.868894859,1.421469176,60.923972248,-7.959161136,-60.718983898,1.268718350,1.747739351,2.502237267,179.601052780,1.414104751,-0.536337649,-0.117417144,-8.620556859,6.895154619,5.829637030,-15.492369788,-58.182469293,-9.303232298,-7.668143655,8.307773512,172.361178020,60.924243006,172.953218626,60.923972248,172.953218626,0
288,28,28,2,0.635075288,0.571232024,13.858515549,-60.107960936,1.348955007,15.043899713,-1.617554947,0.945992351,-1.185384164,-58.490405989,0.402962655,58.503804212,-8.565461970,-60.741281429,1.267947396,2.028864125,2.337318508,-176.704412650,-0.465014477,-2.802271330,0.881985810,-4.200578806,10.312484508,19.415460103,-26.534147258,-51.486860668,-8.229238965,-4.989650831,11.015226269,162.681560792,58.503659425,163.257146423,58.503804212,163.257146423,0
289,235,28,23,0.689935065,0.545705027,13.238443090,-60.185791505,1.334619069,42.876236821,-58.029403306,1.298704622,-29.637793731,-2.156388198,0.035914447,29.716159192,30.963881590,-1.106715913,0.286914224,-0.392223375,1.022998336,2.514738512,1.325398289,1.022510697,0.009752087,6.118912921,-2.602574966,-1.521888833,29.666617748,-1.447870008,-0.921963469,-6.327522971,4.029266293,3.635498165,29.716233826,8.430431127,29.716159192,8.430431127,0
290,234,28,23,0.657556270,0.584754928,12.621220215,-60.305786390,1.342745017,44.406724006,-57.183454024,1.376144844,-31.785503791,-3.122332366,-0.033399826,31.938508516,32.211678661,0.097152805,0.352737258,-0.675842510,0.099473021,6.617705837,0.275468677,0.396469813,0.113514729,8.245385445,-9.899023288,4.748006095,31.369574229,-3.661634604,-4.755529009,-8.722600810,10.161103575,0.430871332,31.938578732,13.415791998,31.938508516,13.415791998,0
291,234,28,23,0.639001350,0.576216893,11.869634062,-60.415675153,1.338498939,44.148831369,-56.939962385,1.548692653,-32.279197308,-3.475712768,-0.210193714,32.466464844,32.970728130,0.125763092,0.353556187,-0.874792643,0.824241559,5.707709977,0.504311041,0.133793753,0.298452547,7.941812403,-7.209374990,-2.482231421,32.186858394,0.829804483,-4.170604989,-7.798273729,9.022757356,7.092376281,32.466542389,14.174914340,32.466464844,14.174914340,0
292,234,28,23,0.606203641,0.584328708,11.256301711,-60.565493774,1.330039408,43.645740422,-57.336268697,1.826468272,-32.389438711,-3.229225077,-0.496428864,32.553802793,33.596649114,0.208664904,0.346925448,-0.630467032,0.799638960,8.094430155,1.044760326,0.484670273,0.567001849,9.749728382,-9.644570489,-1.739846674,32.048531917,-0.257938823,-5.708246902,-8.774866923,11.838567175,8.107654593,32.553940056,17.232228147,32.553802793,17.232228147,0
293,234,28,23,0.658992806,0.593740524,10.643959555,-60.657476089,1.321839901,43.349193865,-56.638421038,1.567338017,-32.705234310,-4.019055052,-0.245498116,32.952168732,34.215373856,0.234223786,0.342762296,-0.715496833,1.279855041,3.863368330,1.266771872,-0.250578791,0.338529982,5.358282829,-5.959417798,11.413074094,32.218580420,-6.331946090,-2.779791102,-6.848179190,6.447874404,-8.242834072,32.952355063,12.241887518,32.952168732,12.241887518,0
294,234,28,23,0.668333333,0.569617298,10.031707955,-60.775819151,1.329318851,43.208076640,-56.741888638,1.564168771,-33.176368684,-4.033930514,-0.234849919,33.421537801,34.836710888,0.286600274,0.353251897,-0.698516761,1.477561406,6.556239056,1.418203462,-0.163005863,0.333134114,3.898532258,-4.094981677,11.753220424,32.727174999,-6.510287760,-1.884572048,-4.969212848,5.188425494,-5.584975149,33.421601427,8.957342928,33.421537801,8.957342928,0
295,234,29,23,0.674728941,0.578187987,9.409192009,-60.845394347,1.318959234,42.934237369,-56.652225095,1.778671198,-33.525045360,-4.193169252,-0.459711964,33.789386941,35.463162122,0.288724625,0.347916082,-0.537765957,0.524246839,2.728769543,1.679073372,-0.272906153,0.554284753,5.040203999,-2.009813693,4.412156242,33.699208629,-2.153246715,-1.204564978,-5.639222018,2.375390776,-1.901076237,33.789408258,6.372192729,33.789386941,6.372192729,0
296,234,29,23,0.660102740,0.518519155,8.791896602,-60.917289154,1.321841506,44.246263333,-56.969321779,1.322602421,-35.454366731,-3.947967375,-0.000760915,35.673499509,36.084564161,0.294234758,0.355657895,-0.093671506,-0.108660541,3.279718160,0.412442723,0.164456037,0.070216286,2.665218669,-4.573355974,7.320415046,35.308055967,-4.529768327,-2.329823806,-3.082472129,4.260196135,-4.255459716,35.673599429,6.690873368,35.673499509,6.690873368,0
297,234,29,23,0.723120837,0.575430376,8.197069342,-61.012181906,1.333898547,45.499896861,-58.019064998,1.261658196,-37.302827519,-2.993116909,0.072240351,37.422785952,36.686023022,0.325358457,0.371406854,0.287215991,0.920972407,5.208031071,-0.720697606,1.339042776,-0.046450045,5.567921183,-3.675136068,7.406042067,36.914801771,-5.988901240,-1.377805729,-5.434057058,4.357869613,-2.640583713,37.422825608,7.374178111,37.422785952,7.374178111,0
298,235,29,23,0.754246886,0.570938035,7.556453144,-61.068084647,1.333629033,44.833476604,-58.019303853,1.290649569,-37.277023459,-3.048780794,0.042979463,37.401515872,36.713632434,-1.051562362,0.314757025,-0.313284440,1.298478868,-0.790859656,-0.612785496,1.293735540,-0.019146857,6.166280253,-4.267605685,3.448683489,37.039763137,-4.820795263,-1.922434411,-6.803378010,5.065314446,-4.830317049,37.401602563,9.607154507,37.401515872,9.607154507,0
299,238,29,23,0.706774520,0.555002485,6.928445499,-61.169256762,1.328792094,42.317645171,-56.774064326,1.048479559,-35.389199672,-4.395192436,0.280312535,35.662189292,35.467465121,-0.753774775,0.167716951,-0.181158847,1.770503211,1.839249836,-0.188951103,-0.231815482,-0.205492952,-0.955177506,-4.798074512,11.552834442,34.738791948,-7.608922749,-2.668618491,-0.047295254,6.660705260,-9.663678920,35.662317592,11.730131207,35.662189292,11.730131207,0
300,238,29,23,0.733590734,0.548462412,6.289189301,-61.185474923,1.321967718,44.002752812,-57.923387668,1.346860444,-37.713563511,-3.262087255,-0.024892726,37.854388194,36.102843925,-0.826195216,0.165044428,-0.163754760,0.972158768,-4.092851566,-1.699705605,1.149937433,0.035220105,3.146890102,-0.652074525,0.483389225,37.783639460,-2.308078139,-0.173732711,-3.353554841,1.368670996,-4.659424330,37.854468938,5.869274313,37.854388194,5.869274313,0
301,235,29,23,0.658095238,0.560698221,5.657108082,-61.243992588,1.309075630,43.707348670,-57.842898514,1.366328354,-38.050240588,-3.401094074,-0.057252724,38.201983294,38.618602544,-1.151748733,0.304282664,-0.238173696,0.774708567,-1.273070679,0.475730884,0.960219502,0.075242697,4.321823407,-2.573226187,2.857502381,37.962188478,-4.110768664,-1.170366477,-4.740331471,3.020294259,-4.376912187,38.202040923,7.045266468,38.201983294,7.045266468,0
302,248,29,24,0.615736505,0.585768232,5.042061378,-61.341083216,1.306672372,38.837504973,-58.496831353,1.057351317,-33.795443595,-2.844251863,0.249321055,33.915836086,32.056208788,0.116231742,0.444097881,-1.263273108,0.415296503,3.524069487,-1.834151848,1.152843154,-0.363881217,1.671004059,-7.357930984,-1.123690518,33.728518326,-0.474931297,-3.528365492,-2.344510759,7.882229276,4.461826905,33.915894080,9.430314160,33.915836086,9.430314160,0
303,250,29,24,0.587458746,0.602648286,4.407280061,-61.419930630,1.298873599,38.404535211,-57.337299380,1.387743812,-33.997255149,-4.082631250,-0.088870213,34.241628663,31.605935564,0.862105597,0.456871557,-1.154962767,1.699561667,2.048673855,-2.622228189,0.004755192,0.024563942,1.900334939,-3.821145354,9.388664457,33.863006390,-4.795847935,-1.670361623,-3.537606400,5.242592182,-7.547749101,34.241691943,9.718948034,34.241628663,9.718948034,0
304,250,29,24,0.552050473,0.625855436,3.768064200,-61.498733949,1.265307687,37.960766886,-57.884643084,1.748375838,-34.192702686,-3.614090865,-0.483068151,34.386566048,32.250210035,0.878735977,0.433051661,-1.546884427,1.380318790,4.121653309,-2.134471308,0.524484573,0.368868326,3.053143249,-1.681958945,1.367067287,34.370481462,-0.515860811,-0.918873932,-4.520333771,3.202812673,2.590817109,34.386631670,6.168300332,34.386566048,6.168300332,0
305,248,30,24,0.528870293,0.619339477,3.098910582,-61.496399397,1.255614881,37.997705197,-57.075127783,2.055359511,-34.898794615,-4.421271614,-0.799744630,35.186831340,34.004829018,0.044771654,0.425722499,-1.395794325,1.298861049,-3.517562948,-1.179047281,-0.296880907,0.727752060,2.976437446,5.096849257,4.020971998,35.009317769,-1.977039178,2.925980334,-3.684861772,-4.140049750,-7.349121216,35.186963147,9.307913636,35.186831340,9.307913636,0
306,95,30,9,0.493399340,0.551801636,2.458939451,-61.525641930,1.255105617,50.692007883,-0.503899336,0.078542535,-48.233068432,-61.021742594,1.176563082,77.791170837,-8.741320099,-80.391476340,2.631157067,3.899817616,2.022494653,-144.525096809,0.973747356,-3.237532840,0.544838030,-1.059192992,6.537839264,14.814100137,-29.167379308,-72.070370376,-2.575414791,5.224887387,8.512570152,-159.277830448,77.791433096,159.744817906,77.791170837,159.744817906,0
308,90,30,8,0.391020999,0.570349101,1.008849112,-61.682939192,1.215670150,45.714450909,1.137527179,-0.746950048,-44.705601797,-62.820466371,1.962620198,77.128812419,-38.905228024,-71.331619995,1.200575636,2.975625194,3.212090386,-162.841902826,-3.033959725,-3.071545398,-0.432835436,-0.224319358,-7.721975664,-4.565105050,-29.830121198,-70.920355306,5.415581689,-0.090651227,-3.879376174,-158.243802922,77.128862642,158.259462653,77.128812419,158.259462653,0
309,90,30,8,0.398089172,0.555779563,0.376452421,-61.790902235,1.200359510,45.762025484,1.043199577,-0.510934918,-45.385573062,-62.834101812,1.711294428,77.530014325,-39.516459529,-71.524296832,1.167595441,3.169051400,2.611431266,-161.199800458,-2.981868762,-3.155641272,-0.193924169,0.750376980,-6.455732415,-0.360676627,-35.721699646,-68.520846740,6.310107778,1.760482445,-3.733221857,-160.867655759,77.530405157,160.822779233,77.530014325,160.822779233,0
314,233,30,23,0.468588322,0.598005041,-2.969730444,-62.180049993,1.179370939,42.810506387,-56.335138112,1.583764161,-45.780236831,-5.844911881,-0.404393222,46.153619718,48.508395959,0.158873520,0.841833493,-1.009134724,0.082875566,4.457654806,2.363557436,-0.629867796,0.407808227,4.718109250,1.709181577,2.927573704,46.091733730,-1.414918780,1.932551613,-5.772813826,-1.494349215,1.659194193,46.153923659,6.169050998,46.153619718,6.169050998,0
316,90,31,8,0.360380117,0.534867415,-4.078020660,-62.188958036,1.160027614,52.482050170,3.103195645,-0.265163849,-56.560070830,-65.292153681,1.425191463,86.395243591,-43.872906304,-72.521580427,0.996708248,2.816916146,3.394124319,-167.735925933,3.387510714,-0.202879502,0.224312636,7.311092302,0.690782952,170.384339657,34.504810687,78.704567065,-8.899564859,-4.254315618,5.450227023,21.377889555,86.395561762,22.647363756,86.395243591,22.647363756,0
318,176,31,17,0.378947368,0.642801422,-5.370549639,-62.317371610,1.153318055,54.921004973,-41.168115456,0.295047793,-60.291554612,-21.149256155,0.858270262,63.899133181,9.817926129,-67.193246092,-0.383476442,1.093725564,2.831598439,-90.921064317,-1.098409436,-4.233475109,-0.374710229,-4.606248604,2.449934939,0.950882406,9.861426289,-62.961705691,-4.658192638,3.403877804,7.513104370,-91.762039231,63.899318233,92.271758431,63.899133181,92.271758431,0
319,214,31,21,0.461102107,0.589057769,-6.198638665,-62.307117893,1.137848056,54.103088495,-54.518154427,0.876746123,-60.301727161,-7.788963466,0.261101933,60.803243537,59.767832125,-16.902268595,0.257691976,-1.215596937,1.029730220,-20.807974303,1.060941541,-1.078411143,-0.117751756,-7.229751493,-2.036021193,10.029902290,55.032498896,-25.402422832,-4.815926118,3.980512695,6.463836440,-30.369002455,60.803389419,31.498759911,60.803243537,31.498759911,0
320,218,31,21,0.431528662,0.628679543,-6.828884530,-62.334765688,1.141667368,53.408298319,-55.344769907,-0.034677224,-60.237182849,-6.989995781,1.176344591,60.652798989,59.951230241,-10.211132408,-1.325394339,-1.015253195,3.090325207,-11.849429364,0.089037727,-0.452183797,-1.118380559,-2.779220855,-8.873247086,19.134677911,52.685656379,-28.399089661,-9.823265105,-3.227771528,12.123510832,-31.062173620,60.652973703,33.123039991,60.652798989,33.123039991,0
321,171,31,16,0.460380349,0.583167838,-7.328885744,-62.370008113,1.125906674,58.700966326,-40.204871616,-0.310484701,-66.029852070,-22.165136497,1.436391375,69.665614621,12.155737177,-69.247747450,-0.126397553,2.130205303,1.832865132,-93.847337043,1.436900580,-0.415744316,-0.874559962,4.033877400,-10.950950866,-174.980285493,-4.428161721,69.447712802,-3.274656698,12.377639177,7.468935794,81.580198859,69.665750596,81.829770596,69.665614621,81.829770596,0
322,220,31,21,0.517241379,0.607004120,-7.967071233,-62.437165418,1.123323244,54.001948496,-56.018265274,-0.134727695,-61.969019729,-6.418900143,1.258050939,62.313276092,60.256172745,-8.184457139,0.371404114,-0.466011808,1.422424275,-5.867593561,-1.444918651,0.367538956,-1.296846661,-0.064113128,-12.000694710,12.533922680,57.445889520,-21.726643009,-10.530023333,-4.263151332,12.818609943,-18.867940559,62.313390460,22.776500365,62.313276092,22.776500365,0
323,176,31,17,0.449392713,0.564442034,-8.596035096,-62.469848502,1.112622236,56.495295556,-41.886444505,0.327198981,-65.091330652,-20.583403997,0.785423255,68.272796456,9.435861936,-70.398934776,-0.462525792,1.789758021,2.551614098,-94.275712094,-0.129987089,-2.799735117,-0.330337320,1.384098021,0.840542638,15.495949096,-8.839509631,-67.684356977,1.373420977,3.049186867,1.532785851,-109.716645236,68.272947754,109.793404294,68.272796456,109.793404294,0
324,176,31,17,0.488906498,0.587471180,-9.226321064,-62.503955676,1.106495918,58.493245043,-40.142940254,-0.117306475,-67.719566106,-22.361015422,1.223802393,71.326378967,9.365467565,-71.026086565,-0.476182219,1.351600986,3.012390526,-94.031518698,-1.522653913,-0.536138009,-0.737524711,-0.332559046,-1.720498904,3.142786239,7.011890782,-70.980121423,-0.361138265,-0.399558462,3.126100213,-97.263096993,71.326535528,97.290445905,71.326378967,97.290445905,0
325,250,32,24,0.548036759,0.596639844,-9.886493041,-62.572705926,1.090117005,36.187258009,-58.607959118,1.753389038,-46.073751049,-3.964746808,-0.663272034,46.248780339,45.946078842,0.653822960,0.493324083,-0.316331171,1.631480376,2.069558806,-0.300619224,1.077164018,0.377638882,6.638459740,0.082257529,-10.763114614,45.512086693,8.186466552,-0.770546392,-6.815546145,3.012634513,12.573825524,46.248913625,14.761478588,46.248780339,14.761478588,0
326,275,32,27,0.566244726,0.626289171,-10.546105522,-62.606995320,1.084136520,23.468885219,-58.800076328,1.510948880,-34.014990741,-3.806918992,-0.426812361,34.230021854,32.080482545,-1.497523840,0.309569081,-0.505524212,0.493018726,-3.383255789,-2.122149186,-0.147536631,0.081724080,8.773578395,-4.213443670,0.654645861,34.109405572,-2.068762290,-1.992179651,-9.576215653,4.023765175,-4.719639254,34.230105253,11.264867979,34.230021854,11.264867979,0
327,170,32,16,0.436489607,0.572739933,-10.857276423,-62.555572680,1.088056112,58.620820507,-41.684742510,0.229382184,-69.478096930,-20.870830171,0.858673929,72.550222784,15.164869701,-72.230860432,0.169841196,1.654513086,1.119266097,-99.143861888,3.503017489,-0.625674824,-0.313297543,3.678113848,2.395007979,173.923236998,-19.180021746,69.804095961,-4.806544587,-0.937556923,4.662854371,86.878993926,72.550588681,87.021441708,72.550222784,87.021441708,0
328,252,32,24,0.495131086,0.593369713,-11.479605194,-62.535441899,1.071503141,38.021133721,-59.844681815,1.961972874,-49.500738916,-2.690760084,-0.890469733,49.581813999,46.312628405,-3.202868065,0.807805831,-0.516063317,0.067732644,-10.114792963,-2.916886802,2.687451932,0.468332389,9.822904153,4.567869998,-11.925087212,49.200422471,5.073293843,3.456514845,-10.504280356,-4.122130947,2.557479493,49.581925907,11.483530521,49.581813999,11.483530521,0
329,252,32,24,0.492296405,0.632866938,-12.121737191,-62.540543561,1.064967968,38.251259088,-59.577641542,2.354566724,-50.372996279,-2.962902020,-1.289598756,50.476535216,46.945995465,-3.308400642,0.818354694,-0.404415944,0.636468003,-7.162716268,-3.197448908,2.480681042,0.864474821,13.653701360,5.008056343,-3.631127284,50.221227965,-1.500305139,4.845698524,-13.777237843,-5.074395229,-2.410871956,50.476761466,14.971944178,50.476535216,14.971944178,0
330,253,32,25,0.562398703,0.628363902,-12.637813048,-62.567027995,1.052591058,35.106984668,-57.629602753,1.502304247,-47.744797716,-4.937425241,-0.449713190,48.001522048,46.997212177,-1.255544840,0.752658593,-0.553807427,0.030854119,-2.316438539,-0.984331427,-0.004326085,0.159325770,4.827733952,-0.101169613,-3.091706618,47.980381359,1.376515409,0.394146169,-5.379755652,0.196813385,0.761414783,48.001741023,5.438190248,48.001522048,5.438190248,0
331,253,32,25,0.591205212,0.619482232,-13.289382472,-62.645819126,1.038569007,34.694907677,-57.794150446,1.358512315,-47.984290149,-4.851668680,-0.319943308,48.230002631,47.653649079,-1.261699647,0.752363218,-0.556827743,0.741781253,0.853133092,-0.551583505,0.098873605,0.019188089,5.272136548,1.078010221,-3.150770642,48.184954354,1.436252219,1.514426219,-5.891336269,0.035401423,4.017327540,48.230137190,7.130806326,48.230002631,7.130806326,0
332,253,32,25,0.545019920,0.625610534,-13.938479771,-62.761025616,1.037434795,34.152596760,-58.308599053,1.519176175,-48.091076530,-4.452426563,-0.481741380,48.299149257,48.312079831,-1.230840884,0.763217118,-0.512939004,0.099221978,4.172624060,0.049290146,0.546741450,0.170636515,7.660498199,-3.039545723,-0.364509009,48.236826162,-1.719710882,-1.754365696,-7.924627468,3.706527229,4.087016397,48.299343709,9.761293564,48.299149257,9.761293564,0
333,248,32,24,0.505426357,0.630423797,-14.603263672,-62.859716308,1.036436315,36.982513079,-58.850653731,2.221176267,-51.585776750,-4.009062577,-1.184739952,51.754889184,51.747246536,-0.643496399,0.506674553,-0.895116380,0.406843235,4.075699461,0.031977649,1.357175945,0.817847402,11.381628871,-4.834037927,-6.167023937,51.421179369,2.576588788,-5.273182417,-11.316638390,7.083790029,9.076920969,51.755028261,16.516727639,51.754889184,16.516727639,0
334,247,32,24,0.531969309,0.638370584,-15.247802080,-62.959957315,1.036426850,37.010186759,-58.981392798,2.428196676,-52.257988839,-3.978564517,-1.391769826,52.427696844,52.852469734,-3.141307074,0.332906658,-0.867931116,1.414657336,1.673112223,0.630367868,1.441494242,1.049429638,13.962211492,-4.808580525,-7.164286019,52.141857590,0.675947519,-5.428902388,-14.059587717,8.122592919,7.144863993,52.428076439,18.118141697,52.427696844,18.118141697,0
335,254,33,25,0.577540107,0.592238013,-15.594560613,-62.937811152,1.020769131,33.906808347,-58.570164272,1.622856157,-49.501368960,-4.367646881,-0.602087026,49.697327665,49.378371969,-2.749269725,0.363404151,-0.920492814,0.425088583,-4.281473375,-0.192638398,0.790262448,0.258426807,6.617579649,0.495106858,3.827666703,49.221553446,-6.734111790,1.315130651,-7.402784469,-0.996043166,-8.048180325,49.697476333,11.023117175,49.697327665,11.023117175,0
336,253,33,25,0.666376307,0.580146811,-16.244674969,-62.926349406,1.020723374,34.637895393,-58.857372012,1.385550177,-50.882570362,-4.068977395,-0.364826804,51.046308801,50.620147852,-1.363510958,0.800206006,-0.887973791,-0.523514497,-5.094952232,-0.358144994,1.146065374,-0.000623146,2.770457666,-1.265024910,-8.429974935,50.800799879,4.969635514,-0.561641048,-3.580498573,0.899616623,3.295570945,51.046390530,4.967025454,51.046308801,4.967025454,0
337,251,33,24,0.537606838,0.607032507,-16.903195128,-62.971487025,1.010072006,34.695907695,-59.448261172,1.855947558,-51.599102823,-3.523225853,-0.845875552,51.726163960,52.397980930,-1.803280255,-0.140040969,-0.683716739,1.326211377,-2.179969768,0.796450683,1.736935032,0.447317370,5.248156659,-3.328864504,-1.171348820,51.542099628,-2.802236822,-3.343992697,-6.006406032,4.542463522,-1.433994861,51.726423155,7.619876124,51.726163960,7.619876124,0
338,254,33,25,0.562343096,0.619539713,-17.403674222,-62.975358073,1.001917146,33.698877475,-59.252729041,1.278794841,-51.102551697,-3.722629032,-0.276877695,51.238710153,51.170632049,-2.998870256,0.376076904,-0.694252387,0.454788525,-4.155882938,0.124626514,1.413766329,-0.113183188,7.115686830,-2.603466662,-6.601760777,51.184310102,1.246193410,-2.007435250,-7.704310405,3.335670182,2.051773455,51.238817267,8.694191425,51.238710153,8.694191425,0
339,240,33,23,0.565696302,0.606884978,-17.889125277,-62.913673162,0.995754680,44.112334790,-58.526216994,2.356426346,-62.001460067,-4.387456167,-1.360671666,62.171394141,59.216791317,-0.782547231,0.272268525,0.230906728,0.202538267,-7.941135083,-2.898879027,1.750979016,0.984302241,9.645311104,-7.203946287,4.840055741,61.104497485,-9.070033051,-7.020860860,-10.807819807,4.988533591,-13.891633580,62.171678436,17.911831956,62.171394141,17.911831956,0
340,242,33,23,0.655442443,0.599782282,-18.553147887,-62.874373293,0.993017496,38.276921915,-59.121343589,2.622984950,-56.830069802,-3.753029704,-1.629967455,56.977178410,58.670306941,-4.750395212,-0.275986573,0.399766646,0.956887733,-11.487955860,2.065123610,1.564859867,1.263374643,-3.469172672,3.574197207,170.578594868,-56.668802007,-2.722807461,-5.256470834,-3.206576472,4.395090993,177.656659859,56.977164610,177.782247367,56.977178410,177.782247367,0
341,249,33,24,0.556338028,0.567518279,-19.192355500,-62.769293469,0.994982300,37.364736073,-59.871161226,1.452100878,-56.557091573,-2.898132243,-0.457118578,56.633141667,55.732572539,2.276001401,0.461397139,-0.565960140,0.437238892,-9.978988829,-0.898627435,2.378087417,0.003682034,1.641138767,-2.030562788,-10.853801380,55.618955603,10.515891792,-1.815855512,-2.177432470,2.491609749,0.804481404,56.633466553,3.416417478,56.633141667,3.416417478,0
342,256,33,25,0.531400966,0.626117679,-19.495129292,-62.652367091,0.979290756,33.611426216,-58.412089556,1.425751953,-53.106555508,-4.240277535,-0.446461197,53.277439119,52.047446700,-3.772257643,0.162863360,-0.807740823,0.160664662,-22.763831087,-1.047169361,0.636519463,0.063119449,4.388557536,4.567872979,-5.149652909,53.099207811,0.705897040,4.300934070,-3.623845377,-5.511818785,-17.307255469,53.277783313,18.674882739,53.277439119,18.674882739,0
343,256,33,25,0.558614565,0.596770153,-20.093483530,-62.381432225,0.979744507,35.031236326,-58.349431365,1.845542987,-55.124719856,-4.032000859,-0.865798479,55.278760633,52.594062010,-4.135871221,0.183613542,-0.708009964,0.166847169,-29.242432173,-2.461091380,0.823154607,0.465615606,-0.261697251,8.402710616,-0.151581562,54.518364832,-4.848722148,7.746070337,3.628217760,-7.041721101,-29.370552758,55.278963594,30.181037159,55.278760633,30.181037159,0
344,278,33,27,0.635652174,0.562353657,-20.336372604,-62.167125862,0.979960336,21.530116234,-58.458978695,1.341849611,-41.866488838,-3.708147167,-0.361889275,42.031942697,39.705941495,-5.215955176,1.000609913,0.994111593,-0.978765471,-40.745196869,-2.065824497,-0.672178222,-0.075430859,-0.509808405,-0.706285225,6.396685189,41.015622321,-9.174084591,0.488891688,0.823166763,-0.124657486,-47.137125016,42.031941635,47.143151692,42.031942697,47.143151692,0
345,278,34,27,0.626700680,0.552573106,-20.567317065,-61.925506302,0.971870096,21.340885499,-58.349072561,1.388786980,-41.908202564,-3.576433741,-0.416916885,42.062597876,39.885133372,-5.498101935,1.008627721,1.766330829,-1.347016184,-48.858085987,-1.903342432,-0.815020258,-0.018103055,-1.396978526,-1.672118036,-0.279492804,41.823070606,-4.473215419,-0.302859114,1.437128969,0.806688623,-48.556763606,42.062698615,48.593104019,42.062597876,48.593104019,0
346,280,34,27,0.654923939,0.547992358,-21.024264854,-61.434975122,0.968163131,21.086431369,-57.785819916,1.607424959,-42.110696223,-3.649155206,-0.639261828,42.273345335,39.320094768,-3.392744711,0.899361457,2.183217601,-1.442279232,-50.522720470,-2.904369821,-1.477218936,0.220334968,-2.985067562,2.053332133,8.129984950,41.478226597,-7.969787439,1.753924509,5.488100904,0.041939227,-58.746634293,42.273360934,58.981662559,42.273345335,58.981662559,0
347,279,34,27,0.656328583,0.581105349,-21.203654288,-61.144284805,0.967160808,20.674026840,-59.413285506,1.076852475,-41.877681128,-1.730999299,-0.109691667,41.913584522,40.056653466,-4.047938886,0.339915414,1.135846371,-1.103309387,-57.276764276,-1.651353880,0.045991486,-0.316152255,-1.571998041,0.428316886,25.689473909,35.804959014,-21.786621493,0.326220259,1.753285995,0.404441303,-82.975883130,41.913701647,82.998143252,41.913584522,82.998143252,0
348,231,34,22,0.551002616,0.596637952,-21.405428755,-60.707680581,0.968185887,47.495692089,-55.423468748,0.508270801,-68.901120844,-5.284211833,0.459915085,69.104984409,67.532801047,-7.774671482,0.676226266,0.926457303,-0.796358112,-70.225275380,-1.226150391,-1.007954404,-0.708334076,1.487153532,-5.261483383,-3.658790809,68.886878505,-2.492798533,-4.890285919,-4.492106068,-0.068338227,-66.593867609,69.105216671,66.730545629,69.104984409,66.730545629,0
349,231,34,22,0.567357513,0.588292708,-21.671123880,-60.273730870,0.955942321,47.061548198,-55.881110309,0.959631307,-68.732672078,-4.392620561,-0.003688986,68.872892636,67.718770244,-8.248316464,0.687717358,1.074442815,-0.512030899,-66.849714835,-0.722797134,-0.612279483,-0.270475791,-2.322970098,-0.772796482,0.146965846,68.428496592,-7.806550500,-0.281358397,1.271345087,1.928080062,-66.978555827,68.872930380,67.035108406,68.872892636,67.035108406,0
350,278,34,27,0.757236228,0.551248089,-21.848224305,-59.800967008,0.937202581,21.273902814,-59.261934154,1.578239198,-43.122127119,-0.539032854,-0.641036617,43.130260046,40.724801105,-7.831402532,1.087740481,2.587742988,1.034835114,-74.560706128,-1.664341018,0.073753911,0.145157198,-6.359810615,2.380280654,2.264482935,41.968353606,-9.812744295,1.610843548,6.365355781,6.682410088,-76.702839175,43.130354415,77.539015488,43.130260046,77.539015488,0
351,281,34,27,0.641818182,0.544899034,-21.845260919,-59.616983993,0.938648459,18.507698903,-59.270821190,1.117441872,-40.352959822,-0.346162804,-0.178793413,40.354840629,39.069501478,-6.725006561,0.868054293,2.663051424,0.957438180,-80.067689164,-0.760935129,-0.335365668,-0.237373725,1.044260742,-5.038099787,-36.309611770,35.838688299,18.396200727,-2.385469451,-1.584123910,3.867354784,-43.983035428,40.354953162,44.118054590,40.354840629,44.118054590,0
352,286,34,28,0.604204753,0.555278945,-21.824466783,-59.447613547,0.931178673,16.197978690,-60.774928801,0.874503264,-38.022445474,1.327315255,0.056675409,38.045648078,36.828494344,-2.480639003,0.198617976,1.706932446,0.438687985,-80.469934553,-1.064150021,0.852474382,-0.514961653,-1.922729793,-5.113457370,3.695256047,37.513100685,-5.676547843,-2.832405473,-3.187028254,2.868966599,-84.220698945,38.045741406,84.229805132,38.045648078,84.229805132,0
353,41,34,3,0.618433180,0.583352098,-21.790921822,-59.277364971,0.921052892,18.766533847,0.532458452,0.562686789,-40.557455669,-59.809823423,0.358366103,72.265141075,-53.684901738,-53.667070083,-1.445360015,-0.401346094,1.946457854,86.830934579,-4.105024249,-1.125110909,0.406365890,-6.609265538,9.951677930,8.674694671,-55.760756516,-42.825369111,-16.703689669,-8.758744801,-6.578393125,77.919494657,72.265395974,78.063890941,72.265141075,78.063890941,0
354,40,34,3,0.615245009,0.574427590,-21.762145213,-59.122636874,0.918113499,19.337570920,0.687818109,-0.165012413,-41.099716133,-59.810454982,1.083125912,72.578580540,-58.006158444,-48.151889927,-0.995209416,-0.566892351,2.262113088,75.798531916,-3.018115720,-0.786812618,-0.277600860,8.615896110,5.743638040,1.244945768,-55.651312696,-46.585134119,0.667783238,-8.439172970,9.020228342,74.210256002,72.578848573,75.738345517,72.578580540,75.738345517,0
355,42,35,3,0.711864407,0.556640449,-21.841674055,-58.493493005,0.891604484,19.712868166,0.470892245,-0.425147359,-41.554542222,-58.964385250,1.316751843,72.147851961,-47.687898280,-58.468898647,-1.306562961,-0.342018720,3.135326144,94.239330096,-3.254693042,-1.631821231,-0.565316897,6.354690368,-4.248479719,12.477253422,-55.565549013,-45.238476338,8.443566207,2.976882703,10.027478990,81.907338041,72.148068504,82.196451316,72.147851961,82.196451316,0
356,289,35,28,0.627744511,0.537649549,-21.927422696,-58.361155959,0.882355994,12.000632666,-60.741629864,1.752162152,-33.928055362,2.380473905,-0.869806158,34.022583080,34.197010080,-8.392465242,0.550438007,3.198484730,1.772817433,-85.298529681,1.310962451,0.327103049,0.435722617,-3.347958626,5.662149637,-37.788817384,31.167870967,13.050369109,3.974381838,9.633632211,0.416992155,-47.552217372,34.022698680,48.498765664,34.022583080,48.498765664,0
357,276,35,27,0.682926829,0.569552876,-22.017822104,-58.254350942,0.878084893,20.226528527,-59.925236611,1.394739287,-42.244350631,1.670885669,-0.516654395,42.280538679,41.928165838,-8.842722284,0.782452620,3.848956888,1.469976554,-77.202606950,0.691190874,0.460969825,0.009691404,-2.354349170,-3.263597041,0.881590007,41.066479932,-9.864323127,-1.974590339,1.136857192,4.445500613,-78.157162428,42.280724353,78.314376318,42.280538679,78.314376318,0
358,278,35,27,0.660223805,0.553736478,-22.193602327,-58.023046042,0.858570946,20.227270872,-58.810162152,1.203362260,-42.420873199,0.787116110,-0.344791314,42.429575956,40.716888773,-9.644218850,1.077431913,5.732572399,0.490114163,-66.487515145,-0.715816714,-0.587298341,-0.176371409,-0.167615634,-2.738894059,1.860694858,41.129767437,-10.395320571,-0.742808270,3.247951920,1.655757010,-68.390741791,42.429614933,68.522878240,42.429575956,68.522878240,0
359,19,35,1,0.582564103,0.603882465,-22.311319236,-57.572701824,0.846867666,12.817632385,1.632982551,-1.180427287,-35.128951621,-59.205684375,2.027294953,68.872826492,-35.683614825,-56.109338996,1.418900005,4.856906966,4.227140648,109.847973822,2.616657808,1.069374865,-1.255053346,7.226835358,-8.104995757,-0.442268586,-37.102767379,-56.011890515,15.151293190,15.028369963,8.145917922,110.877236002,68.873136357,110.688471462,68.872826492,110.688471462,0
360,103,35,10,0.454175153,0.616700340,-22.340332457,-57.257615937,0.834090570,53.334593175,-1.838480698,-2.319016176,-75.674925632,-55.419135239,3.153106746,93.850503474,23.492398531,-92.798072606,0.297564237,3.430987755,3.277714677,170.294128353,1.821870291,-1.511466591,-1.952051347,6.814079919,1.863149915,26.047651687,-20.678439099,-90.696928509,12.427001739,7.923976432,8.749247134,144.828869844,93.850738179,144.417098636,93.850503474,144.417098636,0
361,21,35,1,0.659574468,0.576669903,-22.478217706,-56.732152730,0.796640740,14.393797556,3.695050138,-0.849431288,-36.872015262,-60.427202868,1.646072028,70.807498961,-42.989627953,-50.813298351,0.940779602,1.754555022,5.187206026,96.791713120,3.511063907,2.553219307,-0.903768775,1.662827577,-12.628190634,-24.501529237,-19.289904298,-67.636785683,8.178119015,13.397413695,-0.009370533,121.637488308,70.807604225,122.074867392,70.807498961,122.074867392,0
362,283,35,28,0.667731629,0.538825267,-22.647530670,-56.180048578,0.760805348,16.240568302,-61.496079922,0.889107201,-38.888098972,5.316031344,-0.128301853,39.249979519,37.109908925,-13.361999501,0.339696678,3.731356806,2.419398693,-85.275016291,0.745628324,1.386862293,-0.479488534,-6.134985197,-4.235274745,-7.251672468,37.892100471,-9.770967076,-3.046380508,0.847289767,9.295917227,-78.091211156,39.250012865,78.626709481,39.249979519,78.626709481,0
363,283,35,28,0.702127660,0.572038479,-22.760119487,-55.546035348,0.727461799,16.952098696,-60.038327559,0.905091932,-39.712218183,4.492292211,-0.177630133,39.965891893,37.062681071,-14.004905529,0.325477776,4.507569248,2.457048701,-90.288961801,-0.304394479,0.150964535,-0.439716576,-8.409856739,-5.558436751,6.438474227,35.451028874,-17.668353746,-5.322576911,-2.042798472,10.143203750,-97.039647105,39.965935462,97.271495287,39.965891893,97.271495287,0
364,294,35,29,0.581231080,0.588068995,-22.928038736,-54.911071783,0.690253907,9.067387941,-60.890591992,-0.001274098,-31.995426677,5.979520209,0.691528005,32.556722826,30.852665423,-12.994749250,0.630948402,4.856621663,2.033547769,-85.174448897,1.004481474,-0.137686702,-1.298315383,5.503223852,-4.470554980,96.352163765,-15.881252065,-27.807728805,5.870700202,10.481361106,-2.277795901,178.246555735,32.556859021,178.462190931,32.556722826,178.462190931,0
365,21,36,1,0.532928065,0.617095895,-23.013178514,-54.411283400,0.667148384,12.270350276,1.691567681,-1.560882059,-35.283528790,-56.102851081,2.228030443,66.313056203,-43.125492211,-48.438891911,0.758788538,2.083097844,4.779084391,95.091826978,1.096447665,0.918373600,-1.629055218,2.678829633,-11.621006710,-3.556468498,-39.752150622,-51.452753740,13.031939442,14.026260670,5.590064972,99.458806324,66.313277646,99.617559324,66.313056203,99.617559324,0
366,283,36,28,0.665993946,0.562833304,-23.009318242,-54.077256580,0.651752603,15.929874901,-58.944062193,1.313465610,-38.939193144,4.866805613,-0.661713007,39.247731446,36.941983877,-15.491369004,0.293831327,3.440267993,1.924918167,-96.953893003,0.409889865,-1.148608939,0.018577982,-5.170740987,-2.801152615,-15.425541439,38.997878628,-3.945247475,-1.996230421,1.425338398,7.450620195,-81.566722607,39.247731795,81.949451251,39.247731446,81.949451251,0
367,291,36,28,0.578063241,0.609902137,-23.068665276,-53.444609550,0.622353091,11.383185405,-58.813743558,2.648909871,-34.451850681,5.369134008,-2.026556780,34.926559346,32.757606509,-14.024076473,0.240574356,4.181270731,1.895951768,-93.215473678,0.121312833,-1.634672714,1.353928453,2.789166102,8.994551013,79.243575474,-5.831833539,-34.434201575,-0.375181188,8.188735921,10.426657200,-171.808256562,34.926569850,172.606247720,34.926559346,172.606247720,0
368,283,36,28,0.602490421,0.592086119,-23.160112802,-52.835663101,0.579808890,17.231767679,-59.738659279,1.371694446,-40.391880480,6.902996179,-0.791885556,40.985149112,36.782068705,-16.733385575,0.257897506,3.410996170,1.981171860,-92.679688310,-0.655778652,-0.055930053,0.028746354,-9.219042332,1.663811016,25.476349142,26.606041906,-30.917400323,-4.002889440,0.473175486,10.882347430,-118.620365283,40.985244082,118.972001963,40.985149112,118.972001963,0
369,283,36,28,0.639185257,0.598096328,-23.264555899,-52.224313529,0.559959259,17.800449589,-59.216049760,1.852261428,-41.065005488,6.991736231,-1.292302169,41.676001442,36.732369426,-17.351914795,0.256396433,3.231257788,1.813888194,-91.522289769,-1.342487297,-0.407018075,0.511066669,-5.168373460,3.913539691,3.729141666,36.823526313,-19.510563997,0.508338144,6.667093860,7.315288875,-95.154298759,41.676043541,95.966900441,41.676001442,95.966900441,0
370,283,36,28,0.614738806,0.605701304,-23.314965321,-51.617621539,0.516957934,18.123055256,-59.302655902,1.890520944,-41.438020577,7.685034363,-1.373563010,42.167001054,36.631785054,-17.953311671,0.230512532,3.393760603,2.340789910,-95.303072844,-1.634150966,-0.242350734,0.540320758,-3.874075770,8.302940905,4.034251896,36.582806919,-20.652277310,3.638666217,10.998264247,7.486468152,-98.965657100,42.167027545,100.334335448,42.167001054,100.334335448,0
371,283,36,28,0.684884714,0.576982144,-23.416117912,-51.006013687,0.487954961,17.536769660,-59.055135085,2.377318885,-40.952887572,8.049121398,-1.889363924,41.779146136,36.578958082,-18.571560631,0.219801856,3.461437072,3.118789012,-92.972062867,-1.133930533,-0.611794004,1.045554149,-2.032437463,12.043446518,-20.562567970,40.874507803,-3.846842368,7.744591155,15.557328603,1.375732176,-72.147836416,41.779208663,73.776838314,41.779146136,73.776838314,0
372,283,36,28,0.705984389,0.594332891,-23.538596641,-50.387019459,0.432645169,17.692841361,-59.076234223,1.928396088,-41.231438002,8.689214764,-1.495750919,42.163624177,36.545323683,-19.203035408,0.183437050,3.394608919,2.317963857,-90.512413639,-1.273833492,-0.566653261,0.593089010,-10.521881462,7.266033107,5.016745116,35.806994630,-22.262820811,0.088434880,9.662698332,13.475613010,-95.332987201,42.163750730,97.535647799,42.163624177,97.535647799,0
373,281,36,27,0.679040990,0.578872119,-23.610468661,-49.748564819,0.397304899,18.421182846,-59.410911225,2.503714554,-42.031651507,9.662346406,-2.106409655,43.179365768,39.168943164,-16.762755376,0.699477063,3.836972101,2.036286410,-89.140990208,-0.688640762,-0.160603349,1.145772633,4.694404702,6.872176938,-4.435266309,40.780847039,-13.059469854,5.552822528,10.231579271,-3.283596382,-84.493461236,43.179405694,84.754563669,43.179365768,84.754563669,0
374,283,36,28,0.670080468,0.582387157,-23.700978952,-49.145244794,0.363390488,16.857602364,-59.527998695,1.194259509,-40.558581316,10.382753901,-0.830869021,41.874699286,36.396554085,-20.448004114,0.150435941,2.448898128,1.797633798,-92.911098305,-0.342945764,-0.357758404,-0.135253501,-7.486528659,-2.513019919,-0.518731419,36.896936889,-19.414681007,-3.896272416,-0.388840680,9.170613283,-92.499736624,41.874750497,92.819934119,41.874699286,92.819934119,0
375,229,37,22,0.669600542,0.563333162,-23.789494983,-48.590641953,0.357054451,46.675349103,-56.211252515,0.743125038,-70.464844086,7.620610563,-0.386070587,70.876773402,70.431950282,-14.337727864,-0.201694902,1.529234004,2.173169738,-83.830733350,0.953786931,-0.329766667,-0.482494507,-3.914947637,-8.764500694,34.882543222,48.454604728,-50.615337648,-10.667044767,-8.036331446,1.389307479,-118.711159414,70.876984760,118.785841427,70.876773402,118.785841427,0
376,284,37,28,0.660426081,0.561965847,-23.901682178,-48.048722048,0.323834323,16.566343673,-59.397261975,1.592632844,-40.468025851,11.348539927,-1.268798521,42.048309412,38.157048641,-16.726087575,0.091990066,1.972720101,2.642863003,-82.799751769,-0.639604203,-0.513208129,0.242298457,-8.461428211,5.052507523,13.248646095,33.929375658,-24.823309708,-0.812609778,6.135942740,11.581965597,-95.905113501,42.048300466,97.192209519,42.048309412,97.192209519,0
377,284,37,28,0.661501788,0.561458302,-24.038424810,-47.513401273,0.304401793,16.161272933,-58.422850332,1.780159906,-40.199697743,10.909449060,-1.475758113,41.679846922,38.227761189,-17.274382045,0.087817270,1.829395807,1.836160368,-81.224719353,-0.359969687,-1.524539110,0.460795456,-1.651148511,10.222774886,5.044726066,36.531358862,-19.253052280,5.656623860,12.147571342,2.792669912,-85.999322648,41.679942369,87.016138058,41.679846922,87.016138058,0
378,234,37,23,0.660126582,0.575764752,-24.148160303,-46.931401914,0.272324609,44.393187351,-56.551699675,0.929391712,-68.541347654,9.620297761,-0.657067103,69.216314582,67.340056547,-17.165347717,0.250529542,1.023975396,1.092254202,-82.410550797,0.224743001,-0.250253146,-0.308458587,0.546734961,-1.105591292,2.309734597,66.377674185,-19.612322819,-0.534760858,-0.127250136,0.649337050,-84.743054522,69.216506744,84.744498990,69.216314582,84.744498990,0
379,232,37,22,0.649856734,0.579548501,-24.252619297,-46.333324312,0.243845199,45.626782493,-56.869072873,0.698473964,-69.879401790,10.535748561,-0.454628765,70.670640860,67.679458394,-20.977510867,0.387684600,1.060919367,1.273080700,-85.852360885,0.246401428,0.146523829,-0.559662235,-5.582702700,-13.247119859,38.631206776,38.655927769,-57.532081712,-13.789219852,-13.012231480,-1.570032669,-123.798168527,70.670812659,124.375054550,70.670640860,124.375054550,0
380,34,37,3,0.696696697,0.556070002,-24.297281504,-45.824100244,0.202273924,19.283497970,1.507904915,-0.343917972,-43.580779474,-47.332005159,0.546191896,64.342065381,-47.166616732,-43.093312769,-1.781973995,-1.127031947,4.606210078,93.777177030,0.761779606,-0.189127366,-0.367379763,-2.890815580,-0.590068576,16.627061323,-58.212641908,-27.319934675,-2.195745819,0.090964084,1.918013513,77.234306122,64.342146438,77.252878696,64.342065381,77.252878696,0
381,274,37,27,0.627304147,0.568095725,-24.378003513,-45.324341697,0.168677875,20.946216952,-59.203964560,0.736745203,-45.324220465,13.879622863,-0.568067328,47.405185286,42.517641956,-23.095176854,-0.714234839,0.556762623,1.928093049,-90.663552302,0.996320183,-0.220996403,-0.656798186,2.080046998,-2.179614992,-2.214357462,42.341411064,-21.299414833,-0.896542699,-1.676986117,-0.093653576,-88.524532868,47.405315651,88.538580355,47.405185286,88.538580355,0
382,37,37,3,0.646464646,0.588816163,-24.474929409,-44.797751526,0.134723382,20.056982002,0.979275273,-0.272321897,-44.531911411,-45.777026799,0.407045279,63.865428851,-50.805092264,-39.912299631,-0.912994565,-0.779107431,4.188811299,94.372123960,-0.304942640,-0.820497451,-0.313918139,-1.530858333,6.320681131,6.880025627,-54.420258122,-32.571942888,-7.503535283,-7.029359078,2.358499151,87.050238110,63.865475801,87.446451870,63.865428851,87.446451870,0
383,39,37,3,0.650774732,0.571132037,-24.565317684,-44.251384114,0.106769457,20.530627086,1.458878305,-0.176114351,-45.095944770,-45.710262419,0.282883808,64.211777333,-55.076203111,-35.129082266,-0.979176993,-0.421697904,4.739931042,89.109544353,-1.075039083,-0.394838504,-0.231552631,-1.253946931,6.544065329,0.143583595,-53.650579271,-34.439344707,-7.662568893,-6.951475318,3.337655704,88.433831689,64.211899847,88.901646773,64.211777333,88.901646773,0
384,276,37,27,0.629290618,0.581120786,-24.563716454,-43.852623867,0.084028418,21.090294579,-59.002646705,0.767048741,-45.654011033,15.150022838,-0.683020323,48.106947858,41.831103572,-23.486353208,0.505868525,2.228819222,2.102765524,-94.343223969,-0.311085532,-0.311813366,-0.614413951,-0.186699347,-2.171865691,-0.374582600,42.304874126,-22.896859768,-0.557918352,0.047718295,2.137219069,-94.045793770,48.106962437,94.065266629,48.106947858,94.065266629,0
385,276,38,27,0.636963696,0.562870891,-24.618078142,-43.319197002,0.052058798,20.327160240,-59.395970045,0.817122653,-44.945238382,16.076773043,-0.765063855,47.740155083,41.788308517,-24.021605367,0.491897897,2.209263300,2.571127596,-93.449031634,0.509465293,-0.061526259,-0.554103302,1.288443860,-3.423106498,-3.041072155,42.478583210,-21.764525276,-1.003847453,-1.204487007,1.253790848,-90.560429855,47.740258711,90.560371766,47.740155083,90.560371766,0
386,276,38,27,0.612921038,0.553762109,-24.689554715,-42.766327585,0.015035098,20.609324981,-59.324838009,0.672661690,-45.298879696,16.558510424,-0.657626593,48.234896516,41.758921160,-24.579242740,0.473976098,2.187107114,2.158304012,-91.088812075,0.222505616,-0.085517422,-0.704516884,0.838180416,-4.646812650,2.399901410,40.436882414,-26.239553537,-1.720688109,-2.400154996,1.032308873,-93.650514549,48.235012146,93.656869019,48.234896516,93.656869019,0
387,275,38,27,0.608953614,0.577918834,-24.780989014,-42.195403854,-0.010365681,21.714154200,-59.327982763,0.791436765,-46.495143214,17.132578909,-0.801802446,49.557708681,43.097540851,-23.837742556,0.265260614,1.648564599,2.334673990,-87.043055965,-0.295541714,0.083626124,-0.615077733,0.458727837,-2.243858783,4.191210995,41.531426836,-27.033936652,-0.529909835,-0.585976833,1.825984243,-91.324376674,49.557783953,91.330690776,49.557708681,91.330690776,0
388,33,38,3,0.672008012,0.575923265,-24.898853210,-41.625202986,-0.046554368,20.028123049,2.004365177,-0.462672908,-44.926976259,-43.629568163,0.416118539,62.627035444,-44.536457002,-41.436457176,-1.052183066,-0.188963225,4.230444250,101.444176990,2.105561494,0.352700027,-0.474238932,-0.880412307,-0.731116563,17.295512294,-56.959881217,-26.032085408,-0.251168796,0.629480240,3.428705074,84.208932498,62.627155649,84.248737004,62.627035444,84.248737004,0
389,33,38,3,0.649678377,0.541601104,-25.031643006,-41.041830583,-0.084577971,19.369970686,2.164315377,-0.362097666,-44.401613692,-43.206145959,0.277519695,61.954429739,-44.644969369,-40.848126526,-1.090840504,-0.020284574,5.105652999,103.604467613,1.452559469,0.538730439,-0.385666815,-1.165807340,1.910315338,16.233724597,-55.775050480,-26.792046194,-3.111653234,-1.878893531,3.850734908,87.206161524,61.954437946,87.353226829,61.954429739,87.353226829,0
390,277,38,27,0.664543524,0.565023586,-25.068050379,-40.576068771,-0.122032276,20.687473724,-59.487302134,0.882861876,-45.755524102,18.911233363,-1.004894152,49.519819724,41.496494223,-26.210549380,0.384926342,2.531776446,2.210499216,-90.018345896,-0.435464654,0.116550587,-0.513504272,-0.113290071,-6.555398100,1.100761152,41.250275612,-27.120238971,-3.889508028,-4.029285768,2.181534196,-91.364307998,49.519903803,91.377115522,49.519819724,91.377115522,0
391,278,38,27,0.632776935,0.579244455,-25.146790865,-39.969974903,-0.145232913,20.234914021,-59.378122317,1.051099319,-45.381704886,19.408147415,-1.196332232,49.372123058,40.099993886,-27.951393151,0.747080477,2.415269685,1.522324764,-91.123985555,-0.607273279,-0.034925922,-0.346442579,-0.369658677,-8.666093800,-2.533829661,41.588159367,-26.055324606,-5.400701904,-6.244560277,2.086890975,-88.835381466,49.372284948,88.914811809,49.372123058,88.914811809,0
392,279,38,27,0.641847314,0.587867290,-25.235874399,-39.367507857,-0.178459976,19.876964975,-58.920084321,1.069000675,-45.112839374,19.552576464,-1.247460651,49.183611913,41.034643887,-26.200960933,0.045961020,0.856459963,1.486970149,-87.140270314,-0.930676250,-0.552838532,-0.290794048,-2.584882968,-7.524973221,-0.974504682,42.074607511,-24.670117780,-6.337199597,-6.492937390,4.555693701,-86.383786981,49.183812452,86.418179380,49.183611913,86.418179380,0
393,279,38,27,0.627432368,0.567590098,-25.313769198,-38.748754829,-0.208936793,18.939663640,-59.478256788,1.043778648,-44.253432837,20.729501959,-1.252715442,48.884024643,41.026088185,-26.825244114,0.038957051,0.815943004,1.387383838,-88.479263976,0.075464717,-0.131285642,-0.317250838,0.550101579,-6.700504756,-0.266722621,40.835549075,-26.544482479,-4.184117718,-5.899349977,1.036558265,-88.386947914,48.884133003,88.494603139,48.884024643,88.494603139,0
394,279,38,27,0.637092732,0.574896607,-25.328126435,-38.119179136,-0.255518993,18.955788702,-59.419732832,1.199790914,-44.283915137,21.300553696,-1.455309907,49.161943153,40.953349580,-27.452042516,0.014989482,0.623713897,2.528563255,-92.816905799,0.049068546,-0.181069640,-0.159612981,-0.209483913,-4.476331390,-0.148865498,40.863739796,-27.153443360,-3.123190447,-3.861830627,2.521911561,-92.857587196,49.162069067,92.861030496,49.161943153,92.861030496,0
395,290,39,28,0.669868554,0.592953987,-25.383599642,-37.492489775,-0.292132629,17.332097058,-60.166463696,1.352839874,-42.715696700,22.673973920,-1.644972504,48.388488015,32.024870029,-30.684512433,-0.595026084,0.625050806,3.147928236,-95.658684444,-4.624975899,0.905463855,-0.040081063,-5.487193956,5.837691277,1.749109386,35.540154923,-32.838331685,-0.064629229,5.745546473,9.328580125,-97.130213342,48.388664134,98.055650691,48.388488015,98.055650691,0
396,279,39,27,0.630761523,0.537770940,-25.454756870,-36.851349554,-0.331078244,19.942821855,-59.377964115,1.049844997,-45.397578725,22.526614560,-1.380923241,50.698081489,40.903358811,-28.727129739,-0.013114138,1.686204985,2.225684897,-88.741046691,-0.931868103,-0.091305145,-0.327447647,-0.829407410,-3.871745827,-3.531093700,43.441463326,-25.964180209,-3.001165685,-2.108802235,3.370426445,-85.367237750,50.698189171,85.380056252,50.698081489,85.380056252,0
397,279,39,27,0.615577889,0.550401434,-25.563637357,-36.216231381,-0.366828939,19.156467836,-59.151658682,1.352679604,-44.720105192,22.935427301,-1.719508543,50.287954259,40.923282959,-29.372101350,-0.024196293,1.154767561,1.907107000,-86.551256220,-0.189188450,-0.412776170,-0.001320519,-0.485226973,-2.619553726,1.594662277,40.247575980,-30.075401133,-2.119051156,-1.450012012,2.474834375,-88.234422856,50.288045333,88.240216087,50.287954259,88.240216087,0
398,33,39,3,0.624501992,0.556118432,-25.672229359,-35.576141220,-0.406693717,18.399942907,2.646361531,-0.227140826,-44.072172265,-38.222502751,-0.179552891,58.338223524,-45.059346416,-35.360328492,-1.407438109,-0.855258701,4.894913143,99.794664591,0.500264095,1.059048120,-0.267604259,1.040240435,1.075015109,17.389654572,-54.330993021,-21.174227384,-1.775436883,-2.064343222,5.782869570,82.302264836,58.338296890,82.594198540,58.338223524,82.594198540,0
399,279,39,27,0.651892430,0.563432382,-25.679499050,-35.075750222,-0.442907063,20.215172272,-58.749373607,1.036452948,-45.894671322,23.673623384,-1.479360012,51.661879621,40.880363815,-30.519688040,-0.057540325,0.830079958,3.121500244,-91.959126134,-1.288840718,-0.676145665,-0.323948883,-2.766904076,-5.381246338,2.562999576,40.637706619,-31.490683943,-5.086442678,-4.772472856,5.441346970,-94.810750245,51.661961573,94.794371743,51.661879621,94.794371743,0
400,279,39,27,0.661794355,0.556563032,-25.703734464,-34.564663230,-0.481465226,20.794162736,-58.646588080,1.182016989,-46.497897200,24.081924850,-1.663482216,52.390464033,40.833782215,-31.030291728,-0.077490988,0.843500829,3.647640063,-93.162781822,-1.878569843,-0.692133178,-0.186298347,-2.982413558,-1.965150925,-1.895951372,43.670785453,-28.797028136,-2.891732416,-1.197890428,6.583583702,-91.397773357,52.390537770,91.519572891,52.390464033,91.519572891,0
401,279,39,27,0.631370609,0.567532639,-25.758199780,-33.909469029,-0.522811620,19.445690208,-59.007271102,1.231857034,-45.203889988,25.097802074,-1.754668654,51.733646702,40.797114175,-31.687802667,-0.094527905,0.878414304,2.430798982,-90.999818373,-0.493894060,-0.520158394,-0.122642389,-2.181377781,-3.641855867,4.214814803,38.811842094,-34.000349942,-3.738995095,-2.954978701,4.266985920,-95.369314191,51.733576787,95.366201323,51.733646702,95.366201323,0
402,279,39,27,0.628959276,0.556666960,-25.755687514,-33.397478998,-0.546587954,18.758213100,-59.533836148,1.432585246,-44.513900614,26.136357150,-1.979173200,51.657658091,40.723706145,-32.195034811,-0.100205106,1.263109857,1.785772192,-93.624145177,0.257175196,-0.086724922,0.072851172,-4.145897142,-1.774368576,-0.130901782,40.515020720,-31.828762918,-3.739112637,-0.766287369,5.814751295,-93.563620632,51.657700453,93.665713197,51.657658091,93.665713197,0
403,290,39,28,0.654021244,0.556993293,-25.736074277,-32.886268018,-0.578988224,16.778136426,-59.647524977,1.297379298,-42.514210703,26.761256958,-1.876367522,50.270704598,31.351182654,-35.260990090,-0.755652818,0.759786501,2.661375237,-101.580588012,-4.199247969,0.275581518,-0.075431058,-4.139904474,-0.891110209,-2.929048472,37.304898274,-33.494742733,-3.688230351,-0.751293189,6.619175720,-98.741678168,50.270829207,98.864437012,50.270704598,98.864437012,0
404,279,39,27,0.648827727,0.539107816,-25.716961541,-32.371913280,-0.616444880,20.559833300,-58.884663861,1.200897622,-46.276794841,26.512750581,-1.817342502,53.364505225,40.543626112,-33.207241743,-0.134454785,1.144599721,2.594411636,-97.472058255,-1.613683515,-0.488282255,-0.171236003,-2.079276774,-3.415726172,-5.887581918,45.213056723,-28.106949552,-3.683964689,-2.336247442,4.573730680,-91.740168130,53.364714064,91.758723304,53.364505225,91.758723304,0
405,279,40,27,0.670737913,0.540552479,-25.721144029,-31.849053650,-0.651697687,20.151812226,-58.776571875,1.194867212,-45.872956255,26.927518225,-1.846564899,53.224328603,40.475501866,-33.726592368,-0.151081936,1.018503080,2.549737805,-95.688061653,-1.224636921,-0.652019414,-0.165376765,-4.799926754,-1.191303280,-5.364279040,44.600328782,-28.853053944,-3.339216493,-0.205730570,7.342316243,-90.379499016,53.224415602,90.599878611,53.224328603,90.599878611,0
406,233,40,23,0.668150346,0.599875565,-25.740539027,-31.322011958,-0.686704688,43.445506400,-58.474915032,1.829091135,-69.186045427,27.152903074,-2.515795824,74.366109592,67.774337128,-33.053058812,0.881010952,1.569792480,2.021433592,-92.213431668,1.963487059,1.575489040,0.543456756,8.590891004,-3.163873749,-2.014204514,66.904022539,-32.433813339,1.501581660,-1.549348726,-6.583434830,-90.312404778,74.366358167,90.599500290,74.366109592,90.599500290,0
407,280,40,27,0.644216691,0.566269401,-25.761081311,-30.800001864,-0.723295838,19.576675693,-58.807649345,1.186402818,-45.337757003,28.007647481,-1.909698657,53.325298653,40.022619006,-34.425693317,0.386905945,2.849834088,2.120136799,-92.664844308,-1.261265370,-0.678039434,-0.182501368,-3.000764180,-5.858353279,-4.059724171,43.400052512,-30.494943162,-5.484575677,-2.949737418,5.251554314,-88.824828745,53.325291250,88.851182535,53.325298653,88.851182535,0
408,280,40,27,0.633470226,0.567368983,-25.755914631,-30.275156583,-0.748718813,19.684592302,-58.784144730,1.085142822,-45.440506933,28.508988147,-1.833861635,53.674622719,39.949023085,-34.945935927,0.378729242,2.373382860,1.737455991,-94.909199211,-1.368303912,-0.690994502,-0.286554071,-0.474983229,-6.252552524,-7.894951754,45.432010265,-28.218391117,-4.542469478,-3.851614297,2.526602438,-87.220119183,53.674753683,87.232466320,53.674622719,87.232466320,0
409,282,40,27,0.689490446,0.541708405,-25.732716929,-29.749662423,-0.787359853,19.116761905,-59.868509555,1.375413693,-44.849478834,30.118847132,-2.162773547,54.067534562,35.761847649,-38.392540808,-0.282042770,1.171204514,2.362232329,-101.538008570,-1.860661940,0.437512743,-0.013701476,-1.709550914,-4.464336672,3.455264176,35.086255352,-40.919102063,-4.231117487,-3.588410224,2.851924931,-105.143231053,54.067740691,105.124356160,54.067534562,105.124356160,0
410,40,40,3,0.661061482,0.542977232,-25.734735694,-29.216418011,-0.826469569,20.098260172,1.948028444,-0.115152364,-45.832995866,-31.164446455,-0.711317205,55.429163850,-54.180668181,-18.213312916,-2.496609645,-0.925313095,4.096799062,76.979044103,-1.963383821,0.237681854,-0.192654122,-1.642216221,1.932648817,-8.330146176,-48.887826714,-25.697389742,-4.693313573,-2.717784362,2.300050566,85.181447736,55.429257912,85.296064641,55.429163850,85.296064641,0
411,40,40,3,0.655299056,0.556119035,-25.764284051,-28.715098849,-0.850364855,19.882269181,1.315427428,-0.186362205,-45.646553232,-30.030526277,-0.664002650,54.643217603,-54.080888670,-17.720916160,-2.515437178,-0.906713452,2.992076366,79.525981659,-2.331182077,-0.318659560,-0.277008542,-3.196625353,-1.219011863,-4.356986172,-50.314535227,-21.185186349,-2.353305250,0.644032345,-0.057562117,83.956694453,54.643413339,83.959149665,54.643217603,83.959149665,0
412,290,40,28,0.688605108,0.562695997,-25.830660783,-28.029793796,-0.885469950,16.837846393,-59.580993909,1.128415163,-42.668507176,31.551200113,-2.013885113,53.104947665,30.370745195,-40.024999763,-0.932213735,1.702700304,2.919343707,-94.673533630,-4.271301348,0.219122775,-0.243244237,-4.724894301,2.121526907,-2.291049897,36.223896130,-38.749102089,-2.548126938,3.636321517,7.726721067,-92.290445251,53.105145838,92.839657103,53.104947665,92.839657103,0
413,290,40,28,0.655104063,0.555708449,-25.914775044,-27.496053959,-0.919360754,16.022831951,-59.557356206,1.244685938,-41.937606996,32.061302247,-2.164046693,52.833446607,30.334885116,-40.564873621,-0.950982897,2.114293611,2.340431816,-93.340322580,-3.482333578,0.019278464,-0.117076555,-4.810644251,-3.821544870,-7.806378304,38.873959101,-35.201519243,-6.407131183,-1.336288085,7.429635328,-85.667574429,52.833540324,85.848950158,52.833446607,85.848950158,0
414,290,40,28,0.685556670,0.552824078,-26.015562081,-26.975789639,-0.947002698,15.777703873,-59.806482035,1.091943287,-41.793265953,32.830692396,-2.038945985,53.185418518,30.318232387,-41.095117651,-0.963672308,2.115161450,2.096921429,-90.562653306,-3.187364634,0.203640803,-0.273555374,-2.992188480,-4.084370064,-7.658841317,38.563426815,-36.235501863,-5.344398026,-1.579478910,5.566137884,-83.044181869,53.185637847,83.132392458,53.185418518,83.132392458,0
415,279,41,27,0.679597701,0.569908072,-26.128184741,-26.474095566,-0.984377783,18.682133949,-59.845690439,0.930510712,-44.810318690,33.371594872,-1.914888495,55.904336177,40.135216248,-39.114798946,-0.285127275,2.759233495,2.100217801,-83.686431085,0.383263506,0.192370618,-0.438350737,1.490407888,-7.294430607,0.330765626,39.223998196,-39.649224664,-3.836413623,-4.651491679,1.358542106,-84.336165695,55.904392675,84.394112841,55.904336177,84.394112841,0
416,290,41,28,0.686052496,0.565002913,-26.214093922,-25.774896190,-1.023326182,14.541787666,-59.878972620,1.119714704,-40.755881588,34.104076431,-2.143040886,53.185736222,30.246597111,-42.311864656,-1.005866580,1.921556294,2.912382279,-93.208713756,-1.966195773,0.001987611,-0.233585279,-5.256573289,-4.241085173,-6.123706714,36.385716445,-38.155489037,-6.997716722,-2.071157835,8.370643702,-87.283333814,53.185803973,87.472094473,53.185736222,87.472094473,0
417,290,41,28,0.681266491,0.570254152,-26.274813507,-25.251895196,-1.045264775,14.846191518,-60.279358845,1.040525961,-41.121005025,35.027463650,-2.085790736,54.057476698,30.190234579,-42.835760731,-1.013240618,1.174368523,2.509664018,-93.813332827,-2.174065671,0.457329953,-0.326833058,-3.526882199,-8.309118847,-16.660976820,42.863174524,-31.707899350,-8.921217972,-6.186997455,7.770643660,-77.557245492,54.057661266,77.673377802,54.057476698,77.673377802,0
418,290,41,28,0.713633771,0.528682685,-26.345876595,-24.729494375,-1.084297377,15.054221919,-59.954390820,1.065903215,-41.400098514,35.224896445,-2.150200592,54.400228392,30.144182345,-43.361842452,-1.037599182,1.600174260,3.442914856,-92.545040394,-2.448959804,0.187219828,-0.295232339,-2.004152925,0.643894592,-17.376611869,44.117230206,-31.799519414,-1.359577554,2.739930183,5.214868442,-75.093646618,54.400256314,75.414570277,54.400228392,75.414570277,0
419,290,41,28,0.666845206,0.540310245,-26.361201581,-24.211652674,-1.108866776,14.368384331,-60.078171661,1.210090104,-40.729585912,35.866518987,-2.318956879,54.320198029,30.044705666,-43.870752368,-1.048258708,0.915793461,2.151372584,-97.115134745,-1.753504056,0.160426170,-0.146544232,-3.875195392,-2.663877510,-20.846205731,45.294707243,-29.561476018,-5.019476302,-0.757095159,6.547037900,-76.305748212,54.320221933,76.503493249,54.320198029,76.503493249,0
420,290,41,28,0.651538863,0.563789135,-26.374376483,-23.672634438,-1.136461905,14.843575843,-59.785714769,0.903715135,-41.217952327,36.113080331,-2.040177040,54.838275751,29.938463744,-44.399917304,-1.061406045,1.147034170,1.952786845,-98.881498337,-2.279990103,-0.028366949,-0.450473875,1.548009450,-10.775508751,-16.939653922,42.863262253,-33.284178192,-7.883264793,-9.743699004,1.886213511,-82.453730406,54.838322665,82.783103471,54.838275751,82.783103471,0
421,290,41,28,0.637673700,0.575780035,-26.413786535,-23.143776350,-1.169004952,14.011935098,-58.823301425,0.722531448,-40.425721633,35.679525074,-1.891536401,53.952251010,29.860080353,-44.925115237,-1.079468541,1.300795004,2.957934215,-97.133584433,-1.680901177,-1.155506163,-0.596566150,0.282051567,-11.160201063,-9.428748468,37.467794089,-38.049611491,-7.696882609,-9.877957821,3.064276270,-88.321465055,53.952298658,88.537583373,53.952251010,88.537583373,0
422,290,41,28,0.609989909,0.575011174,-26.466558240,-22.604497704,-1.203658723,14.161976236,-59.242213128,0.610998782,-40.628534476,36.637715423,-1.814657505,54.738405046,29.792433438,-45.463484337,-1.099211927,1.497434565,2.999509425,-95.652918394,-1.733965605,-0.717132441,-0.720870374,3.279439107,-11.522033676,-10.667674671,38.397928135,-38.544597041,-6.018526892,-10.254117517,0.669686434,-85.693804503,54.738555992,86.129490305,54.738405046,86.129490305,0
423,290,41,28,0.619978858,0.541048478,-26.534581011,-22.069158881,-1.237526016,13.660556879,-60.038624003,1.087764077,-40.195137890,37.969465122,-2.325290093,55.341994594,29.740526911,-46.001360466,-1.118099199,1.136298588,2.548230592,-93.904486971,-1.071323565,-0.038012582,-0.259677851,-0.431649689,-2.831185709,-19.247483002,44.145249532,-33.213346487,-3.292954799,-1.484994761,3.710733205,-74.789453251,55.342325506,74.832696992,55.341994594,74.832696992,0
425,234,42,23,0.618324902,0.586116372,-26.724118613,-21.010665414,-1.315843629,44.284687700,-58.040831471,1.395085108,-71.008806314,37.030166057,-2.710928737,80.130099881,67.130978973,-43.255287650,-0.309596497,1.456729184,3.091322128,-83.590663099,0.488694539,1.235949835,0.101036592,10.091418717,-7.867123207,-2.884042310,68.092808870,-42.167622491,-2.473010269,-7.870387933,-5.643819313,-81.193504745,80.130236404,82.053990760,80.130099881,82.053990760,0
432,234,42,23,0.589773388,0.597998932,-27.151130008,-17.318480586,-1.556493508,44.582199850,-57.049564685,1.110297182,-71.733329858,39.731084099,-2.666790690,82.044752597,67.161054474,-46.978571212,-0.403057030,1.053207182,2.460349942,-87.021370771,0.088807209,0.271726181,-0.149144039,10.604265566,-6.302436989,-1.685053038,67.991433704,-45.913683313,0.696443855,-6.046543710,-7.616472985,-85.600792927,82.045026703,86.444035352,82.044752597,86.444035352,0
434,382,42,37,0.764319809,0.566195538,-27.307382471,-16.258036949,-1.626641301,-24.629411684,-45.159712265,-0.172963514,-2.677970786,28.901675317,-1.453677787,29.061857180,28.529544208,-3.419417957,0.114857282,0.022979849,1.318843239,-2.279842058,-0.299382115,0.225648689,-0.330158439,5.413231431,-9.088909202,3.216412261,28.290569335,-5.617854744,-3.561022760,-6.325708800,9.793067659,-6.543802679,29.061959471,13.092759525,29.061857180,13.092759525,0
435,282,43,27,0.658914729,0.576467016,-27.329787929,-15.728791596,-1.663689154,18.239498915,-59.318729671,0.214283274,-45.569286844,43.589938075,-1.877972427,63.088583637,34.416640462,-52.462205194,-0.654022950,1.059864086,2.483197105,-95.840136289,-1.102984802,-0.324971588,-1.138252552,9.899819722,-13.329942980,-16.257481132,47.495197188,-41.360651453,-3.700074725,-13.738775640,-4.954938118,-80.420673118,63.088729560,82.097619399,63.088583637,82.097619399,0
437,282,43,27,0.604143948,0.573529930,-27.376160120,-14.677185001,-1.738263253,17.359929319,-59.596289214,0.148510171,-44.736089439,44.919104213,-1.886773424,63.423998104,34.244053374,-53.502562985,-0.692199776,1.187974720,2.393052146,-96.134107322,-0.184178032,-0.238630603,-1.196109519,13.300764756,-13.202370250,-20.251106296,49.510634052,-39.586771957,-2.044552674,-14.712131879,-7.423174279,-76.724246172,63.423935497,79.134824789,63.423998104,79.134824789,0
438,279,43,27,0.572668113,0.581461881,-27.413513404,-14.151847043,-1.775829598,21.883306814,-58.970404573,0.943358110,-49.296820218,44.818557529,-2.719187708,66.680383655,39.704231846,-51.517307626,-0.614224995,1.062917545,3.011224477,-91.124291258,-2.908424798,-0.229779231,-0.457734535,0.650527194,1.089306933,-6.134262423,47.843691793,-46.428963936,1.280434011,2.091994582,2.267549274,-84.936452780,66.680634729,85.023374839,66.680383655,85.023374839,0
439,384,43,38,0.800445931,0.506144000,-27.437678034,-13.617339685,-1.820441211,-25.288052733,-43.387563009,-0.082456927,-2.149625301,29.770223324,-1.737984284,29.898288832,30.428643104,-0.315756133,0.238843390,-0.491551164,0.824093773,-0.538598527,0.548963201,0.669742426,-0.136917868,0.388922120,-1.132482287,4.058928775,29.736733514,-3.099373658,-0.190965118,-0.970240533,1.921684554,-4.612859746,29.898426461,5.075438501,29.898288832,5.075438501,0
440,279,43,27,0.526528258,0.583522536,-27.481224421,-13.080228617,-1.852091138,20.255778212,-61.351104738,1.071504397,-47.737002633,48.270876121,-2.923595535,67.951794036,39.623224313,-52.590080484,-0.651141507,1.170500327,2.211487091,-91.073804332,-0.967401683,1.905560423,-0.381853507,-4.396524333,-6.000643865,37.961181822,-1.538827237,-67.726373136,-5.316536672,-6.259229567,1.843502878,-129.067672963,67.952153532,129.055449199,67.951794036,129.055449199,0
443,382,43,37,0.768584357,0.527527172,-27.563243565,-11.507362083,-1.972888323,-24.396072186,-45.156134451,-0.020857717,-3.167171379,33.648772368,-1.952030606,33.853822235,33.235308427,-4.199709579,0.080336540,-0.202088398,1.614653652,-5.186626611,-0.356166718,-0.001272621,-0.178901956,3.045621934,-1.834423149,3.367614493,33.278143603,-6.198512282,-0.477796099,-3.491063233,2.970479086,-8.734517315,33.853872530,9.781593944,33.853822235,9.781593944,0
444,234,43,23,0.590493601,0.597269233,-27.605332875,-10.981233907,-2.012003603,42.320138547,-57.039778242,0.583693214,-69.925471422,46.058544335,-2.595696816,83.771705855,66.935925599,-53.341058933,-0.609338788,0.657309389,3.187404890,-88.734001016,2.340963436,-0.000753857,-0.647015317,2.975020375,-17.528395650,10.529444395,51.275080229,-64.998280921,-12.799226250,-16.129288362,-2.667344142,-99.799044261,83.771896050,101.146763356,83.771705855,101.146763356,0
445,234,44,23,0.630039012,0.589447248,-27.539966480,-10.620583466,-2.038502547,43.573734079,-57.598793684,1.312265988,-71.113700560,46.978210218,-3.350768535,85.295593628,66.832433700,-53.693411685,-0.622779964,0.511308679,3.227112417,-97.791443096,1.148730460,0.717476799,0.044029953,9.394080030,-10.664052165,5.454205495,59.051221674,-61.523226194,-1.779841269,-7.642384681,-8.384446203,-103.755019338,85.295497991,104.749806657,85.295593628,104.749806657,0
446,38,44,3,0.553724054,0.593120432,-27.508117892,-10.090574550,-2.082399856,19.476038458,1.165530056,-0.939081519,-46.984156350,-11.256104606,-1.143318336,48.327197474,-49.614242998,-3.279338533,-3.245394761,-1.625124599,4.148773067,77.742279143,-1.418506073,-0.508536756,-1.006731011,5.166425053,-3.628756617,-3.718751199,-47.960323436,-5.795066864,1.325637433,1.223006889,9.791329554,81.643365295,48.327349800,82.029833837,48.327197474,82.029833837,0
447,392,44,38,0.788075178,0.522166693,-27.513383596,-9.566195398,-2.114949054,-25.046260475,-41.814214532,-0.176499672,-2.467123120,32.248019134,-1.938449382,32.400293526,29.762499584,-3.353912784,-0.012244396,0.513258314,0.841478200,-9.022130255,-2.433898544,0.272432842,-0.155721101,-0.901273058,-1.638434158,-2.299874424,32.306992746,-2.318846872,-0.817143937,1.217321153,2.573923255,-6.688392094,32.400409802,7.293690033,32.400293526,7.293690033,0
449,46,44,4,0.535279805,0.602024857,-27.370318636,-8.532695821,-2.174034717,21.091163291,1.393058890,-0.858078565,-48.461481926,-9.925754710,-1.315956152,49.485023771,-53.239152152,-5.682040864,-4.014562063,-1.845878876,4.145437781,76.347896612,-4.106929774,-0.620298747,-0.986184838,4.242309107,-1.672885890,-8.430159630,-47.927476502,-12.297293407,-0.722223367,-0.556135827,8.521287967,84.858464787,49.485230479,85.247155180,49.485023771,85.247155180,0
450,398,44,39,0.792418773,0.521836767,-27.275613902,-8.025345902,-2.201825982,-25.629229753,-37.014995478,-0.350872780,-1.646384149,28.989649576,-1.850953201,29.095298436,27.322244803,-4.248492143,0.533777039,1.422567497,-0.277606119,-20.527124803,-1.415141333,0.261535798,-0.065119528,0.850413548,0.325737738,-16.602429913,28.824210186,3.900060862,0.704969783,0.596406930,-0.660707372,-3.915390162,29.095404276,4.011956107,29.095298436,4.011956107,0
451,47,44,4,0.619389587,0.589585090,-27.172298851,-7.522866895,-2.219409759,21.713388226,1.586277512,-0.425645629,-48.885687077,-9.109144407,-1.793764130,49.759466462,-53.726148670,-2.109006373,-3.603682971,-1.644896502,3.173755660,72.870504318,-4.094498569,-0.330967640,-0.514607208,2.866628810,1.206336561,-17.007555058,-46.865817000,-16.401130569,-3.260512447,-2.862590097,6.037085580,89.810438592,49.759751089,90.156175878,49.759466462,90.156175878,0
452,286,44,28,0.641498216,0.602409515,-27.022508730,-7.012939105,-2.246855839,16.894089087,-59.206215627,1.242602927,-43.916597817,52.193276522,-3.489458766,68.300673499,39.264501914,-55.195029061,-1.133138470,0.816401958,2.445426106,-105.377293174,-1.848214485,-0.663654188,-0.105663295,-6.570845089,4.508954347,5.816093527,35.346464235,-58.234063072,-4.939612075,2.647415448,10.198563207,-111.250264892,68.300647166,111.815593073,68.300673499,111.815593073,0
453,286,44,28,0.617647059,0.608817806,-26.802899272,-6.532004843,-2.284135311,16.246190496,-59.631928048,1.380294909,-43.049089768,53.099923206,-3.664430220,68.456219755,39.020083745,-55.664675997,-1.157782983,0.952170393,2.312813818,-112.437582021,-1.180546004,-0.268312132,0.028075965,-5.570048896,5.191699279,-0.655162726,40.771417640,-54.917740478,-2.830046300,3.718433454,9.407306047,-111.752144391,68.456379379,112.358308025,68.456219755,112.358308025,0
454,279,44,27,0.602332362,0.585264504,-26.618591085,-6.042782841,-2.294087902,17.637743917,-61.371542391,1.282227121,-44.256335002,55.328759550,-3.576315023,70.941418440,37.795946353,-59.451735904,-0.860618529,1.198736382,1.636960424,-117.191525454,1.624622196,1.570982247,-0.120329153,8.947433935,-7.070226638,-10.058589614,45.830539632,-54.113267113,2.010305714,-2.887181329,-8.995977562,-107.423356396,70.941704023,107.934903118,70.941418440,107.934903118,0
455,412,45,40,0.761445783,0.515704751,-26.379765113,-5.555190840,-2.327890816,-25.123518890,-26.050117950,-1.247437592,-1.256246223,20.494927110,-1.080453224,20.561798826,22.373191783,-2.605306588,0.377542817,0.566753169,-0.771690781,-30.437048279,1.883449937,-0.982688021,-0.192684391,-2.046829566,-0.138467267,43.443230825,13.762282397,-15.277073077,-0.008651839,1.002106729,1.233028802,-73.876074146,20.561844602,73.901614691,20.561798826,73.901614691,0
456,410,45,40,0.743113772,0.499241057,-26.155783842,-5.251498066,-2.358217472,-23.493119557,-31.472738682,-0.700258624,-2.662664285,26.221240617,-1.657958848,26.408181840,24.010746185,-0.352330164,0.448165410,1.783996919,-0.295067998,-30.923905596,-2.330408078,-2.167769661,-0.041568839,0.453030932,-2.787736111,-8.254347014,25.800920391,5.572203413,-0.810100002,0.290859533,2.102407946,-22.703975376,26.408203383,22.807058562,26.408181840,22.807058562,0
457,397,45,39,0.675946548,0.545772785,-25.922395723,-4.993809097,-2.358280768,-24.520795846,-34.876856826,-0.542730557,-1.401599877,29.883047729,-1.815550211,29.970940031,30.741354640,-5.816705396,0.263238546,2.457939790,0.064310068,-46.344073349,1.116648306,-1.287673569,-0.085891424,2.092902988,1.898045183,-42.305351152,24.932821995,16.622300877,0.568912352,0.502718432,-1.975252782,-3.971344819,29.971155472,4.455994514,29.970940031,4.455994514,0
458,281,45,27,0.629588432,0.559159963,-25.640610172,-4.753739004,-2.368413193,18.923438426,-58.916688154,1.142966912,-44.564048598,54.162949150,-3.511380105,70.227553555,33.699171474,-61.537767064,-0.559469817,1.653669307,2.733245841,-141.365204597,-1.230685103,-0.614085502,-0.213893916,0.410397185,0.402826430,10.586235578,23.144710601,-66.303572858,0.292049716,2.205975146,2.895628746,-151.922837302,70.227677561,151.992952834,70.227553555,151.992952834,0
459,395,45,39,0.797674419,0.536613626,-25.230871992,-4.399038098,-2.383562824,-25.232341578,-34.621272013,-0.956282824,0.001469586,30.222233915,-1.427280000,30.255917655,32.882503175,-4.231834690,0.637581424,2.664758662,-0.471943120,-52.746146201,2.875804453,-0.505470816,-0.426748081,2.854467898,-3.119479657,30.856874994,23.870759400,-18.577915875,0.691025875,-0.754404402,-2.960490322,-83.578305302,30.256067645,83.643560158,30.255917655,83.643560158,0
460,34,45,3,0.822485207,0.509554895,-24.870106664,-4.039403290,-2.382931546,19.547389114,1.888727289,-0.118830644,-44.417495778,-5.928130579,-2.264100901,44.868505839,-43.614682736,-1.438020961,-4.060733471,-2.519549834,-0.261568230,41.255808554,1.052599885,0.163476044,-0.129844667,0.925370226,-0.032282032,38.387960852,-36.008062076,26.415782567,-4.337793175,-3.442162343,-0.182999093,2.871180555,44.868592053,4.482356350,44.868505839,4.482356350,0
461,394,45,39,0.815522388,0.529271037,-24.388341676,-3.745781105,-2.389791179,-24.878910655,-36.914681942,-0.210484256,0.490568979,33.168900836,-2.179306923,33.244037349,34.213653179,-4.001349025,0.619634914,2.995268600,-0.119929554,-57.006782130,1.152225558,-0.555493714,0.135791872,-0.139085830,2.299984885,23.222512918,28.981407798,-16.206859553,1.608895032,5.285540494,-0.372964328,-80.241926190,33.244139901,80.370084330,33.244037349,80.370084330,0
462,394,45,39,0.829207921,0.526388930,-24.068401402,-3.579870774,-2.391864625,-24.861573061,-36.960590017,-0.182732979,0.793171659,33.380719244,-2.209131647,33.463140933,34.350123814,-4.334841308,0.626774898,3.441669958,-0.751478300,-63.485179038,1.102860980,-0.568807534,0.159543876,0.028705967,1.729737970,17.657186463,30.510584450,-13.672396652,1.395643457,5.146607654,-1.045743729,-81.168660044,33.463084352,81.261948202,33.463140933,81.261948202,0
463,392,45,38,0.829624921,0.537055170,-23.627483598,-3.289613030,-2.401233238,-25.015698759,-37.588707347,-0.367695935,1.388215161,34.299094317,-2.033537303,34.387356488,35.205763490,-8.348195525,0.063132014,2.227731070,-0.259703851,-66.006048894,1.714555933,-0.550154049,-0.077764323,-0.776491592,-2.480555011,34.655849688,23.099459561,-25.445350649,-1.204561785,-0.353497845,0.044824846,-100.640235290,34.387524929,100.640832393,34.387356488,100.640832393,0
464,383,45,38,0.782360406,0.521443398,-23.134974422,-3.014750761,-2.407991829,-23.986821327,-42.293004986,-0.190273869,0.851846905,39.278254224,-2.217717960,39.350033939,40.137788549,-9.865281457,0.681167078,3.049969206,-0.275450852,-69.692532195,1.814958383,-0.971210784,-0.144281880,0.936783253,0.713502026,-7.865815995,39.166164267,-3.543903738,1.371414293,3.236683258,-1.438057477,-61.823734538,39.350075658,61.874479489,39.350033939,61.874479489,0
465,417,46,41,0.844678218,0.511388733,-22.657057165,-2.802626283,-2.407022056,-26.617880973,-25.382839452,-1.071507639,3.960823808,22.580213169,-1.335514416,22.963835715,21.656491175,-7.058828035,0.285578881,2.199623742,-1.013924011,-71.037460828,-0.073970314,0.358794145,-0.036407779,-1.038243783,2.869763819,16.445349967,18.701926546,-13.286729731,1.019301684,5.111778454,-0.101351364,-87.537167755,22.963845919,87.651629405,22.963835715,87.651629405,0
466,34,46,3,0.705035971,0.559700817,-22.173835216,-2.566650425,-2.409810455,18.971688183,1.611829593,0.080682674,-41.145523400,-4.178480018,-2.490493129,41.432069066,-40.789928879,-0.232423344,-3.977647806,-1.947107080,-0.973027780,22.412242966,0.445895021,-0.057375120,0.046346795,-0.448373549,7.583344002,8.405856560,-39.930467248,5.928072901,-9.329457863,-3.357467668,-8.438564963,14.092634258,41.432149920,16.543251146,41.432069066,16.543251146,0
467,383,46,38,0.809928152,0.512846850,-21.666156541,-2.370066423,-2.412562902,-25.294082904,-43.014602575,-0.067337410,3.627926362,40.644536152,-2.345225492,40.873466348,40.466224606,-11.434684495,0.727735499,2.471273353,-0.916565836,-76.739019287,1.369422535,0.457753292,-0.078640724,0.803025005,0.961403453,-4.268799351,39.854508933,-8.927687432,1.600571595,3.146465182,-1.971753316,-72.480461456,40.873552753,72.508370072,40.873466348,72.508370072,0
468,37,46,3,0.837056505,0.492838853,-21.200198738,-2.145054174,-2.405665692,18.650680136,3.237501104,0.378472048,-39.850878874,-5.382555278,-2.784137740,40.309004842,-41.526367754,1.844570967,-3.501248488,-2.367597913,-0.172939834,18.616382638,-1.397012477,1.616600734,0.293319467,4.957628594,8.765539023,19.424129838,-36.750167258,12.688056093,-10.642327405,-7.261694692,-8.974550463,-0.035771471,40.309064657,11.541632567,40.309004842,11.541632567,0
469,383,46,38,0.783322390,0.527299150,-20.713104564,-1.892830532,-2.415964278,-25.220873342,-42.915348972,-0.309213032,4.507768778,41.022518440,-2.106751246,41.323182348,40.736871042,-12.465046199,0.762072128,2.552658135,-0.886161465,-73.063601122,1.469529807,0.361783446,-0.312056784,2.247065361,-1.912212951,-26.549621534,40.872907350,6.061242704,-0.527931394,-0.381259399,-1.200191782,-46.497986650,41.323261366,46.518092573,41.323182348,46.518092573,0
470,383,46,38,0.817532468,0.531768037,-20.221087174,-1.659095766,-2.416434620,-25.176963335,-42.170326863,-0.372461077,4.955876161,40.511231096,-2.043973544,40.864390138,40.864161193,-12.994371585,0.780103389,1.842016479,-1.135358352,-74.409086501,2.192340478,0.165565430,-0.317494732,0.729074284,-2.913889333,29.391048432,27.256606232,-30.446226375,0.098983741,-0.816010097,-2.536890567,-103.733526259,40.864472119,103.775870616,40.864390138,103.775870616,0
471,383,46,38,0.883556810,0.506839510,-19.707211556,-1.508048034,-2.411477956,-25.118679764,-43.418748648,-0.079847911,5.411468208,41.910700614,-2.331630045,42.322893483,40.905871091,-13.528110301,0.797173947,1.858958133,-0.393811369,-81.131121621,0.940028614,0.368418369,-0.122194767,0.273041546,-0.889238276,24.152615558,30.791757240,-29.030375972,0.579917306,1.073080945,-0.891580452,-105.277000011,42.322941144,105.275288155,42.322893483,105.275288155,0
472,383,46,38,0.863670412,0.535923075,-19.195112852,-1.336615094,-2.415535649,-25.385200173,-43.401968472,-0.183718428,6.190087321,42.065353377,-2.231817221,42.576896833,40.968518551,-14.064424422,0.806831097,0.381584941,-0.728640007,-81.361574513,1.018865190,0.624118654,-0.224693280,2.665166623,-2.864167749,27.087851369,28.894575429,-31.254144411,1.041609418,-1.493456097,-4.162636941,-108.436023367,42.577024112,108.551830233,42.576896833,108.551830233,0
473,390,46,38,0.858623242,0.532067730,-18.673632737,-1.199228921,-2.414403354,-24.961130791,-41.298216304,-0.269662416,6.287498054,40.098987383,-2.144740938,40.645557379,37.823564787,-12.835944749,1.138212571,-0.535502814,-0.929119830,-82.131525112,-0.715344569,0.009434337,-0.207163361,-2.775201640,0.266267649,29.363492731,27.282521683,-30.128722366,0.013357901,-1.305014229,1.750662213,-111.506984333,40.645738758,111.501326398,40.645557379,111.501326398,0
474,390,46,38,0.838754325,0.532731288,-18.306941355,-1.167298214,-2.420243474,-24.748336681,-41.332125283,-0.360302581,6.441395326,40.164827069,-2.059940894,40.730188604,37.794575042,-13.202924585,1.139493961,0.658247514,-0.934389856,-87.323357401,-0.776562577,-0.197165108,-0.297804501,-2.017706071,1.717605311,26.863200157,28.476240112,-29.093925226,1.268236130,1.397594848,1.609951377,-114.212458495,40.730346903,114.244990716,40.730188604,114.244990716,0
475,391,47,38,0.819661017,0.552771666,-17.761273700,-1.142889608,-2.415563555,-25.544022012,-41.521357222,0.067848834,7.782748312,40.378467614,-2.483412389,41.196591549,37.004286588,-14.066477040,0.244571677,0.915498830,-0.433002650,-93.840380784,-1.468508392,0.663958234,0.112365850,6.045482583,1.819718091,17.209521489,32.371592575,-25.190025980,3.835045495,4.791744701,-5.420037007,-111.152009845,41.196662348,111.081819969,41.196591549,111.081819969,0
476,401,47,39,0.801165803,0.527903865,-17.233062485,-1.120412309,-2.391320042,-27.660275155,-36.123019632,-0.227778852,10.427212670,35.002607324,-2.163541190,36.586748886,31.568791514,-12.420675866,0.655548300,2.140416711,-0.776138878,-91.430104840,-1.985052827,2.155356964,0.136904984,2.271577037,3.951097486,4.424654418,32.216811187,-16.998988996,3.421501221,6.304363121,-2.631121631,-95.900262169,36.586817579,95.939175014,36.586748886,95.939175014,0
477,403,47,40,0.802120141,0.530029055,-16.713761447,-1.077203331,-2.380146665,-26.929414280,-33.473042883,-0.968668346,10.215652834,32.395839553,-1.411478319,33.997680129,31.667282798,-9.662097285,0.538491458,2.144172301,-1.765474006,-83.791804950,-0.532537824,1.203940624,-0.432603910,-1.060790814,-2.167002367,-0.297582863,32.269570913,-10.692249294,-0.447370581,0.111609359,-0.464808079,-83.434596396,33.997787315,83.435240492,33.997680129,83.435240492,0
478,383,47,38,0.838340486,0.523487438,-16.165486423,-1.080506492,-2.370622509,-25.112477979,-44.120916968,0.006723048,8.946991556,43.040410476,-2.377345557,44.024735817,40.594141609,-17.081304295,0.874083159,2.081575313,-0.856526725,-98.746497159,0.247006811,0.507224269,-0.090147239,-0.470337035,1.880224827,8.667503171,37.184162377,-23.485161595,1.992562680,3.734526528,0.155315245,-107.431793021,44.024823144,107.481567828,44.024735817,107.481567828,0
479,401,47,39,0.837259101,0.542324900,-15.644651823,-1.109920233,-2.344851469,-26.396776030,-34.508392402,-0.696058804,10.752124206,33.398472170,-1.648792664,35.125270611,31.384341859,-13.998739214,0.687363961,1.893767092,-0.163812231,-96.995301937,-0.501968398,0.706203795,-0.214026513,-0.165314298,1.152510847,5.505564190,30.304173285,-17.700719224,1.460152519,2.983146603,0.247065412,-102.501700902,35.125353021,102.539654308,35.125270611,102.539654308,0
480,381,47,37,0.803358992,0.526937938,-15.113721242,-1.141501015,-2.339064358,-23.684639613,-45.452042171,0.053932648,8.570918371,44.310541156,-2.392997007,45.195255658,41.613270365,-17.635181907,1.255068344,2.906791660,-0.020980741,-102.469360564,-0.249672087,-0.658333930,-0.120364700,2.233050578,1.004114709,17.277020674,34.902694932,-28.544681415,3.101881102,4.886491882,-1.461632191,-119.752454415,45.195338442,119.755958131,45.195255658,119.755958131,0
481,396,47,39,0.856545961,0.512902070,-14.602788398,-1.151167101,-2.322792515,-26.335387669,-37.372201004,-0.631804565,11.732599271,36.221033903,-1.690987951,38.111371307,33.559998634,-16.408687263,0.846549860,2.381206300,-0.173817701,-98.827223916,-0.349132290,0.947337427,-0.343353462,-2.747715754,-3.318208386,3.533290714,32.789062180,-19.356544971,-1.639037930,-1.447333614,1.800958042,-102.335320888,38.111479599,102.331273354,38.111371307,102.331273354,0
482,399,47,39,0.864771151,0.509887257,-14.055226503,-1.155149694,-2.318213265,-27.470000936,-36.171476312,-0.728572644,13.414774433,35.016326617,-1.589640621,37.531670096,32.565109014,-15.085454912,1.091031979,3.721452785,0.569665647,-94.433174316,-0.873891861,1.895153029,-0.364452333,1.369533750,0.008068124,-4.776747611,34.736732195,-14.098119932,1.797745807,3.721154257,-0.799845371,-89.656331032,37.531712447,89.693942906,37.531670096,89.693942906,0
483,398,47,39,0.835443038,0.522623433,-13.533653909,-1.134394556,-2.305445703,-27.631134516,-36.295944131,-0.480716636,14.097480607,35.161549575,-1.824729067,37.926285927,31.150892851,-19.134628983,0.819777190,3.227241962,-0.457916556,-98.234367346,-0.282609150,2.066281379,-0.107323678,2.135714964,1.311092254,-4.264203254,32.893076754,-18.729320952,2.379774823,4.683496780,-2.497611648,-93.983283374,37.926313951,93.995927687,37.926285927,93.995927687,0
484,382,47,37,0.805338542,0.545071345,-12.992933965,-1.092109459,-2.284979451,-24.473874327,-46.496035507,0.067036713,11.480940362,45.403926048,-2.352016163,46.892008617,40.250614995,-20.678516708,0.401582998,2.290133937,-1.206780768,-96.738455894,-1.650336235,0.365113070,-0.178420389,4.091550874,-0.161854369,8.348276360,38.403178377,-26.802111886,2.389893498,3.202012373,-5.199060012,-105.143495261,46.892098503,105.122700104,46.892008617,105.122700104,0
485,383,48,38,0.855744125,0.524185662,-12.474013804,-1.039186221,-2.263532511,-24.354865910,-44.481844375,-0.189811988,11.880852106,43.442658154,-2.073720523,45.085690757,39.869825628,-20.701068329,0.987310507,3.062217583,-1.707918867,-94.072908554,-0.245645929,-0.163862756,-0.313320139,-0.969860622,-3.387631772,10.884314634,35.530677711,-27.725175016,-1.269837625,-0.462345833,-1.641501074,-104.825450200,45.085772433,104.841954428,45.085690757,104.841954428,0
486,383,48,38,0.835588633,0.538333869,-11.961828323,-0.968548676,-2.245345474,-24.210663553,-44.383466579,-0.102587785,12.248835230,43.414917903,-2.142757689,45.160607520,39.832414425,-21.216506624,1.011355534,2.908758450,-1.784499330,-91.947835868,-0.185779531,-0.323642535,-0.218625847,1.479869884,-0.504489221,20.582393306,30.128452967,-33.591727758,1.832805797,3.009992615,-3.344654846,-112.541238764,45.160680121,112.512341235,45.160607520,112.512341235,0
487,393,48,39,0.870621873,0.528877536,-11.442438022,-0.906553385,-2.220065167,-26.088207054,-38.166600254,-0.696186355,14.645769032,37.260046870,-1.523878812,40.064096769,35.100260990,-19.910456428,0.189945649,1.967266371,-0.500161645,-90.808492414,0.730700859,0.667800344,-0.442932313,2.501099363,-6.477705056,1.215605189,33.780099970,-21.422056653,-2.265831301,-4.421533148,-3.225003846,-91.957728736,40.064119318,92.208119128,40.064096769,92.208119128,0
488,383,48,38,0.870664740,0.536164669,-10.892243946,-0.901327557,-2.217823223,-24.155468622,-44.167411526,0.006248100,13.263224676,43.266083969,-2.224071323,45.307986537,39.676727430,-22.276657915,1.044936667,2.332941267,-0.160728899,-97.473820447,0.005534141,-0.419980916,-0.093368066,-1.183113931,3.915565925,14.369161686,32.851383107,-31.081614971,2.748412690,5.528127134,2.393739135,-111.821106679,45.308210443,112.043831321,45.307986537,112.043831321,0
489,398,48,39,0.833832335,0.514751523,-10.354830546,-0.853465247,-2.205185074,-26.194275666,-36.070817254,-0.784678031,15.839445120,35.217352007,-1.420507043,38.641528752,30.747148455,-22.300767944,0.900064035,3.061449653,0.720002131,-95.887055265,-0.340007607,0.612938362,-0.410865255,0.234237368,-4.823912410,1.964838378,30.286301166,-23.971063599,-1.142296428,-1.684957563,-0.172872269,-97.884427075,38.641645533,97.898084362,38.641528752,97.898084362,0
490,403,48,40,0.817849305,0.528992279,-9.811201870,-0.790995874,-2.206565260,-27.859221790,-32.505418248,-1.191533411,18.048019921,31.714422374,-1.015031849,36.504327130,31.800844756,-16.568579699,0.738580942,2.558615948,-0.331130349,-82.911682469,0.467336815,2.113646542,-0.584900086,0.882020185,-2.471828719,5.060784195,29.593020256,-21.370229149,0.376213481,0.056917104,-1.124773176,-87.959705296,36.504452857,87.964861981,36.504327130,87.964861981,0
491,403,48,40,0.808510638,0.528658570,-9.278870286,-0.711496093,-2.207231558,-27.680960601,-32.674681373,-1.153524674,18.402090315,31.963185280,-1.053706884,36.897051906,31.869434523,-17.102397525,0.744197610,2.667849312,-0.254863277,-80.690572887,0.292188994,1.938902540,-0.559219443,-0.656994769,-1.845639462,7.676642641,28.777821789,-23.091721645,0.112004760,0.841726116,0.454530622,-88.359818495,36.897197462,88.367337206,36.897051906,88.367337206,0
492,404,48,40,0.831024931,0.542146964,-8.731742892,-0.703751956,-2.187085380,-28.445333169,-31.889674387,-1.275945910,19.713590277,31.185922431,-0.911139470,36.905522278,31.559400231,-17.229649262,0.990176316,3.026439173,0.430943049,-85.248044740,0.554995986,2.724253882,-0.618003190,-0.393649485,-1.238194566,3.529902025,29.744861452,-21.831102770,0.815661800,1.796788585,0.850833556,-88.787448703,36.905543420,88.818331457,36.905522278,88.818331457,0
493,390,48,38,0.830838323,0.549378170,-8.191358986,-0.655801390,-2.180916296,-25.416450888,-41.726654231,-0.388327910,17.225091903,41.070852841,-1.792588387,44.572773273,36.599129597,-23.255410635,1.542417736,3.052293607,-0.642664875,-93.274260292,-1.051124173,0.525752364,-0.367240527,1.086910792,-0.275189173,-2.804797103,38.777661581,-21.873720098,2.138686013,2.785880598,-1.731745280,-90.466554437,44.572868950,90.471043043,44.572773273,90.471043043,0
494,403,48,40,0.781494662,0.550503331,-7.656352922,-0.588066030,-2.177983361,-27.867321365,-32.988633858,-1.145236498,20.210968443,32.400567828,-1.032746862,38.201395355,31.957666769,-18.726989325,0.783815610,2.506840711,-0.150629824,-82.890380186,-0.017708851,2.131535844,-0.574083064,1.083446746,-1.978865057,-6.973056851,34.297655573,-16.816117287,0.491732200,0.323847218,-0.720045612,-75.919469074,38.201476136,75.920956156,38.201395355,75.920956156,0
495,412,49,40,0.800763359,0.574317519,-7.112827734,-0.508768393,-2.185531884,-28.226392436,-28.063573599,-1.473587665,21.113564702,27.554805206,-0.711944220,34.721128567,24.645130678,-22.378089087,1.137073901,2.724971178,-0.154333368,-87.979926353,0.348406108,2.363712245,-0.614842485,-0.519364531,-0.184747044,-10.093012946,28.262189525,-20.115243937,1.478531958,2.653294154,0.392188124,-77.886237688,34.721181606,77.934166366,34.721128567,77.934166366,0
496,407,49,40,0.836115326,0.551917730,-6.590274955,-0.415203307,-2.181207954,-27.488017028,-31.397933942,-1.185760125,20.897742074,30.982730635,-0.995447829,37.384972085,28.708709367,-21.624557777,1.034318523,2.332633252,-0.594697577,-82.767473182,-0.416813758,1.761404465,-0.526710131,-1.929300470,-0.297634033,-8.403236011,32.238138036,-18.914807099,0.757239742,2.566180927,1.343419734,-74.357703612,37.385035557,74.436043764,37.384972085,74.436043764,0
497,278,49,27,0.679458239,0.578605463,-6.054475624,-0.374384056,-2.178417294,21.401095555,-59.753033061,0.382418527,-27.455571180,59.378649004,-2.560835821,65.469002028,13.681197091,-63.111651800,-0.757759077,0.416297833,2.658683743,176.811227048,-1.656449646,0.534634585,-1.069285035,-3.126641829,-7.308240527,4.688809570,10.041358650,-64.537856546,-4.500573210,-1.690391128,-5.003226418,172.365406223,65.469221550,172.299713493,65.469002028,172.299713493,0
498,276,49,27,0.666421749,0.575117796,-5.513169081,-0.381253897,-2.166126266,20.831062201,-59.566109419,0.248432979,-26.344231282,59.184855523,-2.414559245,64.828201744,15.252317035,-62.845584881,-0.965711160,-0.106632191,2.186005569,173.673454777,0.058247725,0.176671721,-1.142267368,0.095896203,-8.717481633,7.969178663,6.263774457,-64.521489874,-0.673909240,2.144443565,-6.237377111,165.617239467,64.828324671,165.757813899,64.828201744,165.757813899,0
499,406,49,40,0.815770609,0.543810895,-4.970688567,-0.342225168,-2.170746409,-25.765616073,-31.507900968,-1.434517413,20.794927507,31.165675799,-0.736228995,37.473595920,29.473208475,-22.881441558,1.051604471,2.443955811,0.905671503,-89.157720218,-0.122648360,0.033010861,-0.760444026,-4.086282376,-2.070002944,-6.295345161,31.974656826,-19.528189744,-0.735893467,0.896373644,5.217117547,-82.871241492,37.473596212,83.050284429,37.473595920,83.050284429,0
500,276,49,27,0.646934461,0.589523506,-4.435093327,-0.297185277,-2.170035579,18.955597868,-60.739092426,0.204419111,-23.390691195,60.441907149,-2.374454689,64.853578232,14.177310536,-62.733298914,-0.998620655,-0.262112581,2.212429184,176.288292111,2.116217362,0.988661078,-1.167308851,3.352948792,-14.945884070,5.631103010,5.599282990,-64.564733032,2.460270779,5.575716698,-11.954734863,169.717282566,64.853755896,170.365714140,64.853578232,170.365714140,0
501,286,49,28,0.619195046,0.583992356,-3.908487949,-0.232654859,-2.165302806,15.631832182,-61.377037809,1.063393237,-19.540320131,61.144382950,-3.228696043,64.271954656,15.822644179,-60.736886226,-1.196282007,-0.238725357,1.562970224,-174.502631474,-0.469422755,1.429944624,-0.337298640,8.058157979,-3.899640569,-12.457675685,29.192820928,-57.023813336,5.193847445,6.247149241,-4.605050254,-162.492344398,64.272172302,162.281864107,64.271954656,162.281864107,0
502,238,49,23,0.542857143,0.610907012,-3.388715048,-0.149034810,-2.172712343,43.325654080,-59.012263576,1.590930993,-46.714369128,58.863228766,-3.763643336,75.241457953,37.262145672,-62.704293291,-0.873532049,-0.029469460,0.153871297,-177.682546812,-0.879154375,2.143794726,0.241683728,11.182827885,-9.079249239,-1.621823494,39.284800051,-63.968947900,5.095751927,10.654594272,-9.506570160,-177.828216481,75.241534395,176.963281283,75.241457953,176.963281283,0
503,412,49,40,0.738575269,0.560953592,-2.747592667,-0.027923371,-2.160003731,-27.812247995,-27.956447633,-1.771445438,25.064655328,27.928524261,-0.388558293,37.528527705,24.506504259,-26.766191958,1.248773167,2.350331970,-1.338553008,-85.675424678,0.419600914,1.932249499,-0.898536057,-7.363880495,-6.790406581,-10.069969239,28.786163461,-23.684272137,-4.336637034,-2.377430764,7.484205979,-75.422307534,37.528580765,75.614750968,37.528527705,75.614750968,0
504,237,49,23,0.641262510,0.607398977,-2.225159644,0.095678512,-2.168569694,42.181551601,-59.730396759,1.399740363,-44.406711245,59.826075271,-3.568310057,74.591206738,38.532009296,-61.681163820,-0.576487796,0.928438567,1.831050925,-172.000860993,0.863536648,2.697015245,0.043472854,10.146028852,-5.990193318,-9.305808929,47.258501136,-57.524884404,4.623520361,8.896084002,-6.841163793,-163.577317655,74.591254151,163.125993417,74.591206738,163.125993417,0
505,238,50,23,0.626135570,0.608214277,-1.649122174,0.182435312,-2.179865380,41.819613934,-59.770272845,1.822156590,-43.468736108,59.952708157,-4.002021970,74.161138165,35.493457677,-62.792597274,-0.880754325,-0.105269786,1.403309107,-176.847890655,0.716700156,2.695331909,0.454416662,10.976119121,-2.042712796,-12.208881805,47.761481099,-56.194881349,7.802773082,9.952749644,-3.447047811,-165.015504855,74.161358094,164.779980524,74.161138165,164.779980524,0
506,237,50,23,0.586847748,0.607246306,-1.319674929,0.177733697,-2.176919375,41.618198501,-59.532685300,1.444989239,-42.937873430,59.710418997,-3.621908614,73.635000736,37.623076115,-61.664961520,-0.593319253,-0.180107119,1.214636372,179.597042964,1.401646825,2.441476495,0.103816724,10.201310102,-4.875666268,-16.367468887,52.568408214,-51.408702996,3.983962015,8.339117838,-6.218468805,-164.844384672,73.635346398,164.455043392,73.635000736,164.455043392,0
507,236,50,23,0.617435159,0.604237820,-0.703458339,0.211842263,-2.171720774,42.291192034,-59.233701313,1.347018592,-42.994650373,59.445543576,-3.518739365,73.448581596,33.413395520,-64.088605119,-1.014916901,-0.022730766,1.502848131,175.761093399,1.540924821,2.075916147,0.031923839,9.235141196,-6.580924775,-12.710336109,45.228356088,-57.791287682,3.042567178,8.194989873,-6.301846803,-172.406182111,73.448582978,171.986937874,73.448581596,171.986937874,0
508,234,50,23,0.619912791,0.602906865,-0.126276784,0.271482596,-2.174712526,43.550886256,-57.275527628,1.469157271,-43.677163040,57.547010224,-3.643869797,72.336925177,38.409794978,-61.587489011,-0.679262381,0.180148103,1.217019433,-178.048149728,1.135457216,0.400070163,0.213484045,11.080217262,-2.579967234,-8.121381110,45.571111633,-55.620792204,7.889399916,10.653749074,-3.225636636,-170.361364791,72.336998637,170.107415542,72.336925177,170.107415542,0
509,276,50,27,0.664748201,0.565857866,0.221105207,0.242460625,-2.161356208,20.121740675,-60.106104061,0.968298664,-19.900635467,60.348564687,-3.129654872,63.622160379,9.501675783,-62.420956621,-1.109795158,-0.257835184,0.922211529,171.990943121,0.836996549,0.604635144,-0.418848109,-3.539946231,-5.905947369,33.984149059,-27.966640415,-57.130366065,-1.331663483,1.056588987,-5.833827824,138.133020874,63.622205483,138.245347175,63.622160379,138.245347175,0
510,226,50,22,0.609403255,0.555671220,0.751800586,0.216173314,-2.152224347,47.807563925,-55.413945673,-0.096225491,-47.055763339,55.630118987,-2.055998857,72.891577931,42.112349250,-61.409051644,-0.037738460,0.666763628,1.379916791,174.824113869,1.263084239,-1.051122893,-1.237787692,-1.902846600,-12.657347509,12.866479920,26.004976141,-67.748317474,-6.863514695,2.785243626,-11.242803132,161.985415242,72.891708298,162.350807216,72.891577931,162.350807216,0
511,1,50,0,0.853094705,0.475178946,1.298841073,0.217342608,-2.146190116,1.165138841,0.149990603,0.157524630,0.133702232,0.067352004,-2.303714747,2.308574065,0.806654325,0.157737523,-2.143807346,-1.852670268,0.179712526,-0.363526938,0.650244464,0.088633692,0.158425229,2.352953237,2.849816696,7.740248718,0.278551845,-0.046698028,-2.291232308,-3.783219138,-2.971412543,-7.998258149,2.308574739,9.414991793,2.308574065,9.414991793,1
512,1,50,0,0.865648855,0.459408749,1.658152530,0.168029668,-2.140536176,1.753725648,0.004871476,-0.161551312,-0.095573118,0.163158192,-1.978984865,1.987997966,1.162985981,0.090467421,-2.135384735,-1.335334545,0.113658393,-5.465721849,1.233509756,-0.084603448,-0.156366671,2.387028746,0.202166126,2.966675550,-0.054385246,0.095898037,-1.984939631,-3.666987716,-0.436197847,-8.421651455,1.987998875,9.207143089,1.987997966,9.207143089,1
513,3,50,0,0.948776758,0.341743283,2.252607666,0.154791455,-2.137874643,1.771343708,0.146954224,0.008399385,0.481263958,0.007837232,-2.146274029,2.199583739,0.714958078,-0.021434915,-2.145246665,-1.504840355,0.475256899,-4.748853451,0.223548823,0.006099729,-0.001435243,0.566647491,0.997207681,0.252276278,0.528519562,-0.050810455,-2.134540488,-1.982431274,-0.567542729,-4.995801931,2.199585808,5.413465036,2.199583739,5.413465036,1
514,5,50,0,0.957633309,0.302875544,2.888738405,0.169506634,-2.134495674,2.448186874,0.421782047,-0.037020437,0.440551531,-0.252275412,-2.097475237,2.158038671,0.202139272,-0.117917576,-2.139294536,-1.676765342,0.186007280,-3.811857842,-0.225633288,0.184329349,-0.045783529,0.374801867,0.252039463,-0.592856521,0.440082577,-0.311480552,-2.089607047,-2.036820155,-0.086674854,-3.218465323,2.158043192,3.810981751,2.158038671,3.810981751,1
515,6,51,0,0.988408037,0.233207596,3.501962669,0.236166958,-2.142734386,2.963475466,0.603336811,-0.022077078,0.538487203,-0.367169853,-2.120657308,2.218551236,0.247008483,-0.073961516,-2.166840571,-1.480803500,0.570340379,1.751039026,-0.260230416,0.323125527,-0.043870914,-0.062717680,0.180406613,3.048676466,0.492084561,-0.421179995,-2.121894879,-1.414016551,0.391393163,-1.297130842,2.218553061,1.955149667,2.218551236,1.955149667,1
