from_kf,to_kf,info_tx,info_ty,info_tz,info_rx,info_ry,info_rz,direct_world_x,direct_world_y,direct_world_z,effective_world_x,effective_world_y,effective_world_z,relative_world_x,relative_world_y,relative_world_z,weak_eigenvalue,weak_axis_world_z_alignment
0,1,0.565659778,0.995947774,1.000000000,19.522040034,10.395494009,14.756506599,0.570080175,0.992556818,0.998970559,0.443631639,0.469838912,0.603579787,0.735000821,0.778420555,1.000000000,0.234857805,0.604407858
1,2,0.481596735,1.000000000,0.903794703,20.037647958,7.958937639,12.193403666,0.480704027,1.002962869,0.901724543,0.380906688,0.505139533,0.527767674,0.721731753,0.957124808,1.000000000,0.205119752,0.588312060
2,3,0.524314623,0.896256971,1.000000000,17.609483165,10.027372690,15.166090645,0.523130439,0.898146243,0.999294912,0.415273752,0.501436976,0.640016624,0.648848384,0.783474924,1.000000000,0.263938486,0.523512327
3,4,0.498088051,0.828048110,1.000000000,17.095192522,8.615714474,14.343679954,0.497684845,0.829789003,0.998662313,0.393298424,0.486399191,0.717806041,0.547917405,0.677619249,1.000000000,0.261880686,0.466674540
4,5,0.456612179,0.724681514,1.000000000,15.066911999,8.734844274,15.135704107,0.453073404,0.729253909,0.998966379,0.354042444,0.414860181,0.706948813,0.500803505,0.586831993,1.000000000,0.255663770,0.421316519
5,6,0.467480676,0.769923642,1.000000000,16.041998359,8.384190898,14.863539165,0.461941016,0.775799743,0.999663558,0.363633733,0.424203568,0.739397793,0.491797157,0.573714950,1.000000000,0.271502538,0.404793964
6,7,0.598942857,0.932859014,1.000000000,15.064549608,10.944334513,18.889325318,0.590948205,0.942316545,0.998537121,0.457025566,0.504135183,0.692832517,0.659647973,0.727643652,1.000000000,0.293797818,0.540747423
7,8,0.603509560,0.888102001,1.000000000,13.514778531,9.345506680,14.528521411,0.591782069,0.900336300,0.999493192,0.447439331,0.475636615,0.712895842,0.627636332,0.667189493,1.000000000,0.298802577,0.509606161
8,9,0.571514656,0.774685697,1.000000000,12.248741798,7.888010033,13.471334391,0.569311089,0.777814624,0.999074640,0.426320474,0.411610763,0.715488329,0.595845462,0.575286481,1.000000000,0.278549677,0.484047235
9,10,0.569307934,0.803609395,1.000000000,11.229048637,8.809775761,12.885403923,0.561002814,0.812933414,0.998981102,0.430865713,0.407203099,0.631805214,0.681959731,0.644507342,1.000000000,0.270112903,0.553370761
10,11,0.583918576,0.811953211,1.000000000,11.115832534,8.868761378,11.192111294,0.586083021,0.811793393,0.997995374,0.446776339,0.395450028,0.633551159,0.705193784,0.624180103,1.000000000,0.257647572,0.556125609
11,12,0.531754372,0.772083292,1.000000000,10.842413398,8.241382204,10.882706664,0.528617016,0.776847163,0.998373485,0.405854161,0.435574443,0.685047340,0.592446882,0.635831158,1.000000000,0.277925543,0.480845710
12,13,0.676758061,1.000000000,0.921688383,12.410766533,9.134958014,14.170157586,0.673963761,1.003605942,0.920876741,0.511389593,0.548008549,0.634701277,0.805716975,0.863411763,1.000000000,0.302927549,0.620305976
13,14,0.686841825,1.000000000,0.850651949,14.118378805,8.603042766,16.704309103,0.692058791,0.995337542,0.850097442,0.520578807,0.553967742,0.613096998,0.849096975,0.903556443,1.000000000,0.291742082,0.649330585
14,15,0.687183480,0.988787888,1.000000000,15.054239804,10.140391957,17.659176922,0.689288675,0.987095683,0.999587010,0.507430350,0.490215598,0.685555188,0.740174328,0.715063655,1.000000000,0.297744420,0.591628901
15,16,0.599244239,0.674944866,1.000000000,12.199134187,10.370330015,13.612121181,0.603642415,0.671203661,0.999343028,0.457959763,0.314261785,0.625858574,0.731730430,0.502129072,1.000000000,0.269909655,0.507908900
16,17,0.529574574,0.593051979,1.000000000,10.504316374,8.750723595,13.224217973,0.530339245,0.594831750,0.997455558,0.428818881,0.286734257,0.641993384,0.667949066,0.446631172,1.000000000,0.276241084,0.333400774
17,18,0.617566027,0.719816999,1.000000000,12.490389275,9.188585483,13.697126237,0.618499452,0.721600725,0.997282848,0.501101462,0.328404065,0.669483793,0.748489310,0.490533257,1.000000000,0.294023957,0.404012060
18,19,0.804502438,0.899366743,1.000000000,17.143287625,11.935155071,20.403276144,0.797137832,0.905263955,1.001467394,0.642160591,0.385752109,0.600603372,1.000000000,0.600709720,0.935285318,0.324870045,0.632556200
19,20,0.821053707,0.954771272,1.000000000,18.585705429,10.643728383,20.392784251,0.806433589,0.968397985,1.000993405,0.621354432,0.380653667,0.631668666,0.983671448,0.602616035,1.000000000,0.328704424,0.632007001
20,21,0.837354323,1.000000000,0.824637636,16.749102562,10.444117540,19.207109751,0.803867529,1.035219263,0.822905167,0.674943959,0.417383205,0.520070646,1.000000000,0.618396830,0.770539004,0.329152243,0.805532488
21,22,0.845713958,0.990511879,1.000000000,18.320161657,10.823574778,20.434849182,0.790138319,1.046192824,0.999894694,0.659301892,0.454704338,0.602081155,1.000000000,0.689675463,0.913210113,0.376081092,0.753409714
22,23,0.720121841,1.000000000,0.891943401,16.278356590,8.595533044,22.176542838,0.648337706,1.071479795,0.892247741,0.555786420,0.482768031,0.567743885,0.978938629,0.850327136,1.000000000,0.339205130,0.727605443
23,24,0.627237979,0.985780405,1.000000000,17.078576317,8.081455589,20.542055210,0.575537458,1.038941034,0.998539892,0.467181344,0.493203627,0.675774939,0.691326827,0.729834148,1.000000000,0.310704359,0.575181376
24,25,0.654720301,1.000000000,0.908636876,18.774912589,9.155543492,21.983341854,0.645224008,1.010951478,0.907181691,0.548678171,0.512388758,0.529596019,1.000000000,0.933860295,0.965221595,0.284862432,0.704342518
25,26,0.632456433,1.000000000,0.817671642,17.946699651,9.401061051,22.776726433,0.622555181,1.010163007,0.817409887,0.502798782,0.466737231,0.510764944,0.984403466,0.913800440,1.000000000,0.267787952,0.691260159
26,27,0.619544446,0.991449046,1.000000000,19.516458276,9.408013090,20.890497200,0.614651538,0.997587298,0.998754656,0.520113926,0.510856078,0.625949845,0.830919491,0.816129411,1.000000000,0.320835259,0.612227101
27,28,0.607649589,0.968615071,1.000000000,18.200640416,9.596308219,21.241570658,0.602692963,0.975514244,0.998057453,0.494595554,0.524459772,0.648785468,0.762340679,0.808371638,1.000000000,0.299629156,0.593090984
28,29,0.596490019,1.000000000,0.858854105,17.085025430,8.316639254,20.251194592,0.599025316,0.999999834,0.856318974,0.501361993,0.555359744,0.558450510,0.897773364,0.994465462,1.000000000,0.289097420,0.646647646
29,30,0.570185434,1.000000000,0.866497579,17.003295326,7.853658545,19.698034768,0.562721804,1.009685490,0.864275719,0.458596232,0.536212881,0.546839251,0.838630789,0.980567654,1.000000000,0.262976470,0.636535750
30,31,0.498189444,1.000000000,0.895823761,16.988035470,7.609049202,19.161330138,0.499982854,1.000454235,0.893576116,0.406814889,0.575700856,0.573161327,0.706642842,1.000000000,0.995588803,0.247853566,0.552796063
31,32,0.479707224,1.000000000,0.905485779,16.245169433,8.566127549,18.980913301,0.479611982,1.001783783,0.903797237,0.369262234,0.596558958,0.650321756,0.567814671,0.917328926,1.000000000,0.257083030,0.447892822
32,33,0.602309942,1.000000000,0.956292595,16.765354201,8.675471799,17.690731272,0.606338704,0.998697602,0.953566231,0.476278921,0.556976152,0.669038589,0.711885575,0.832502281,1.000000000,0.301345332,0.545727946
33,34,0.575373229,1.000000000,0.987123530,16.814223054,8.904087146,18.423968015,0.579884440,0.999600480,0.983011838,0.456915630,0.579320318,0.644270215,0.709198749,0.899188421,1.000000000,0.290758460,0.547371348
34,35,0.544398432,1.000000000,0.893904772,17.609695091,8.160611114,19.550168259,0.545768528,1.000544111,0.891990565,0.422818579,0.583997200,0.557985828,0.724007887,1.000000000,0.955459766,0.253779420,0.587132076
35,36,0.537861977,1.000000000,0.845063424,18.358030245,8.440827704,18.992597338,0.537411750,1.002600775,0.842912876,0.413079586,0.578612410,0.562551694,0.713914149,1.000000000,0.972242703,0.261688122,0.569198977
36,37,0.507787665,1.000000000,0.956111515,18.041702909,7.582818018,19.269682997,0.509110925,1.002289855,0.952498400,0.392451163,0.592715932,0.672909018,0.583215787,0.880826258,1.000000000,0.253042326,0.490459595
37,38,0.457792347,1.000000000,0.821379002,17.888556379,7.237841043,18.629794324,0.458704120,1.002301115,0.818166114,0.336423319,0.621006788,0.580521469,0.541738553,1.000000000,0.934806962,0.215429009,0.476129783
38,39,0.532670696,1.000000000,0.959058250,17.450112464,7.674878829,20.692572453,0.528060454,1.008043191,0.955625300,0.395452911,0.638126754,0.721932978,0.547769561,0.883914121,1.000000000,0.276949425,0.452173135
39,40,0.390955478,0.825335222,1.000000000,15.595424229,6.111549629,14.791563195,0.387561069,0.833126338,0.995603293,0.295719576,0.517239248,0.788550387,0.375016715,0.655936838,1.000000000,0.223678388,0.299168610
40,41,0.363898997,0.796026283,1.000000000,14.370104517,6.576934008,14.115302491,0.364233359,0.800515333,0.995176589,0.254194985,0.482997597,0.824627475,0.308254324,0.585716110,1.000000000,0.205066216,0.254467421
41,42,0.423907209,0.804359148,1.000000000,15.555903579,7.050205983,14.555870132,0.430166796,0.803109907,0.994989654,0.303471260,0.508008500,0.784666567,0.386751866,0.647419581,1.000000000,0.236315775,0.307691906
42,43,0.475567623,1.000000000,0.933830795,17.754630410,8.040375415,20.232834098,0.480207889,1.000298127,0.928892402,0.364661549,0.630631753,0.708334690,0.514815318,0.890301947,1.000000000,0.268447367,0.423521437
43,44,0.463285214,1.000000000,0.764633059,16.282075002,7.484287207,19.131557197,0.461982800,1.002040348,0.763895125,0.365712495,0.632672449,0.609691104,0.578043972,1.000000000,0.963675761,0.269778630,0.465453651
44,45,0.434224617,0.884018571,1.000000000,18.809948144,7.791850883,17.918239335,0.435648172,0.887183248,0.995411769,0.322024263,0.551000263,0.766840479,0.419936443,0.718533096,1.000000000,0.259460504,0.327787710
45,46,0.412250317,0.855027562,1.000000000,19.314773575,6.832908432,16.600138141,0.411382520,0.860180692,0.995714667,0.319376383,0.547080224,0.720436631,0.443309472,0.759373136,1.000000000,0.227826506,0.383666406
46,47,0.414919764,1.000000000,0.948834412,19.781857790,7.088002335,16.820646064,0.414687779,1.005147483,0.943918914,0.303860634,0.617332151,0.706532676,0.430073010,0.873748904,1.000000000,0.199999788,0.383297376
47,48,0.377358933,1.000000000,0.697731851,17.185506042,5.925960789,17.294225703,0.380059352,1.000511971,0.694519461,0.255929786,0.628889292,0.508857308,0.406955229,1.000000000,0.809136543,0.173704954,0.433965557
48,49,0.362640851,0.914289875,1.000000000,18.484693742,7.356089305,16.179325965,0.359703688,0.918826926,0.998400112,0.260950966,0.604121049,0.759614215,0.343530914,0.795299820,1.000000000,0.206286475,0.294518215
49,50,0.362280352,0.894064284,1.000000000,19.465163666,7.116511019,16.726932592,0.352593150,0.904706357,0.999045129,0.257862236,0.610656672,0.705265329,0.365624433,0.865853810,1.000000000,0.209125934,0.299498553
50,51,0.372405604,0.905777493,1.000000000,18.986800078,7.998073182,16.492383249,0.366177286,0.913195339,0.998810472,0.258582443,0.598020571,0.760984817,0.339799740,0.785850858,1.000000000,0.211511333,0.281838554
51,52,0.372798143,1.000000000,0.995690764,19.472283250,6.906243895,16.960845294,0.372600878,1.001154217,0.994733812,0.256925842,0.663879519,0.785553630,0.327063401,0.845110369,1.000000000,0.218290241,0.252442204
52,53,0.366854483,0.879717310,1.000000000,19.029988895,9.416878136,16.002345472,0.363344615,0.883900591,0.999326587,0.258088341,0.626741300,0.828968219,0.311336834,0.756049853,1.000000000,0.230626019,0.201422304
53,54,0.330909487,0.791329263,1.000000000,17.272236881,7.732153459,15.514178022,0.316260289,0.805390276,1.000588185,0.233920767,0.527297265,0.752973287,0.310662770,0.700286815,1.000000000,0.198789940,0.242822865
54,55,0.310159230,0.772770736,1.000000000,16.999879160,6.395193568,13.666175934,0.300752759,0.782602077,0.999575130,0.215619655,0.530496461,0.850245857,0.253596831,0.623933016,1.000000000,0.192931859,0.179252611
55,56,0.304636836,0.757245525,1.000000000,14.700170785,6.308297438,14.072952356,0.284281859,0.777450049,1.000150452,0.197929654,0.520047828,0.829267595,0.238680078,0.627117025,1.000000000,0.174637048,0.172438968
56,57,0.351340223,0.885786689,1.000000000,16.214147056,6.571283595,15.248415667,0.321119295,0.916446181,0.999561436,0.233339452,0.629953877,0.749636555,0.311270109,0.840345728,1.000000000,0.193061644,0.256968206
57,58,0.353128231,1.000000000,0.989414317,19.567714648,8.280777053,16.726815829,0.348106365,1.005403290,0.989032893,0.245861753,0.725672824,0.822115726,0.299059786,0.882689383,1.000000000,0.217634020,0.210997958
58,59,0.363214572,0.845769585,1.000000000,17.369012196,8.871975642,17.246176534,0.349173204,0.860549486,0.999261467,0.241091474,0.553854394,0.799038507,0.301726978,0.693151068,1.000000000,0.196360469,0.248682865
59,60,0.430716505,0.884820230,1.000000000,16.983508762,11.622525200,18.517882137,0.407591764,0.908983789,0.998961183,0.279725877,0.581705551,0.864382214,0.323613643,0.672972605,1.000000000,0.247948183,0.206301687
60,61,0.316978913,0.701173643,1.000000000,14.248056182,8.174270361,11.973370450,0.290456404,0.727957784,0.999738368,0.208620292,0.478238850,0.808357655,0.258079195,0.591617889,1.000000000,0.179927513,0.192172743
61,62,0.352157195,0.702968739,1.000000000,13.754328698,8.992411023,11.908340611,0.337002402,0.718687906,0.999435626,0.235270781,0.449473239,0.817714943,0.287717356,0.549669836,1.000000000,0.198053046,0.224874515
62,63,0.508033037,0.965869808,1.000000000,17.136843215,13.302899492,16.003830765,0.482110291,0.995025680,0.996766874,0.337637621,0.631506645,0.842895969,0.400568556,0.749210660,1.000000000,0.271614258,0.309362646
63,64,0.393624537,0.686021869,1.000000000,12.001174353,10.822000952,12.510288945,0.362190898,0.720357867,0.997097642,0.269175010,0.458720909,0.804510377,0.334582397,0.570186442,1.000000000,0.227063792,0.259876737
64,65,0.466320128,0.849247412,1.000000000,15.193924483,10.615357434,13.640299381,0.455874433,0.860864090,0.998829018,0.321743059,0.566321797,0.830325241,0.387490399,0.682048153,1.000000000,0.274045529,0.268955519
65,66,0.583752099,0.914379089,1.000000000,17.896399164,12.416129026,15.659454896,0.553064806,0.950168102,0.994898279,0.427289385,0.602127060,0.819403982,0.521463643,0.734835409,1.000000000,0.347127934,0.354352825
66,67,0.684593283,0.956101854,1.000000000,16.555059342,13.030796652,17.676814795,0.648268603,0.993461143,0.998965391,0.451812503,0.611111554,0.804129930,0.561865049,0.759966184,1.000000000,0.353340582,0.414302658
67,68,0.692120802,1.000000000,0.934021631,17.435430978,12.355663867,20.125928335,0.682219437,1.012013174,0.931909823,0.513945624,0.583916515,0.716005374,0.717795763,0.815519738,1.000000000,0.367024249,0.548610294
68,69,0.717290076,1.000000000,0.977576301,17.351551306,14.368161810,16.951869161,0.696938369,1.024208923,0.973719086,0.540347998,0.596467911,0.744604891,0.725684192,0.801052906,1.000000000,0.386625551,0.569167175
69,70,0.761029785,0.987470577,1.000000000,15.675424676,13.468864884,16.644780534,0.746829388,1.003189469,0.998481506,0.622146635,0.621801646,0.693131970,0.897587562,0.897089836,1.000000000,0.420866970,0.664036662
70,71,0.806450165,1.000000000,0.986247556,14.693378878,12.490737975,15.902618260,0.784879630,1.026604063,0.981214028,0.661411081,0.699307185,0.655753908,0.945809074,1.000000000,0.937719392,0.408343110,0.718359786
71,72,0.743331573,0.948683336,1.000000000,12.852651649,10.587296517,16.540119854,0.730986585,0.964325574,0.996702750,0.595124943,0.648458988,0.691204004,0.860997535,0.938158611,1.000000000,0.373221722,0.644323619
72,73,0.639647531,0.819800541,1.000000000,13.390809860,9.710341319,12.450037736,0.633680693,0.829776888,0.995990491,0.526082933,0.565062204,0.656791429,0.800989339,0.860337359,1.000000000,0.343798083,0.606162833
73,74,0.574756436,0.654995541,1.000000000,11.740775249,9.872507793,11.346499293,0.566196143,0.667230405,0.996325430,0.476427991,0.443122279,0.667024982,0.714258092,0.664326361,1.000000000,0.332388519,0.585371934
74,75,0.657434354,0.770109166,1.000000000,12.698836607,10.343504481,12.606796226,0.655996950,0.774482993,0.997063578,0.519860285,0.555195613,0.692344960,0.750868881,0.801906051,1.000000000,0.365797266,0.578509018
75,76,0.697280091,0.832440468,1.000000000,14.501800586,9.724255249,16.204453378,0.688232370,0.844210255,0.997277935,0.522460249,0.597020750,0.700775140,0.745546208,0.851943392,1.000000000,0.341318264,0.588174676
76,77,0.748565981,0.895715707,1.000000000,15.369932756,11.505568571,17.034563943,0.727687441,0.920599039,0.995995208,0.594588748,0.660199136,0.641151884,0.900620306,1.000000000,0.971149233,0.355061638,0.667042909
77,78,0.565115810,0.736524380,1.000000000,14.086871857,10.502965108,13.263761417,0.545086333,0.758957283,0.997596574,0.454683731,0.523812438,0.673453094,0.675152783,0.777800923,1.000000000,0.326864432,0.516557955
78,79,0.771831640,0.745475550,1.000000000,12.651350378,12.402333981,16.763772241,0.746061327,0.773292519,0.997953343,0.585848089,0.545080047,0.720788772,0.812787480,0.756227161,1.000000000,0.396529211,0.570020930
79,80,1.000000000,0.919324670,0.975167344,15.188957556,13.605304294,20.157138750,0.964181711,0.960963049,0.969347254,0.726562310,0.679669755,0.716195188,1.000000000,0.935459692,0.985731269,0.418080537,0.704651185
80,81,0.558572433,0.591964070,1.000000000,15.170175760,9.675864858,14.836033572,0.542220387,0.609443540,0.998872577,0.411243969,0.439732407,0.635592295,0.647024787,0.691846662,1.000000000,0.276467314,0.522035951
81,82,0.683147479,0.634539632,1.000000000,10.614326491,9.121025243,15.016467121,0.678158410,0.642207129,0.997321571,0.492208637,0.520320298,0.731439827,0.672931141,0.711364460,1.000000000,0.322363368,0.532697330
82,83,0.804146835,0.738449527,1.000000000,16.517432324,12.697107665,18.138589714,0.800954841,0.743102055,0.998539467,0.565655003,0.541310863,0.676683544,0.835922506,0.799946841,1.000000000,0.353042841,0.598540629
83,84,0.740748612,0.777447197,1.000000000,13.751363466,9.310618618,16.160739360,0.756100805,0.764061410,0.998033594,0.534557695,0.597503967,0.686092030,0.779134097,0.870880203,1.000000000,0.305348915,0.552438084
84,85,0.889078007,0.705047921,1.000000000,11.149557279,8.584357088,15.971434666,0.915230823,0.680563294,0.998331811,0.657503495,0.542204916,0.739245786,0.889424746,0.733456891,1.000000000,0.396877988,0.541456189
85,86,0.851489961,0.615681517,1.000000000,9.661076733,8.182129638,17.655982567,0.873416967,0.595096481,0.998658030,0.575880853,0.487532540,0.758700964,0.759035352,0.642588534,1.000000000,0.358098362,0.503010148
86,87,1.000000000,0.693226162,0.820467085,8.852747896,7.445503437,15.189903174,1.025640994,0.668366848,0.819685405,0.695416252,0.563306647,0.627006640,1.000000000,0.810028017,0.901627821,0.375499108,0.676734004
87,88,0.988348425,0.694005965,1.000000000,10.292274460,7.247273154,16.233793983,1.010103033,0.671419323,1.000832035,0.683363182,0.570255180,0.759233814,0.900069477,0.751092969,1.000000000,0.413577504,0.582792758
88,89,0.855885786,0.723546926,1.000000000,9.084143164,5.873776484,14.983987295,0.921510745,0.658282175,0.999639792,0.601089480,0.564004837,0.815045659,0.737491788,0.691991707,1.000000000,0.377506668,0.431725007
89,90,0.939816632,0.722722813,1.000000000,8.327293424,5.853918903,15.889984509,0.991246364,0.671951429,0.999341653,0.641463611,0.561349750,0.836276180,0.767047569,0.671249239,1.000000000,0.388099537,0.398959973
90,91,0.824185798,0.691166759,1.000000000,8.403864684,5.284566081,12.630520554,0.944888523,0.566692046,1.003771988,0.587493603,0.498938327,0.767499607,0.765464370,0.650082844,1.000000000,0.320905947,0.388560558
91,92,0.883663344,0.674252775,1.000000000,9.120245618,5.656374150,13.157584500,0.997441268,0.557585191,1.002889660,0.604852667,0.467155124,0.800080072,0.755990166,0.583885463,1.000000000,0.346827001,0.244581080
92,93,1.000000000,0.829321706,0.940711119,11.002557975,5.895504522,18.412169586,1.194535495,0.630138958,0.945358372,0.724968085,0.531721392,0.759411300,0.954644848,0.700175771,1.000000000,0.375905792,0.327956686
93,94,0.711453601,0.591868957,1.000000000,8.566502171,4.775166047,13.725739736,0.906931258,0.391530739,1.004860561,0.532968623,0.362023176,0.767154572,0.694734337,0.471903824,1.000000000,0.251093517,0.183685976
94,95,0.619389120,0.618474606,1.000000000,9.051805175,4.425787009,14.928419638,0.933599491,0.300805726,1.003458510,0.564200438,0.267522744,0.725740847,0.777413095,0.368620212,1.000000000,0.209492749,0.156601929
95,96,0.639670478,0.673417488,1.000000000,9.833759102,4.668050576,15.007420689,0.968877414,0.341008728,1.003201824,0.534521583,0.291261409,0.799926852,0.668213077,0.364110053,1.000000000,0.213628962,0.174880662
96,97,0.601130052,0.565778288,1.000000000,9.152257846,4.780809103,16.708838414,0.878200394,0.283328722,1.005379225,0.497758388,0.235032628,0.753247396,0.660816606,0.312025809,1.000000000,0.183725598,0.167608766
97,98,0.679028456,0.707622804,1.000000000,11.890041576,6.489625290,24.592271531,1.084573138,0.300681546,1.001396576,0.502757708,0.264119293,0.877572567,0.572895880,0.300965758,1.000000000,0.200417921,0.056463205
98,99,0.452386420,0.602794345,1.000000000,10.227131722,4.377110880,16.521126549,0.809105540,0.246530685,0.999544539,0.378118322,0.210203472,0.880377282,0.429495773,0.238765216,1.000000000,0.129857313,0.140978170
99,100,0.591173829,0.917545566,1.000000000,13.419050488,5.770912249,23.027762081,1.222696977,0.286549120,0.999473298,0.559916110,0.227027220,0.912450253,0.613640150,0.248810518,1.000000000,0.177733109,0.089525377
100,101,0.474244945,1.000000000,0.855839203,13.493312640,4.759242897,21.519127998,1.210830931,0.263532722,0.855720495,0.582445906,0.219932007,0.706666064,0.824216608,0.311224804,1.000000000,0.151943060,0.198494055
101,102,0.386646269,1.000000000,0.785741724,10.435112175,4.408377895,19.801583150,1.152285918,0.234081571,0.786020504,0.531277782,0.204749212,0.666830952,0.796720339,0.307048153,1.000000000,0.134917899,0.205147966
102,103,0.396441045,1.000000000,0.740149453,9.427336304,4.769186980,15.966171526,1.077246415,0.319401494,0.739942589,0.482698969,0.254125415,0.587526929,0.821577608,0.432534073,1.000000000,0.197073642,0.288150383
103,104,0.354307448,1.000000000,0.633701529,8.525183230,4.001946165,17.781504488,1.059090252,0.293940619,0.634978106,0.463458991,0.238527977,0.490316592,0.945223961,0.486477474,1.000000000,0.148274364,0.351030297
104,105,0.437582007,1.000000000,0.949716349,9.491519581,4.500221640,19.004771521,1.008335489,0.429248203,0.949714664,0.457085047,0.338181400,0.612836947,0.745850995,0.551829327,1.000000000,0.186321625,0.455993790
105,106,0.581210452,1.000000000,0.884893967,10.488324473,5.615697220,18.741620498,1.004529580,0.576666645,0.884908194,0.446327775,0.439096826,0.593268816,0.752319627,0.740131310,1.000000000,0.221821064,0.535046098
106,107,0.564846886,1.000000000,0.882810368,10.614034410,4.947759230,16.641733460,0.990058946,0.574474382,0.883123926,0.453580371,0.423145193,0.552284436,0.821280379,0.766172584,1.000000000,0.195510808,0.528181509
107,108,0.651501237,0.977703018,1.000000000,11.556574549,6.000474225,18.107194390,0.979982649,0.649182474,1.000039132,0.413159855,0.537007572,0.592659526,0.697128513,0.906097933,1.000000000,0.276908328,0.513011184
108,109,0.700458460,0.960948754,1.000000000,11.058762999,5.940788721,20.188463797,0.958359235,0.700758492,1.002289487,0.406246429,0.555822079,0.576286068,0.704938835,0.964489878,1.000000000,0.248926082,0.627467748
109,110,0.548027193,1.000000000,0.802029614,12.554291842,4.677000417,17.953431025,1.003327737,0.543665160,0.803063910,0.395527893,0.439319442,0.439617463,0.899709238,0.999322090,1.000000000,0.199028033,0.648767315
110,111,0.527573335,1.000000000,0.647291837,11.692632028,5.241289287,15.380530843,0.993418211,0.533804427,0.647642534,0.401532050,0.404979627,0.404891555,0.991487036,1.000000000,0.999782528,0.199069385,0.645211680
111,112,0.407824831,1.000000000,0.780371864,11.557007449,4.556768796,14.097768171,0.994598245,0.412782290,0.780816161,0.476251770,0.314684713,0.537292895,0.886391341,0.585685602,1.000000000,0.183788945,0.428442507
112,113,0.371316037,1.000000000,0.730263359,9.976932946,4.235442502,12.629695089,0.997806768,0.373590592,0.730182036,0.519875487,0.283095231,0.550126482,0.945010837,0.514600260,1.000000000,0.190004246,0.373982447
113,114,0.321972436,1.000000000,0.651227643,9.054085142,4.125760719,11.116788244,0.999083564,0.322258835,0.651857680,0.581084526,0.249901139,0.512060061,1.000000000,0.430059876,0.881214415,0.169824715,0.345722052
114,115,0.389705071,1.000000000,0.569999513,8.840857982,4.637362118,10.979006343,0.992769740,0.398062071,0.568872774,0.564275983,0.269618957,0.439710019,1.000000000,0.477813987,0.779246383,0.173835400,0.430684135
115,116,0.454143457,1.000000000,0.602854606,10.392848382,5.570836139,15.635049919,0.992586351,0.461195540,0.603216173,0.569458876,0.316897534,0.438994093,1.000000000,0.556488882,0.770896919,0.180349668,0.517673035
116,117,0.460226475,1.000000000,0.872829188,11.605840185,5.583919553,19.650138109,0.987116225,0.472047961,0.873891477,0.591373492,0.380243698,0.546702581,1.000000000,0.642984008,0.924462439,0.219049213,0.509735107
117,118,0.492150427,1.000000000,0.615621784,10.197105150,5.197361113,21.937157374,0.983968429,0.507379111,0.616424671,0.541766816,0.365515542,0.410716372,1.000000000,0.674673184,0.758105444,0.183705223,0.621516744
118,119,0.607058553,1.000000000,0.744865317,12.582398552,6.164774500,22.301609890,1.003028766,0.603191532,0.745703571,0.520670909,0.415851841,0.483194373,1.000000000,0.798684609,0.928022604,0.190152953,0.556070755
119,120,0.437291569,1.000000000,0.834880565,12.575728698,4.947806577,15.488846591,0.996846685,0.440748658,0.834576791,0.540313258,0.303972966,0.543270057,0.994557403,0.559524608,1.000000000,0.174358431,0.439389348
120,121,0.381379232,1.000000000,0.669219932,11.412255603,4.591184212,13.677507609,0.991452542,0.390278588,0.668868034,0.553090650,0.254657625,0.475540021,1.000000000,0.460426560,0.859786765,0.158602703,0.421062510
121,122,0.382238553,1.000000000,0.903045667,11.973435254,4.462790910,13.813202226,0.994625342,0.388416388,0.902242491,0.594507979,0.284012375,0.626528661,0.948891913,0.453311066,1.000000000,0.194800924,0.339757914
122,123,0.343332972,1.000000000,0.928721910,12.057498208,4.306285394,10.215875578,0.996561481,0.347883614,0.927609786,0.676013790,0.246709458,0.728104054,0.928457665,0.338838187,1.000000000,0.182935843,0.266758213
123,124,0.331191888,1.000000000,0.900123654,11.471692702,4.207757760,11.257490071,0.991224817,0.341023174,0.899067552,0.668964339,0.239403626,0.737386910,0.907209405,0.324664872,1.000000000,0.186961176,0.211070763
124,125,0.347248377,0.982161614,1.000000000,11.082505213,3.767718364,11.680706366,0.975539292,0.355744824,0.998125876,0.607707943,0.240194658,0.839011757,0.724313978,0.286282827,1.000000000,0.197881625,0.190363456
125,126,0.313878008,1.000000000,0.841221869,10.313584430,4.129507734,10.533714772,0.996434771,0.319355002,0.839310104,0.708063081,0.216716489,0.655368722,1.000000000,0.306069466,0.925579570,0.178873466,0.246154021
126,127,0.368923052,1.000000000,0.682509166,9.394892057,4.753544258,11.086534234,0.989858733,0.379249203,0.682324283,0.708615745,0.253063558,0.557192367,1.000000000,0.357123815,0.786311017,0.213999160,0.300284960
127,128,0.410240885,1.000000000,0.989587109,10.891887599,6.114750626,11.038215224,0.989631810,0.421749916,0.988446268,0.751346895,0.280382762,0.737848948,1.000000000,0.373173515,0.982035000,0.230648918,0.291521408
128,129,0.386012191,0.884502130,1.000000000,12.082824070,6.014430950,9.764201099,0.878811023,0.393340983,0.998362315,0.702105105,0.280100757,0.717867773,0.978042380,0.390184331,1.000000000,0.234296835,0.279652441
129,130,0.538555810,1.000000000,0.923439683,12.983204807,7.727531469,12.473610190,0.983465373,0.555346044,0.923184075,0.733391788,0.365691204,0.616679391,1.000000000,0.498630077,0.840859417,0.252975741,0.538719380
130,131,0.489645144,0.891921612,1.000000000,12.668352240,7.894820321,15.762128245,0.874748608,0.505946606,1.000871541,0.641033401,0.372113839,0.664784724,0.964272158,0.559750888,1.000000000,0.274382538,0.453160855
131,132,0.550710145,0.868741966,1.000000000,12.438741109,9.628924034,14.940121430,0.859092393,0.560042227,1.000317491,0.588929773,0.413987784,0.659355194,0.893190467,0.627867632,1.000000000,0.307758798,0.578396630
132,133,0.519819885,0.787747706,1.000000000,11.105387209,6.976691923,14.831398100,0.780517398,0.528174855,0.998875337,0.480884517,0.391749450,0.655709061,0.733380923,0.597444008,1.000000000,0.293324002,0.477028034
133,134,0.473460428,0.783796726,1.000000000,10.408461528,6.468081306,16.290048694,0.777588497,0.480151007,0.999517649,0.428992265,0.383824200,0.685154262,0.626125077,0.560201142,1.000000000,0.297733664,0.340958634
134,135,0.408727010,0.874009520,1.000000000,9.797300639,6.564063495,14.779309050,0.871612842,0.411273244,0.999850444,0.496495292,0.314130446,0.750852391,0.661242207,0.418365114,1.000000000,0.250173880,0.236919994
135,136,0.447985864,0.926254405,1.000000000,9.587009099,7.588376756,15.763177132,0.921762780,0.454359951,0.998117538,0.546053632,0.354553489,0.749731044,0.728332696,0.472907574,1.000000000,0.288273917,0.287725878
136,137,0.439532344,1.000000000,0.728232988,9.251949511,6.657015176,17.721712073,1.011877785,0.429953461,0.725934085,0.584289650,0.318258726,0.581326141,1.000000000,0.544693417,0.994928014,0.271911118,0.349710918
137,138,0.414555335,1.000000000,0.878338937,9.077435966,6.638704972,16.578666979,1.022491773,0.392600324,0.877802175,0.582312168,0.307482767,0.661900209,0.879758248,0.464545506,1.000000000,0.253564456,0.321446526
138,139,0.414403184,1.000000000,0.894491745,9.619233314,6.227550222,17.019439732,1.001327871,0.413141221,0.894425838,0.558136949,0.292304128,0.737871437,0.756414900,0.396145064,1.000000000,0.238118095,0.252590071
139,140,0.494531651,1.000000000,0.955317870,9.990174646,6.864467550,15.090563083,0.995014743,0.498527741,0.956307037,0.556120708,0.363404792,0.782159576,0.711006712,0.464617199,1.000000000,0.282304960,0.336875044
140,141,0.498548552,0.938955154,1.000000000,10.851401152,7.491604791,15.428608469,0.930120768,0.506470003,1.000912935,0.541377892,0.387191558,0.781958623,0.692335728,0.495156070,1.000000000,0.295979243,0.336475629
141,142,0.465357400,1.000000000,0.815991853,10.510318867,7.568885957,13.847316281,0.988782507,0.476204408,0.816362338,0.599751029,0.370032116,0.610181791,0.982905484,0.606429300,1.000000000,0.284038139,0.401249579
142,143,0.422620734,1.000000000,0.881763616,11.256466827,6.673874517,14.520049420,0.992544364,0.430595673,0.881244314,0.600819553,0.323047643,0.654508677,0.917970340,0.493572742,1.000000000,0.249806959,0.360858438
143,144,0.401902019,0.852011001,1.000000000,10.579430509,7.188162026,12.793342141,0.845092545,0.408174961,1.000645513,0.504693578,0.313577306,0.788689687,0.639914007,0.397592756,1.000000000,0.252071741,0.264385081
144,145,0.392389248,0.956035685,1.000000000,10.211003980,6.397039121,14.665211334,0.942591020,0.405502052,1.000331861,0.591148395,0.297103632,0.786900264,0.751236748,0.377561993,1.000000000,0.227912138,0.266046342
145,146,0.405968459,0.985119327,1.000000000,11.090984979,7.305969892,13.658646998,0.972047294,0.419666767,0.999373724,0.605982354,0.320680173,0.705954474,0.858387299,0.454250501,1.000000000,0.241948893,0.343124250
146,147,0.414865891,1.000000000,0.885426432,11.054744839,6.498970000,15.557289566,0.978916855,0.436951250,0.884424218,0.546068998,0.319320570,0.644781882,0.846904997,0.495238125,1.000000000,0.218540283,0.359735689
147,148,0.365136150,1.000000000,0.952553953,10.629696312,5.885156127,18.535109058,0.987959364,0.377424485,0.952306255,0.555286344,0.275825268,0.729357698,0.761336097,0.378175577,1.000000000,0.203055085,0.312161315
148,149,0.375631196,1.000000000,0.933783431,10.964415825,6.798854382,16.147174388,0.991370765,0.384046482,0.933997379,0.642763448,0.287969710,0.691997600,0.928852135,0.416142643,1.000000000,0.221116061,0.322238497
149,150,0.368139953,1.000000000,0.863107014,10.731416557,5.988713212,15.119542660,0.992384021,0.375525798,0.863337148,0.613654364,0.280564205,0.641877472,0.956030381,0.437099318,1.000000000,0.205025927,0.335232452
150,151,0.367830119,1.000000000,0.965303182,10.841748715,5.423554610,16.229471495,0.979462586,0.387424256,0.966246459,0.587720776,0.266692347,0.754792563,0.778652049,0.353331976,1.000000000,0.194293115,0.277200495
151,152,0.360049279,1.000000000,0.920713394,11.422272965,5.430497212,17.052552973,0.978294334,0.381109949,0.921358390,0.636218588,0.257907131,0.675245257,0.942203712,0.381945861,1.000000000,0.185005260,0.294687953
152,153,0.436986799,1.000000000,0.743671587,11.614799224,6.545355067,20.321088140,0.984714304,0.451702090,0.744241993,0.593740663,0.328365110,0.556020253,1.000000000,0.553044672,0.936469889,0.240956301,0.432361611
153,154,0.383471016,1.000000000,0.859977352,10.496510876,6.565949668,18.226138538,0.985628969,0.397326105,0.860493294,0.588724073,0.300332486,0.609866950,0.965331985,0.492455750,1.000000000,0.235308282,0.345823079
154,155,0.374559784,1.000000000,0.982362858,11.502657438,7.178952799,14.517449890,0.991031416,0.382663339,0.983227887,0.605258515,0.278195403,0.654152088,0.925256567,0.425276336,1.000000000,0.214125066,0.304160933
155,156,0.409619377,1.000000000,0.924519719,12.335165262,7.111499352,15.710368264,0.974840680,0.433781661,0.925516755,0.580835731,0.316671955,0.623337196,0.931816255,0.508026727,1.000000000,0.222927487,0.341714124
156,157,0.329780718,1.000000000,0.794713204,10.235383433,5.339018377,18.575788181,0.981428538,0.348077328,0.794988056,0.617627061,0.251083517,0.522796458,1.000000000,0.406529332,0.846459766,0.185184031,0.326694125
157,158,0.326467364,1.000000000,0.785373580,11.547561595,5.626260257,18.420632554,0.973115679,0.352986465,0.785738800,0.622564855,0.251900118,0.521693536,1.000000000,0.404616669,0.837974601,0.175043961,0.332201281
158,159,0.307663171,1.000000000,0.772345530,11.982767977,4.811175744,17.360611973,0.976533987,0.330886231,0.772588483,0.652789752,0.252234062,0.481995438,1.000000000,0.386394028,0.738362446,0.183039357,0.353061238
159,160,0.369472759,1.000000000,0.995217067,13.673749182,7.101964926,16.287794895,0.987326506,0.382993010,0.994370311,0.624111742,0.253507832,0.671288074,0.929722673,0.377643879,1.000000000,0.202713858,0.233760207
160,161,0.324633797,1.000000000,0.886075698,14.106087323,5.233596580,17.400895397,0.984763720,0.339862422,0.886083352,0.638891730,0.205733267,0.581847890,1.000000000,0.322015855,0.910714387,0.150848811,0.285344082
161,162,0.346464796,1.000000000,0.947347437,13.047379348,5.215829913,18.292829553,0.980606818,0.365895530,0.947309885,0.681622542,0.252346042,0.610992246,1.000000000,0.370213757,0.896379166,0.187981297,0.284807559
162,163,0.335635101,1.000000000,0.915563389,13.560294276,5.166257394,17.810829897,0.987196036,0.348904362,0.915098093,0.720844173,0.248065703,0.647606398,1.000000000,0.344132216,0.898399991,0.201824044,0.237334007
163,164,0.333322767,0.969200980,1.000000000,13.434288371,4.834689650,16.119103240,0.955928709,0.346238072,1.000356966,0.692753386,0.238315354,0.673688104,1.000000000,0.344011821,0.972478977,0.185834347,0.244573259
164,165,0.331463907,1.000000000,0.881456902,11.250417848,4.783097462,17.971501004,0.992094760,0.339191488,0.881634561,0.689366867,0.234612871,0.601079726,1.000000000,0.340330936,0.871930106,0.194438277,0.232391469
165,166,0.275320016,1.000000000,0.756587014,10.440466900,4.122916468,14.413926920,0.991905928,0.283399340,0.756601762,0.712949606,0.187008586,0.586053436,1.000000000,0.262302671,0.822012427,0.158745676,0.155190830
166,167,0.329059742,1.000000000,0.794028777,11.537969046,5.647729165,12.956049199,0.989378431,0.340172489,0.793537600,0.726551434,0.237344147,0.590382950,1.000000000,0.326672188,0.812582458,0.202383220,0.155312044
167,168,0.318403038,0.924783433,1.000000000,11.664132276,4.946847907,13.483572647,0.915111015,0.327915804,1.000159652,0.685206583,0.231707554,0.698420875,0.981079758,0.331759204,1.000000000,0.198909213,0.162178227
168,169,0.300988920,0.915304626,1.000000000,11.609334477,4.897656684,14.203852029,0.906035052,0.309968191,1.000290303,0.665838814,0.218143271,0.733641603,0.907580501,0.297343103,1.000000000,0.187617593,0.174133182
169,170,0.256877460,0.951836269,1.000000000,12.614727478,4.615196515,14.824481424,0.940114038,0.268776549,0.999823143,0.677757510,0.185189373,0.783066899,0.865516741,0.236492403,1.000000000,0.158485018,0.133332588
170,171,0.276837818,1.000000000,0.977251620,13.548921423,4.235260973,16.970085218,0.984733569,0.292391872,0.976963996,0.691333266,0.194863374,0.799925881,0.864246654,0.243601786,1.000000000,0.163020401,0.146330100
171,172,0.287006057,1.000000000,0.862200857,13.146123985,5.094819440,16.107954502,0.977722358,0.308674468,0.862810088,0.726647807,0.216517172,0.641832213,1.000000000,0.297967144,0.883278263,0.171219503,0.182948343
172,173,0.310450270,1.000000000,0.963882869,13.419677177,4.999366724,17.470688322,0.985644337,0.324282420,0.964406382,0.686929779,0.216432807,0.645360732,1.000000000,0.315072680,0.939485740,0.169362038,0.196530371
173,174,0.315678170,1.000000000,0.982805930,16.098384388,5.241959551,16.459731277,0.991011322,0.324872239,0.982600539,0.621623016,0.249188954,0.708554980,0.877310913,0.351686123,1.000000000,0.204349969,0.186912005
174,175,0.289912736,1.000000000,0.857398777,16.282468711,4.604547921,16.487783558,0.986907136,0.303597697,0.856806680,0.695117620,0.224968207,0.783095210,0.887654032,0.287280786,1.000000000,0.192935673,0.092170012
175,176,0.287628787,0.986769935,1.000000000,14.738276029,4.492824568,14.901180153,0.967556623,0.307177306,0.999664792,0.675274205,0.227826168,0.894575506,0.754854341,0.254675169,1.000000000,0.182705902,0.074924175
176,177,0.294313053,1.000000000,0.842883343,11.332404936,4.281522866,16.902482963,0.994153718,0.299970105,0.843072572,0.660046805,0.224353841,0.634708344,1.000000000,0.339905957,0.961611114,0.183949894,0.200099474
177,178,0.326286839,1.000000000,0.706686967,10.351714859,4.490272975,17.478654303,0.989741217,0.336154411,0.707078179,0.669458543,0.241531691,0.478659226,1.000000000,0.360786629,0.714994574,0.194404759,0.331556533
178,179,0.320609281,1.000000000,0.784259451,11.443383352,4.868138690,16.858769391,0.992059857,0.329026389,0.783782486,0.680425778,0.230593910,0.552099974,1.000000000,0.338896492,0.811403671,0.194441012,0.271049444
179,180,0.351508495,1.000000000,0.890409856,12.381450332,5.111446360,17.366851075,0.996785718,0.355089634,0.890042998,0.631462954,0.253205769,0.610372173,1.000000000,0.400982777,0.966600130,0.206839887,0.297666300
180,181,0.406149910,1.000000000,0.745999932,12.502132695,5.429686126,18.419802726,1.001703135,0.404826689,0.745620018,0.620960419,0.287599794,0.556864451,1.000000000,0.463153181,0.896779302,0.245714974,0.285752035
181,182,0.361240879,1.000000000,0.610098059,10.953958712,5.764152855,19.153625977,1.025902390,0.336446688,0.608989861,0.573879468,0.260324116,0.431345061,1.000000000,0.453621588,0.751630063,0.228066450,0.311588830
182,183,0.343466750,1.000000000,0.601830278,11.740087688,5.098531287,16.976481975,0.999744321,0.344186448,0.601366259,0.638382276,0.252587743,0.455911155,1.000000000,0.395668478,0.714166374,0.227091050,0.246859688
183,184,0.355094489,1.000000000,0.847124086,12.909147810,5.699289823,17.919993155,1.001299941,0.355124801,0.845793833,0.605225525,0.253155687,0.642433818,0.942082295,0.394057224,1.000000000,0.221557302,0.237096710
184,185,0.440771189,1.000000000,0.928505612,12.888716694,6.464404149,20.210340008,1.011179640,0.430967349,0.927129812,0.583460287,0.323304447,0.625546872,0.932720333,0.516834887,1.000000000,0.258621282,0.376761394
185,186,0.424248608,1.000000000,0.899511521,12.684937099,5.918053461,22.389030196,1.012353306,0.411854073,0.899552750,0.603072138,0.309930013,0.615378480,0.980001995,0.503641293,1.000000000,0.242852699,0.395373803
186,187,0.394777152,1.000000000,0.893656122,14.925388762,5.755414571,22.096732746,1.025037955,0.370080320,0.893314999,0.574705149,0.298040317,0.556560423,1.000000000,0.518596914,0.968427766,0.224978251,0.422282749
187,188,0.438602507,1.000000000,0.928354258,14.505454927,6.612950652,19.101295483,1.035350110,0.404141252,0.927465403,0.609052021,0.312023080,0.588998840,1.000000000,0.512309407,0.967074766,0.238742331,0.418753780
188,189,0.413001929,1.000000000,0.883376727,18.025667678,6.962421034,22.902082221,1.040045665,0.376430659,0.879902332,0.571956267,0.290937520,0.582437575,0.982004410,0.499517086,1.000000000,0.231829854,0.376654968
189,190,0.386490642,1.000000000,0.749917761,17.019703499,6.093355716,21.970349862,1.037429019,0.351808610,0.747170774,0.587329614,0.273481967,0.474178096,1.000000000,0.465636263,0.807345798,0.200187102,0.443427729
190,191,0.369200236,1.000000000,0.894222191,17.698896716,5.623555634,21.438717539,1.037180726,0.334612059,0.891629642,0.587568127,0.243576408,0.647036327,0.908091405,0.376449355,1.000000000,0.198928442,0.297711573
191,192,0.407786239,1.000000000,0.989268225,18.949166615,6.421483599,23.838952121,1.019451430,0.389705427,0.987897607,0.602636490,0.300870655,0.719922409,0.837085334,0.417920947,1.000000000,0.248221744,0.313054360
192,193,0.314883722,0.849556733,1.000000000,17.317240806,5.339136276,22.807568282,0.873090850,0.292152243,0.999197362,0.497418995,0.213922652,0.753196022,0.660411075,0.284019891,1.000000000,0.181109295,0.230106453
193,194,0.340527083,0.861243181,1.000000000,16.319025394,5.566546176,21.554629020,0.888256668,0.313958644,0.999554952,0.541686413,0.239478617,0.787264075,0.688061897,0.304190963,1.000000000,0.216465317,0.197208038
194,195,0.273767814,0.737091576,1.000000000,16.685754434,5.133458691,16.061517466,0.741319029,0.269827968,0.999712393,0.458301523,0.196424470,0.832359815,0.550605057,0.235985047,1.000000000,0.182352891,0.128817177
195,196,0.331188966,0.761982667,1.000000000,15.893897463,6.055575276,15.489469061,0.762846207,0.331113535,0.999211890,0.484490891,0.242821899,0.849389687,0.570398838,0.285878087,1.000000000,0.232302201,0.117837801
196,197,0.312069719,0.581327141,1.000000000,15.185074006,5.775631029,12.892537034,0.584585725,0.309821487,0.998989648,0.362541393,0.229902312,0.826774335,0.438501024,0.278071418,1.000000000,0.214644160,0.138029339
197,198,0.507739281,0.841391451,1.000000000,16.508878187,7.948521947,24.649796105,0.857363041,0.492119982,0.999647709,0.553715950,0.328659585,0.883407035,0.626795949,0.372036414,1.000000000,0.316433941,0.084369598
198,199,0.618861611,0.958068078,0.851344694,16.590261567,9.519596914,30.000000000,1.009360114,0.567625598,0.851288671,0.655058392,0.406421203,0.622157995,1.000000000,0.620435075,0.949774865,0.366207433,0.458463345
199,200,0.726399586,0.823420076,0.715072575,13.564955372,12.510729877,30.000000000,0.935107674,0.615890832,0.713893730,0.568245226,0.436779680,0.501638231,1.000000000,0.768646457,0.882784769,0.330568848,0.665894551
200,201,0.766838057,0.765031333,0.750982441,14.830208249,11.692818724,30.000000000,0.940997285,0.590534946,0.751319600,0.612840539,0.422017386,0.498042866,1.000000000,0.688625113,0.812679375,0.312427040,0.776021934
201,202,0.648103281,0.618335253,1.000000000,17.569862069,12.048804110,19.990684903,0.783700144,0.481497703,1.001240687,0.538818908,0.342055051,0.616183002,0.874446237,0.555119257,1.000000000,0.293296614,0.254203096
202,203,0.687874588,0.872774811,0.937801007,21.207665536,10.640215361,30.000000000,0.982680729,0.577841506,0.937928171,0.658506331,0.378076365,0.600578273,1.000000000,0.574142340,0.912031130,0.281701465,0.608987398
203,204,0.603285458,0.638185755,0.835001617,16.233542664,9.317137530,30.000000000,0.741552455,0.500660162,0.834260213,0.488964027,0.313075869,0.575650795,0.849410842,0.543864217,1.000000000,0.278738414,0.503589888
204,205,0.591455810,0.586858903,0.759439847,13.725208017,9.699386143,30.000000000,0.611598521,0.567394082,0.758761958,0.449801602,0.372971093,0.517676787,0.868885013,0.720470964,1.000000000,0.301283313,0.654954052
205,206,0.504770160,0.576851729,1.000000000,19.335876508,9.044646121,20.157319484,0.593917179,0.488414228,0.999290482,0.439114358,0.378226285,0.664808621,0.660512431,0.568925061,1.000000000,0.294619221,0.461077494
206,207,0.619240486,0.548456938,1.000000000,16.279966174,9.877316722,24.939665141,0.642943834,0.526530767,0.998222822,0.462847294,0.368194990,0.723885470,0.639392988,0.508637078,1.000000000,0.345063863,0.056240450
207,208,0.520942579,0.498865729,1.000000000,15.493058511,7.888711843,18.547485935,0.555444810,0.465646695,0.998716803,0.429406263,0.356197095,0.675960582,0.635253408,0.526949506,1.000000000,0.303552301,0.432017414
208,209,0.509265831,0.412976956,1.000000000,13.835098430,8.234048362,15.664508077,0.517820767,0.405368306,0.999053714,0.371378664,0.296201643,0.731139102,0.507945291,0.405123515,1.000000000,0.274387400,0.136945133
209,210,0.509675341,0.484252263,1.000000000,14.866620679,9.032908879,16.923002279,0.500211394,0.493988736,0.999727474,0.412425973,0.331285343,0.715123324,0.576720070,0.463256242,1.000000000,0.316396326,0.180571751
210,211,0.536450686,0.519650435,1.000000000,15.217740860,10.129458232,16.240505580,0.528350053,0.528948949,0.998802119,0.438514300,0.355044385,0.721612029,0.607687071,0.492015614,1.000000000,0.323939682,0.364956291
211,212,0.558709697,0.584086982,1.000000000,14.508257658,9.622451977,14.788473264,0.538487590,0.602102743,1.002206347,0.449820184,0.410223069,0.727264556,0.618509702,0.564063057,1.000000000,0.372809785,0.450698915
212,213,0.632390806,0.596329407,1.000000000,14.865183023,8.919446678,12.841720522,0.577431560,0.650883507,1.000405146,0.483666450,0.423846750,0.655834139,0.737482881,0.646271252,1.000000000,0.381577829,0.271558288
213,214,0.533292472,0.549732643,1.000000000,11.589011071,7.117615070,11.653600965,0.489309687,0.592040401,1.001675026,0.421446585,0.373123741,0.642406725,0.656043233,0.580821661,1.000000000,0.320498188,0.490888557
214,215,0.776216740,0.826986939,1.000000000,14.194352095,8.730309087,14.608411123,0.726135050,0.873264577,1.003804052,0.589922925,0.572967823,0.661062506,0.892386000,0.866737742,1.000000000,0.406025983,0.689534916
215,216,0.873958363,0.908978520,1.000000000,15.337636294,8.508487308,14.376835184,0.813152060,0.960252982,1.009531842,0.676458665,0.645663691,0.644095347,1.000000000,0.954476194,0.952157730,0.398575650,0.750848552
216,217,0.916813131,0.938967016,1.000000000,17.136954522,9.567451256,15.238371547,0.882492873,0.967465917,1.005821357,0.693192397,0.604917827,0.682071849,1.000000000,0.872655022,0.983957486,0.407287428,0.732557237
217,218,0.769337088,0.893435042,1.000000000,15.603993444,8.390575588,13.966426857,0.760466918,0.898030865,1.004274346,0.605108600,0.582729051,0.669352192,0.904021243,0.870586603,1.000000000,0.351537074,0.660516315
218,219,0.696177588,0.836144523,1.000000000,15.271439803,7.412183380,13.973896228,0.688111552,0.843886108,1.000324451,0.553958754,0.582634391,0.654909732,0.845855126,0.889640759,1.000000000,0.314668765,0.637409033
219,220,0.573421027,0.770696677,1.000000000,14.491396091,6.333303651,11.787079816,0.587662608,0.758598088,0.997857008,0.449891475,0.490967826,0.681991838,0.659672815,0.719902789,1.000000000,0.274329942,0.514824185
220,221,0.753910057,1.000000000,0.998493093,19.002741883,7.927435857,15.111767782,0.757178752,0.994191021,1.001033378,0.577782269,0.721408685,0.730966912,0.790435599,0.986923858,1.000000000,0.331222357,0.598842680
221,222,0.780041480,0.909446224,1.000000000,17.431088190,9.237350701,15.977567948,0.777656228,0.909988019,1.001843457,0.614185419,0.635540297,0.733365970,0.837488298,0.866607291,1.000000000,0.358264393,0.625380797
222,223,0.572140763,0.786774453,1.000000000,16.808910268,8.093783571,12.067141638,0.575941807,0.784123785,0.998849624,0.439759721,0.579857274,0.687253960,0.639879500,0.843730713,1.000000000,0.262827947,0.513958361
223,224,0.502857720,0.767880021,1.000000000,15.546293183,6.898181576,13.085328491,0.508846628,0.762005304,0.999885810,0.364539941,0.589733090,0.753674353,0.483683623,0.782477323,1.000000000,0.225939959,0.427160944
224,225,0.634180250,0.933319416,1.000000000,21.337826663,9.229324945,16.067478422,0.637206821,0.931755099,0.998537746,0.485181990,0.708877526,0.694384598,0.684436976,1.000000000,0.979555102,0.262213193,0.566486969
225,226,0.641204389,1.000000000,0.886000464,18.926932878,9.506874434,17.736028850,0.649805195,0.993102440,0.884297218,0.471932459,0.751224265,0.657455474,0.628217805,1.000000000,0.875178698,0.241255650,0.583692856
226,227,0.618203867,0.933519068,1.000000000,19.905183766,9.087602675,17.701088703,0.635650322,0.917330079,0.998742533,0.469632842,0.680035574,0.687945691,0.682659763,0.988501829,1.000000000,0.250315027,0.535688526
227,228,0.676542147,0.982023780,1.000000000,23.061934586,11.365385133,21.368455317,0.679627295,0.975911973,1.003026658,0.500755340,0.731274412,0.690738393,0.684770766,1.000000000,0.944567977,0.275662781,0.576970112
228,229,0.639683195,1.000000000,0.805924360,21.843960868,8.533731768,18.819238368,0.638813438,0.995901643,0.810892475,0.479985038,0.788021902,0.565125432,0.609101140,1.000000000,0.717144322,0.224998581,0.650590133
229,230,0.618940887,1.000000000,0.950677229,20.296393417,9.874522392,19.159938578,0.632380400,0.987001255,0.950236462,0.462622114,0.797346839,0.654348144,0.580201853,1.000000000,0.820656848,0.259910179,0.550260635
230,231,0.550788810,1.000000000,0.931235603,20.438686909,8.343294895,18.942983740,0.559454793,0.992271932,0.930297687,0.412162030,0.815054195,0.666491305,0.505686655,1.000000000,0.817726366,0.238728872,0.511207090
231,232,0.575694856,1.000000000,0.845214917,21.537039441,8.476442584,18.578608199,0.576488633,0.999304320,0.845116820,0.405596762,0.807366628,0.683062870,0.502369986,1.000000000,0.846038028,0.267458009,0.468344121
232,233,0.521209160,0.820796502,1.000000000,18.934724698,7.973069659,14.778856503,0.524895639,0.820537486,0.996572537,0.394587344,0.708648187,0.770313741,0.512242380,0.919947483,1.000000000,0.268366889,0.437090294
233,234,0.476527914,0.910254343,1.000000000,19.866201781,7.363794701,16.080261459,0.477125087,0.910186577,0.999470594,0.343121133,0.743889503,0.784921999,0.437140421,0.947724110,1.000000000,0.237922571,0.388097397
234,235,0.548275180,0.971086371,1.000000000,20.401601793,9.168426317,14.881138368,0.557940159,0.964583158,0.996838233,0.431926132,0.833483258,0.797647823,0.518218126,1.000000000,0.957005213,0.321680854,0.403189465
235,236,0.521316229,0.835771137,1.000000000,18.801365476,7.639077224,16.372715730,0.512091342,0.845701680,0.999294344,0.368923818,0.682301637,0.844598388,0.436803839,0.807841510,1.000000000,0.286898261,0.354245079
236,237,0.501087849,0.890011860,1.000000000,17.757026180,8.147089783,14.737520176,0.502716921,0.889622267,0.998760522,0.369935620,0.757747059,0.867486350,0.426445465,0.873497386,1.000000000,0.292847758,0.331040763
237,238,0.441618490,0.846974182,1.000000000,19.469531795,7.480411363,13.956551616,0.444091859,0.844599964,0.999900849,0.288482288,0.699739273,0.806385303,0.357747453,0.867748049,1.000000000,0.213862052,0.311086827
238,239,0.425572545,0.876284135,1.000000000,16.852664108,7.389585520,12.502202899,0.433221998,0.871690266,0.996944416,0.295594551,0.768397703,0.867853929,0.340604036,0.885399809,1.000000000,0.217610353,0.292761254
239,240,0.413829200,0.807915037,1.000000000,17.484858630,7.995928687,12.190196025,0.422620993,0.802259824,0.996863421,0.274157294,0.680051234,0.875584869,0.313113330,0.776682259,1.000000000,0.211061975,0.240524235
240,241,0.509771008,0.913300192,1.000000000,17.539884918,9.477244355,14.181859932,0.514692336,0.911576019,0.996802846,0.348992757,0.776821108,0.892392424,0.391075437,0.870492720,1.000000000,0.270289546,0.287610731
241,242,0.441214914,0.787909393,1.000000000,15.987799478,7.932887553,11.797223834,0.450574434,0.778290059,1.000259815,0.299325299,0.620096044,0.843066982,0.355043319,0.735524054,1.000000000,0.228215556,0.279631484
242,243,0.630617509,1.000000000,0.978237372,18.185001750,9.918357977,16.702348329,0.638234388,0.993742975,0.976877518,0.420233583,0.771302547,0.820693592,0.512046867,0.939817923,1.000000000,0.299428149,0.401487489
243,244,0.584521862,1.000000000,0.940495898,17.541515663,8.883422496,15.511050858,0.587786570,0.997738483,0.939492707,0.393458065,0.766170128,0.768552920,0.511946614,0.996899638,1.000000000,0.272636527,0.426501799
244,245,0.529678572,0.920609744,1.000000000,16.620730192,7.881546686,14.356328915,0.530865912,0.922306743,0.997115662,0.342894901,0.715426197,0.791993816,0.432951488,0.903322959,1.000000000,0.249215172,0.373412017
245,246,0.518860819,0.999023611,1.000000000,16.460271918,8.001379453,16.274690683,0.511428991,1.008276995,0.998178444,0.350842537,0.744811023,0.775072794,0.452657530,0.960956221,1.000000000,0.250647340,0.394833380
246,247,0.523020393,0.977654679,1.000000000,17.294596876,7.577714143,15.662323839,0.515165850,0.986321986,0.999187237,0.342372040,0.746807650,0.789714542,0.433538984,0.945667846,1.000000000,0.243622070,0.377748614
247,248,0.492653714,1.000000000,0.981918072,17.039128379,6.849783955,13.789241055,0.498362704,0.998024855,0.978184227,0.321240918,0.798750210,0.781280354,0.402179447,1.000000000,0.978128512,0.228921363,0.366487644
248,249,0.480929373,0.977813891,1.000000000,16.178461099,7.020183854,13.112153552,0.481503061,0.980860128,0.996380074,0.319089230,0.792553975,0.813586114,0.392200929,0.974148846,1.000000000,0.241901948,0.344205487
249,250,0.446294546,1.000000000,0.938889587,15.270387599,7.244278333,13.502552224,0.444788005,1.001401367,0.938994762,0.279460157,0.781297929,0.774598274,0.357687057,1.000000000,0.991424968,0.219590240,0.306392654
250,251,0.426759961,1.000000000,0.876056536,16.934955449,6.757387072,13.549276267,0.435449154,0.991161550,0.876205793,0.257945761,0.749910889,0.740874373,0.343968550,1.000000000,0.987949880,0.196938340,0.285138985
251,252,0.450231302,1.000000000,0.869413165,17.274240969,6.594654832,13.325478375,0.446750802,1.000857795,0.872035870,0.263684032,0.801779263,0.760018261,0.328873600,1.000000000,0.947914589,0.206922001,0.293796985
252,253,0.455582422,1.000000000,0.939024520,16.796322436,7.081981848,13.323173320,0.459313327,0.997011952,0.938281664,0.288473103,0.815578927,0.851198101,0.338902427,0.958154073,1.000000000,0.246486915,0.226267825
253,254,0.501863512,0.969394440,1.000000000,16.622761266,8.384990107,14.309199561,0.503664079,0.969097971,0.998495903,0.328320864,0.773910184,0.869076179,0.377781455,0.890497522,1.000000000,0.274809664,0.270606953
254,255,0.511513176,0.961043703,1.000000000,16.834764243,7.819324778,14.212817353,0.504374518,0.969317000,0.998865361,0.340433663,0.755957563,0.829145493,0.410583746,0.911730896,1.000000000,0.273374774,0.317155039
255,256,0.422558896,0.996988956,1.000000000,15.736626336,6.630850302,13.437571736,0.421903908,0.998695357,0.998948586,0.266352810,0.811891743,0.799857403,0.328064440,1.000000000,0.985177408,0.200755610,0.293373162
256,257,0.489358019,1.000000000,0.880327511,13.773699882,8.937214126,13.329379473,0.488007219,1.003448690,0.878229622,0.337186950,0.800199660,0.651248878,0.421378522,1.000000000,0.813857979,0.233867412,0.433715458
257,258,0.590272317,1.000000000,0.823364530,14.588796331,9.908513572,14.583138255,0.594698676,0.996743714,0.822194457,0.436095534,0.786182932,0.624337417,0.554699823,1.000000000,0.794137588,0.308822038,0.520144305
258,259,0.554254803,1.000000000,0.720141989,13.218055778,8.450639612,13.842492689,0.555429741,1.002883044,0.716084007,0.392338496,0.767004229,0.493788633,0.511520643,1.000000000,0.643788670,0.232217667,0.610514096
259,260,0.617624616,0.931520150,1.000000000,15.312292139,9.725534005,13.720544223,0.605195522,0.948841527,0.995107717,0.480029239,0.755111130,0.647400066,0.635706745,1.000000000,0.857357335,0.329238071,0.567361998
260,261,0.714061096,0.922496009,1.000000000,14.320917289,10.352329602,14.832117669,0.702929711,0.941076884,0.992550509,0.566355413,0.770628054,0.644142096,0.734927063,1.000000000,0.835866398,0.383763182,0.645371790
261,262,0.791214606,1.000000000,0.863280167,15.537168958,10.552715444,15.775172097,0.780581007,1.019652457,0.854261309,0.640797460,0.821034256,0.573302815,0.780475913,1.000000000,0.698269056,0.393415439,0.762093986
262,263,0.669523239,1.000000000,0.923221980,13.806319932,9.031576344,14.913244346,0.645265466,1.029193293,0.918286460,0.481513798,0.816983537,0.694037904,0.589380050,1.000000000,0.849512716,0.371407750,0.502213920
263,264,0.595440272,0.887236397,1.000000000,12.333622522,7.307123685,12.390943682,0.584023150,0.900808755,0.997844763,0.451952403,0.780711621,0.777603688,0.578898008,1.000000000,0.996019102,0.367182087,0.413545672
264,265,0.656135112,0.889435598,1.000000000,13.932039625,8.244563847,13.098248475,0.630346708,0.916733367,0.998490635,0.473295572,0.757657119,0.781653250,0.605505794,0.969300797,1.000000000,0.391538112,0.404737352
265,266,0.670005190,0.869397412,1.000000000,13.356282765,8.862450883,13.264392369,0.655847689,0.884526892,0.999028020,0.493491417,0.749507284,0.753601973,0.654843585,0.994566509,1.000000000,0.383519845,0.473190934
266,267,0.673740980,0.909648933,1.000000000,11.700238441,9.233202208,14.571770523,0.668696956,0.913544177,1.001148780,0.498104226,0.792272061,0.779459845,0.628703510,1.000000000,0.983828514,0.395761826,0.456508085
267,268,0.687658520,0.909754723,1.000000000,12.249760361,9.477620018,15.149400720,0.681243501,0.914025046,1.002144695,0.522501254,0.783172366,0.753941316,0.667159972,1.000000000,0.962676096,0.399686958,0.510850342
268,269,0.703322733,1.000000000,0.964922756,12.922577996,9.228226925,14.568437792,0.689637878,1.010638128,0.967969483,0.540199861,0.825722260,0.716926166,0.654214966,1.000000000,0.868241296,0.370947172,0.579680383
269,270,0.653759178,0.865035717,1.000000000,11.871020892,8.424358950,13.458732922,0.651494985,0.862988370,1.004311540,0.496826299,0.709126520,0.694971538,0.700617288,1.000000000,0.980038850,0.339632842,0.565188423
270,271,0.816095074,1.000000000,0.987190659,14.335676208,10.506351673,16.063768504,0.806716838,1.009349215,0.987219679,0.658761821,0.821710470,0.698269568,0.801695786,1.000000000,0.849775674,0.395687245,0.690318118
271,272,0.669132640,0.987392105,1.000000000,12.736386060,8.910562014,14.841954849,0.663643745,0.990313033,1.002567967,0.529061845,0.785451462,0.731500905,0.673576752,1.000000000,0.931312679,0.330253690,0.589020672
272,273,0.586268198,0.842918670,1.000000000,13.353481308,8.768785685,12.244476721,0.583508563,0.845572600,1.000105705,0.487669615,0.678264774,0.726899727,0.670889803,0.933092625,1.000000000,0.346455409,0.525684555
273,274,0.826039646,0.986998141,1.000000000,14.896163266,10.645434935,14.470627367,0.794273890,1.008979397,1.009784500,0.642051698,0.751318733,0.756773271,0.848406943,0.992792374,1.000000000,0.417480398,0.653597240
274,275,0.715747638,0.928755670,1.000000000,13.673034641,8.146941301,13.548860886,0.715126382,0.929782259,0.999594667,0.578354717,0.726307490,0.717911043,0.796294578,1.000000000,0.988439542,0.368733390,0.617861559
275,276,0.698449230,0.902283067,1.000000000,14.220248931,8.221126937,13.748631475,0.695591856,0.907681688,0.997458753,0.592513757,0.668768793,0.706329683,0.838862887,0.946822438,1.000000000,0.365337747,0.635076769
276,277,0.684449911,0.914750466,1.000000000,15.259574420,8.109422110,14.260994620,0.678751592,0.917121994,1.003326792,0.549504032,0.692413339,0.714471779,0.769105300,0.969126225,1.000000000,0.324848736,0.623742780
277,278,0.575770887,0.838713017,1.000000000,13.163039821,6.387163665,12.088628370,0.585923321,0.830983800,0.997576783,0.488375849,0.645547032,0.710185594,0.687673551,0.908983564,1.000000000,0.289150810,0.561013691
278,279,0.653313352,1.000000000,0.860333960,16.520593576,7.159523550,13.673493347,0.663001884,0.990037490,0.860607938,0.531427392,0.761107171,0.630025262,0.698229385,1.000000000,0.827774703,0.270538537,0.642740435
279,280,0.610235805,0.958270915,1.000000000,14.081229821,6.892393301,11.972666316,0.614164264,0.956787269,0.997555187,0.496682053,0.723245501,0.778601768,0.637915394,0.928902978,1.000000000,0.314973040,0.524792493
280,281,0.600986442,0.899910479,1.000000000,12.997486550,7.456774979,11.928823575,0.613349832,0.894458309,0.993088780,0.524058653,0.707566034,0.728230904,0.719632537,0.971623189,1.000000000,0.316123658,0.562408432
281,282,0.560022995,0.896827852,1.000000000,12.558343125,7.332176121,11.124971358,0.588008092,0.874738562,0.994104192,0.508832340,0.649956945,0.715217305,0.711437399,0.908754501,1.000000000,0.261339384,0.537270456
282,283,0.619174584,1.000000000,0.781555504,13.267131756,9.406372897,12.022819991,0.664592791,0.965653038,0.770484258,0.526547043,0.692079070,0.473937216,0.760819198,1.000000000,0.684802123,0.196808567,0.720937267
283,284,0.620568373,0.998617259,1.000000000,15.702486807,9.510191064,13.200966720,0.647431448,0.981686643,0.990067541,0.526227686,0.705527962,0.563367682,0.745863685,1.000000000,0.798505109,0.244187773,0.636014869
284,285,0.693948490,1.000000000,0.969206657,15.303329615,11.749491660,15.395770947,0.699756695,1.003991078,0.959407373,0.547052450,0.751951274,0.617177609,0.727510503,1.000000000,0.820768088,0.260222845,0.659982692
285,286,0.668512397,1.000000000,0.925389995,14.864229172,11.015651577,16.140386542,0.686432474,0.992826960,0.914642958,0.529022792,0.741014708,0.567956720,0.713916723,1.000000000,0.766458094,0.220103784,0.692726727
286,287,0.569554312,1.000000000,0.858572110,14.212772663,7.886480906,14.722935054,0.585423366,0.995086801,0.847616255,0.427231955,0.690840904,0.500046665,0.618423074,1.000000000,0.723823188,0.168472405,0.675187600
287,288,0.547492085,1.000000000,0.886725216,14.809066876,7.447308484,15.541528302,0.563209529,0.993817801,0.877189972,0.412158860,0.716723087,0.584612656,0.575060114,1.000000000,0.815674375,0.187659157,0.598855105
288,289,0.581816141,1.000000000,0.941889737,18.044010755,8.390027716,19.892041431,0.588889995,1.001743085,0.933072799,0.437699978,0.704724009,0.721130540,0.606963584,0.977248874,1.000000000,0.223472376,0.539653714
289,290,0.510137578,0.818012283,1.000000000,19.080986815,8.092075599,16.524169760,0.509315135,0.821039957,0.997794770,0.363067931,0.567586308,0.782586336,0.463933389,0.725269892,1.000000000,0.215390780,0.447188855
290,291,0.446524864,0.910517367,1.000000000,19.000581681,7.402772230,20.375700452,0.463780733,0.897680170,0.995581328,0.327555556,0.685738822,0.836805057,0.391435919,0.819472608,1.000000000,0.201572919,0.361979730
291,292,0.384687702,0.871414091,1.000000000,21.120251121,7.439755399,13.791215357,0.397901788,0.859526547,0.998673458,0.283994456,0.710689572,0.837433038,0.339124972,0.848652417,1.000000000,0.206630604,0.293519931
292,293,0.390423682,1.000000000,0.945604263,20.995873770,6.266707623,17.292678295,0.419223053,0.974317215,0.942487677,0.263723477,0.772102051,0.832606568,0.316744411,0.927331204,1.000000000,0.190566781,0.284799020
293,294,0.371206812,0.864505176,1.000000000,21.051333285,6.999507255,18.614475918,0.407032148,0.829889548,0.998790292,0.284096560,0.691238666,0.787315225,0.360842203,0.877969387,1.000000000,0.186601303,0.329756487
294,295,0.402551191,1.000000000,0.793312446,18.769476129,6.296068458,18.860025245,0.433328445,0.970897926,0.791637266,0.265701590,0.821791203,0.717150847,0.323320070,1.000000000,0.872667953,0.209576737,0.254250813
295,296,0.455888906,1.000000000,0.872780512,21.094140542,10.216464084,21.702759456,0.481473154,0.975818915,0.871377350,0.315876360,0.807100242,0.762001555,0.391371906,1.000000000,0.944122571,0.250472397,0.295372894
296,297,0.467749869,0.873715947,1.000000000,18.840322457,11.330254039,19.901406905,0.501814399,0.842677951,0.996973466,0.351331651,0.654985205,0.789458470,0.445028668,0.829663915,1.000000000,0.258908599,0.340100525
297,298,0.469727133,0.913881519,1.000000000,20.256339535,11.105134703,22.245576099,0.498086999,0.887866170,0.997655483,0.289594534,0.672693571,0.875195741,0.330891160,0.768620709,1.000000000,0.233065750,0.251481434
298,299,0.480859672,0.793438460,1.000000000,18.797123915,11.408131455,21.366115701,0.509259884,0.764493158,1.000545090,0.348345852,0.592387351,0.790100787,0.440887869,0.749761753,1.000000000,0.272959476,0.324800866
299,300,0.456181410,0.705800979,1.000000000,15.478381731,11.233471727,20.066881714,0.470651722,0.691296340,1.000034326,0.318476533,0.489675869,0.765300753,0.416145589,0.639847625,1.000000000,0.239051552,0.317925103
300,301,0.482469132,0.708572562,1.000000000,14.736294763,8.901197112,18.975577830,0.507606350,0.684564338,0.998871006,0.382191229,0.493276514,0.731440441,0.522518592,0.674390540,1.000000000,0.273421314,0.340790561
301,302,0.500729682,0.779419723,1.000000000,14.424445026,7.222059138,15.073714312,0.529997434,0.752115374,0.998036596,0.420852958,0.492752439,0.672033028,0.626238503,0.733226520,1.000000000,0.285128525,0.409497290
302,303,0.416402872,0.694982840,1.000000000,13.160293264,5.165187786,12.250317774,0.429745104,0.679386052,1.002254557,0.336289166,0.445959413,0.643490723,0.522601420,0.693031612,1.000000000,0.256083117,0.379075589
303,304,0.465259712,0.820313587,1.000000000,12.032954812,4.742572358,12.040713453,0.477331108,0.807973109,1.000269083,0.365245588,0.543059231,0.753994691,0.484414005,0.720242778,1.000000000,0.297841749,0.337889997
304,305,0.434032743,0.823727720,1.000000000,9.836429850,3.957582626,9.729878795,0.440808749,0.814735565,1.002216149,0.345634782,0.622740550,0.741117526,0.466369732,0.840272329,1.000000000,0.281978083,0.328488245
305,306,0.456069510,0.884710695,1.000000000,10.455344915,4.479183936,10.868889144,0.465920684,0.871975815,1.002883706,0.379832309,0.628679589,0.727435997,0.522152203,0.864240416,1.000000000,0.307099106,0.348377800
306,307,0.358119832,0.770273380,1.000000000,8.948932470,3.395513944,8.556598363,0.372595274,0.756936006,0.998861933,0.303910140,0.557299643,0.757681009,0.401105658,0.735533340,1.000000000,0.245821915,0.289164276
307,308,0.407667596,0.879943550,1.000000000,9.577856362,3.962053075,9.354256871,0.414595359,0.872313156,1.000702631,0.344056238,0.638475915,0.759890281,0.452770942,0.840221188,1.000000000,0.281084368,0.315301750
308,309,0.419733121,0.833735724,1.000000000,9.950937622,4.250373132,10.021901596,0.425914001,0.828109850,0.999444994,0.360163730,0.599033085,0.755292945,0.476853031,0.793113570,1.000000000,0.300431487,0.317450101
309,310,0.379147612,0.847035556,1.000000000,9.835415685,4.001987117,9.250241472,0.391632032,0.836465417,0.998085719,0.331084173,0.586328828,0.757901339,0.436843367,0.773621576,1.000000000,0.271658981,0.315423130
310,311,0.478008220,1.000000000,0.994574226,10.635280007,4.723303537,10.460763843,0.486154736,0.994215063,0.992212648,0.410257441,0.713940453,0.753419799,0.544527024,0.947599802,1.000000000,0.313908566,0.404922928
311,312,0.444882502,0.982110659,1.000000000,10.491896775,4.811314459,11.328759967,0.457316692,0.970488561,0.999187908,0.379425111,0.699963875,0.764891802,0.496050696,0.915114887,1.000000000,0.291081676,0.373663211
312,313,0.400208101,0.941873326,1.000000000,9.938322055,4.082212210,10.174683829,0.412991320,0.931128500,0.997961607,0.339401187,0.686020432,0.749131870,0.453059335,0.915753900,1.000000000,0.256764708,0.351598632
313,314,0.397749282,1.000000000,0.899076680,9.765285699,3.888341679,11.153682973,0.407404798,0.990695805,0.898725359,0.328749733,0.681742250,0.688364589,0.477580832,0.990379605,1.000000000,0.243432606,0.365793121
314,315,0.419407929,0.881418731,1.000000000,9.885120922,3.960294693,9.782056484,0.428796263,0.874654471,0.997375927,0.350966723,0.667158278,0.780394110,0.449730103,0.854899172,1.000000000,0.284362734,0.328098892
315,316,0.419969428,0.990191765,1.000000000,10.972227880,4.115899357,10.895519337,0.428877899,0.981910857,0.999372438,0.352211985,0.745154807,0.743502299,0.472669547,1.000000000,0.997782330,0.274273115,0.367341012
316,317,0.414866608,0.954686214,1.000000000,10.967882822,4.488352059,9.678679873,0.420560801,0.949786816,0.999205205,0.336310426,0.699417950,0.794649740,0.423218443,0.880158786,1.000000000,0.270616609,0.313796570
317,318,0.394864803,0.877432612,1.000000000,11.403019851,4.253652995,10.459814845,0.403962725,0.869877689,0.998457001,0.317643711,0.654006842,0.743070328,0.427474627,0.880141243,1.000000000,0.243058276,0.337084615
318,319,0.407009444,1.000000000,0.977650235,12.255334891,4.734270874,10.135515005,0.411475737,0.996666319,0.976517624,0.323076103,0.798755678,0.747429737,0.404474250,1.000000000,0.935742629,0.252080115,0.340501795
319,320,0.396596131,1.000000000,0.853177821,11.784082376,4.097997723,10.020767907,0.405255220,0.991804367,0.852714366,0.323744895,0.755993232,0.624803987,0.428237822,1.000000000,0.826467699,0.236750863,0.402024020
320,321,0.409923845,0.973390656,1.000000000,12.871253096,4.583089710,8.455929012,0.411133840,0.972739569,0.999441092,0.328104040,0.756929555,0.741278366,0.433467075,1.000000000,0.979322793,0.266775659,0.335498308
321,322,0.523422723,0.950693952,1.000000000,12.890598724,5.177386243,10.974914543,0.522422109,0.955222866,0.996471700,0.448613160,0.837581507,0.742705605,0.535605378,1.000000000,0.886726365,0.351435701,0.446921199
322,323,0.459284798,0.894541379,1.000000000,10.957018190,5.264302071,9.973005878,0.460359000,0.896411011,0.997056166,0.381183976,0.756623026,0.785780528,0.485102344,0.962893581,1.000000000,0.314503877,0.351112140
323,324,0.491466959,0.840430175,1.000000000,11.168990074,5.319237619,11.228943679,0.494365004,0.843983482,0.993548648,0.402353314,0.699082398,0.824143813,0.488207650,0.848252923,1.000000000,0.335075786,0.347350384
324,325,0.448657430,0.737120058,1.000000000,10.064623164,4.456227991,11.404171468,0.444081447,0.744779199,0.996916842,0.347415953,0.570172341,0.787899117,0.440939640,0.723661607,1.000000000,0.279256790,0.343239113
325,326,0.475546736,0.800312843,1.000000000,10.856995553,4.835742499,11.401411736,0.475223276,0.802172212,0.998464091,0.379976166,0.633946725,0.808490265,0.469982364,0.784111760,1.000000000,0.314384370,0.342713095
326,327,0.617060584,0.977732771,1.000000000,12.793621606,5.507126744,15.453679096,0.619632623,0.975103212,1.000057520,0.493957939,0.753829911,0.793157503,0.622774086,0.950416416,1.000000000,0.391516657,0.449162313
327,328,0.565221012,0.938640320,1.000000000,13.974420998,5.102535282,14.171770497,0.568901673,0.938994115,0.995965544,0.463410407,0.816024093,0.807246269,0.567888143,1.000000000,0.989243180,0.371350311,0.418029853
328,329,0.459359722,0.772640052,1.000000000,13.412545166,4.272168265,13.815103512,0.460721025,0.772869912,0.998408838,0.361222421,0.674247046,0.790392742,0.457016369,0.853053186,1.000000000,0.291175557,0.350730045
329,330,0.601555916,0.902165950,1.000000000,13.107031432,4.981066121,15.754929208,0.595957234,0.907837778,0.999926854,0.491927522,0.759134191,0.744331635,0.648011285,1.000000000,0.980500739,0.373343225,0.489093326
330,331,0.560237998,0.787866439,1.000000000,12.350179445,4.286467932,14.796108777,0.553436439,0.795141943,0.999526055,0.458042212,0.644623049,0.747247129,0.612972863,0.862663802,1.000000000,0.366556708,0.438525695
331,332,0.626027274,0.846811502,1.000000000,12.274177204,4.148227994,16.969998652,0.614945204,0.856442134,1.001451438,0.474587202,0.687895124,0.794308234,0.597484933,0.866030458,1.000000000,0.400465983,0.398740112
332,333,0.692018851,0.944787565,1.000000000,12.626112876,4.158639489,19.925809075,0.681292319,0.953118525,1.002395570,0.513424851,0.821862018,0.797828614,0.624709306,1.000000000,0.970757373,0.424664547,0.437084267
333,334,0.677474996,0.891912339,1.000000000,13.058093736,4.035191855,19.547740440,0.667822281,0.899878010,1.001687045,0.538008969,0.810236571,0.692015463,0.664014669,1.000000000,0.854090630,0.407405238,0.569222489
334,335,0.648242584,0.697217733,1.000000000,12.004913413,5.079019270,18.475302818,0.644671245,0.698118402,1.002670670,0.536886817,0.622272327,0.696489839,0.770846590,0.893440640,1.000000000,0.413199508,0.541661833
335,336,0.746426333,0.814548251,1.000000000,13.223374642,5.392873617,21.589359047,0.746329584,0.813089919,1.001555081,0.627484407,0.720650176,0.738175682,0.850047518,0.976258354,1.000000000,0.494484695,0.597646180
336,337,0.920480467,0.990648989,1.000000000,18.550254519,6.367285128,26.438988936,0.918306965,0.989449278,1.003373213,0.803511849,0.853733320,0.612679918,0.941174288,1.000000000,0.717647893,0.469116922,0.840985480
337,338,0.773739445,0.932784535,1.000000000,22.224030500,5.488429990,23.176475301,0.779657501,0.926166571,1.000699907,0.694353521,0.842938410,0.601860048,0.823729839,1.000000000,0.714002400,0.438040758,0.778672624
338,339,0.927908240,1.000000000,0.926099644,18.742786190,6.484507970,27.600659131,0.929179999,0.997369674,0.927458210,0.808233858,0.903141425,0.591286175,0.894913948,1.000000000,0.654699429,0.460301225,0.852496128
339,340,0.813168182,1.000000000,0.940226857,18.757293420,4.994686706,28.478910141,0.815009482,0.995008785,0.943376773,0.695053140,0.867204080,0.663130399,0.801487396,1.000000000,0.764676291,0.454258626,0.735091902
340,341,0.666672068,0.781828601,1.000000000,16.754978704,5.401042814,21.853496374,0.664796634,0.782337381,1.001366655,0.582107052,0.701642077,0.669095026,0.829635325,1.000000000,0.953613029,0.444237608,0.616282785
341,342,0.759125467,0.847341631,1.000000000,16.686554830,5.046441343,25.122644905,0.763490467,0.843247309,0.999729322,0.667150766,0.737651664,0.631849749,0.904425217,1.000000000,0.856569272,0.435056701,0.726639171
342,343,0.955752644,0.905423144,0.959707938,19.476848934,5.753748891,30.000000000,0.954246675,0.908743030,0.957894021,0.821322362,0.750986864,0.666355556,1.000000000,0.914363104,0.811320362,0.498918559,0.817127693
343,344,0.854345801,0.777389663,1.000000000,17.971729195,6.426598185,25.442085514,0.871697132,0.762049725,0.997988607,0.774162637,0.633645189,0.635480430,1.000000000,0.818491048,0.820861663,0.482349331,0.813762342
344,345,0.986970026,0.928813300,1.000000000,17.684450476,7.526766155,28.611760941,1.003045443,0.912010409,1.000727474,0.855291129,0.776120563,0.545583943,1.000000000,0.907434365,0.637892671,0.438847057,0.900032809
345,346,1.000000000,0.969561314,0.668212739,14.876026749,6.625509673,26.787730957,0.956560890,1.012887381,0.668325782,0.781251026,0.853190047,0.328059053,0.915682302,1.000000000,0.384508767,0.263822053,0.951769699
346,347,1.000000000,0.789609516,0.723985951,18.023838173,8.347510118,21.401877718,0.857859444,0.932714636,0.723021387,0.659877684,0.791368840,0.375246175,0.833843399,1.000000000,0.474173553,0.312001356,0.951840009
347,348,0.998593723,0.868445005,1.000000000,18.080378525,10.445604692,22.992153215,0.902157594,0.966567603,0.998313530,0.681742471,0.806269448,0.501774299,0.845551661,1.000000000,0.622340708,0.387979388,0.902781541
348,349,1.000000000,0.911296999,0.951616038,22.478972087,12.369063201,22.696981599,1.010410420,0.905228422,0.947274195,0.681095977,0.777980619,0.557195180,0.875466509,1.000000000,0.716207019,0.398685282,0.843262943
349,350,0.749459986,0.655432153,1.000000000,18.695504201,11.903125616,15.756225275,0.738312310,0.670459743,0.996120085,0.418924026,0.621636455,0.515844876,0.673905179,1.000000000,0.829817607,0.361051417,0.209449632
350,351,0.954226913,0.925167891,1.000000000,25.509482209,14.256662047,19.475251127,0.954581068,0.931022483,0.993791252,0.559647614,0.844109438,0.555497651,0.663003621,1.000000000,0.658087241,0.407904059,0.856766524
351,352,0.915687434,0.782249293,1.000000000,22.021465319,17.280629363,17.215618433,0.791417434,0.911260411,0.995258881,0.411839030,0.828694805,0.538549662,0.496973105,1.000000000,0.649876963,0.373197251,0.702121189
352,353,0.901578373,0.785248120,1.000000000,24.057583029,17.040317088,18.243588954,0.786912306,0.905290366,0.994623821,0.415902193,0.832562372,0.531869495,0.499544788,1.000000000,0.638834414,0.384138771,0.848678284
353,354,0.865078370,0.854790078,1.000000000,24.570197640,17.382757142,19.216714157,0.851365269,0.872522995,0.995980185,0.470832235,0.774858768,0.569200470,0.607636197,1.000000000,0.734586087,0.386779211,0.823380298
354,355,0.736572392,0.849617757,1.000000000,27.665703025,15.338099996,19.224878862,0.852255134,0.739538420,0.994396594,0.445514754,0.645549008,0.595614675,0.690133124,1.000000000,0.922648270,0.368315731,0.737606724
355,356,0.808945206,1.000000000,0.983331635,25.944327183,15.012271117,22.196774195,1.034733410,0.779133694,0.978409737,0.494287308,0.687786111,0.508723700,0.718664276,1.000000000,0.739653930,0.323195231,0.812979122
356,357,0.797022625,0.964096828,1.000000000,28.527147633,15.235559601,23.599453351,1.052160965,0.714445752,0.994512736,0.570389787,0.642406291,0.575550659,0.887895707,1.000000000,0.895929363,0.368889830,0.748993092
357,358,0.964035518,1.000000000,0.987347971,24.355309628,15.067704022,29.049689862,1.156763649,0.804601266,0.990018574,0.720944143,0.720660524,0.559801727,1.000000000,0.999606600,0.776484188,0.392345705,0.810238997
358,359,0.778679965,1.000000000,0.742442041,18.921285872,14.897436756,23.262201557,1.070085936,0.706329177,0.744706894,0.513301640,0.612393139,0.328353603,0.838189731,1.000000000,0.536181062,0.219375591,0.885153144
359,360,0.681785803,1.000000000,0.668149000,22.756333382,12.500904033,20.986733301,1.011446178,0.668795387,0.669693237,0.472177398,0.557419703,0.262818026,0.847076978,1.000000000,0.471490378,0.164304247,0.897222536
360,361,0.672927756,1.000000000,0.779783395,21.438282927,14.151401416,22.946370295,1.058529820,0.617267593,0.776913737,0.502909281,0.523339552,0.373366724,0.960961731,1.000000000,0.713431123,0.235363639,0.824432201
361,362,0.663672648,1.000000000,0.752680482,22.647914885,14.950378288,22.241996628,1.041745433,0.621879915,0.752727782,0.550802877,0.520106675,0.362347951,1.000000000,0.944270078,0.657854138,0.231668499,0.833408965
362,363,0.696535175,1.000000000,0.598720332,21.161902838,12.188017136,24.105131329,1.012549053,0.673535750,0.609170703,0.526679380,0.544141398,0.250456386,0.967909044,1.000000000,0.460278132,0.174956253,0.913703551
363,364,0.692265841,1.000000000,0.665596054,18.667073483,13.304727012,27.443077396,1.018090870,0.673891661,0.665879364,0.580883588,0.549188703,0.345762487,1.000000000,0.945436769,0.595235421,0.222594749,0.858420181
364,365,0.734640153,1.000000000,0.697349985,20.341692272,16.107309189,23.394724389,1.011327645,0.727688101,0.692974392,0.608731495,0.635568370,0.352127470,0.957774999,1.000000000,0.554035548,0.243310323,0.890596092
365,366,0.783201317,1.000000000,0.810706646,24.361431872,18.197565285,26.081488892,0.989324521,0.795795386,0.808788056,0.561616809,0.702950531,0.465267108,0.798942151,1.000000000,0.661877454,0.323152261,0.853200772
366,367,0.837584864,0.950466793,0.776886137,20.293102564,18.917056023,30.000000000,0.939276673,0.846085107,0.779576013,0.510380071,0.735023060,0.429062970,0.694372870,1.000000000,0.583740829,0.306381183,0.869145216
367,368,0.853393824,1.000000000,0.705299363,20.802349867,19.194327306,29.672023556,0.991336139,0.862727032,0.704630016,0.573925058,0.729465548,0.367059486,0.786774728,1.000000000,0.503189612,0.250917370,0.895185181
368,369,0.699320126,0.880689806,0.588506066,16.501843662,16.274073323,30.000000000,0.873854272,0.710529860,0.584131866,0.548625679,0.619131210,0.320096739,0.886121826,1.000000000,0.517009535,0.219902704,0.892938676
369,370,0.759565512,0.935890982,0.638686655,15.721005922,15.925413305,30.000000000,0.931514151,0.765497573,0.637131424,0.556728452,0.643241523,0.360038765,0.865504530,1.000000000,0.559725628,0.251588708,0.884529742
370,371,0.875009255,1.000000000,0.741352348,13.916997283,17.591646534,23.531036474,1.004302772,0.879531444,0.732527387,0.539304093,0.774483045,0.399478050,0.696340735,1.000000000,0.515799607,0.282937185,0.897888851
371,372,0.822019901,1.000000000,0.702631276,15.578715919,16.461576353,19.634033645,1.015287352,0.808388838,0.700974987,0.603853186,0.695344975,0.349071789,0.868422448,1.000000000,0.502012385,0.244147689,0.900896619
372,373,0.769446894,0.980692040,1.000000000,15.416366399,13.802902864,17.509433980,0.986052015,0.767960561,0.996126358,0.602975164,0.658294115,0.528306400,0.915966208,1.000000000,0.802538543,0.304879778,0.782453519
373,374,0.791785185,1.000000000,0.655649092,15.861087222,11.277988014,17.672513853,1.011979151,0.787696093,0.647759032,0.641051504,0.698222894,0.328687649,0.918118711,1.000000000,0.470748885,0.213282813,0.898921992
374,375,0.688442494,1.000000000,0.757458865,14.181943823,12.526953319,17.732300815,0.999202182,0.702826158,0.743873019,0.705385974,0.621505883,0.477443926,1.000000000,0.881086250,0.676854862,0.301034705,0.803166063
375,376,0.612028627,1.000000000,0.894081464,13.771791468,10.802956315,17.786324390,1.001830979,0.619037240,0.885241873,0.715852511,0.521267861,0.552445799,1.000000000,0.728177736,0.771731313,0.294289821,0.677869091
376,377,0.649793569,1.000000000,0.781842720,13.602498093,11.193380827,18.193392355,1.013116051,0.649394624,0.769125613,0.764813063,0.552406927,0.523309921,1.000000000,0.722277056,0.684232456,0.280123404,0.727279152
377,378,0.768343805,1.000000000,0.852042492,13.825047470,12.445086146,16.916927771,1.011212365,0.765581170,0.843592762,0.755802609,0.644550763,0.549951414,1.000000000,0.852803041,0.727638946,0.339632369,0.768909819
378,379,0.700762395,0.910663430,1.000000000,15.376621722,11.084981717,15.176680737,0.916008765,0.704725691,0.990691369,0.683068220,0.592733785,0.681447603,1.000000000,0.867751958,0.997627446,0.374808757,0.645036845
379,380,0.647757227,0.927730563,1.000000000,15.543941762,9.497484234,14.992430311,0.940757914,0.646660057,0.988069819,0.731338992,0.554043290,0.664458177,1.000000000,0.757573843,0.908550186,0.348998809,0.625898095
380,381,0.688025888,0.947849737,1.000000000,15.840424157,9.831309451,16.006222402,0.959302762,0.689261499,0.987311364,0.783196288,0.584099641,0.676515985,1.000000000,0.745789593,0.863788548,0.366028028,0.643767227
381,382,0.691081684,1.000000000,0.908354901,15.515194278,10.039147123,17.105798974,1.021662025,0.678620356,0.899154204,0.780691454,0.535397118,0.644713173,1.000000000,0.685798616,0.825823275,0.331436222,0.627772434
382,383,0.630791386,0.931116659,1.000000000,15.105177064,10.085592290,17.282275418,0.934132986,0.636820597,0.990954463,0.761000749,0.488739789,0.750848433,1.000000000,0.642232994,0.986659256,0.331889385,0.523060567
383,384,0.621039982,0.920868613,1.000000000,17.965526761,10.641470480,16.472963032,0.927946100,0.622188187,0.991774308,0.780438783,0.468218988,0.787555095,0.990964047,0.594522201,1.000000000,0.335593117,0.474572533
384,385,0.644274370,0.960266563,1.000000000,16.984029648,10.161589407,16.852701187,0.962430395,0.653118167,0.988992371,0.774593643,0.496917563,0.779008480,0.994332748,0.637884664,1.000000000,0.348042641,0.506706914
385,386,0.654146467,0.933236675,1.000000000,16.841605195,10.636422898,15.521611566,0.927046573,0.669909911,0.990426657,0.772963806,0.523831614,0.772383417,1.000000000,0.677692293,0.999249139,0.382127833,0.515767240
386,387,0.489102121,0.781272723,1.000000000,14.354142203,8.640452327,14.051267451,0.769337487,0.508352037,0.992685321,0.650486908,0.390472217,0.759099260,0.856919433,0.514388879,1.000000000,0.285404355,0.413937667
387,388,0.583491021,0.794638068,1.000000000,15.134618289,9.989735832,14.473191390,0.798727350,0.587676993,0.991724746,0.627047721,0.469211213,0.776385250,0.807650224,0.604353589,1.000000000,0.351261117,0.465910862
388,389,0.530602551,0.716163783,1.000000000,14.545676927,9.483942506,13.969336556,0.732355468,0.520570709,0.993840158,0.598213954,0.420797076,0.765170039,0.781805251,0.549939301,1.000000000,0.331294591,0.414164135
389,390,0.604690886,0.814442546,1.000000000,14.171854795,10.357062764,14.430450160,0.809047160,0.616559650,0.993526622,0.645934841,0.460583311,0.815490805,0.792081083,0.564792771,1.000000000,0.358312645,0.426322642
390,391,0.580253400,0.773295834,1.000000000,13.894818426,10.275161061,14.043051383,0.769901205,0.589354589,0.994293440,0.612728831,0.461426220,0.803031669,0.763019511,0.574605259,1.000000000,0.364286180,0.424863462
391,392,0.551109837,0.737674360,1.000000000,14.161452126,10.623964890,12.687574841,0.733919689,0.561503569,0.993360939,0.603179589,0.455367584,0.803638077,0.750561238,0.566632664,1.000000000,0.363896171,0.412145295
392,393,0.516132493,0.651360994,1.000000000,13.207888094,9.675993575,12.057493430,0.656408881,0.520035847,0.991048759,0.543035747,0.426771235,0.850526185,0.638470346,0.501773187,1.000000000,0.349394957,0.363004153
393,394,0.472917403,0.686437772,1.000000000,13.090909458,8.651980232,12.376933245,0.687652484,0.479613977,0.992088715,0.569367423,0.381998123,0.799371322,0.712269013,0.477873189,1.000000000,0.305973620,0.365591497
394,395,0.531358276,0.696065883,1.000000000,14.417273684,9.477528042,13.785815300,0.701921943,0.534845886,0.990656330,0.561001254,0.415122215,0.802896385,0.698721858,0.517030869,1.000000000,0.318874975,0.408048805
395,396,0.472792870,0.701787665,1.000000000,14.308036707,8.870423585,12.976679448,0.706189065,0.475675173,0.992716297,0.568337801,0.372136608,0.807104149,0.704169099,0.461076316,1.000000000,0.295279530,0.362118365
396,397,0.472287955,0.737999611,1.000000000,13.438164343,8.869316585,13.141985903,0.740464614,0.476223386,0.993599566,0.592297208,0.362542053,0.811976745,0.729450949,0.446493148,1.000000000,0.285698499,0.355354419
397,398,0.516890173,0.684803290,1.000000000,12.445879424,9.596669967,12.492751363,0.694117367,0.514611359,0.992964738,0.548079560,0.408195513,0.780688043,0.702046822,0.522866357,1.000000000,0.313873155,0.409327929
398,399,0.439200290,0.653339981,1.000000000,12.349747469,8.428099462,11.320356446,0.654898866,0.447861209,0.989780196,0.536258367,0.347797734,0.839549438,0.638745431,0.414267128,1.000000000,0.283111356,0.321790552
399,400,0.487953673,0.692997268,1.000000000,12.739121725,10.181414849,11.945691346,0.695398961,0.495798024,0.989753955,0.542013467,0.415218796,0.806804119,0.671803049,0.514646351,1.000000000,0.341675246,0.369812601
400,401,0.569587780,0.819621888,1.000000000,13.889485894,10.543116287,13.602538705,0.822151371,0.578216948,0.988841348,0.682592517,0.488929380,0.814033239,0.838531505,0.600625818,1.000000000,0.394908507,0.428930461
401,402,0.573995089,0.834599480,1.000000000,12.987749884,9.411055214,13.257726121,0.838232547,0.582048720,0.988313301,0.681730729,0.471720505,0.822143678,0.829211180,0.573768938,1.000000000,0.357750761,0.440617627
402,403,0.536761862,0.679025860,1.000000000,12.196804291,9.603323524,11.365354896,0.679492512,0.543636814,0.992658395,0.540024450,0.464331523,0.771492227,0.699973934,0.601861569,1.000000000,0.372207455,0.429420517
403,404,0.524753427,0.746328986,1.000000000,11.824669370,9.330501967,11.496653798,0.746599655,0.534780288,0.989702470,0.585358757,0.469921928,0.716050890,0.817482061,0.656268897,1.000000000,0.349014680,0.495069062
404,405,0.522923228,0.713017507,1.000000000,12.921066607,9.175985599,10.773182333,0.716105063,0.526676820,0.993158852,0.569265981,0.450082095,0.765592407,0.743562731,0.587887355,1.000000000,0.365627907,0.411973135
405,406,0.552284391,0.778418252,1.000000000,13.452371874,9.998753608,11.932843653,0.782715063,0.558816593,0.989170988,0.649880244,0.483316258,0.772847589,0.840890563,0.625370727,1.000000000,0.379808519,0.455067089
406,407,0.587538210,0.787025673,1.000000000,14.244646469,10.755701697,13.042404454,0.793296532,0.590210634,0.991056717,0.636469114,0.504816844,0.785883854,0.809876817,0.642355535,1.000000000,0.397692799,0.448721203
407,408,0.523407703,0.682810393,1.000000000,12.988452815,9.808656212,11.775914037,0.685791669,0.526958717,0.993467709,0.526897035,0.457513251,0.768587881,0.685539088,0.595264722,1.000000000,0.375277387,0.387834095
408,409,0.469867210,0.662408531,1.000000000,12.817216718,9.963793165,11.136460033,0.662784372,0.479289208,0.990202161,0.531628609,0.415364561,0.799250506,0.665158927,0.519692584,1.000000000,0.329024913,0.376737723
409,410,0.525436726,0.670641637,1.000000000,13.648880164,9.943030650,11.112497964,0.669740352,0.533987248,0.992350763,0.551079225,0.471225611,0.768329069,0.717243753,0.613312226,1.000000000,0.395681872,0.415291016
410,411,0.666522334,0.843831714,1.000000000,15.156166052,11.931674162,14.695150389,0.841872306,0.678425881,0.990055862,0.685602758,0.588362053,0.760135385,0.901948221,0.774022714,1.000000000,0.435408481,0.567917410
411,412,0.557812697,0.693008020,1.000000000,12.057298140,10.585497741,11.392277831,0.692867946,0.567468658,0.990484113,0.587223516,0.504539694,0.741642771,0.791787554,0.680300157,1.000000000,0.398624586,0.499593734
412,413,0.676964318,0.771731135,1.000000000,14.045471625,12.378688238,12.777367562,0.772913178,0.686865825,0.988916449,0.633600168,0.633590757,0.716938304,0.883758288,0.883745162,1.000000000,0.447826058,0.655552457
413,414,0.661405465,0.797652079,1.000000000,15.384531829,11.981542271,12.889730409,0.806241696,0.662576174,0.990239674,0.644628950,0.591587949,0.677197883,0.951906328,0.873582100,1.000000000,0.420511152,0.653147970
414,415,0.567421213,0.725036306,1.000000000,12.782079648,10.725284401,11.525835548,0.735855215,0.564566670,0.992035634,0.602575536,0.502266683,0.717661144,0.839637955,0.699866068,1.000000000,0.385484369,0.546325334
415,416,0.486996095,0.575849610,1.000000000,11.512337114,9.743534956,10.264487711,0.580570925,0.492038300,0.990236480,0.495595542,0.439212670,0.786533807,0.630100750,0.558415501,1.000000000,0.360874020,0.398655920
416,417,0.580919334,0.741383711,1.000000000,14.481369149,10.363810725,12.481060322,0.751161745,0.582707563,0.988433736,0.638374436,0.515314492,0.694255517,0.919509345,0.742254803,1.000000000,0.365112814,0.575370607
417,418,0.602202169,0.812085182,1.000000000,15.431898734,11.141425339,13.746958858,0.814790488,0.613899234,0.985597629,0.682048220,0.527583075,0.716981869,0.951276803,0.735838796,1.000000000,0.358275019,0.579673681
418,419,0.604292138,0.757042509,1.000000000,14.658188521,10.776418793,12.357565295,0.759075894,0.614419590,0.987839164,0.645586849,0.543972904,0.728193628,0.886559322,0.747016842,1.000000000,0.387570734,0.569394194
419,420,0.612903218,0.828975368,1.000000000,15.749332436,14.320108861,14.159869659,0.832273082,0.623595580,0.986009924,0.718636042,0.558018341,0.747103944,0.961895661,0.746908574,1.000000000,0.397615891,0.562352813
420,421,0.649937611,0.857419821,1.000000000,15.129853102,14.442441917,13.414783740,0.863505331,0.662200782,0.981651319,0.744451624,0.616668879,0.714501404,1.000000000,0.828353192,0.959768750,0.441692087,0.627176297
421,422,0.570822861,0.792054196,1.000000000,15.500304121,13.348268239,13.297741013,0.796171572,0.582656141,0.984049344,0.710522137,0.523300709,0.761773565,0.932720915,0.686950470,1.000000000,0.396428338,0.507563292
422,423,0.605285374,0.797154473,1.000000000,14.494906905,13.402398094,14.230822098,0.807940131,0.609260749,0.985238966,0.703465570,0.548551301,0.758816985,0.927055645,0.722903297,1.000000000,0.413667138,0.526260708
423,424,0.512556724,0.646550319,1.000000000,13.469417406,11.106591859,11.470691028,0.659906756,0.516151522,0.983048765,0.577601386,0.488296370,0.720552200,0.801609358,0.677669668,1.000000000,0.386966242,0.467784230
424,425,0.497651484,0.636143408,1.000000000,13.606572497,12.336272952,12.001741603,0.645757683,0.507413083,0.980624125,0.559493296,0.477712066,0.745568879,0.750424691,0.640734986,1.000000000,0.373675268,0.474977062
425,426,0.487397896,0.573393461,1.000000000,14.037821158,13.525792628,10.273342343,0.583255451,0.494762740,0.982773166,0.512016059,0.464762829,0.757373973,0.676041266,0.613650384,1.000000000,0.362184528,0.460096739
426,427,0.411869395,0.515700210,1.000000000,12.736645775,11.063983394,9.858163196,0.532339208,0.409279148,0.985951247,0.449053846,0.387541220,0.763344208,0.588271767,0.507688689,1.000000000,0.324355896,0.353786183
427,428,0.436021554,0.528862223,1.000000000,12.132255480,11.067762131,9.864196539,0.540801994,0.437180504,0.986901278,0.446893081,0.410501586,0.719592692,0.621036158,0.570463805,1.000000000,0.326864825,0.390406732
428,429,0.471926267,0.549224510,1.000000000,11.458761598,12.098054839,10.153109635,0.555039483,0.481860089,0.984251205,0.473625759,0.448553952,0.762727296,0.620963431,0.588092171,1.000000000,0.345826922,0.413667036
429,430,0.562062915,0.566067330,1.000000000,12.282073146,12.574340421,10.455524481,0.574825891,0.568114151,0.985190203,0.469405733,0.527766451,0.703725381,0.667029705,0.749960803,1.000000000,0.398073310,0.456811417
430,431,0.559950896,0.548271660,1.000000000,13.226469911,12.960473029,10.402076737,0.554788403,0.572956321,0.980477832,0.466088974,0.549550330,0.742956349,0.627343685,0.739680508,1.000000000,0.407486114,0.458999628
431,432,0.640769482,0.624612506,1.000000000,12.649209547,12.269985884,12.283790753,0.633499560,0.650498328,0.981384099,0.519546588,0.589446909,0.690618700,0.752291516,0.853505573,1.000000000,0.393526317,0.628311424
432,433,0.601194552,0.569500824,1.000000000,13.104843134,12.281211801,11.278223950,0.577200959,0.613351927,0.980142490,0.483800375,0.575656752,0.698139381,0.692985366,0.824558487,1.000000000,0.399942229,0.614122211
433,434,0.622567363,0.604542980,1.000000000,10.609602392,11.421907085,11.836771779,0.614315562,0.634556296,0.978238485,0.504375182,0.580212228,0.709188367,0.711200586,0.818135570,1.000000000,0.399423426,0.611335033
434,435,0.660804076,0.608586478,1.000000000,12.747742177,10.306320634,11.025179672,0.611556033,0.677364300,0.980470221,0.499210342,0.599127067,0.726088709,0.687533542,0.825143071,1.000000000,0.400930153,0.614602788
435,436,0.679353722,0.607819740,1.000000000,11.613087812,10.701334951,11.663784691,0.608653268,0.698888924,0.979631270,0.509906328,0.625957858,0.804726673,0.633639153,0.777851510,1.000000000,0.454424011,0.574731692
436,437,0.789021675,0.636143375,1.000000000,12.464504878,10.913859997,14.546398788,0.634991779,0.809095626,0.981077646,0.535410384,0.686169514,0.757056071,0.707226855,0.906365514,1.000000000,0.445479763,0.657310907
437,438,0.630308233,0.509442869,1.000000000,11.477579459,10.199646790,10.501664033,0.510944417,0.646538241,0.982268446,0.417817328,0.560301102,0.743230107,0.562164159,0.753872988,1.000000000,0.391134985,0.571001825
438,439,0.916186732,0.651560866,1.000000000,12.328092761,11.774833579,14.841269786,0.655252135,0.931300484,0.981194979,0.514091402,0.788319198,0.721766054,0.652136094,1.000000000,0.915575894,0.466641380,0.696636001
439,440,0.857089129,0.592391484,1.000000000,13.411801605,11.368388895,12.387273752,0.590908657,0.879186081,0.979385875,0.457718733,0.758491899,0.777050423,0.589046372,0.976116705,1.000000000,0.443489404,0.347537377
440,441,0.837928885,0.615391933,1.000000000,12.786842397,10.387471743,14.691557619,0.616582786,0.855660062,0.981077970,0.494281932,0.715373779,0.785896031,0.628940613,0.910265163,1.000000000,0.475341520,0.659485465
441,442,0.873122924,0.581796495,1.000000000,14.093224533,11.620225550,15.374330299,0.584093521,0.889674042,0.981151856,0.491165670,0.776372746,0.767876378,0.632641566,1.000000000,0.989056329,0.455504954,0.505836677
442,443,0.767349040,0.540721209,1.000000000,13.939057096,9.787206007,15.138787372,0.538063254,0.786140700,0.983866295,0.425790963,0.609787646,0.798270020,0.533392150,0.763886442,1.000000000,0.414601207,0.461910539
443,444,0.850054056,0.549219198,1.000000000,14.384715712,10.218933402,14.030503335,0.542935619,0.879429976,0.976907659,0.444070444,0.714484677,0.813281026,0.546023367,0.878521266,1.000000000,0.443105446,0.111221961
444,445,0.863063968,0.616151033,1.000000000,12.625932410,10.616182543,18.857828486,0.614114652,0.887358997,0.977741351,0.512841118,0.685109510,0.822709482,0.623356276,0.832747798,1.000000000,0.437662163,0.536847552
445,446,0.784386446,0.494167384,1.000000000,11.498945295,10.032396060,15.896909839,0.491221085,0.800586919,0.986745826,0.402683881,0.644427737,0.816123138,0.493410690,0.789620717,1.000000000,0.382149331,0.231115389
446,447,0.817383988,0.568790026,1.000000000,12.207823408,11.285950508,19.025890729,0.569579265,0.826859533,0.989735217,0.458054666,0.628924939,0.776415799,0.589960517,0.810036246,1.000000000,0.419067045,0.569983533
447,448,0.857813536,0.518964984,1.000000000,12.466167677,11.089799446,18.585232119,0.519872135,0.868523947,0.988382438,0.448416066,0.655682707,0.829586851,0.540529379,0.790372590,1.000000000,0.434830879,0.265732572
448,449,0.975542546,0.695494832,1.000000000,12.762664883,11.887080608,20.967050230,0.669901741,1.014390358,0.986745279,0.544418167,0.742730112,0.741594796,0.732995955,1.000000000,0.998471429,0.421628456,0.686990172
449,450,1.000000000,0.685200109,0.994937831,12.167576751,11.055994375,20.323514325,0.645947743,1.053652077,0.980538120,0.550186172,0.743716156,0.765327407,0.718889938,0.971762085,1.000000000,0.419532350,0.657669990
450,451,0.977927484,0.784251294,1.000000000,12.008047138,9.165300035,22.140890618,0.741001184,1.034161827,0.987015768,0.656356533,0.715357866,0.726721047,0.903175347,0.984363765,1.000000000,0.383463238,0.690556154
451,452,1.000000000,0.718555391,0.896637897,10.806148387,8.605304089,21.102492266,0.645980301,1.089247279,0.879965708,0.540600207,0.762971178,0.693694638,0.708546040,1.000000000,0.909201628,0.399203181,0.711589177
452,453,0.903879791,0.743797137,1.000000000,13.242389806,8.730202812,21.450916842,0.577948386,1.083453653,0.986274889,0.498351026,0.767741494,0.775411504,0.642692330,0.990108465,1.000000000,0.359165363,0.490849055
453,454,0.980220174,0.735576059,1.000000000,13.270569176,9.684316591,24.962574363,0.557863451,1.168095534,0.989837248,0.470593217,0.739644176,0.843166096,0.558126351,0.877222388,1.000000000,0.359734764,0.402053070
454,455,0.765447485,0.631766126,1.000000000,12.622655657,7.473405855,19.825077045,0.446576649,0.961307047,0.989329916,0.374900543,0.638044472,0.805201979,0.465598139,0.792403010,1.000000000,0.280406168,0.349022828
455,456,0.650173950,0.650262004,1.000000000,13.422023771,7.534817280,18.844967730,0.389134530,0.920461220,0.990840204,0.344437919,0.624010855,0.794624435,0.433460014,0.785290292,1.000000000,0.256497520,0.315382181
456,457,0.597443533,0.733292660,1.000000000,12.950041508,7.203932325,20.177742292,0.389651189,0.947800762,0.993284242,0.341299070,0.622384000,0.804732901,0.424114721,0.773404442,1.000000000,0.239746497,0.313310498
457,458,0.497639217,0.689939784,1.000000000,10.814207665,6.647344867,18.864178968,0.325143331,0.869147145,0.993288525,0.282141987,0.583330816,0.814298362,0.346484778,0.716360052,1.000000000,0.216476157,0.250515821
458,459,0.441407470,0.713532167,1.000000000,11.184538753,6.634587811,21.296519570,0.263679435,0.895913056,0.995347146,0.223576013,0.550332565,0.810867580,0.275724445,0.678695978,1.000000000,0.172858127,0.215403218
459,460,0.512725494,0.748570096,1.000000000,14.408595927,8.018798884,25.396143936,0.282450153,0.982757531,0.996087906,0.232239416,0.577653374,0.852262535,0.272497506,0.677788064,1.000000000,0.175625491,0.206190073
460,461,0.437920836,0.829548728,1.000000000,14.243678285,8.467998922,22.812484716,0.273220529,0.997138597,0.997110438,0.221819585,0.598580319,0.758730779,0.292356117,0.788923206,1.000000000,0.170308473,0.240025846
461,462,0.461693452,1.000000000,0.963823785,14.766227705,9.121956940,25.274435355,0.329915915,1.134235163,0.961366159,0.260502738,0.706632265,0.729889285,0.356907195,0.968136236,1.000000000,0.200815866,0.292447912
462,463,0.397301939,0.815992843,1.000000000,13.045842180,8.181406853,23.515137882,0.255911826,0.959636885,0.997746071,0.205895886,0.594539014,0.771043845,0.267035250,0.771083276,1.000000000,0.166821250,0.213894615
463,464,0.409379275,0.851629653,1.000000000,12.346943979,8.590185880,24.122466004,0.282454748,0.981031404,0.997522776,0.217059522,0.570313520,0.788723940,0.275203416,0.723083820,1.000000000,0.170418595,0.248213018
464,465,0.375737874,0.930747052,1.000000000,13.883312188,8.034312962,23.349413831,0.293474769,1.014313567,0.998696590,0.214422966,0.592014667,0.809640741,0.264837174,0.731206616,1.000000000,0.160232063,0.237009358
465,466,0.418526651,0.968653094,1.000000000,14.777024631,9.653617446,25.258302308,0.308746342,1.079919847,0.998513556,0.231372265,0.635530934,0.826456570,0.279956955,0.768982856,1.000000000,0.179344667,0.252212025
466,467,0.443867970,1.000000000,0.905237097,14.286295851,9.422239763,25.419260055,0.378283321,1.068085547,0.902736199,0.265344813,0.587063921,0.743591808,0.356842034,0.789497563,1.000000000,0.200908306,0.303766514
467,468,0.438689174,0.984416912,1.000000000,14.828993493,10.228742136,26.973247500,0.345324251,1.079371784,0.998410051,0.258709208,0.636362109,0.785265361,0.329454502,0.810378428,1.000000000,0.198421138,0.286124009
468,469,0.458865420,1.000000000,0.924088730,14.983159771,11.115767852,29.966248269,0.338983685,1.120796084,0.923174381,0.273808408,0.683667197,0.744544768,0.367752780,0.918235177,1.000000000,0.215916718,0.286192543
469,470,0.466798480,1.000000000,0.790649765,14.335996011,12.627261360,29.107677682,0.334553576,1.132104136,0.790790534,0.256809534,0.653162194,0.598986590,0.393178809,1.000000000,0.917056431,0.199645569,0.356173994
470,471,0.470064589,1.000000000,0.709066541,14.020826141,12.892624167,23.228188054,0.409866056,1.061725998,0.707539075,0.327449367,0.598543937,0.512303241,0.547076576,1.000000000,0.855915848,0.229904991,0.535948933
471,472,0.472566757,1.000000000,0.865815633,16.824378657,12.809353048,22.860278186,0.417169769,1.052121252,0.869091370,0.345088007,0.608275882,0.619194293,0.557317810,0.982366746,1.000000000,0.255050879,0.469060408
472,473,0.531409313,1.000000000,0.906268399,16.586215280,16.433621639,21.950113231,0.479061560,1.056622682,0.901993469,0.373403896,0.525022529,0.656656894,0.568643837,0.799538592,1.000000000,0.276969273,0.478764004
473,474,0.502246624,0.962307647,1.000000000,17.555312635,17.472393531,21.040212971,0.491561322,0.972055251,1.000937699,0.382600282,0.526298213,0.710270076,0.538668733,0.740983227,1.000000000,0.282653848,0.461195664
474,475,0.500650756,0.988055007,1.000000000,18.473381293,15.976061358,22.722926158,0.503378977,0.982991013,1.002335773,0.398263324,0.542024768,0.743505950,0.535655867,0.729012012,1.000000000,0.301720381,0.437256116
475,476,0.526126145,1.000000000,0.773864884,16.327688274,14.964444063,20.791860389,0.524985158,0.997869979,0.777135893,0.416355245,0.529393612,0.557819845,0.746397334,0.949040478,1.000000000,0.267351765,0.629525073
476,477,0.539758790,1.000000000,0.676645135,15.449500637,14.566367232,20.176498931,0.527163070,1.008450561,0.680790294,0.405612008,0.532699530,0.498324019,0.761427380,1.000000000,0.935469228,0.249892608,0.675700692
477,478,0.616571628,1.000000000,0.720431652,14.702204550,13.179740041,21.313146228,0.617002505,0.998185538,0.721815236,0.482008862,0.493242046,0.512536985,0.940437229,0.962354055,1.000000000,0.268091847,0.726925057
478,479,0.648906978,1.000000000,0.940363885,18.028345781,13.776234207,19.060774838,0.646732469,1.000569082,0.941969311,0.501593935,0.531375222,0.639760390,0.784034057,0.830584747,1.000000000,0.313552550,0.645711594
479,480,0.606897684,0.996652798,1.000000000,17.070668585,12.375319521,16.243250473,0.605341037,0.997637346,1.000572100,0.466834545,0.559708814,0.669602341,0.697181770,0.835882403,1.000000000,0.296449183,0.583953942
480,481,0.584232134,1.000000000,0.980890164,15.677495205,12.656434842,17.343420788,0.584602098,0.999401968,0.981118231,0.456624095,0.522486551,0.670416064,0.681105540,0.779346705,1.000000000,0.286621177,0.583820961
481,482,0.593556175,1.000000000,0.830689740,14.721001227,10.330641883,15.176569930,0.593927817,0.998129479,0.832188619,0.437581736,0.542719258,0.571628218,0.765500587,0.949426990,1.000000000,0.262125451,0.648064867
482,483,0.584336704,1.000000000,0.658323230,14.435048022,9.457338312,18.779131656,0.583102093,0.996775920,0.662781921,0.440901837,0.527568225,0.463466013,0.835724777,1.000000000,0.878494934,0.207095384,0.719523340
483,484,0.524752523,1.000000000,0.911252681,15.422692829,9.955610397,15.455957791,0.522634557,0.996189093,0.917181553,0.369447124,0.580716475,0.653628707,0.565224752,0.888450077,1.000000000,0.236384456,0.509435599
484,485,0.485738182,1.000000000,0.721867279,13.584595492,8.446452548,16.009228289,0.481545755,0.998669690,0.727390015,0.333975352,0.575426181,0.506430261,0.580396517,1.000000000,0.880095967,0.188104913,0.584775229
485,486,0.491282444,1.000000000,0.625802717,15.020656704,9.106465946,16.626467848,0.478757919,1.008534500,0.629792743,0.334521797,0.527358929,0.456532223,0.634334186,1.000000000,0.865695444,0.185072458,0.614505386
486,487,0.544171757,1.000000000,0.830223163,14.767121905,10.321598575,17.665838360,0.532649022,1.006934326,0.834811572,0.389913446,0.518125370,0.605307915,0.644157190,0.855969925,1.000000000,0.231296916,0.556967433
487,488,0.535053170,0.970591488,1.000000000,17.565969048,10.440371402,16.983584977,0.535922728,0.967401891,1.002320038,0.375586349,0.506435570,0.666113231,0.563847603,0.760284507,1.000000000,0.236301113,0.488222385
488,489,0.589143434,1.000000000,0.707904207,17.019486495,10.771269645,17.159712431,0.587124266,0.999238531,0.710684844,0.412952687,0.535561392,0.496498593,0.771065079,1.000000000,0.927061958,0.218800645,0.681640062
489,490,0.510876304,1.000000000,0.744211185,18.549917684,12.389273402,17.318864452,0.518266943,0.989517057,0.747303488,0.371347792,0.572279640,0.524495739,0.648892196,1.000000000,0.916502532,0.237931938,0.588820128
490,491,0.462712709,1.000000000,0.665920322,16.741698564,10.193304329,17.510056166,0.469430732,0.991355807,0.667846493,0.331091438,0.618874948,0.501724071,0.534989240,1.000000000,0.810703476,0.214312334,0.553618929
491,492,0.524337485,1.000000000,0.890650849,16.708460471,10.590920124,14.883697368,0.531509296,0.991967668,0.891511370,0.388749634,0.612375423,0.644390908,0.603282307,0.950316671,1.000000000,0.277313428,0.502976326
492,493,0.552027214,1.000000000,0.693890756,14.641207318,11.348539617,16.650124000,0.555901003,0.994529348,0.695487619,0.406569452,0.609010412,0.519883555,0.667590315,1.000000000,0.853652984,0.233990261,0.661018182
493,494,0.559354456,1.000000000,0.711726190,14.181758460,11.236144282,17.933879670,0.567411902,0.991286997,0.712381747,0.428670610,0.610908737,0.532887159,0.701693369,1.000000000,0.872286034,0.248356410,0.649430101
494,495,0.572978860,1.000000000,0.792430686,13.918125185,13.054553395,19.499768648,0.594456992,0.978972856,0.791979698,0.471626487,0.617646991,0.560235439,0.763585826,1.000000000,0.907047953,0.236735483,0.676285211
495,496,0.672852254,1.000000000,0.898769576,13.509496558,12.408889032,17.830827221,0.680166280,0.992721894,0.898733655,0.543534229,0.673920046,0.617763205,0.806526282,1.000000000,0.916671359,0.288466660,0.694180754
496,497,0.607517409,1.000000000,0.867991841,14.177682562,11.927429681,16.820009503,0.617801860,0.986873812,0.870833577,0.455552405,0.663952213,0.655969399,0.686122278,1.000000000,0.987976824,0.280076094,0.602812163
497,498,0.594214309,1.000000000,0.798024657,12.604277355,9.955688459,14.189179257,0.599287641,0.992946471,0.800004854,0.444737011,0.693100220,0.561066196,0.641663352,1.000000000,0.809502262,0.254591463,0.661724350
498,499,0.671640958,1.000000000,0.910919013,14.904560860,10.151641138,18.768480142,0.686797466,0.984009358,0.911753147,0.536576823,0.625648242,0.645163055,0.831691801,0.969752123,1.000000000,0.286549206,0.677807331
499,500,0.593033424,1.000000000,0.800428619,15.035874266,8.634125574,16.497379064,0.597505574,0.994281272,0.801675196,0.456750803,0.606643660,0.561239041,0.752914491,1.000000000,0.925154384,0.242999902,0.654682844
500,501,0.495652887,1.000000000,0.713026024,18.095813941,7.128400830,17.842693719,0.507846007,0.987699554,0.713133350,0.417261441,0.616994362,0.472855529,0.676280799,1.000000000,0.766385494,0.204906653,0.666510576
501,502,0.473431487,1.000000000,0.655186249,15.117809059,6.352197857,14.356667367,0.473028334,0.998273467,0.657315936,0.403364516,0.668006247,0.408389792,0.603833450,1.000000000,0.611356247,0.256758716,0.713614586
502,503,0.439021614,0.914032686,1.000000000,17.648658792,8.459426886,11.476402683,0.429713559,0.921101190,1.002239551,0.324801039,0.576880678,0.690577548,0.470332462,0.835359736,1.000000000,0.228492515,0.362739838
503,504,0.377994586,0.770885895,1.000000000,16.622232375,6.137841413,10.137861743,0.370864709,0.782165454,0.995850319,0.280956741,0.451766952,0.741010259,0.379153645,0.609663560,1.000000000,0.196447909,0.293758283
504,505,0.427447591,0.911689621,1.000000000,16.897888105,6.852771812,12.988931376,0.426148796,0.915117373,0.997871043,0.299162783,0.525483455,0.773262869,0.386883679,0.679566388,1.000000000,0.217105216,0.321763937
505,506,0.459054958,0.896863915,1.000000000,19.020348120,7.092260389,12.801448339,0.462938199,0.895385164,0.997595509,0.340581886,0.513342112,0.809025433,0.420977972,0.634519128,1.000000000,0.245493080,0.321186353
506,507,0.459038961,0.800049680,1.000000000,15.195507073,8.341305317,12.110147456,0.458142215,0.804328182,0.996618244,0.334224357,0.450571337,0.762519162,0.438316011,0.590898380,1.000000000,0.267391279,0.328530651
507,508,0.465460612,0.824649753,1.000000000,14.455773932,8.307519713,11.869383407,0.462102971,0.829439389,0.998568005,0.348398004,0.471996779,0.772925045,0.450752639,0.610663067,1.000000000,0.273084200,0.350142822
508,509,0.620310874,0.939730514,1.000000000,15.750205524,10.078307547,15.718312190,0.618551461,0.939611187,1.001878740,0.457934199,0.504916884,0.764565650,0.598946865,0.660397030,1.000000000,0.322519380,0.501304304
509,510,0.623185517,1.000000000,0.565655404,12.870641709,9.102105611,15.692493178,0.626472297,0.994877681,0.567490944,0.447586719,0.508800712,0.427046183,0.879689648,1.000000000,0.839319153,0.173669014,0.772335451
510,511,0.580842758,1.000000000,0.929594467,14.972219634,9.887470766,16.771743712,0.583484743,0.998690696,0.928261786,0.433931051,0.560679286,0.700252056,0.619678368,0.800682099,1.000000000,0.281841851,0.544245751
511,512,0.490906500,0.936403574,1.000000000,18.080739073,8.242225178,14.845046964,0.491915299,0.936238636,0.999156139,0.352612666,0.537167830,0.726540218,0.485331242,0.739350441,1.000000000,0.225144012,0.466610390
512,513,0.467944166,1.000000000,0.956154965,16.953299205,8.284082450,17.066723727,0.470706780,0.999104117,0.954288234,0.329001489,0.603191819,0.683470061,0.481369277,0.882543148,1.000000000,0.199398380,0.463698150
513,514,0.528324587,1.000000000,0.674183031,14.834525783,8.657173608,18.411808491,0.531235517,0.999789754,0.671482346,0.372855516,0.604790138,0.511812966,0.616503962,1.000000000,0.846265396,0.220680289,0.614078562
