kf_id,fixed,raw_x,raw_y,raw_z,raw_roll_deg,raw_pitch_deg,raw_yaw_deg,opt_x,opt_y,opt_z,opt_roll_deg,opt_pitch_deg,opt_yaw_deg,delta_world_x,delta_world_y,delta_world_z,delta_local_x,delta_local_y,delta_local_z,delta_translation_m,delta_rotation_deg,delta_roll_deg,delta_pitch_deg,delta_yaw_deg
0,1,0.000000000,0.000000000,0.000000000,0.000000000,-0.000000000,0.000000000,0.000000000,0.000000000,0.000000000,0.000000000,-0.000000000,0.000000000,0.000000000,0.000000000,0.000000000,0.000000000,0.000000000,0.000000000,0.000000000,0.000000000,0.000000000,0.000000000,0.000000000
1,0,0.518862230,0.028265026,0.004940967,-0.212262283,0.485202390,2.869457247,0.518862480,0.028260050,0.004940936,-0.212496957,0.485203816,2.869420505,0.000000250,-0.000004977,-0.000000031,0.000000001,-0.000004983,-0.000000049,0.000004983,0.000237230,-0.000234674,0.000001425,-0.000036742
2,0,1.032108761,0.072265826,0.007961709,-0.290509752,0.912066263,3.925529829,1.032109816,0.072179264,0.007966171,-0.294891214,0.912101817,3.924488249,0.000001055,-0.000086562,0.000004462,-0.000004944,-0.000086452,0.000003946,0.000086683,0.004487546,-0.004381462,0.000035554,-0.001041580
3,0,1.549528487,0.118597996,0.011096614,-0.338584766,0.314223229,5.724157406,1.549608000,0.116883272,0.010868904,-0.429162641,0.311532842,5.704365821,0.000079514,-0.001714724,-0.000227709,-0.000090658,-0.001712726,-0.000238335,0.001731604,0.092648355,-0.090577875,-0.002690386,-0.019791584
4,0,2.165274387,0.209409672,0.008635687,-0.355901478,0.661483021,7.642278445,2.160843118,0.167365767,0.015816117,-0.364402715,0.656991179,7.934895928,-0.004431269,-0.042043905,0.007180430,-0.010065465,-0.041124244,0.006809381,0.042882219,0.292873149,-0.008501236,-0.004491842,0.292617483
5,0,2.697105204,0.269746023,0.006666331,-0.193299285,0.689448421,7.739780541,2.687763897,0.174808437,0.022063770,-0.273270069,0.695502414,8.661520443,-0.009341308,-0.094937586,0.015397439,-0.022225530,-0.092865185,0.014817883,0.096630670,0.926184653,-0.079970784,0.006053993,0.921739902
6,0,3.252845558,0.306356369,0.023990255,-0.507828179,0.146551298,5.362448320,3.242231734,0.221408810,0.043089611,-0.511730824,0.143673912,6.319783891,-0.010613824,-0.084947559,0.019099356,-0.018555006,-0.083749434,0.018310393,0.087712749,0.957357734,-0.003902645,-0.002877385,0.957335572
7,0,3.752615471,0.369912779,0.027215960,-0.243820403,0.565310583,7.344056122,3.740361333,0.293067792,0.050107041,-0.244239960,0.563574177,8.313265393,-0.012254139,-0.076844987,0.022891081,-0.022201278,-0.074743980,0.022355271,0.081112992,0.969215050,-0.000419557,-0.001736406,0.969209271
8,0,4.260971165,0.427465641,0.037289650,-0.163712421,0.103346437,6.992434323,4.247188653,0.358719456,0.063933316,-0.163535104,0.101420864,7.977683355,-0.013782512,-0.068746185,0.026643667,-0.022097065,-0.066632752,0.026413569,0.075005870,0.985250612,0.000177317,-0.001925573,0.985249032
9,0,4.772682595,0.446537585,0.046254470,-0.367934975,0.182685060,3.531014946,4.757946156,0.385816813,0.076661233,-0.367798429,0.179763121,4.543664778,-0.014736439,-0.060720772,0.030406763,-0.018545042,-0.059891551,0.029963804,0.069489179,1.012653625,0.000136546,-0.002921939,1.012649832
10,0,5.346335458,0.478435292,0.050357299,0.050554602,0.770766308,4.661740518,5.330630182,0.427222496,0.084522195,0.050858481,0.768574591,5.697721669,-0.015705276,-0.051212795,0.034164895,-0.020273331,-0.049737036,0.033939144,0.063534606,1.035979432,0.000303880,-0.002191717,1.035981151
11,0,5.850644648,0.491370869,0.057416818,-0.044520434,1.280548050,2.341484175,5.834253270,0.448460050,0.095335667,-0.044225526,1.278760285,3.407633877,-0.016391378,-0.042910819,0.037918849,-0.018973704,-0.042234448,0.037471386,0.059563872,1.066144656,0.000294908,-0.001787765,1.066149702
12,0,6.368419381,0.537386597,0.052814941,-0.283551707,0.751147620,4.814641676,6.350667366,0.503420063,0.094466250,-0.284164903,0.748361784,5.907825126,-0.017752016,-0.033966534,0.041651309,-0.021084540,-0.032561092,0.041217818,0.056601158,1.093195196,-0.000613196,-0.002785836,1.093183451
13,0,6.934237731,0.550071469,0.055335590,-0.255593522,0.189257618,1.805717642,6.915680250,0.526438830,0.101080830,-0.257149592,0.187040276,2.915074419,-0.018557482,-0.023632639,0.045745239,-0.019443941,-0.023239700,0.045578045,0.054731240,1.109365194,-0.001556069,-0.002217342,1.109356777
14,0,7.488658584,0.485638747,0.056554809,0.391499060,0.353138569,-4.843083555,7.470632715,0.472353159,0.106749579,0.392286521,0.350317313,-3.717100203,-0.018025869,-0.013285588,0.050194770,-0.017148896,-0.014417422,0.050189711,0.054963204,1.125982327,0.000787461,-0.002821257,1.125983352
15,0,8.126209058,0.407187608,0.060156483,0.216169182,0.490776576,-4.915953017,8.109277366,0.405882721,0.114125730,0.217300342,0.488181067,-3.772806695,-0.016931691,-0.001304888,0.053969247,-0.017219248,-0.002547949,0.053833726,0.056577951,1.143140165,0.001131160,-0.002595509,1.143146322
16,0,8.708086974,0.394691041,0.069394739,-0.029231819,0.452080867,-2.093725123,8.690931634,0.404050276,0.127142792,-0.028964814,0.450271703,-0.923234177,-0.017155340,0.009359234,0.057748053,-0.017940920,0.008696836,0.057612733,0.060965060,1.170490271,0.000267004,-0.001809164,1.170490945
17,0,9.231081489,0.401358995,0.063547310,-0.687814051,1.129262185,0.528048344,9.213447330,0.420504776,0.125042950,-0.687735721,1.127018435,1.721930773,-0.017634159,0.019145781,0.061495640,-0.018665531,0.018572154,0.061367021,0.066777528,1.193882998,0.000078330,-0.002243750,1.193882430
18,0,9.761309979,0.392579194,0.065617101,-1.379790925,0.541879350,-0.203835098,9.743520905,0.421933056,0.130862823,-1.379844369,0.538792244,1.015919367,-0.017789074,0.029353863,0.065245722,-0.018509648,0.027714954,0.065760010,0.073723163,1.219758878,-0.000053443,-0.003087107,1.219754466
19,0,10.264294586,0.408387485,0.063137185,0.661663763,0.020670046,3.120253663,10.245945916,0.447779324,0.132155495,0.661713600,0.018644700,4.355756513,-0.018348670,0.039391839,0.069018310,-0.016202198,0.041126455,0.068542113,0.081559290,1.235504494,0.000049837,-0.002025346,1.235502850
20,0,10.836588767,0.477549512,0.066815242,0.899442827,0.623709749,6.581963137,10.816557115,0.528566495,0.139565340,0.899229123,0.620891738,7.835765244,-0.020031651,0.051016983,0.072750098,-0.014842922,0.054109847,0.071752272,0.091085544,1.253807613,-0.000213704,-0.002818010,1.253802107
21,0,11.380607532,0.574359549,0.069955853,1.200451356,1.133792725,9.647403180,11.358043799,0.636763084,0.147290530,1.201156956,1.131811360,10.917999883,-0.022563732,0.062403534,0.077334677,-0.013314691,0.066902985,0.075701287,0.101901792,1.270584493,0.000705599,-0.001981365,1.270596702
22,0,11.903058522,0.682687287,0.080083150,0.931319915,1.031989785,12.395591265,11.877890624,0.756133562,0.161162933,0.931740972,1.030081107,13.681330953,-0.025167897,0.073446275,0.081079783,-0.010274083,0.078441576,0.079643405,0.112257336,1.285733597,0.000421057,-0.001908678,1.285739688
23,0,12.400781714,0.816214430,0.069409657,0.774367597,0.681748573,14.848484611,12.372304998,0.900299695,0.154710444,0.774642803,0.679831105,16.144516338,-0.028476716,0.084085266,0.085300787,-0.006992306,0.089718643,0.084018761,0.123115716,1.296029905,0.000275206,-0.001917468,1.296031727
24,0,12.949140644,0.975604628,0.060846712,0.207372067,0.834561135,16.303610318,12.916644330,1.071531866,0.149926001,0.206626554,0.832313355,17.614171655,-0.032496314,0.095927239,0.089079289,-0.005557192,0.101513858,0.088640958,0.134882042,1.310574320,-0.000745513,-0.002247780,1.310561337
25,0,13.268361643,0.982545332,0.078012856,0.245558432,0.927090834,8.938559345,13.235270844,1.085312310,0.171234002,0.245310458,0.924296396,10.262825326,-0.033090799,0.102766978,0.093221146,-0.018227622,0.107057752,0.092480410,0.142640228,1.324272958,-0.000247973,-0.002794438,1.324265981
26,0,13.907561141,1.082486957,0.062364868,0.445667821,0.445717393,10.517583347,13.871676839,1.199617972,0.160209607,0.445968511,0.443908020,11.852907055,-0.035884302,0.117131015,0.097844739,-0.014661361,0.122469830,0.096783965,0.156783133,1.335322633,0.000300690,-0.001809372,1.335323708
27,0,14.435231170,1.146157457,0.074213157,0.669910348,1.036354839,7.885535397,14.397398977,1.275189084,0.175802186,0.669878708,1.033303584,9.234371912,-0.037832194,0.129031627,0.101589029,-0.021606218,0.134176189,0.099652838,0.168525270,1.348840538,-0.000031640,-0.003051254,1.348836515
28,0,15.157747246,1.220122145,0.061973405,0.132202190,1.066213527,6.791899879,15.117623681,1.365775427,0.167361428,0.131349023,1.063683352,8.150420388,-0.040123566,0.145653282,0.105388023,-0.024573638,0.149618036,0.104603986,0.184204817,1.358538989,-0.000853167,-0.002530176,1.358520509
29,0,15.706146865,1.291771828,0.057906638,0.673708219,1.018782120,8.389776031,15.663564895,1.450138574,0.167713968,0.673692570,1.016436509,9.759597191,-0.042581971,0.158366746,0.109807330,-0.020968923,0.164160643,0.107529009,0.197359824,1.369823446,-0.000015649,-0.002345611,1.369821160
30,0,16.261602367,1.391661220,0.057356756,0.609439896,1.228724426,10.520108550,16.215960892,1.562929642,0.171534798,0.609452363,1.226583908,11.899311290,-0.045641475,0.171268422,0.114178043,-0.016049257,0.177923879,0.111973911,0.210837952,1.379204135,0.000012467,-0.002140519,1.379202741
31,0,16.804549841,1.494806110,0.056345730,0.278403769,1.156148859,11.905752517,16.755694527,1.678830252,0.174744709,0.278060612,1.154022183,13.297702286,-0.048855314,0.184024142,0.118398979,-0.012226686,0.190716415,0.117251022,0.224209823,1.391958353,-0.000343157,-0.002126676,1.391949769
32,0,17.371435931,1.573036143,0.054461723,0.238149774,1.171097097,9.825318509,17.320003732,1.770468900,0.177024652,0.237384886,1.168686527,11.230836231,-0.051432199,0.197432757,0.122562929,-0.019488326,0.203819698,0.121344023,0.238005538,1.405535613,-0.000764888,-0.002410570,1.405517722
33,0,17.947829139,1.568952400,0.052576585,-0.140915825,1.094825802,2.301188666,17.895726291,1.780226089,0.179109153,-0.140717573,1.092148412,3.723372609,-0.052102848,0.211273689,0.126532567,-0.045987380,0.212885631,0.126200785,0.251717637,1.422182694,0.000198252,-0.002677390,1.422183944
34,0,18.520942730,1.625614825,0.050669285,-0.242594561,2.126307403,5.532605518,18.466740165,1.850789126,0.181039081,-0.243164640,2.123609238,6.969023292,-0.054202565,0.225174300,0.130369796,-0.037055368,0.228802508,0.130053756,0.265777477,1.436441559,-0.000570079,-0.002698164,1.436417774
35,0,19.106508904,1.714250636,0.042924146,0.048779600,1.315337621,8.691710624,19.049431617,1.953832424,0.177522687,0.048702097,1.312872339,10.141703210,-0.057077287,0.239581788,0.134598541,-0.023301100,0.245569846,0.133889979,0.280667093,1.449996462,-0.000077503,-0.002465282,1.449992587
36,0,19.695627036,1.762539348,0.039831294,0.276325842,1.206528731,6.672227799,19.636557926,2.016829476,0.178911100,0.276868944,1.204598262,8.135810028,-0.059069110,0.254290129,0.139079807,-0.032045298,0.260095671,0.137182954,0.295796927,1.463572177,0.000543102,-0.001930469,1.463582230
37,0,20.252113690,1.833409058,0.039334612,0.384282726,1.438808118,8.053313713,20.190372677,2.101598813,0.182379398,0.383650865,1.436304209,9.528267700,-0.061741013,0.268189755,0.143044786,-0.027144553,0.275143437,0.140565894,0.310160456,1.474972099,-0.000631861,-0.002503909,1.474953987
38,0,20.805011668,1.918258982,0.036370074,0.162275561,1.310896273,10.192375589,20.740023517,2.200286410,0.184064748,0.162204353,1.308454689,11.678687682,-0.064988151,0.282027428,0.147694674,-0.017431967,0.289492825,0.146515111,0.324925602,1.486315728,-0.000071208,-0.002441584,1.486312094
39,0,21.498693680,2.078959252,0.032619410,0.431938771,1.371007182,12.647129730,21.428684895,2.378742474,0.184293185,0.433179702,1.368857322,14.141355681,-0.070008784,0.299783222,0.151673775,-0.006302073,0.308971581,0.149241381,0.343185291,1.494198344,0.001240931,-0.002149859,1.494225951
40,0,22.061822092,2.220380068,0.021717948,-0.255089179,1.656584793,14.757907106,21.986944231,2.534350557,0.177211009,-0.255491064,1.654418530,16.268730713,-0.074877861,0.313970490,0.155493061,0.003073413,0.321990736,0.157082064,0.358276785,1.510836824,-0.000401885,-0.002166263,1.510823607
41,0,22.625595306,2.291041660,0.017469740,-0.779024926,1.727964347,9.192828727,22.547711505,2.619388735,0.176782169,-0.779938431,1.726546124,10.720028401,-0.077883801,0.328347074,0.159312428,-0.029220344,0.334386262,0.163064824,0.373173066,1.527228141,-0.000913504,-0.001418222,1.527199675
42,0,22.898263126,2.268591320,0.018685398,-0.669141798,1.798011774,2.828650839,22.819993030,2.603875103,0.181779682,-0.669574079,1.795149112,4.370401408,-0.078270095,0.335283783,0.163094284,-0.066715653,0.336833566,0.165025268,0.380973974,1.541766840,-0.000432281,-0.002862662,1.541750570
43,0,23.476782149,2.309884778,0.002646182,-0.775583744,1.658568183,3.781674787,23.396457222,2.660453715,0.169837829,-0.775662202,1.656254382,5.332626686,-0.080324927,0.350568937,0.167191647,-0.061843545,0.352831063,0.170262554,0.396615330,1.550955896,-0.000078459,-0.002313801,1.550951899
44,0,24.008815248,2.374146334,0.001314127,-1.088622394,0.166407579,6.966635604,23.925546968,2.738880246,0.173505337,-1.088287116,0.164263389,8.527108454,-0.083268280,0.364733912,0.172191210,-0.038914382,0.368804305,0.179118122,0.411842501,1.560473392,0.000335278,-0.002144190,1.560472851
45,0,24.573692302,2.380766323,-0.001646425,-0.937041214,1.641355325,2.826265610,24.489575580,2.760337658,0.174333505,-0.936618789,1.638573260,4.399994258,-0.084116722,0.379571335,0.175979931,-0.070312464,0.380359823,0.180281778,0.426753977,1.573719074,0.000422425,-0.002782065,1.573728648
46,0,25.147622653,2.422545862,-0.015761964,-0.083359276,1.986637027,5.696917364,25.061411041,2.817372115,0.164035168,-0.083621289,1.984076755,7.286989237,-0.086211612,0.394826253,0.179797133,-0.052797814,0.401174568,0.178657710,0.442320269,1.590083032,-0.000262013,-0.002560273,1.590071872
47,0,25.725370878,2.523630435,-0.019882913,-0.586200737,1.473137845,8.469762373,25.635094325,2.933942048,0.163971781,-0.587395271,1.471464782,10.076184706,-0.090276554,0.410311612,0.183854693,-0.033575275,0.417238513,0.187330584,0.458593528,1.606454340,-0.001194533,-0.001673063,1.606422333
48,0,26.156824655,2.501847244,-0.031556351,-0.259229721,1.590588570,2.941433762,26.066100801,2.924031037,0.157751760,-0.257516175,1.588493108,4.555658555,-0.090723854,0.422183793,0.189308111,-0.074168045,0.425431198,0.189248330,0.471494998,1.614179530,0.001713546,-0.002095462,1.614224793
49,0,26.708659524,2.536290627,-0.028706540,0.096039974,1.175404888,3.925490202,26.616088357,2.973626080,0.164370213,0.095544662,1.172918064,5.555912206,-0.092571167,0.437335453,0.193076752,-0.066361876,0.442967574,0.191013564,0.486939782,1.630434125,-0.000495312,-0.002486824,1.630422004
50,0,27.274728035,2.597518284,-0.038020302,-0.429702615,1.189127931,6.297134723,27.179822481,3.050626324,0.158817907,-0.429843078,1.186867022,7.942691068,-0.094905555,0.453108040,0.196838208,-0.048709274,0.459301952,0.199319753,0.503049939,1.645560816,-0.000140463,-0.002260909,1.645556345
51,0,27.824148410,2.626767060,-0.060671919,-0.735665433,1.178933287,4.928892832,27.727854223,3.095340427,0.139916862,-0.736065654,1.176435181,6.589165912,-0.096294188,0.468573367,0.200588781,-0.059793876,0.472514806,0.205484502,0.518719028,1.660283233,-0.000400220,-0.002498106,1.660273080
52,0,28.519021630,2.620958674,-0.069930070,-0.425981859,1.784633619,1.999102935,28.422356979,3.109474461,0.134427006,-0.426341884,1.782223011,3.667424400,-0.096664651,0.488515787,0.204357076,-0.085890145,0.490076734,0.205429359,0.538287603,1.668334450,-0.000360025,-0.002410608,1.668321465
53,0,29.066617704,2.665723980,-0.070287714,-0.042105134,1.504147126,5.011856689,28.968176267,3.169996927,0.137819326,-0.040646462,1.501413482,6.689399033,-0.098441437,0.504272947,0.208107040,-0.059454876,0.510792985,0.206993010,0.554337859,1.677506950,0.001458671,-0.002733644,1.677542343
54,0,29.618454862,2.740131897,-0.082533559,0.146492242,1.660291901,7.606519167,29.517601413,3.260288362,0.129327635,0.146432192,1.658622784,9.296326220,-0.100853449,0.520156465,0.211861194,-0.037238607,0.529466647,0.209517750,0.570630644,1.689809617,-0.000060051,-0.001669117,1.689807053
55,0,30.181316030,2.775237669,-0.085537971,0.141939147,1.627241298,5.720509460,30.078963650,3.311680134,0.130052712,0.142525375,1.624741213,7.423470914,-0.102352380,0.536442464,0.215590683,-0.054474858,0.544501821,0.212781875,0.587133605,1.702946756,0.000586228,-0.002500085,1.702961454
56,0,30.743082888,2.847738044,-0.091285755,0.021398712,1.810406022,7.670046008,30.638248861,3.400566453,0.128043420,0.021136702,1.807415739,9.386593640,-0.104834026,0.552828410,0.219329175,-0.037025219,0.561955792,0.218058552,0.603916145,1.716558526,-0.000262011,-0.002990284,1.716547631
57,0,31.319255551,2.937804023,-0.099079207,-0.016680051,2.238689770,9.865059632,31.211301006,3.507552701,0.124012816,-0.017783723,2.236498184,11.593544978,-0.107954545,0.569748677,0.223092023,-0.017452115,0.579755216,0.222748968,0.621319394,1.728530179,-0.001103672,-0.002191586,1.728485347
58,0,31.903873999,2.938724785,-0.113938949,-0.211254965,2.003566338,2.852591713,31.795426007,3.525971830,0.112932392,-0.210726066,2.000699274,4.591384980,-0.108447992,0.587247046,0.226871341,-0.086971809,0.591086646,0.226148505,0.638819744,1.738777232,0.000528899,-0.002867064,1.738793267
59,0,32.501296169,2.987981087,-0.130995441,-0.346397336,1.133877411,5.073353071,32.390872460,3.593137339,0.099634627,-0.345841127,1.131560057,6.821746950,-0.110423709,0.605156252,0.230630068,-0.061029286,0.611151822,0.233166442,0.656960968,1.748384508,0.000556209,-0.002317355,1.748393879
60,0,33.079333961,3.063318285,-0.127705485,-0.307396795,0.825356070,7.741245659,32.966323780,3.685704978,0.106685541,-0.307109386,0.822915276,9.499325714,-0.113010181,0.622386693,0.234391027,-0.031518474,0.630672673,0.237348300,0.674592952,1.758077639,0.000287409,-0.002440794,1.758080055
61,0,33.646293768,3.133896955,-0.127989439,0.013478298,1.684874612,7.818941867,33.530824639,3.773258889,0.110145854,0.013387537,1.682287985,9.592147615,-0.115469129,0.639361934,0.238135293,-0.034404711,0.649182300,0.237073569,0.691971979,1.773210303,-0.000090761,-0.002586627,1.773205748
62,0,34.224303123,3.177717417,-0.137021773,0.155048498,1.525535607,5.585205746,34.107069788,3.834513864,0.104859038,0.155464243,1.522546073,7.374798634,-0.117233335,0.656796448,0.241880811,-0.059174226,0.665736277,0.238589973,0.709670033,1.789584377,0.000415744,-0.002989533,1.789592889
63,0,34.811463214,3.253080857,-0.145710192,0.062729871,1.779031040,7.264178673,34.691276804,3.927768487,0.099986074,0.063198862,1.776919492,9.060648039,-0.120186410,0.674687629,0.245696266,-0.041522534,0.684736588,0.243775532,0.728021171,1.796456117,0.000468991,-0.002111549,1.796469366
64,0,35.353833546,3.346505794,-0.159039747,-0.409292773,1.780353432,10.265931991,35.230137506,4.037723984,0.090439381,-0.410760170,1.778620034,12.076025410,-0.123696040,0.691218190,0.249479128,-0.006280400,0.700397837,0.254414148,0.745200062,1.810140409,-0.001467398,-0.001733398,1.810093418
65,0,35.813964977,3.345967014,-0.154333634,-0.558382969,1.655329593,3.643836766,35.689956433,4.051562845,0.098866612,-0.557985745,1.652481220,5.463287936,-0.124008545,0.705595830,0.253200247,-0.086195596,0.709572521,0.257742344,0.759838114,1.819441978,0.000397225,-0.002848373,1.819451170
66,0,36.375747845,3.408202267,-0.162366702,-1.034540043,1.435428797,6.607368602,36.249209588,4.131279995,0.094629678,-1.034510080,1.432841987,8.432866788,-0.126538257,0.723077728,0.256996379,-0.048921428,0.728096252,0.269040911,0.777753477,1.825499269,0.000029963,-0.002586810,1.825498186
67,0,36.954660959,3.467037603,-0.161690571,-0.578078442,1.309819857,7.263464740,36.825868357,4.208370801,0.099053309,-0.578649846,1.306956872,9.098510827,-0.128792602,0.741333198,0.260743880,-0.039982138,0.749007294,0.267468350,0.796335240,1.835061456,-0.000571403,-0.002862985,1.835046087
68,0,37.525590017,3.493920796,-0.169787622,-0.316788996,1.041100895,4.824444937,37.395475604,4.253227607,0.094997011,-0.316278926,1.038340122,6.665446379,-0.130114412,0.759306811,0.264784633,-0.070593637,0.766090778,0.267785274,0.814608799,1.840994328,0.000510070,-0.002760773,1.841001443
69,0,38.093202446,3.561998244,-0.164269432,-0.611738813,1.103866836,6.724593036,37.960494262,4.338996931,0.104401285,-0.612093659,1.101070203,8.575935408,-0.132708184,0.776998687,0.268670717,-0.045979327,0.784288597,0.276223956,0.832779908,1.851351346,-0.000354846,-0.002796633,1.851342372
70,0,38.675115723,3.592705660,-0.180170770,-0.011153935,0.998627000,5.268398940,38.541008889,4.388139866,0.092275896,-0.011301974,0.996059340,7.127445866,-0.134106834,0.795434206,0.272446666,-0.065241558,0.804334925,0.271507409,0.851426688,1.859051282,-0.000148039,-0.002567660,1.859046927
71,0,39.248769525,3.651430253,-0.199406903,0.299694108,2.793369975,6.830531990,39.112303825,4.465116811,0.076893184,0.299764040,2.791335220,8.700401408,-0.136465700,0.813686557,0.276300087,-0.052142100,0.825563878,0.269770131,0.870086455,1.869867120,0.000069932,-0.002034756,1.869869418
72,0,39.838428853,3.679168076,-0.213752822,0.190750783,1.710539422,4.098580645,39.700528659,4.511745515,0.066322055,0.190993637,1.708045034,5.977254891,-0.137900194,0.832577439,0.280074878,-0.086366425,0.841223875,0.274821443,0.889181417,1.878668674,0.000242853,-0.002494389,1.878674247
73,0,40.435951279,3.709370848,-0.222428501,-0.322940483,2.213853095,3.147116104,40.296573390,4.561126901,0.061428967,-0.322572587,2.211382596,5.043215907,-0.139377888,0.851756053,0.283857468,-0.103302622,0.856531087,0.284908226,0.908564600,1.896087244,0.000367896,-0.002470499,1.896099803
74,0,41.038999270,3.760993163,-0.240420170,-0.393692859,2.106876271,5.519889123,40.897449324,4.632147304,0.047223140,-0.394078357,2.104386308,7.434557972,-0.141549946,0.871154141,0.287643310,-0.067632347,0.878748872,0.291394722,0.928269680,1.914684671,-0.000385498,-0.002489963,1.914668850
75,0,41.644629822,3.760494971,-0.251380279,-1.009269206,2.301713316,1.843694147,41.502734031,4.651587082,0.040030652,-1.009557724,2.299250271,3.774022082,-0.141895791,0.891092112,0.291410931,-0.124765502,0.890008365,0.302355053,0.948208784,1.930341109,-0.000288518,-0.002463045,1.930327935
76,0,42.242553981,3.813118858,-0.269571300,-0.356081863,2.014687983,5.015070926,42.098433962,4.724038460,0.025609913,-0.356149747,2.011461361,6.960433455,-0.144120019,0.910919602,0.295181214,-0.074275501,0.918193870,0.298463091,0.968337260,1.945367591,-0.000067883,-0.003226622,1.945362530
77,0,42.825473521,3.870628805,-0.268147730,-0.519670095,1.936736990,7.393283666,42.678898269,4.801038515,0.030840269,-0.519684046,1.934536318,9.349809666,-0.146575252,0.930409710,0.298987999,-0.035722102,0.938794636,0.306478252,0.988200564,1.956527709,-0.000013950,-0.002200672,1.956526000
78,0,43.414239423,3.969657686,-0.296584979,-0.297261028,1.622273353,9.355853832,43.263762241,4.919910989,0.006162375,-0.297250193,1.619743994,11.325742402,-0.150477181,0.950253303,0.302747353,-0.002570089,0.960491295,0.307783284,1.008603332,1.969889888,0.000010835,-0.002529359,1.969888571
79,0,44.000659090,4.066490513,-0.303074540,-0.401659358,1.234383380,11.524207670,43.846407452,5.036685291,0.003431723,-0.401908912,1.231523422,13.504396343,-0.154251639,0.970194777,0.306506263,0.036072626,0.979273974,0.314227327,1.029085790,1.980196123,-0.000249554,-0.002859958,1.980188673
80,0,44.599673540,4.205423178,-0.316810032,-0.131786933,2.031021881,13.796427527,44.440080537,5.196005979,-0.006390275,-0.131526612,2.028694437,15.787359733,-0.159593003,0.990582800,0.310419756,0.070186053,0.999339433,0.315403317,1.050278361,1.990924362,0.000260321,-0.002327444,1.990932206
81,0,45.205230180,4.321992478,-0.318095210,-0.311355194,1.626152934,12.893577559,45.041266307,5.333131612,-0.003868904,-0.311642607,1.626116429,14.900260117,-0.163963873,1.011139133,0.314226305,0.056853139,1.020499421,0.321517220,1.071459131,2.006690734,-0.000287413,-0.000036506,2.006682557
82,0,45.342728276,4.304824894,-0.316467534,-0.273290067,1.947916061,7.415219003,45.179109668,5.320611015,0.001483901,-0.273505160,1.946478452,9.434390500,-0.163618608,1.015786121,0.317951435,-0.041943395,1.026885137,0.321610439,1.076886999,2.019179329,-0.000215093,-0.001437608,2.019171497
83,0,45.501668514,4.262494299,-0.330190582,-0.848345112,1.641857384,1.801623406,45.339563867,5.283563684,-0.008472702,-0.848536704,1.641717902,3.832692296,-0.162104646,1.021069385,0.321717880,-0.139087519,1.020842391,0.333014224,1.082757128,2.031074393,-0.000191592,-0.000139483,2.031068890
84,0,45.641527033,4.217920146,-0.325509186,-0.485912076,1.702364656,-3.592453387,45.480975933,5.243657804,-0.000079551,-0.486129293,1.700336873,-1.549612439,-0.160551100,1.025737658,0.325429636,-0.234075989,1.010923560,0.327201520,1.088034396,2.042848415,-0.000217217,-0.002027783,2.042840948
85,0,46.216634703,4.140141878,-0.338447919,-0.340187128,1.514213049,-5.401792297,46.058532892,5.185981902,-0.009249599,-0.340070632,1.511814995,-3.345176529,-0.158101810,1.045840024,0.329198320,-0.264464192,1.024380020,0.328410320,1.107767608,2.056614093,0.000116495,-0.002398054,2.056615768
86,0,46.831097464,4.084175121,-0.343375200,-0.165448582,2.177504559,-4.625188031,46.674679841,5.151686966,-0.010416854,-0.165324185,2.174004922,-2.557051016,-0.156417623,1.067511846,0.332958346,-0.254465502,1.050483859,0.326558179,1.129118804,2.068135257,0.000124396,-0.003499637,2.068137015
87,0,47.612419176,4.003340185,-0.357810350,0.128569465,1.447434270,-4.201624614,47.458446331,5.098499031,-0.020195155,0.128662607,1.445139599,-2.120918837,-0.153972845,1.095158847,0.337615195,-0.242250951,1.081675829,0.329175383,1.156315076,2.080704693,0.000093142,-0.002294671,2.080705777
88,0,48.225044718,3.941272314,-0.359093520,0.428297742,1.141185253,-4.375314737,48.072959553,5.058091673,-0.017661031,0.427619903,1.140285809,-2.282239824,-0.152085165,1.116819359,0.341432489,-0.243596517,1.104447834,0.328401041,1.177706043,2.093088711,-0.000677839,-0.000899445,2.093074913
89,0,48.527512679,3.860450152,-0.363810902,0.417849286,2.099401787,-10.397648688,48.378180521,4.987915242,-0.018638156,0.417811777,2.096897327,-8.293499802,-0.149332158,1.127465089,0.345172745,-0.362773118,1.084392766,0.324206478,1.188537692,2.104151749,-0.000037510,-0.002504460,2.104148886
90,0,49.147809732,3.764489418,-0.375781826,0.710222891,1.878506747,-7.749724077,49.001497357,4.914435235,-0.026833161,0.710191984,1.876301060,-5.636620520,-0.146312375,1.149945817,0.348948665,-0.311319192,1.123828279,0.325020344,1.210598143,2.113105721,-0.000030907,-0.002205686,2.113103557
91,0,49.571185649,3.608008308,-0.368225233,0.921561870,1.823757564,-14.910747805,49.430494547,4.773045292,-0.015510911,0.921909612,1.821312786,-12.783943285,-0.140691102,1.165036984,0.352714322,-0.446738613,1.094911924,0.321099743,1.225362213,2.126794894,0.000347742,-0.002444778,2.126804520
92,0,50.161556240,3.456967349,-0.374535388,0.752793855,0.926379361,-14.502247293,50.026193791,4.643198260,-0.017998208,0.752239722,0.923504233,-12.358891348,-0.135362449,1.186230911,0.356537180,-0.433811470,1.119034382,0.334895788,1.246027900,2.143366890,-0.000554134,-0.002875128,2.143355946
93,0,50.740012056,3.234720889,-0.373534791,0.969177637,1.687930162,-18.293380095,50.612700664,4.442033535,-0.012956141,0.968810897,1.685376090,-16.138932361,-0.127311392,1.207312646,0.360578650,-0.510236125,1.112025395,0.326936683,1.266423696,2.154460073,-0.000366740,-0.002554072,2.154447734
94,0,51.298687483,2.989480332,-0.377589834,0.844578679,1.836880239,-21.398259874,51.180517406,4.216933834,-0.013167416,0.844117085,1.835265378,-19.225355222,-0.118170077,1.227453501,0.364422418,-0.569253399,1.104712971,0.330105716,1.285849899,2.172920091,-0.000461594,-0.001614861,2.172904653
95,0,51.526712684,2.784378969,-0.387445632,0.886285360,1.676883547,-31.171156508,51.416318231,4.019909060,-0.019272472,0.886132220,1.674465977,-28.984263597,-0.110394453,1.235530091,0.368173159,-0.744421618,1.005251186,0.331027981,1.293937022,2.186898730,-0.000153140,-0.002417571,2.186892911
96,0,52.049233394,2.460829130,-0.399808121,0.831968528,1.961997531,-31.122567240,51.950916713,3.715682968,-0.027847620,0.831414977,1.959042038,-28.921798548,-0.098316681,1.254853838,0.371960501,-0.745067415,1.028343229,0.331758481,1.312508643,2.200789683,-0.000553551,-0.002955493,2.200768691
97,0,52.585235005,2.107113197,-0.416009268,1.248712228,2.167838033,-30.343359959,52.500266917,3.381870328,-0.040258782,1.248767030,2.165707626,-28.131833403,-0.084968088,1.274757131,0.375750486,-0.731011624,1.064548620,0.325226055,1.331695816,2.211525510,0.000054802,-0.002130407,2.211526556
98,0,53.103085927,1.769558787,-0.429809713,0.375388645,0.472438199,-32.985345996,53.030911288,3.063489305,-0.050228352,0.373748082,0.469827218,-30.765410653,-0.072174639,1.293930518,0.379581362,-0.768092132,1.048491053,0.366399183,1.350387861,2.219950974,-0.001640564,-0.002610981,2.219935343
99,0,53.588298618,1.388839720,-0.421749807,-0.349644002,0.438423886,-35.787156862,53.530523159,2.701427665,-0.038395564,-0.350286415,0.437198540,-33.557647914,-0.057775459,1.312587944,0.383354243,-0.817346430,1.028658499,0.383395484,1.368643705,2.229514286,-0.000642413,-0.001225346,2.229508948
100,0,53.770169581,1.151010613,-0.422729550,-0.270597723,-0.303406163,-44.226832675,53.721562537,2.470244028,-0.035616989,-0.271754938,-0.305232062,-41.989940883,-0.048607045,1.319233416,0.387112561,-0.952934044,0.909575872,0.396464408,1.375716390,2.236886690,-0.001157215,-0.001825898,2.236891792
101,0,53.919986404,0.875169995,-0.426081590,-0.519186475,-0.002924226,-50.482082802,53.882068829,2.200356116,-0.034593938,-0.519080868,-0.003505058,-48.241002000,-0.037917575,1.325186120,0.391487652,-1.046390255,0.810409838,0.398900874,1.382323616,2.241080885,0.000105607,-0.000580832,2.241080801
102,0,53.967820352,0.736193376,-0.415814037,-0.540945604,-0.315409538,-55.967982506,53.935357881,2.063414095,-0.019586115,-0.542593080,-0.316788402,-53.721836355,-0.032462471,1.327220719,0.396227922,-1.115870618,0.712053898,0.409117619,1.385483748,2.246138089,-0.001647476,-0.001378864,2.246146151
103,0,54.016586304,0.461923360,-0.406616213,-0.340688861,-0.954823786,-67.110429416,53.995077102,1.791131004,-0.005337271,-0.341565234,-0.957597573,-64.855046720,-0.021509201,1.329207644,0.401278942,-1.226048824,0.494671482,0.424717321,1.388625362,2.255369947,-0.000876373,-0.002773788,2.255382696
104,0,54.233657376,-0.086090804,-0.391496028,-0.556908596,-0.965431168,-67.903494116,54.233698687,1.252594667,0.015712223,-0.557502687,-0.968001581,-65.640578472,0.000041310,1.338685471,0.407208250,-1.233308398,0.499424276,0.432923942,1.399248853,2.262907158,-0.000594091,-0.002570414,2.262915644
105,0,54.342373450,-0.642726973,-0.371694531,-0.462398579,0.031090323,-75.395800930,54.364169237,0.700940303,0.039490242,-0.463382622,0.030055472,-73.123523725,0.021795787,1.343667275,0.411184773,-1.294981653,0.356559792,0.413373143,1.405343275,2.272278180,-0.000984043,-0.001034850,2.272277206
106,0,54.335632542,-0.818217084,-0.380737107,-0.630784892,0.081023311,-80.721581023,54.364230826,0.525689640,0.034671541,-0.631128489,0.078568466,-78.438492932,0.028598283,1.343906724,0.415408649,-1.322298898,0.240337507,0.416210280,1.406935496,2.283089915,-0.000343597,-0.002454845,2.283088091
107,0,54.406587186,-1.417949716,-0.370640429,0.073240088,-0.284814716,-81.771957680,54.458797462,-0.070561765,0.049015009,0.073519544,-0.287569165,-79.481195202,0.052210276,1.347387951,0.419655438,-1.323943901,0.245046691,0.425929052,1.412193644,2.290765546,0.000279456,-0.002754448,2.290762478
108,0,54.514591690,-1.993146093,-0.355346094,0.156948898,-0.171816258,-78.012889228,54.589518574,-0.640788408,0.068073702,0.157069905,-0.173944200,-75.711217220,0.074926884,1.352357685,0.423419796,-1.306031346,0.355335709,0.426366424,1.419073525,2.301673359,0.000121007,-0.002127942,2.301672008
109,0,54.522439544,-2.476342991,-0.373503429,0.423145385,-1.508946285,-84.660857673,54.616461185,-1.123021897,0.053658708,0.423220209,-1.511562518,-82.346018950,0.094021642,1.353321095,0.427162138,-1.326988031,0.222949283,0.460632098,1.422246655,2.314842174,0.000074824,-0.002616233,2.314838722
110,0,54.608979123,-3.069216405,-0.344842629,0.313419793,-1.363685833,-81.626138277,54.726727420,-1.711655830,0.086986029,0.313098841,-1.366511562,-79.301923949,0.117748297,1.357560575,0.431828658,-1.315287122,0.316726258,0.461536161,1.429444425,2.324208422,-0.000320952,-0.002825729,2.324214328
111,0,54.651328076,-3.694610619,-0.327536622,0.200810199,-1.286663989,-85.508054772,54.794579579,-2.334607560,0.110114883,0.201110181,-1.288429028,-83.179126161,0.143251503,1.360003059,0.437651505,-1.334439974,0.250963270,0.466857094,1.435851021,2.328936040,0.000299982,-0.001765039,2.328928611
112,0,54.715963643,-4.291700718,-0.302220757,0.400115108,-1.322447952,-83.552155455,54.883563343,-2.928245474,0.140236956,0.400447176,-1.324766375,-81.217662314,0.167599701,1.363455244,0.442457713,-1.325442117,0.322950350,0.470929887,1.443214707,2.334501986,0.000332069,-0.002318423,2.334493141
113,0,54.813014060,-4.902791547,-0.288964683,0.625314148,-1.086860305,-80.353736902,55.005506797,-3.534527436,0.158631615,0.624903635,-1.089515674,-78.013652468,0.192492737,1.368264111,0.447596297,-1.307936336,0.424175638,0.467889034,1.452426445,2.340078180,-0.000410513,-0.002655369,2.340084434
114,0,54.934259150,-5.505811493,-0.271457467,0.350912718,-1.146322456,-77.451158949,55.151356050,-4.131442216,0.181924258,0.349696715,-1.148392247,-75.104217876,0.217096901,1.374369277,0.453381725,-1.285038852,0.513447566,0.476050110,1.463412779,2.346917951,-0.001216004,-0.002069791,2.346941073
115,0,54.911892463,-5.955094055,-0.246125907,0.835859169,-0.617906161,-85.927954199,55.147699425,-4.580927931,0.213858447,0.835002928,-0.621042448,-83.579882232,0.235806962,1.374166124,0.459984354,-1.348912928,0.339679746,0.469653751,1.468169971,2.348064960,-0.000856241,-0.003136288,2.348071967
116,0,54.945455772,-6.569125021,-0.228898427,0.662759703,-1.423149505,-86.301111866,55.206699771,-5.192617389,0.237374059,0.663533186,-1.425764331,-83.952362208,0.261243999,1.376507632,0.466272487,-1.344787664,0.355260497,0.495749772,1.476628497,2.348770469,0.000773483,-0.002614825,2.348749658
117,0,54.999741348,-7.186866053,-0.204603650,0.431128908,-1.302051448,-84.038783461,55.286404808,-5.807183155,0.265987080,0.430061838,-1.304896759,-81.686284123,0.286663460,1.379682897,0.470590730,-1.331410731,0.432158089,0.497736197,1.485650185,2.352477026,-0.001067070,-0.002845311,2.352499337
118,0,55.056255601,-7.793271218,-0.172081172,0.529489525,-1.350905366,-83.181047895,55.368047266,-6.410191842,0.304690900,0.529017714,-1.351941034,-80.827906441,0.311791665,1.383079376,0.476772071,-1.324664518,0.478478112,0.503742813,1.495805539,2.353130602,-0.000471812,-0.001035669,2.353141454
119,0,55.003435865,-8.079178897,-0.158504743,0.718494682,-1.114659701,-90.432324108,55.327197662,-6.697647275,0.323301585,0.718464925,-1.116664705,-88.078795139,0.323761797,1.381531622,0.481806327,-1.374300622,0.319681918,0.504668141,1.498528832,2.353529244,-0.000029757,-0.002005004,2.353528969
120,0,55.011049118,-8.702035898,-0.145057527,0.546997061,-0.508510861,-88.349446869,55.360444350,-7.319242371,0.341252316,0.547052043,-0.511075216,-85.989678840,0.349395232,1.382793528,0.486309843,-1.367785875,0.393820726,0.494731509,1.506881625,2.359769912,0.000054981,-0.002564355,2.359768029
121,0,55.068539512,-9.309536539,-0.131588848,0.587739313,-0.285890494,-85.277243944,55.442926338,-7.923406188,0.360353203,0.588969566,-0.288223306,-82.911977240,0.374386826,1.386130351,0.491942051,-1.348127761,0.492331492,0.493650756,1.517738392,2.365274337,0.001230253,-0.002332813,2.365266704
122,0,55.099018975,-9.917003378,-0.116815626,0.590699938,-0.401457126,-84.988737562,55.498572673,-8.528789908,0.379294123,0.590831118,-0.403622692,-82.619937689,0.399553698,1.388213471,0.496109749,-1.344496273,0.524473317,0.500162164,1.527384916,2.368801788,0.000131180,-0.002165565,2.368799873
123,0,55.121626598,-10.525097963,-0.091312767,0.891245974,-0.759959356,-86.193935789,55.546433389,-9.134866161,0.408866777,0.891026725,-0.762366515,-83.816802265,0.424806791,1.390231802,0.500179543,-1.352213487,0.524150063,0.510068866,1.537330429,2.377131840,-0.000219249,-0.002407158,2.377133524
124,0,55.177738952,-11.135814272,-0.072914721,0.672495755,-1.043669458,-84.164735992,55.628108267,-9.742333821,0.431477359,0.672432681,-1.045912467,-81.782392475,0.450369315,1.393480451,0.504392080,-1.331061857,0.595873870,0.521766539,1.548880776,2.382343424,-0.000063074,-0.002243009,2.382343517
125,0,55.212518234,-11.736267418,-0.064748249,0.683785112,-0.320347863,-85.320370765,55.688091840,-10.340552530,0.443424478,0.682968104,-0.323338593,-82.934643264,0.475573606,1.395714888,0.508172727,-1.349400558,0.593969304,0.508673199,1.559624898,2.385724926,-0.000817008,-0.002990730,2.385727501
126,0,55.270211203,-12.344855009,-0.048028933,0.755643877,-0.377680982,-83.663423305,55.771356934,-10.945724475,0.464660569,0.754501082,-0.379824009,-81.270680184,0.501145731,1.399130533,0.512689502,-1.331863444,0.659325045,0.512829475,1.572120803,2.392736799,-0.001142795,-0.002143026,2.392743121
127,0,55.329295999,-12.928809693,-0.017153209,0.783366788,-1.829904754,-82.929345496,55.855181870,-11.526127256,0.501117075,0.783815530,-1.833009590,-80.531767619,0.525885871,1.402682437,0.518270284,-1.310055709,0.702143930,0.550841173,1.585142914,2.397594271,0.000448742,-0.003104836,2.397577878
128,0,55.380414778,-13.546742446,-0.003796636,0.566443771,-0.758403787,-83.323183389,55.932326839,-12.141094207,0.518294985,0.566131286,-0.761034493,-80.916279170,0.551912061,1.405648239,0.522091622,-1.324917408,0.716902534,0.532614470,1.597821503,2.406901534,-0.000312485,-0.002630705,2.406904219
129,0,55.385850689,-14.136879378,0.003295948,0.703507687,0.452111417,-86.302774102,55.962701883,-12.730166819,0.529148993,0.702588787,0.448923756,-83.885040532,0.576851194,1.406712559,0.525853045,-1.370693990,0.672634764,0.506832725,1.608763174,2.417743071,-0.000918900,-0.003187662,2.417733570
130,0,55.440240069,-14.743457956,0.011012594,0.552900055,-1.097211358,-83.923093684,56.042936740,-13.333499678,0.541008702,0.553382454,-1.099855794,-81.498515635,0.602696671,1.409958278,0.529996108,-1.327837692,0.753898581,0.548275013,1.622381428,2.424588787,0.000482399,-0.002644436,2.424578049
131,0,55.514118218,-15.342358390,0.025801980,0.218493401,-1.270283977,-81.801823722,56.142372675,-13.928350367,0.559588086,0.218268221,-1.272954816,-79.371405394,0.628254457,1.414008023,0.533786107,-1.297815134,0.825607895,0.559551105,1.636780364,2.430414809,-0.000225180,-0.002670839,2.430418328
132,0,55.597502217,-15.947078634,0.042588162,0.255659716,-0.949366565,-80.607140334,56.251725809,-14.528636059,0.580201258,0.256325518,-0.951950018,-78.175066809,0.654223592,1.418442574,0.537613096,-1.283568499,0.879431581,0.555038456,1.651973270,2.432086034,0.000665801,-0.002583453,2.432073525
133,0,55.659886941,-16.554083143,0.047593517,0.862268031,-0.500095712,-80.999310704,56.340100903,-15.132227889,0.588998867,0.863196027,-0.502600004,-78.569471554,0.680213962,1.421855254,0.541405351,-1.293155253,0.902498610,0.539192824,1.666578276,2.429848737,0.000927996,-0.002504293,2.429839149
134,0,55.771308010,-17.145646948,0.068229792,1.069434581,-0.587254618,-78.680992330,56.476545561,-15.718255544,0.613397168,1.069717893,-0.589703390,-76.248614773,0.705237551,1.427391405,0.545167376,-1.255556219,0.981923093,0.539832671,1.682858786,2.432381716,0.000283312,-0.002448771,2.432377557
135,0,55.891490174,-17.756811755,0.075751662,1.037851970,-0.815077145,-77.062588205,56.622583125,-16.323433010,0.624679800,1.037817780,-0.817891104,-74.627755895,0.731092950,1.433378744,0.548928138,-1.225377394,1.043538466,0.547605095,1.700115769,2.434833448,-0.000034189,-0.002813959,2.434832309
136,0,55.973234804,-18.346625550,0.102038638,1.398799304,-0.760489540,-79.813862075,56.729450104,-16.908993796,0.654746823,1.398364379,-0.762821252,-77.376971264,0.756215300,1.437631754,0.552708184,-1.273789525,1.012145130,0.545119674,1.715847597,2.436886184,-0.000434925,-0.002331712,2.436890811
137,0,56.093953024,-18.944893718,0.100734071,1.480775840,-0.549184461,-77.577674142,56.875744072,-17.501452552,0.658628286,1.481476973,-0.552195930,-75.142030640,0.781791048,1.443441166,0.557894215,-1.236068012,1.088360311,0.541824052,1.733772072,2.435652204,0.000701132,-0.003011469,2.435643503
138,0,56.222288497,-19.538902742,0.124814664,1.102661190,-0.789302500,-75.817202487,57.029260020,-18.089195764,0.687002933,1.102596599,-0.791418580,-73.380442097,0.806971523,1.449706978,0.562188270,-1.199938191,1.148503222,0.556774371,1.751830190,2.436760418,-0.000064591,-0.002116080,2.436760389
139,0,56.305030587,-20.134390079,0.147168020,0.681467218,-1.196710862,-78.978988617,57.137381679,-18.680415872,0.713555035,0.681197329,-1.199331547,-76.542815492,0.832351092,1.453974208,0.566387015,-1.255933489,1.101927325,0.579681662,1.768514514,2.436168906,-0.000269889,-0.002620685,2.436173125
140,0,56.390323836,-20.716398311,0.170879266,0.329125243,-0.795313777,-80.789165453,57.247488284,-19.257788889,0.741245067,0.328975277,-0.796951571,-78.354950026,0.857164447,1.458609422,0.570365801,-1.294555268,1.082950734,0.582180253,1.785382167,2.434213899,-0.000149965,-0.001637794,2.434215427
141,0,56.377376043,-21.020656793,0.178332328,0.561837498,-1.106239051,-85.994291852,57.247616187,-19.562009265,0.752431715,0.561191138,-1.109834898,-83.559174052,0.870240145,1.458647529,0.574099387,-1.382949204,0.975855056,0.591370473,1.792919582,2.435108041,-0.000646360,-0.003595847,2.435117800
142,0,56.421178294,-21.775959377,0.204131755,0.149833203,-0.879510515,-85.199507875,57.323580543,-20.314563667,0.782869878,0.150087849,-0.882433063,-82.759895646,0.902402249,1.461395710,0.578738123,-1.371704383,1.023100898,0.597190668,1.812441739,2.439617907,0.000254646,-0.002922548,2.439612229
143,0,56.485373577,-22.538476915,0.229469946,0.473952431,-0.572779159,-83.973051826,57.420288140,-21.073423006,0.812499080,0.474228717,-0.575240972,-81.527377711,0.934914564,1.465053910,0.583029134,-1.352897244,1.088469873,0.587599824,1.833131521,2.445678137,0.000276285,-0.002461814,2.445674114
144,0,56.549047449,-23.151369339,0.246377493,0.303190059,-0.909869188,-82.870515738,57.510101840,-21.682711924,0.833172728,0.303819687,-0.912338340,-80.419209946,0.961054390,1.468657416,0.586795235,-1.328536812,1.139103131,0.601949157,1.850650911,2.451317129,0.000629628,-0.002469153,2.451305793
145,0,56.629463174,-23.739951957,0.266589698,0.314970993,-0.875298954,-80.991025885,57.615661601,-22.267099485,0.857135141,0.314440325,-0.878461786,-78.536537818,0.986198427,1.472852472,0.590545443,-1.291082075,1.208002236,0.603707989,1.868321616,2.454482041,-0.000530668,-0.003162832,2.454488067
146,0,56.679903807,-24.344001354,0.285973467,1.172917145,-0.611052961,-83.451792740,57.691968120,-22.868187078,0.880299019,1.172648326,-0.613536576,-80.993723336,1.012064314,1.475814277,0.594325551,-1.344356388,1.185976455,0.584543039,1.885609932,2.458067801,-0.000268819,-0.002483615,2.458069404
147,0,56.767879794,-24.934320946,0.301507644,0.838464448,0.097074502,-81.271273162,57.805277458,-23.453954421,0.900091190,0.838777683,0.094815525,-78.812026506,1.037397663,1.480366525,0.598583546,-1.306801349,1.258630658,0.578014120,1.904200941,2.459247188,0.000313235,-0.002258976,2.459246655
148,0,56.874592976,-25.536749741,0.308962556,0.163107988,0.016309793,-79.257345739,57.937814505,-24.050838385,0.911498801,0.162461597,0.013475565,-76.797769335,1.063221529,1.485911355,0.602536245,-1.261858742,1.323267753,0.598412459,1.923908133,2.459578290,-0.000646391,-0.002834227,2.459576404
149,0,56.990458763,-26.143857888,0.315551980,-0.252219113,0.031299765,-77.608139300,58.079711890,-24.652070929,0.922138453,-0.252166794,0.028760114,-75.149817589,1.089253126,1.491786959,0.606586473,-1.223613649,1.381328245,0.612004714,1.944183081,2.458322996,0.000052319,-0.002539651,2.458321711
150,0,57.129771679,-26.716348522,0.324678770,-0.208120895,0.100806786,-75.130100685,58.243510960,-25.217626399,0.935636584,-0.208138942,0.098717597,-72.666964164,1.113739281,1.498722123,0.610957814,-1.163791175,1.458829526,0.614214257,1.964650767,2.463137438,-0.000018048,-0.002089189,2.463136521
151,0,57.235954626,-27.304927118,0.335965021,-0.176901866,-0.823702489,-77.696134226,58.374992973,-25.800835406,0.950806142,-0.177610052,-0.826423004,-75.230860948,1.139038347,1.504091712,0.614841121,-1.217854037,1.431432972,0.636836737,1.984371396,2.465264683,-0.000708187,-0.002720515,2.465273278
152,0,57.369822098,-27.894515077,0.347546184,-0.258206368,-0.669277666,-76.148013935,58.534274237,-26.383941017,0.966480289,-0.258499802,-0.672235553,-73.679702646,1.164452138,1.510574060,0.618934105,-1.180545290,1.489373491,0.639485436,2.005208767,2.468309643,-0.000293434,-0.002957887,2.468311289
153,0,57.418449622,-28.483091083,0.364562020,-0.280197576,-0.249556831,-81.858165609,58.608441957,-26.969718368,0.988566237,-0.280095073,-0.251985588,-79.388747278,1.189992335,1.513372715,0.624004217,-1.326856645,1.389231270,0.636590854,2.023798407,2.469419976,0.000102503,-0.002428757,2.469418331
154,0,57.496444585,-29.060127780,0.383609110,-0.564586817,-0.281722044,-81.007490959,58.711336955,-27.542796511,1.011974295,-0.564486589,-0.284373080,-78.537598954,1.214892370,1.517331269,0.628365185,-1.305681803,1.430801978,0.648923095,2.042816794,2.469893926,0.000100229,-0.002651036,2.469892006
155,0,57.596715610,-29.646804649,0.385453423,-0.627740177,-0.004375238,-79.442303681,58.836929464,-28.124566476,1.017643093,-0.628088134,-0.006987940,-76.970633650,1.240213854,1.522238173,0.632189670,-1.269180891,1.491113901,0.648662036,2.062765919,2.471671401,-0.000347957,-0.002612702,2.471670030
156,0,57.685382286,-30.238286323,0.404140609,-1.012723598,-1.071253901,-79.498172892,58.951038461,-28.711533908,1.040395526,-1.012585327,-1.073710882,-77.023506545,1.265656175,1.526752415,0.636254916,-1.258373364,1.510830529,0.686706926,2.082709488,2.474670159,0.000138271,-0.002456981,2.474666347
157,0,57.809161998,-30.819852980,0.405612316,-1.046322143,-0.279612160,-77.718617649,59.099878768,-29.287304405,1.046583920,-1.046636323,-0.282110306,-75.241470952,1.290716770,1.532548575,0.640971604,-1.219781120,1.575093119,0.675807072,2.103687124,2.477146436,-0.000314180,-0.002498146,2.477146696
158,0,57.885041442,-31.390298967,0.427698666,-0.668135455,-0.194371874,-80.980582033,59.200456460,-29.853955554,1.073449901,-0.667872634,-0.196885657,-78.503343691,1.315415018,1.536343412,0.645751235,-1.308932183,1.532315007,0.668109023,2.123125622,2.477240528,0.000262822,-0.002513783,2.477238342
159,0,57.985283553,-31.969682439,0.438121630,-0.433206745,-0.703694490,-78.585130324,59.325801559,-30.428534200,1.088743104,-0.433678546,-0.705176402,-76.105789098,1.340518006,1.541148239,0.650621475,-1.237275320,1.613932905,0.678089288,2.143696509,2.479335913,-0.000471801,-0.001481912,2.479341226
160,0,57.985220456,-32.403615430,0.446311979,-0.177875110,-0.649737707,-84.938430794,59.344616115,-30.862475251,1.100707093,-0.178310821,-0.651865014,-82.458127101,1.359395659,1.541140179,0.654395114,-1.407684437,1.487975133,0.675023780,2.156687871,2.480299694,-0.000435711,-0.002127308,2.480303692
161,0,58.021414337,-32.961465518,0.465920930,-0.662416876,-0.238010787,-84.897169245,59.405046073,-31.418597259,1.124572340,-0.661504748,-0.240683697,-82.413947583,1.383631736,1.542868259,0.658651409,-1.410940032,1.507592228,0.681993273,2.174557639,2.483227079,0.000912128,-0.002672910,2.483221663
162,0,58.088558968,-33.548481779,0.471353190,-0.883250885,-0.463030903,-82.173456663,59.497591977,-32.002226029,1.133973325,-0.883037220,-0.465238650,-79.689728306,1.409033008,1.546255750,0.662620135,-1.334579136,1.595896559,0.698111029,2.194389735,2.483731079,0.000213665,-0.002207748,2.483728357
163,0,58.191470860,-34.115422613,0.486184942,-0.848305008,-0.408931453,-78.988064974,59.624961653,-32.564361055,1.152906799,-0.848457511,-0.411374379,-76.500709379,1.433490793,1.551061557,0.666721857,-1.243896165,1.693180852,0.700761569,2.214769930,2.487355708,-0.000152503,-0.002442926,2.487355596
164,0,58.325595999,-34.681020860,0.500943041,-0.741416379,0.039513660,-76.175128534,59.783602732,-33.123852960,1.171424474,-0.742368137,0.037327284,-73.685985574,1.458006733,1.557167900,0.670481433,-1.164121874,1.779047071,0.692757268,2.236090529,2.489144740,-0.000951758,-0.002186375,2.489142960
165,0,58.390056688,-35.248099036,0.511940958,-0.719723743,-0.170989240,-80.865807641,59.872791117,-33.687937255,1.186702337,-0.719467768,-0.173082305,-78.377182435,1.482734429,1.560161780,0.674761379,-1.302978155,1.702943961,0.700099192,2.255639396,2.488626868,0.000255975,-0.002093065,2.488625206
166,0,58.500883184,-35.819301037,0.524524878,-0.568620361,-0.189583406,-78.140217477,60.008424474,-34.254095028,1.204237919,-0.568888414,-0.192319602,-75.651413266,1.507541290,1.565206009,0.679713041,-1.219712753,1.790163288,0.701552998,2.276962979,2.488804836,-0.000268053,-0.002736196,2.488804211
167,0,58.607797285,-36.370881543,0.537833011,-0.817078887,0.083922805,-77.458070106,60.139184064,-34.800680128,1.222287210,-0.816733960,0.081376027,-74.970762684,1.531386780,1.570201415,0.684454200,-1.201186703,1.825897324,0.708805314,2.297641292,2.487308252,0.000344927,-0.002546779,2.487307422
168,0,58.673824356,-36.954706925,0.548623839,-0.505686900,0.253442884,-80.529845782,60.230540408,-35.381418148,1.236841028,-0.505715014,0.251095758,-78.043134914,1.556716051,1.573288777,0.688217189,-1.298746264,1.788266169,0.698289046,2.317810463,2.486712099,-0.000028114,-0.002347126,2.486710868
169,0,58.719248022,-37.551152970,0.547410798,-0.160935912,0.461943719,-84.240859983,60.301818528,-35.975566546,1.239385936,-0.161226160,0.459750680,-81.755209029,1.582570506,1.575586423,0.691975138,-1.414360990,1.730769016,0.685458371,2.337911798,2.485654274,-0.000290248,-0.002193040,2.485650955
170,0,58.788108937,-38.131464986,0.556474350,-0.347384685,0.287831907,-82.534205038,60.395743164,-36.552495416,1.252211343,-0.346886368,0.285332725,-80.048841317,1.607634227,1.578969570,0.695736992,-1.360175201,1.794958039,0.699808356,2.358322004,2.485362534,0.000498317,-0.002499182,2.485363720
171,0,58.878347757,-38.720143780,0.565015624,-0.606441883,0.215156080,-80.301151388,60.511427369,-37.136881987,1.264591005,-0.607292838,0.212083428,-77.818461332,1.633079612,1.583261793,0.699575381,-1.288125743,1.869010787,0.714565173,2.379721126,2.482695276,-0.000850956,-0.003072653,2.482690056
172,0,58.990273939,-39.291720866,0.572375526,-0.630758677,0.468157651,-77.657135090,60.648199819,-37.703337408,1.276326985,-0.631477434,0.465803302,-75.178528464,1.657925880,1.588383458,0.703951459,-1.202980955,1.951379071,0.715670618,2.401505339,2.478613706,-0.000718756,-0.002354349,2.478606626
173,0,59.048542645,-39.874933299,0.579821159,-0.700380169,0.001612219,-82.455393716,60.731881117,-38.283966593,1.287703807,-0.699450154,-0.001005969,-79.979109321,1.683338471,1.590966706,0.707882648,-1.356194529,1.868863775,0.730743392,2.421962286,2.476285949,0.000930015,-0.002618188,2.476284395
174,0,59.134512613,-40.439556150,0.598825709,-0.798043955,-0.205810316,-81.245776648,60.842245138,-38.844614650,1.310549083,-0.797446787,-0.207187038,-78.770895144,1.707732525,1.594941500,0.711723373,-1.313885387,1.920416062,0.743267287,2.442690918,2.474884110,0.000597168,-0.001376721,2.474881503
175,0,59.214137389,-40.994573083,0.610516220,-0.801854660,-0.051998377,-80.036950076,60.945702902,-39.395789728,1.326598924,-0.802385520,-0.054247574,-77.562488555,1.731565513,1.598783355,0.716082704,-1.274439145,1.971831521,0.744907445,2.463169053,2.474462108,-0.000530860,-0.002249197,2.474461521
176,0,59.281717602,-41.550236755,0.622753785,-0.727626106,-0.354371647,-80.502735641,61.037171785,-39.948084034,1.342585527,-0.728380489,-0.357494158,-78.026615409,1.755454183,1.602152720,0.719831742,-1.286065159,1.986345683,0.753085452,2.483278169,2.476117629,-0.000754383,-0.003122512,2.476120232
177,0,59.381263397,-42.114959013,0.634321315,-0.972685198,-0.467402696,-78.843846115,61.161065244,-40.507898277,1.358621751,-0.973874347,-0.468545966,-76.369465479,1.779801846,1.607060736,0.724300435,-1.226380864,2.044347536,0.769144378,2.504985019,2.474371473,-0.001189148,-0.001143270,2.474380636
178,0,59.363692653,-42.384607698,0.648625147,-1.088515560,-0.374736832,-84.799255568,61.155288121,-40.778197420,1.378224756,-1.088084607,-0.377023234,-82.324177126,1.791595468,1.606410278,0.729599608,-1.432594363,1.915446974,0.775512843,2.514494758,2.475082362,0.000430953,-0.002286402,2.475078442
179,0,59.415352710,-42.940570907,0.651311056,-0.821289532,-0.121476483,-83.425961197,61.230913603,-41.331641088,1.385692021,-0.821210160,-0.124104007,-80.952242635,1.815560893,1.608929819,0.734380966,-1.388932378,1.977051858,0.765744552,2.534606857,2.473720129,0.000079373,-0.002627524,2.473718563
180,0,59.507240632,-43.510382024,0.660182477,-0.886601516,-0.268239457,-80.525385401,61.347300168,-41.897017612,1.398787204,-0.886561734,-0.270412187,-78.051865334,1.840059536,1.613364413,0.738604726,-1.284990590,2.068764403,0.776732770,2.556227839,2.473521208,0.000039782,-0.002172730,2.473520067
181,0,59.616587804,-44.056929418,0.665088256,-0.476303905,-0.808221286,-77.713018089,61.480072314,-42.438419480,1.408718825,-0.476087588,-0.811343891,-75.240654485,1.863484510,1.618509938,0.743630568,-1.174263858,2.158837012,0.778243218,2.577816006,2.472368642,0.000216317,-0.003122605,2.472363603
182,0,59.755637099,-44.600479561,0.680687618,-1.045948661,-0.127735548,-74.556362157,61.642433537,-42.975813639,1.430498730,-1.046553306,-0.129565512,-72.088930963,1.886796439,1.624665922,0.749811112,-1.061894000,2.237196848,0.793150844,2.600337836,2.467430589,-0.000604645,-0.001829964,2.467431194
183,0,59.826757129,-45.161556113,0.682530692,-0.949297249,-0.542287708,-80.437638632,61.737829192,-43.533742678,1.438602645,-0.948081239,-0.544751479,-77.975548467,1.911072063,1.627813434,0.756071953,-1.280512825,2.141908990,0.803822486,2.621758533,2.462103233,0.001216010,-0.002463771,2.462090165
184,0,59.880383891,-45.704115535,0.697037639,-1.002204506,-0.536475025,-81.914589697,61.814696195,-44.073760361,1.457543902,-1.002021385,-0.539635059,-79.457623841,1.934312304,1.630355174,0.760506262,-1.334909753,2.130543144,0.810428111,2.641588889,2.456969614,0.000183121,-0.003160034,2.456965856
185,0,59.967375118,-46.263552108,0.708446103,-1.190202036,-0.320855985,-80.743908443,61.925518208,-44.629077014,1.473022722,-1.190262337,-0.323085779,-78.288317614,1.958143090,1.634475095,0.764576619,-1.293928660,2.179042058,0.817272866,2.662782492,2.455591503,-0.000060301,-0.002229794,2.455590829
186,0,60.066370912,-46.824381355,0.716704784,-1.125564397,-0.083432277,-78.723552616,62.048538467,-45.185150684,1.485452681,-1.124916898,-0.086325050,-76.270674495,1.982167555,1.639230671,0.768747897,-1.218865765,2.248869438,0.814856575,2.684592844,2.452880872,0.000647500,-0.002892773,2.452878122
187,0,60.179719628,-47.356423678,0.728588466,-1.179896937,-0.186163770,-77.326784627,62.184564767,-45.711808790,1.501543078,-1.180249272,-0.188648061,-74.876779815,2.004845139,1.644614888,0.772954612,-1.162186626,2.300328335,0.824277132,2.705849403,2.450004944,-0.000352335,-0.002484290,2.450004812
188,0,60.327743308,-47.944084565,0.738326893,-1.795070945,0.157489091,-75.061646109,62.357668381,-46.292696579,1.515345178,-1.794444304,0.154885278,-72.616840944,2.029925073,1.651387986,0.777018286,-1.074435651,2.361596468,0.848460757,2.729731764,2.444804924,0.000626642,-0.002603813,2.444805165
189,0,60.453697686,-48.449517065,0.755436429,-2.922756718,0.021299316,-75.543546956,62.504945364,-46.792470283,1.536718545,-2.923675893,0.018823998,-73.098775243,2.051247678,1.657046782,0.781282115,-1.092789275,2.357033852,0.902233803,2.750240501,2.444773461,-0.000919175,-0.002475318,2.444771713
190,0,60.582315174,-48.981817088,0.774755412,-2.301648578,-0.444340224,-75.266052478,62.656059723,-47.318827495,1.561089067,-2.301009511,-0.445774942,-72.821965660,2.073744549,1.662989593,0.786333655,-1.074757746,2.394629400,0.891581338,2.772051850,2.444092287,0.000639067,-0.001434718,2.444086818
191,0,60.689591594,-49.509859971,0.774819634,-2.126488877,0.200194565,-76.453187682,62.785617375,-47.841919009,1.565350764,-2.126971739,0.198861921,-74.008595259,2.096025781,1.667940961,0.790531130,-1.133319666,2.397551222,0.876142265,2.792900033,2.444594515,-0.000482863,-0.001332644,2.444592423
192,0,60.704023772,-49.819518258,0.790748565,-1.602554657,-0.278296583,-81.603486565,62.813180578,-48.150578022,1.585069128,-1.601490099,-0.280234349,-79.158954237,2.109156805,1.668940236,0.794320562,-1.339192195,2.306944850,0.865689796,2.804433828,2.444538516,0.001064558,-0.001937766,2.444532328
193,0,60.803058685,-50.341965978,0.792011204,-1.427856598,-0.203467622,-78.574606407,62.934315154,-48.668363784,1.590084355,-1.429044943,-0.205213002,-76.130825110,2.131256469,1.673602194,0.798073151,-1.215411055,2.399803374,0.862460972,2.824910476,2.443777971,-0.001188345,-0.001745380,2.443781297
194,0,60.887601855,-50.842611004,0.796967556,-1.527017684,0.217892405,-78.774549261,63.040164407,-49.164946052,1.598807570,-1.526629985,0.217069536,-76.332423661,2.152562552,1.677664952,0.801840015,-1.229570142,2.415863519,0.861854611,2.844474054,2.442124298,0.000387700,-0.000822869,2.442125600
195,0,60.891587934,-51.078992166,0.801496002,-1.427898556,-0.186910273,-83.886938502,63.054225271,-49.401185970,1.607059154,-1.428644249,-0.189106188,-81.446585714,2.162637338,1.677806196,0.805563152,-1.435329263,2.308096957,0.868034688,2.853237788,2.440351444,-0.000745693,-0.002195915,2.440352789
196,0,60.885799802,-51.637798413,0.820810343,-1.379390127,-0.517207039,-88.997007217,63.072294567,-49.960023767,1.630152790,-1.379408149,-0.518081283,-86.561043420,2.186494765,1.677774646,0.809342447,-1.631871199,2.195048185,0.877201329,2.872407060,2.435963791,-0.000018022,-0.000874245,2.435963797
197,0,60.814385538,-51.819630354,0.831278534,-0.932303317,-1.076710118,-96.260146380,63.008625128,-50.144997448,1.644361188,-0.934002063,-1.077660108,-93.827318420,2.194239591,1.674632905,0.813082654,-1.888298580,1.984474532,0.881121704,2.877531260,2.432796804,-0.001698746,-0.000949990,2.432827961
198,0,60.714801274,-52.136877653,0.845164598,-0.754503434,-1.020368562,-102.196738484,62.922688507,-50.466418430,1.661985534,-0.756188982,-1.022347078,-99.765974079,2.207887233,1.670459223,0.816820935,-2.084333261,1.793730999,0.877770156,2.886589075,2.430735749,-0.001685549,-0.001978516,2.430764404
199,0,60.625057485,-52.286953902,0.848534321,-0.327125441,-0.903398820,-108.397329432,62.839629435,-50.620401103,1.669780315,-0.328063253,-0.904744818,-105.971619170,2.214571950,1.666552800,0.821245993,-2.267074322,1.570495529,0.866077334,2.890704436,2.425696019,-0.000937812,-0.001345999,2.425710262
200,0,60.504882899,-52.421738312,0.860262006,0.018234283,-1.236067899,-115.717230133,62.725521068,-50.760543736,1.686779837,0.017121380,-1.236667053,-113.293796032,2.220638169,1.661194575,0.826517831,-2.441847205,1.280113916,0.878990109,2.893774874,2.423410417,-0.001112902,-0.000599155,2.423434101
201,0,60.342366984,-52.566175546,0.876944756,0.052057115,-1.537383034,-123.181759045,62.569575406,-50.911928936,1.708475825,0.052597209,-1.537872837,-120.764066919,2.227208422,1.654246611,0.831531069,-2.580200428,0.959491110,0.900208689,2.896279186,2.417706728,0.000540094,-0.000489803,2.417692126
202,0,60.200807098,-52.683557497,0.888605387,0.268378073,-1.592626293,-129.264319393,62.433238604,-51.035202693,1.723828826,0.267828507,-1.594705220,-126.850268505,2.232431507,1.648354804,0.835223439,-2.664864306,0.689436918,0.906419965,2.898003137,2.414036562,-0.000549566,-0.002078927,2.414050888
203,0,59.841318070,-53.122500558,0.898550573,0.481689702,-1.403998710,-128.052542288,62.092843530,-51.489048850,1.737820888,0.481397536,-1.404300491,-125.641915485,2.251525460,1.633451708,0.839270315,-2.652692125,0.773698453,0.898065274,2.905495834,2.410619681,-0.000292166,-0.000301781,2.410626804
204,0,59.648493493,-53.243308617,0.913127275,0.810242465,-1.570598335,-134.172789820,61.905744473,-51.618327508,1.756906749,0.810297867,-1.571741099,-131.770350084,2.257250980,1.624981108,0.843779475,-2.714256322,0.499607643,0.911544961,2.906494347,2.402441528,0.000055401,-0.001142764,2.402439736
205,0,59.440280203,-53.322999590,0.915020992,1.471907764,-1.325800424,-143.483321091,61.701485762,-51.706891529,1.763738402,1.472409334,-1.327457371,-141.084283766,2.261205559,1.616108062,0.848717410,-2.758588857,0.070137223,0.911287757,2.906058686,2.399049561,0.000501570,-0.001656947,2.399037325
206,0,59.006536746,-53.597706230,0.932958228,1.695396152,-1.113349109,-145.477871443,61.280032822,-51.999626074,1.785442040,1.695042003,-1.115212106,-143.083359695,2.273496076,1.598080156,0.852483813,-2.761732635,-0.001397560,0.906754731,2.906780563,2.394505613,-0.000354149,-0.001862996,2.394511749
207,0,58.582556201,-53.876906503,0.952998844,2.393640565,-0.075486637,-145.871910710,60.868397320,-52.296471954,1.809256567,2.393870390,-0.076845179,-143.480912819,2.285841119,1.580434549,0.856257723,-2.777750058,0.010135634,0.860245403,2.907923704,2.390998594,0.000229826,-0.001358542,2.390997892
208,0,58.275626257,-53.996944364,0.947113014,2.618901594,0.117668075,-152.505377469,60.567037784,-52.429301518,1.807116606,2.619098757,0.115837302,-150.117197578,2.291411527,1.567642846,0.860003592,-2.758092914,-0.293334263,0.868651566,2.906488785,2.388180199,0.000197163,-0.001830773,2.388179891
209,0,57.829779514,-54.233951883,0.956403549,2.244252735,-0.032798553,-150.546864423,60.131705665,-52.684834481,1.820169033,2.243223967,-0.034508653,-148.161911053,2.301926150,1.549117402,0.863765484,-2.765644947,-0.182969926,0.873183584,2.905979962,2.384953600,-0.001028768,-0.001710099,2.384953370
210,0,57.507732623,-54.337377924,0.958201823,2.705009857,0.045860754,-155.723263471,59.814427293,-52.801647584,1.825704065,2.705512700,0.043378345,-153.338584583,2.306694670,1.535730340,0.867502242,-2.734814546,-0.410201287,0.885659314,2.903767917,2.384679841,0.000502844,-0.002482409,2.384678887
211,0,56.991306401,-54.538096030,0.974166597,2.548209857,-0.981860461,-156.612916617,59.307113854,-53.023921644,1.845452745,2.547894068,-0.984010979,-154.234027517,2.315807453,1.514174386,0.871286148,-2.711257578,-0.429262939,0.937893095,2.900832257,2.378884676,-0.000315790,-0.002150518,2.378889101
212,0,56.507706011,-54.712603716,1.001619501,2.822192752,-1.991552202,-157.794047351,58.831417887,-53.218395110,1.876647519,2.822210810,-1.994153307,-155.417698312,2.323711875,1.494208606,0.875028018,-2.684032209,-0.456850949,0.992586812,2.897925166,2.376351090,0.000018058,-0.002601105,2.376349039
213,0,55.965226033,-54.934063580,1.025516337,2.721390905,-1.575703483,-155.972630871,58.298713067,-53.462155694,1.904314560,2.721410825,-1.577561117,-153.594554657,2.333487034,1.471907886,0.878798222,-2.705416473,-0.348517114,0.971194321,2.895507016,2.378077487,0.000019920,-0.001857634,2.378076214
214,0,55.494450120,-55.103044630,1.033108855,2.653517881,-0.603764929,-157.554793202,57.835534175,-53.650530993,1.915640967,2.653508362,-0.606508916,-155.180553945,2.341084055,1.452513637,0.882532112,-2.708854135,-0.405990644,0.930921165,2.892980011,2.374240742,-0.000009519,-0.002743988,2.374239257
215,0,54.961783895,-55.339546924,1.052016291,2.151126689,-1.239667188,-155.718456876,57.313205117,-53.908701477,1.938309797,2.150312021,-1.241976677,-153.343901162,2.351421221,1.430845446,0.886293505,-2.711983949,-0.301597938,0.957182516,2.891715171,2.374539335,-0.000814669,-0.002309489,2.374555714
216,0,54.495832238,-55.523638665,1.063722443,2.563927637,-1.918051720,-155.958807287,56.855405636,-54.111667379,1.953776872,2.563420684,-1.919325408,-153.587310036,2.359573398,1.411971287,0.890054429,-2.698794887,-0.284002607,0.994633149,2.890232935,2.371480674,-0.000506953,-0.001273688,2.371497251
217,0,54.204422287,-55.561994255,1.081270645,2.436084711,-1.977620970,-162.554597164,56.565968111,-54.161830545,1.975041906,2.435466045,-1.979936836,-160.180349029,2.361545824,1.400163709,0.893771261,-2.640251454,-0.585321741,1.011264001,2.887245081,2.374227983,-0.000618665,-0.002315866,2.374248135
218,0,53.636580829,-55.694003409,1.100706427,2.733893264,-1.769319868,-164.140203596,56.004343333,-54.317164646,1.998230826,2.733234421,-1.771659330,-161.767268931,2.367762504,1.376838762,0.897524399,-2.624921206,-0.629886316,1.010230761,2.882279358,2.372915554,-0.000658844,-0.002339462,2.372934665
219,0,53.073805301,-55.815283022,1.127625523,3.504655723,-0.551823438,-166.719207911,55.447465966,-54.461651230,2.028934125,3.504228972,-0.553918964,-164.348972746,2.373660665,1.353631791,0.901308602,-2.612338283,-0.714063281,0.971979166,2.877314924,2.370232011,-0.000426750,-0.002095526,2.370235164
220,0,52.496422994,-55.949091644,1.143276229,2.690112525,0.006482938,-166.132404448,54.876418576,-54.619352792,2.048357703,2.689482564,0.004086492,-163.766843997,2.379995582,1.329738852,0.905081474,-2.629436797,-0.677285669,0.937604989,2.872587137,2.365561806,-0.000629961,-0.002396446,2.365560451
221,0,51.986850073,-56.040278052,1.155524229,2.712559436,-1.175798935,-168.474113425,54.371486802,-54.731458827,2.064393446,2.712288324,-1.178309468,-166.110426507,2.384636729,1.308819224,0.908869217,-2.578868270,-0.759520813,0.999054516,2.868020806,2.363682698,-0.000271112,-0.002510533,2.363686918
222,0,51.471124153,-56.121067946,1.169262204,2.521229179,-0.530313333,-168.755817897,53.860002986,-54.833337575,2.081926652,2.520458770,-0.532415429,-166.392247437,2.388878833,1.287730371,0.912664448,-2.585561637,-0.755229394,0.970797386,2.863205892,2.363564375,-0.000770409,-0.002102096,2.363570460
223,0,50.917820821,-56.145431608,1.175364995,2.386078757,0.214593634,-175.115119989,53.308641235,-54.880505776,2.091826183,2.386720114,0.212615894,-172.751787540,2.390820415,1.264925832,0.916461187,-2.493264976,-1.018060827,0.950338168,2.855864269,2.363330973,0.000641356,-0.001977740,2.363332449
224,0,50.346478400,-56.196999940,1.186457042,2.397008395,-0.235952410,-172.721770166,52.740460208,-54.955581960,2.106695566,2.395745884,-0.239187364,-170.362548140,2.393981807,1.241417980,0.920238524,-2.528153935,-0.888391903,0.968660904,2.849404576,2.359219347,-0.001262512,-0.003234954,2.359222026
225,0,49.765203555,-56.205411834,1.190540477,2.574796224,-0.048613765,-176.041125418,52.160673441,-54.987996565,2.114639965,2.574349918,-0.051340443,-173.687065596,2.395469886,1.217415269,0.924099489,-2.473019878,-1.006458804,0.972393507,2.841537572,2.354061054,-0.000446306,-0.002726678,2.354059822
226,0,49.160625881,-56.262750846,1.200351783,2.833908104,0.379370160,-173.860775756,51.559771100,-55.070003525,2.128818457,2.834114914,0.376904989,-171.507779639,2.399145218,1.192747321,0.928466674,-2.519036600,-0.883113780,0.956639418,2.835594173,2.352996053,0.000206810,-0.002465171,2.352996117
227,0,48.551547625,-56.345929060,1.224739198,2.614472341,0.136324551,-171.064462222,50.955110223,-55.178022211,2.157009311,2.615302383,0.133596787,-168.709088027,2.403562599,1.167906850,0.932270113,-2.558006165,-0.737343285,0.960820731,2.830238000,2.355373966,0.000830042,-0.002727764,2.355374195
228,0,48.030619114,-56.436787650,1.229299975,2.031170875,-0.220649998,-169.243740976,50.438753173,-55.289953629,2.165363944,2.030872924,-0.222142090,-166.887182938,2.408134060,1.146834021,0.936063970,-2.576234405,-0.643296327,0.969401776,2.826756742,2.356557378,-0.000297951,-0.001492092,2.356558038
229,0,47.652424245,-56.435673148,1.239326672,2.025077134,0.141591981,-174.772393608,50.061532801,-55.303929440,2.180118993,2.024331492,0.139240923,-172.417084696,2.409108556,1.131743708,0.940792321,-2.504521326,-0.873943789,0.966091727,2.823072448,2.355312030,-0.000745641,-0.002351058,2.355308911
230,0,47.044783178,-56.507929461,1.247213129,2.560668027,0.658513445,-171.474931089,49.457839972,-55.400996902,2.192016772,2.561355586,0.656270134,-169.122810143,2.413056794,1.106932559,0.944803643,-2.561179353,-0.695350806,0.947440913,2.817941927,2.352114227,0.000687559,-0.002243311,2.352120946
231,0,46.451835113,-56.597542974,1.251955111,2.671821966,0.506365868,-169.947276176,48.869607373,-55.514770313,2.200836846,2.671836682,0.504149119,-167.598729027,2.417772260,1.082772661,0.948881736,-2.577941693,-0.600244663,0.955153839,2.813964443,2.348548066,0.000014716,-0.002216749,2.348547149
232,0,45.840260006,-56.662218600,1.252588911,2.583885915,0.381247726,-171.163482773,48.261719924,-55.604320263,2.205952399,2.584651402,0.378615123,-168.815048959,2.421459918,1.057898336,0.953363488,-2.561515658,-0.630470935,0.965744740,2.809184751,2.348430339,0.000765486,-0.002632603,2.348433814
233,0,45.237761640,-56.718268656,1.250465993,2.658365716,1.085825706,-173.677415483,47.662595650,-55.684977337,2.207645005,2.658264155,1.083489768,-171.329332595,2.424834010,1.033291319,0.957179012,-2.541563023,-0.716982825,0.943448787,2.804229410,2.348085974,-0.000101561,-0.002335938,2.348082888
234,0,44.639583855,-56.764350935,1.249315075,2.263081052,0.467555472,-173.836264962,47.067297659,-55.755470091,2.210277702,2.262883554,0.464845085,-171.490227587,2.427713805,1.008880844,0.960962627,-2.529760882,-0.704673240,0.968932170,2.799122013,2.346040556,-0.000197498,-0.002710387,2.346037375
235,0,44.040806765,-56.827599521,1.256891237,2.196981202,0.308179030,-171.712200029,46.472033296,-55.843231825,2.221662885,2.198114611,0.306078500,-169.364244349,2.431226531,0.984367696,0.964771648,-2.552880575,-0.586719872,0.974262338,2.794749817,2.347950817,0.001133408,-0.002100530,2.347955680
236,0,43.443470561,-56.921355113,1.245996144,2.049724231,0.190720503,-169.863003267,45.879502505,-55.961348342,2.214550019,2.049008728,0.187850278,-167.518331225,2.436031944,0.960006771,0.968553876,-2.570178139,-0.481606748,0.977855059,2.791766689,2.344676271,-0.000715504,-0.002870225,2.344672042
237,0,42.748465789,-56.959337793,1.253736332,2.337281524,0.492093599,-173.758482116,45.187174870,-56.027689753,2.226100662,2.336837520,0.489398708,-171.415819855,2.438709080,0.931648040,0.972364329,-2.533800053,-0.621671141,0.976803318,2.785814502,2.342667656,-0.000444004,-0.002694891,2.342662261
238,0,42.160954445,-57.021567914,1.262625026,2.273414849,0.115531510,-172.058575081,44.602971495,-56.113920356,2.238775116,2.273167075,0.113138508,-169.723364589,2.442017050,0.907647557,0.976150090,-2.545962013,-0.522591894,0.992529849,2.782110774,2.335212225,-0.000247774,-0.002393002,2.335210492
239,0,41.554239955,-57.105585910,1.277655278,2.184088629,0.059133253,-170.415833844,44.000885386,-56.222650551,2.257636482,2.183737347,0.057155559,-168.084116083,2.446645431,0.882935359,0.979981203,-2.560510844,-0.425670887,0.994283855,2.779570448,2.331718982,-0.000351282,-0.001977693,2.331717761
240,0,41.051012064,-57.143635617,1.281693856,2.136186617,0.511690548,-173.642344438,43.500026605,-56.281279445,2.265459184,2.135805482,0.509419417,-171.315083811,2.449014542,0.862356172,0.983765327,-2.538130427,-0.549629035,0.982306708,2.776531039,2.327265163,-0.000381134,-0.002271131,2.327260627
241,0,40.549318358,-57.198854012,1.287269430,2.138029437,0.473069017,-171.661008842,43.001591215,-56.356885248,2.274857565,2.138615786,0.470706446,-169.337943211,2.452272858,0.841968764,0.987588135,-2.556523303,-0.441024788,0.983651174,2.774506063,2.323062077,0.000586348,-0.002362571,2.323065630
242,0,40.041872086,-57.272360045,1.290375418,2.351447632,-0.169238311,-169.924751402,42.497888301,-56.450913019,2.281748872,2.350645602,-0.171832893,-167.611888746,2.456016216,0.821447025,0.991373454,-2.558907255,-0.337815849,1.013649992,2.773015000,2.312861863,-0.000802029,-0.002594581,2.312862656
243,0,39.510409982,-57.319762776,1.290606630,2.338294167,0.255138972,-172.989509186,41.969174509,-56.519778164,2.285871627,2.338518980,0.252776923,-170.682936989,2.458764527,0.799984612,0.995264997,-2.542428097,-0.453352769,1.003285319,2.770568677,2.306572421,0.000224813,-0.002362049,2.306572197
244,0,38.982763061,-57.333940651,1.301463254,2.767544146,0.222495366,-175.148805933,41.442982465,-56.555250080,2.300782010,2.767855119,0.220461547,-172.851611758,2.460219403,0.778690571,0.999318756,-2.521120234,-0.519403742,1.015799692,2.767250711,2.297193894,0.000310973,-0.002033819,2.297194175
245,0,38.457612672,-57.390628104,1.309066787,2.488884989,0.443337681,-172.766083146,40.920761292,-56.633163163,2.312184607,2.489186237,0.440921020,-170.480075726,2.463148620,0.757464941,1.003117820,-2.546608895,-0.398152026,1.001677455,2.765338971,2.286006392,0.000301248,-0.002416661,2.286007419
246,0,37.937336207,-57.451808672,1.313870114,2.284561285,0.512573626,-171.706925575,40.403645114,-56.715121463,2.320767790,2.284163079,0.510506343,-169.425369520,2.466308907,0.736687209,1.006897676,-2.555682309,-0.333727479,0.998170579,2.763915809,2.281560581,-0.000398206,-0.002067283,2.281556054
247,0,37.416813752,-57.508062295,1.314408734,2.827609318,0.493813695,-170.674702564,39.886065842,-56.792113092,2.325081784,2.828019994,0.491637294,-168.399362243,2.469252090,0.715949202,1.010673050,-2.561246935,-0.257227522,1.002545412,2.762471567,2.275337866,0.000410676,-0.002176401,2.275340320
248,0,36.876078720,-57.545542999,1.328326226,3.247505070,0.842900474,-173.363205919,39.347553777,-56.851153837,2.342863420,3.247758818,0.840692643,-171.096033499,2.471475057,0.694389162,1.014537194,-2.549817528,-0.348092208,0.998455493,2.760371530,2.267169781,0.000253748,-0.002207832,2.267172420
249,0,36.342581103,-57.546880792,1.326545034,2.589862357,0.920409934,-176.942477659,38.814919948,-56.873706458,2.344874973,2.589896925,0.918151906,-174.680842710,2.472338845,0.673174334,1.018329940,-2.520760318,-0.495602772,1.001381160,2.757284700,2.261635521,0.000034568,-0.002258028,2.261634949
250,0,35.794572599,-57.582673451,1.319969108,2.731687830,0.939929740,-174.550932245,38.268929152,-56.931081598,2.342302421,2.731351695,0.937770662,-172.292991688,2.474356553,0.651591853,1.022333313,-2.541481409,-0.366467560,0.999375541,2.755390661,2.257947122,-0.000336135,-0.002159078,2.257940557
251,0,35.253535950,-57.642764394,1.326228821,2.781163347,0.097082346,-172.205138184,37.730797514,-57.012426572,2.352840920,2.781430393,0.094836530,-169.949057894,2.477261564,0.630337822,1.026612100,-2.541598190,-0.238587020,1.035102847,2.754647533,2.256080977,0.000267047,-0.002245816,2.256080290
252,0,34.699713999,-57.721108748,1.322777921,2.415055780,1.142296990,-170.054059562,37.180724378,-57.112261061,2.353712204,2.414236964,1.140244916,-167.797318176,2.481010379,0.608847687,1.030934284,-2.568928840,-0.129736045,0.986258931,2.754801899,2.256758776,-0.000818815,-0.002052074,2.256741386
253,0,34.135905366,-57.768399286,1.323272728,2.779969546,1.172173351,-172.569543759,36.619401146,-57.181702460,2.358203600,2.779736096,1.169439233,-170.313909323,2.483495780,0.586696825,1.034930872,-2.559154212,-0.212625365,0.994266834,2.753733169,2.255640875,-0.000233450,-0.002734119,2.255634436
254,0,33.596566020,-57.833375612,1.324023640,2.803903393,0.616991175,-170.872184592,36.083215227,-57.267905312,2.362727703,2.803118227,0.614419923,-168.621141353,2.486649207,0.565470300,1.038704063,-2.555902832,-0.114170323,1.018043674,2.753558982,2.251053282,-0.000785167,-0.002571252,2.251043239
255,0,33.037571405,-57.888517653,1.311861814,3.242528696,0.486862649,-171.535759341,35.527044584,-57.344964880,2.354335866,3.242071132,0.484534365,-169.284809748,2.489473179,0.543552774,1.042474052,-2.551130708,-0.113186453,1.028882606,2.753121588,2.250954722,-0.000457565,-0.002328284,2.250949593
256,0,32.476252036,-57.956832972,1.326626845,2.639027998,0.370257394,-170.688114527,34.969065471,-57.435271911,2.372853633,2.637976782,0.367040522,-168.438507680,2.492813435,0.521561061,1.046226788,-2.551064362,-0.063797636,1.033796757,2.753313504,2.249616157,-0.001051217,-0.003216872,2.249606848
257,0,31.921578418,-57.991936451,1.326086751,2.449157543,0.373309257,-173.366815715,34.416628421,-57.492116553,2.376631127,2.449293342,0.370674814,-171.113541388,2.495050003,0.499819899,1.050544376,-2.542874561,-0.163888798,1.041953627,2.752950768,2.253274989,0.000135799,-0.002634443,2.253274327
258,0,31.370995571,-58.065206571,1.320239267,2.555675558,0.396684568,-170.809433178,33.869610274,-57.586872498,2.375359589,2.554751813,0.394078216,-168.548789517,2.498614703,0.478334073,1.055120322,-2.550181871,-0.026783552,1.039717691,2.754116521,2.260651726,-0.000923745,-0.002606352,2.260643661
259,0,30.823666408,-58.147939021,1.327178884,2.314263277,-0.347724936,-169.424482703,33.326351519,-57.691272977,2.387599843,2.316072946,-0.350788895,-167.156463921,2.502685112,0.456666045,1.060420959,-2.537504234,0.053846579,1.074542723,2.756169308,2.268032605,0.001809669,-0.003063959,2.268018783
260,0,30.145137175,-58.228381937,1.336362889,2.339916360,0.513781809,-171.256694310,32.651711879,-57.798709430,2.400587931,2.340001939,0.511359516,-168.990082535,2.506574704,0.429672507,1.064225042,-2.552200856,-0.001106424,1.042295407,2.756829728,2.266612306,0.000085579,-0.002422292,2.266611776
261,0,29.617255294,-58.313391866,1.333255098,2.435251764,0.088822923,-169.947911240,32.127676729,-57.904865034,2.401294580,2.435699240,0.086250052,-167.678928575,2.510421434,0.408526833,1.068039481,-2.544843500,0.081103166,1.061608272,2.758589909,2.268983485,0.000447476,-0.002572872,2.268982665
262,0,29.086254394,-58.404338558,1.337212872,2.483380915,0.416400841,-168.172607481,31.600848640,-58.017103089,2.409733962,2.484366039,0.414853272,-165.895539164,2.514594245,0.387235470,1.072521090,-2.548304968,0.181929635,1.047129607,2.761057228,2.277061910,0.000985124,-0.001547569,2.277068318
263,0,28.516967840,-58.509282463,1.344086951,2.124212602,-0.110555895,-167.630019564,31.036266378,-58.144793646,2.420701740,2.124022202,-0.112557060,-165.350693075,2.519298538,0.364488817,1.076614788,-2.536812124,0.223627184,1.073960779,2.763840919,2.279327004,-0.000190400,-0.002001165,2.279326489
264,0,27.937180361,-58.562533332,1.340890977,2.857688918,1.090962733,-171.049294115,30.459253741,-58.221073863,2.421268075,2.857491705,1.088435190,-168.766798354,2.522073380,0.341459469,1.080377099,-2.564595698,0.106463595,1.027705106,2.764898439,2.282500920,-0.000197213,-0.002527542,2.282495761
265,0,27.360793750,-58.661549329,1.354084525,2.667847434,0.281329600,-168.715589462,29.887291145,-58.343059203,2.438220818,2.668013520,0.278443768,-166.434075433,2.526497395,0.318490126,1.084136293,-2.545269528,0.231733922,1.062016463,2.767666264,2.281515049,0.000166086,-0.002885832,2.281514029
266,0,26.768808880,-58.737523678,1.352049667,2.466057913,0.280159719,-169.694721885,29.298980664,-58.442545784,2.439969870,2.465622915,0.278279671,-167.412586314,2.530171784,0.294977894,1.087920203,-2.547415115,0.208534887,1.067492866,2.769901006,2.282138507,-0.000434998,-0.001880048,2.282135571
267,0,26.318325643,-58.730222829,1.351816083,2.707880228,0.726050282,-176.324476273,28.848686424,-58.453085178,2.443477411,2.707909920,0.723220786,-174.037307109,2.530360780,0.277137652,1.091661328,-2.556551215,-0.064180814,1.063570458,2.769703127,2.287170539,0.000029691,-0.002829496,2.287169164
268,0,25.710151830,-58.780676826,1.354901984,2.465468729,1.031676714,-173.590061167,28.243182824,-58.527615757,2.450326776,2.465725016,1.028920739,-171.303615030,2.533030994,0.253061069,1.095424792,-2.564758684,0.076425860,1.047097597,2.771324845,2.286443204,0.000256288,-0.002755975,2.286446138
269,0,25.117911705,-58.850230560,1.357705169,2.742108494,0.115163561,-171.297623313,27.654567260,-58.620572075,2.457044812,2.741684868,0.112068774,-169.013829682,2.536655555,0.229658485,1.099339643,-2.544404856,0.208954979,1.085474007,2.774150694,2.283796607,-0.000423626,-0.003094787,2.283793631
270,0,24.378903594,-58.898718191,1.371654200,2.736063193,1.516928497,-174.551966298,26.918243891,-58.698228124,2.474768347,2.735971500,1.513787050,-172.270418302,2.539340298,0.200490067,1.103114148,-2.575213897,0.090881092,1.032143520,2.775843338,2.281552586,-0.000091693,-0.003141447,2.281547997
271,0,23.761862544,-58.933153059,1.355151390,2.230103778,0.983841250,-173.806001315,26.303435297,-58.757073929,2.462127724,2.230277303,0.981594315,-171.527591292,2.541572752,0.176079130,1.106976335,-2.564365791,0.140465520,1.058437549,2.777767542,2.278408161,0.000173525,-0.002246935,2.278410023
272,0,23.157428189,-59.000886162,1.371735386,2.651176207,0.374599659,-171.477898451,25.702742714,-58.848519618,2.482526497,2.650889903,0.372154394,-169.198582365,2.545314525,0.152366544,1.110791110,-2.546998482,0.276876543,1.082514018,2.781312367,2.279319282,-0.000286304,-0.002445265,2.279316086
273,0,22.561500892,-59.090078905,1.378505204,2.244307056,0.817361115,-170.006882781,25.111255731,-58.961145419,2.493079955,2.244460663,0.814541544,-167.725060935,2.549754839,0.128933486,1.114574750,-2.549087116,0.357466892,1.065139781,2.785704661,2.281821405,0.000153608,-0.002819571,2.281821845
274,0,21.969084889,-59.184497225,1.389615313,2.691877251,-0.777582235,-168.211991626,24.523541385,-59.078765672,2.508003221,2.691318150,-0.779764556,-165.935064749,2.554456497,0.105731553,1.118387908,-2.506773602,0.472017203,1.131593804,2.790558845,2.276920393,-0.000559100,-0.002182320,2.276926877
275,0,21.395244386,-59.268177226,1.397554476,2.196484590,1.009724484,-171.340695853,23.953907985,-59.184989194,2.519733512,2.196507909,1.007156269,-169.064187139,2.558663599,0.083188033,1.122179037,-2.561402691,0.344052264,1.064805027,2.795168233,2.276509752,0.000023319,-0.002568215,2.276508714
276,0,20.822893222,-59.346806560,1.384751578,2.035480359,1.331686986,-169.522314345,23.385677597,-59.286113747,2.510759061,2.035891667,1.329129394,-167.248010642,2.562784375,0.060692813,1.126007484,-2.556574205,0.444005558,1.051773559,2.799900038,2.274295628,0.000411309,-0.002557593,2.274303703
277,0,20.225854603,-59.425409173,1.382839066,2.483461755,1.040899461,-170.312145243,22.792659062,-59.387847209,2.512681201,2.483146640,1.038688292,-168.030769887,2.566804460,0.037561964,1.129842135,-2.556626903,0.441498234,1.065447078,2.804717327,2.281382168,-0.000315115,-0.002211169,2.281375356
278,0,19.633684818,-59.520690239,1.380068843,2.168882121,1.735093994,-168.680895598,22.205355622,-59.506221565,2.513748219,2.168234393,1.732044562,-166.393189275,2.571670804,0.014468675,1.133679376,-2.557658346,0.530202873,1.037399484,2.810503334,2.287728042,-0.000647728,-0.003049433,2.287706323
279,0,19.026312481,-59.586442920,1.366836966,2.167072744,0.838600117,-171.997641087,21.601853436,-59.595712464,2.505034451,2.166266734,0.836590329,-169.702427316,2.575540955,-0.009269544,1.138197485,-2.565556162,0.409091182,1.086073955,2.815846347,2.295226574,-0.000806009,-0.002009788,2.295213771
280,0,18.409418383,-59.639701087,1.356798911,2.141008653,1.690967897,-172.417305336,20.988265136,-59.673283809,2.498845534,2.140112735,1.687986557,-170.118107909,2.578846753,-0.033582722,1.142046623,-2.584453406,0.413159026,1.051546041,2.820611434,2.299225948,-0.000895918,-0.002981340,2.299197427
281,0,17.806064516,-59.721243785,1.346935576,2.115035591,1.506781745,-170.345659646,20.389517718,-59.778791817,2.492888151,2.114546061,1.503872949,-168.042790527,2.583453202,-0.057548032,1.145952576,-2.566469649,0.529469738,1.060021163,2.826791384,2.302883868,-0.000489531,-0.002908796,2.302869119
282,0,17.205907935,-59.827583639,1.350310652,2.122169345,0.695760568,-167.987694982,19.795309503,-59.908837051,2.500227170,2.119757525,0.692117269,-165.676268147,2.589401568,-0.081253412,1.149916519,-2.529568614,0.659408324,1.095615756,2.834415389,2.311460174,-0.002411819,-0.003643300,2.311426835
283,0,16.610810326,-59.955737068,1.335786738,1.762653143,0.777430906,-165.683551681,19.207351397,-60.060906006,2.490973633,1.762708634,0.775468605,-163.362065113,2.596541072,-0.105168938,1.155186895,-2.505343780,0.778106480,1.097882349,2.843860546,2.321486646,0.000055491,-0.001962301,2.321486568
284,0,15.999145706,-59.990155305,1.351907634,1.460896182,1.041645486,-172.988157012,18.598651993,-60.120077210,2.511052941,1.460537217,1.040365798,-170.659389988,2.599506287,-0.129921905,1.159145306,-2.584852794,0.474497304,1.100599301,2.849198217,2.328773924,-0.000358966,-0.001279687,2.328767023
285,0,15.689929241,-59.949806984,1.342385431,1.790632879,0.814775307,-179.772829120,18.289133674,-60.092375716,2.505601065,1.790501433,0.812038610,-177.438003139,2.599204433,-0.142568732,1.163215634,-2.614896955,0.187987534,1.120818782,2.851185743,2.334829454,-0.000131446,-0.002736697,2.334825981
286,0,15.082088027,-59.963678904,1.344583017,1.970472261,0.819280438,-176.939163394,17.683482304,-60.131137573,2.512157495,1.971002120,0.816919002,-174.605242024,2.601394277,-0.167458670,1.167574478,-2.605171557,0.344813052,1.119245223,2.856313140,2.333915060,0.000529859,-0.002361435,2.333921370
287,0,14.457835696,-60.014129002,1.338495302,1.622947625,1.435123149,-173.612564629,17.062987832,-60.207104402,2.510732885,1.623495317,1.432921083,-171.281220950,2.605152136,-0.192975400,1.172237582,-2.596064862,0.512778556,1.093482279,2.863249571,2.331331076,0.000547692,-0.002202066,2.331343679
288,0,13.858515549,-60.107960936,1.348955007,1.835564871,1.280455046,-169.919844786,16.469070684,-60.325357270,2.525685548,1.836999185,1.277896402,-167.594972942,2.610555135,-0.217396335,1.176730541,-2.557871543,0.706480742,1.097785124,2.871751042,2.324841675,0.001434314,-0.002558645,2.324871844
289,0,13.238443090,-60.185791505,1.334619069,1.816653294,1.233749095,-169.159866845,15.853819153,-60.428311085,2.515598731,1.818156581,1.231298574,-166.841722345,2.615376063,-0.242519581,1.180979661,-2.547939299,0.765404739,1.102670202,2.879882056,2.318113947,0.001503287,-0.002450521,2.318144500
290,0,12.621220215,-60.305786390,1.342745017,1.626034578,0.303097973,-167.219706384,15.242857147,-60.573210309,2.527634273,1.625618064,0.300366482,-164.912415278,2.621636933,-0.267423920,1.184889256,-2.503762664,0.873647352,1.147332181,2.889369881,2.307294954,-0.000416514,-0.002731491,2.307291106
291,0,11.869634062,-60.415675153,1.338498939,1.423920368,1.063805727,-168.099912259,14.497225098,-60.713193355,2.527285714,1.425093226,1.061430414,-165.796664630,2.627591036,-0.297518202,1.188786775,-2.531408912,0.861068958,1.120934834,2.899304353,2.303227401,0.001172858,-0.002375313,2.303247629
292,0,11.256301711,-60.565493774,1.330039408,1.676179603,0.943323895,-165.715981846,13.891056477,-60.887408508,2.522664594,1.675534826,0.941058683,-163.422266185,2.634754766,-0.321914734,1.192625186,-2.493173975,0.995309645,1.123102333,2.909968489,2.293727473,-0.000644777,-0.002265212,2.293715662
293,0,10.643959555,-60.657476089,1.321839901,1.574776259,1.592886695,-169.924714072,13.283635605,-61.003692415,2.518543189,1.573959228,1.589522977,-167.641841083,2.639676050,-0.346216325,1.196703289,-2.570685601,0.833299859,1.103195831,2.918878921,2.282898301,-0.000817031,-0.003363719,2.282872989
294,0,10.031707955,-60.775819151,1.329318851,1.604101368,1.682542870,-167.225760809,12.677197629,-61.146055674,2.529864192,1.602750479,1.680862474,-164.947857180,2.645489674,-0.370236522,1.200545340,-2.532320767,0.977185650,1.099754313,2.928651534,2.277944293,-0.001350889,-0.001680396,2.277903629
295,0,9.409192009,-60.845394347,1.318959234,1.745220324,0.883144067,-171.088688145,12.058464461,-61.240244799,2.524314774,1.745117530,0.879785131,-168.820727203,2.649272452,-0.394850452,1.205355540,-2.574404101,0.835604752,1.140895090,2.937249289,2.267965013,-0.000102794,-0.003358936,2.267960942
296,0,8.791896602,-60.917289154,1.321841506,2.192413859,0.228778076,-170.563385202,11.444983350,-61.336484781,2.531603935,2.192440983,0.225508555,-168.305526727,2.653086748,-0.419195627,1.209762429,-2.553264447,0.893782744,1.166238600,2.945864797,2.257860734,0.000027124,-0.003269521,2.257858475
297,0,8.197069342,-61.012181906,1.333898547,2.583836154,1.180489277,-168.595348504,10.854745318,-61.454729482,2.547493870,2.583048170,1.178722574,-166.343850915,2.657675976,-0.442547575,1.213595323,-2.542160588,1.010715216,1.117039773,2.954979451,2.251514642,-0.000787985,-0.001766703,2.251497589
298,0,7.556453145,-61.068084647,1.333629033,1.880093294,1.635994471,-172.452799697,10.217244433,-61.535644493,2.551068283,1.879910130,1.632556969,-170.211233733,2.660791289,-0.467559846,1.217439250,-2.610037425,0.850060021,1.116101887,2.963204485,2.241573830,-0.000183164,-0.003437502,2.241565963
299,0,6.928445499,-61.169256762,1.328792094,2.095929249,1.811631008,-170.150438022,9.593934833,-61.661121133,2.550031718,2.095755878,1.808819309,-167.912439746,2.665489334,-0.491864372,1.221239625,-2.579398823,0.981651266,1.105103014,2.972909378,2.238005525,-0.000173371,-0.002811699,2.237998276
300,0,6.289189301,-61.185474923,1.321967718,2.096139370,1.248858280,-176.109914612,8.956130508,-61.702112214,2.546983968,2.096845230,1.246144450,-173.869287100,2.666941207,-0.516637291,1.225016250,-2.651822090,0.738616168,1.141244962,2.979958775,2.240613899,0.000705860,-0.002713830,2.240627512
301,0,5.657108082,-61.243992588,1.309075630,1.951808114,1.131045276,-172.954755774,8.327177713,-61.785143705,2.537870198,1.952183809,1.128424208,-170.711283010,2.670069631,-0.541151118,1.228794568,-2.607287736,0.904162213,1.147429217,2.988653954,2.243466919,0.000375695,-0.002621068,2.243472764
302,0,5.042061378,-61.341083216,1.306672372,2.030187607,1.056411673,-169.820721597,7.716685676,-61.906181079,2.539247975,2.031057013,1.054064471,-167.573324749,2.674624298,-0.565097862,1.232575603,-2.554949841,1.070243927,1.148478382,2.998698609,2.247382231,0.000869406,-0.002347202,2.247396848
303,0,4.407280061,-61.419930630,1.298873599,1.610966339,2.539297237,-172.422355825,7.085496369,-62.009753838,2.535199231,1.611305298,2.537093925,-170.173964744,2.678216308,-0.589823208,1.236325632,-2.629292283,0.968989869,1.094127872,3.008194654,2.248377175,0.000338959,-0.002203312,2.248391081
304,0,3.768064200,-61.498733949,1.265307687,1.246911989,2.119919111,-170.366347316,6.449996889,-62.113465663,2.505386802,1.246703371,2.117216887,-168.117494096,2.681932688,-0.614731714,1.240079115,-2.585370506,1.079549862,1.122000749,3.018021577,2.248862565,-0.000208617,-0.002702224,2.248853220
305,0,3.098910582,-61.496399397,1.255614881,1.796097741,2.337307724,-176.803366304,5.781439349,-62.137166624,2.499462154,1.795494144,2.334314278,-174.556197546,2.682528767,-0.640767227,1.243847273,-2.691152416,0.824543038,1.109741734,3.025508100,2.247195433,-0.000603598,-0.002993446,2.247168758
306,0,2.458939451,-61.525641930,1.255105617,2.204756444,1.170281862,-175.756450843,5.143229828,-62.191283406,2.502711776,2.205474090,1.167267436,-173.505856910,2.684290378,-0.665641476,1.247606159,-2.652609329,0.907727236,1.159616122,3.033976687,2.250581428,0.000717646,-0.003014426,2.250593933
307,0,1.647406449,-61.593341156,1.225170088,1.744358090,2.426179847,-172.702211175,4.335402392,-62.290636475,2.476573427,1.744318631,2.423297619,-170.449711331,2.687995942,-0.697295319,1.251403339,-2.628310550,1.067351425,1.109187923,3.045907625,2.252503358,-0.000039459,-0.002882228,2.252499844
308,0,1.008849112,-61.682939192,1.215670150,1.742724015,1.625968219,-170.655315471,3.701128185,-62.405088934,2.470845565,1.742784898,1.623188318,-168.402406550,2.692279073,-0.722149742,1.255175415,-2.573885736,1.185154416,1.147106538,3.057013604,2.252908911,0.000060883,-0.002779901,2.252908921
309,0,0.376452421,-61.790902235,1.200359510,1.891497691,1.061380993,-169.002114186,3.073705424,-62.537776791,2.459298353,1.891524197,1.057956877,-166.748373817,2.697253002,-0.746874557,1.258938843,-2.528122685,1.287054998,1.170473191,3.068863368,2.253742480,0.000026506,-0.003424115,2.253740369
310,0,-0.426559455,-61.905697794,1.200624400,1.529665729,1.730372142,-169.355192502,2.276331920,-62.683907639,2.463380988,1.528860590,1.727379613,-167.100325462,2.702891375,-0.778209845,1.262756588,-2.549611474,1.295313335,1.152142025,3.083145561,2.254893460,-0.000805139,-0.002992529,2.254867040
311,0,-1.058173274,-61.973529254,1.203436198,1.574611668,1.473051671,-171.727793476,1.648395367,-62.776421503,2.470021308,1.574668534,1.470341019,-169.472372325,2.706568641,-0.802892249,1.266585110,-2.594604460,1.216484605,1.167296242,3.094250735,2.255421320,0.000056866,-0.002710652,2.255421152
312,0,-1.706001150,-62.011154845,1.190532744,1.459113037,1.276261581,-173.433622010,1.003064473,-62.839291039,2.460917747,1.459011854,1.273699157,-171.175881439,2.709065623,-0.828136194,1.270385004,-2.624244698,1.162997340,1.183005122,3.104629473,2.257744279,-0.000101183,-0.002562424,2.257740572
313,0,-2.332130617,-62.088565995,1.184845871,1.730895088,1.898411642,-171.333102418,0.381032991,-62.941123957,2.459027942,1.730534341,1.895638097,-169.072272572,2.713163608,-0.852557962,1.274182071,-2.594519384,1.287007914,1.150535349,3.116352322,2.260843518,-0.000360747,-0.002773545,2.260829846
314,0,-2.969730444,-62.180049993,1.179370939,1.725571788,0.958788592,-169.220091378,-0.251950600,-63.057489068,2.457770970,1.725096519,0.956989390,-166.954514952,2.717779844,-0.877439075,1.278400031,-2.526746406,1.406886094,1.194469491,3.128982782,2.265585135,-0.000475269,-0.001799202,2.265576426
315,0,-3.430069745,-62.169013739,1.170864133,1.940415218,1.703010593,-175.466731433,-0.711761835,-63.064517408,2.453045723,1.940664839,1.700060806,-173.195917189,2.718307910,-0.895503669,1.282181590,-2.675964412,1.147656639,1.164994871,3.136098587,2.270808761,0.000249621,-0.002949788,2.270814244
316,0,-4.078020659,-62.188958036,1.160027614,1.723783025,1.708734763,-175.545962725,-1.357858574,-63.109870676,2.446016413,1.723700890,1.706120627,-173.270565517,2.720162086,-0.920912641,1.285988799,-2.677601888,1.165164764,1.172163922,3.146605958,2.275401158,-0.000082135,-0.002614136,2.275397208
317,0,-4.733109578,-62.241839499,1.158871522,1.556192836,1.509682173,-173.285298281,-2.009845735,-63.188529301,2.448646457,1.556103462,1.506745156,-171.003105876,2.723263843,-0.946689802,1.289774935,-2.626971733,1.291309950,1.186357892,3.158465913,2.282196649,-0.000089373,-0.002937017,2.282192405
318,0,-5.370549639,-62.317371610,1.153318055,1.459995915,2.109719384,-171.410260696,-2.643340459,-63.289239834,2.446873502,1.459627184,2.106098035,-169.124135149,2.727209180,-0.971868223,1.293555447,-2.597352390,1.398396913,1.163499071,3.171038229,2.286142007,-0.000368732,-0.003621350,2.286125547
319,0,-6.198638665,-62.307117893,1.137848056,1.480106241,1.406457836,-178.291467367,-3.470590083,-63.311851064,2.435321925,1.479453422,1.403638390,-176.003700424,2.728048582,-1.004733171,1.297473869,-2.727913374,1.117054996,1.202436283,3.183579157,2.287784780,-0.000652819,-0.002819446,2.287766943
320,0,-6.828884530,-62.334765688,1.141667368,2.024470758,1.915456154,-175.814627485,-4.098724741,-63.364458499,2.443581526,2.025465241,1.913514444,-173.523174710,2.730159790,-1.029692811,1.301914158,-2.689764922,1.268278027,1.168612744,3.195155745,2.291420590,0.000994483,-0.001941709,2.291452775
321,0,-7.328885744,-62.370008113,1.125906674,1.956185464,1.213348423,-174.151975304,-4.596387537,-63.419513627,2.431591296,1.956449054,1.210526493,-171.851969188,2.732498206,-1.049505514,1.305684621,-2.638405855,1.364359830,1.204224813,3.205124116,2.300002287,0.000263591,-0.002821930,2.300006117
322,0,-7.967071233,-62.437165418,1.123323244,2.210514898,1.702232417,-171.927162867,-5.230811183,-63.512132779,2.432827269,2.209916923,1.699658334,-169.624383203,2.736260050,-1.074967362,1.309504026,-2.595955134,1.495050722,1.176144108,3.218303075,2.302798929,-0.000597976,-0.002574083,2.302779664
323,0,-8.596035096,-62.469848502,1.112622236,2.197604113,1.852384905,-174.765027040,-5.857453832,-63.570000297,2.425933673,2.196676731,1.849812376,-172.465022155,2.738581264,-1.100151795,1.313311437,-2.667859559,1.391520786,1.175220623,3.230317049,2.300036467,-0.000927382,-0.002572529,2.300004886
324,0,-9.226321063,-62.503955676,1.106495918,1.756579931,2.311419685,-174.517695960,-6.485206136,-63.629405677,2.423639798,1.757051190,2.308621096,-172.216317181,2.741114927,-1.125450001,1.317143880,-2.672041895,1.418635514,1.167425430,3.242717494,2.301361534,0.000471259,-0.002798590,2.301378779
325,0,-9.886493041,-62.572705926,1.090117005,2.449759357,2.470287840,-172.404772634,-7.141578739,-63.724534844,2.411064691,2.449468642,2.467483825,-170.102362032,2.744914302,-1.151828918,1.320947687,-2.623137901,1.554831366,1.143597020,3.256711097,2.302424851,-0.000290715,-0.002804015,2.302410602
326,0,-10.546105522,-62.606995320,1.084136520,1.628025705,1.630237121,-174.703772265,-7.798851579,-63.785189401,2.408886285,1.627668622,1.628647761,-172.401424397,2.747253942,-1.178194081,1.324749765,-2.663396880,1.461672116,1.208444928,3.269634147,2.302358598,-0.000357083,-0.001589360,2.302347868
327,0,-10.857276423,-62.555572680,1.088056112,1.425524019,0.730550028,178.319109277,-8.111549500,-63.746200873,2.416553797,1.424537499,0.728023648,-179.377186844,2.745726923,-1.190628193,1.328497685,-2.796182597,1.141397825,1.264947360,3.274372906,2.303718032,-0.000986520,-0.002526380,2.303703879
328,0,-11.479605194,-62.535441899,1.071503141,1.661072952,1.616265491,179.839068883,-8.733692696,-63.751129083,2.403810273,1.661475243,1.613633803,-177.857463308,2.745912498,-1.215687184,1.332307132,-2.785800710,1.243818706,1.218688845,3.285266058,2.303458009,0.000402291,-0.002631688,2.303467808
329,0,-12.121737191,-62.540543561,1.064967968,1.850239802,2.070411333,-177.187588971,-9.374711901,-63.781957502,2.401058649,1.850768559,2.067833385,-174.882803432,2.747025290,-1.241413940,1.336090680,-2.729323630,1.413968890,1.193264144,3.297331470,2.304767950,0.000528757,-0.002577948,2.304785538
330,0,-12.637813047,-62.567027995,1.052591058,2.176596961,1.314354766,-174.882365573,-9.888985125,-63.829062758,2.392464786,2.176788812,1.311801091,-172.581896634,2.748827922,-1.262034763,1.339873728,-2.655338611,1.549705302,1.221326589,3.308179000,2.300465968,0.000191851,-0.002553675,2.300468939
331,0,-13.289382472,-62.645819126,1.038569007,2.241217521,1.871564999,-171.681032179,-10.536615705,-63.933853261,2.382215303,2.241569828,1.869069369,-169.381140393,2.752766767,-1.288034135,1.343646297,-2.579973119,1.720759145,1.193678704,3.322971889,2.299881669,0.000352308,-0.002495630,2.299891786
332,0,-13.938479770,-62.761025616,1.037434795,2.344956787,1.065975690,-168.396296566,-11.180480682,-64.074899258,2.384836800,2.344589404,1.063129437,-166.095567992,2.757999088,-1.313873642,1.347402005,-2.462002483,1.893491270,1.225377356,3.338909265,2.300737189,-0.000367383,-0.002846253,2.300728574
333,0,-14.603263672,-62.859716308,1.036436315,2.404339818,1.016252963,-169.270414613,-11.840727012,-64.200073296,2.387593610,2.404642153,1.013080751,-166.968605776,2.762536659,-1.340356988,1.351157294,-2.488275554,1.884463636,1.229257197,3.354667149,2.301805688,0.000302335,-0.003172211,2.301808837
334,0,-15.247802080,-62.959957315,1.036426850,1.974243369,1.823997169,-168.933444515,-12.480659481,-64.325960111,2.391366068,1.973511423,1.822201740,-166.629452244,2.767142599,-1.366002796,1.354939218,-2.495367915,1.914605389,1.210920005,3.370297032,2.304016372,-0.000731946,-0.001795428,2.303992270
335,0,-15.594560613,-62.937811152,1.020769131,1.829956067,1.249118205,-175.128566118,-12.827980893,-64.317511628,2.379440858,1.830093013,1.246488718,-172.822230372,2.766579720,-1.379700476,1.358671727,-2.668412917,1.650373359,1.248745728,3.376910661,2.306334267,0.000136945,-0.002629487,2.306335746
336,0,-16.244674969,-62.926349406,1.020723374,1.776539510,0.891386744,-177.684383224,-13.477957532,-64.332046813,2.383147973,1.776024759,0.887737714,-175.375993631,2.766717436,-1.405697406,1.362424600,-2.728529773,1.556533732,1.272493370,3.389234628,2.308400525,-0.000514751,-0.003649030,2.308389593
337,0,-16.903195128,-62.971487025,1.010072006,2.092718317,1.527417251,-174.318317670,-14.134074389,-64.403392866,2.376297219,2.090882783,1.525487577,-172.007013108,2.769120739,-1.431905841,1.366225212,-2.649244239,1.745213729,1.233162332,3.403667924,2.311354991,-0.001835534,-0.001929674,2.311304562
338,0,-17.403674222,-62.975358073,1.001917146,2.058024663,1.272755508,-175.001667773,-14.633859395,-64.427333424,2.371900110,2.058039211,1.270528214,-172.689678115,2.769814827,-1.451975351,1.369982964,-2.662556426,1.733776157,1.249709338,3.414229037,2.311990407,0.000014548,-0.002227294,2.311989657
339,0,-17.889125276,-62.913673162,0.995754680,2.276090344,1.004258494,178.428521340,-15.121322738,-64.385149370,2.369783201,2.276469743,1.002036496,-179.256632106,2.767802538,-1.471476208,1.374028522,-2.830766387,1.446524824,1.268169979,3.422561541,2.314841010,0.000379399,-0.002221998,2.314846555
340,0,-18.553147887,-62.874373293,0.993017496,2.738368864,1.258430116,178.635980205,-15.786198524,-64.372450651,2.371040842,2.737462635,1.255627505,-179.047300885,2.766949362,-1.498077358,1.378023347,-2.831414465,1.493032259,1.246250252,3.434995326,2.316740662,-0.000906229,-0.002802611,2.316718910
341,0,-19.192355500,-62.769293469,0.994982300,1.825899514,1.792009627,173.104265494,-16.429030348,-64.293169832,2.376783900,1.825552510,1.790594639,175.422119710,2.763325152,-1.523876363,1.381801600,-2.968076769,1.221570963,1.251329454,3.444929713,2.317865521,-0.000347004,-0.001414988,2.317854216
342,0,-19.495129292,-62.652367091,0.979290756,1.482970817,1.522825601,166.573184879,-16.736172439,-64.188551289,2.364823343,1.481347258,1.520104468,168.890284592,2.758956853,-1.536184198,1.385532587,-3.076000980,0.887025513,1.281721135,3.448391706,2.317144987,-0.001623560,-0.002721134,2.317099713
343,0,-20.093483530,-62.381432225,0.979744507,1.414475723,1.778713409,160.096966766,-17.344733894,-63.941985668,2.369238914,1.413717936,1.777148566,162.413944673,2.748749635,-1.560553443,1.389494407,-3.157453045,0.563320226,1.278595675,3.452773713,2.317002070,-0.000757787,-0.001564842,2.316977907
344,0,-20.336372603,-62.167125862,0.979960336,1.504082489,1.751280928,150.544499787,-17.595846462,-63.737681512,2.373210313,1.502481391,1.749406245,152.862859868,2.740526142,-1.570555651,1.393249977,-3.199700203,0.053908217,1.295100999,3.452285342,2.318410297,-0.001601099,-0.001874683,2.318360082
345,0,-20.567317065,-61.925506302,0.971870096,1.885868944,1.427668674,142.428255901,-17.836182644,-63.505492355,2.368847047,1.884504024,1.424241711,144.750136657,2.731134421,-1.579986053,1.396976951,-3.161909004,-0.369421937,1.331485876,3.450651497,2.321917651,-0.001364920,-0.003426963,2.321880756
346,0,-21.024264854,-61.434975122,0.968163131,2.238486524,1.285156436,137.028298671,-18.312380806,-63.033902792,2.370822035,2.236601531,1.283634955,139.347745728,2.711884048,-1.598927669,1.402658904,-3.104834030,-0.626003052,1.358846057,3.446496305,2.319490573,-0.001884993,-0.001521481,2.319447056
347,0,-21.203654288,-61.144284805,0.967160808,1.601541839,1.173151769,130.710017358,-18.503133326,-62.750827702,2.375044544,1.602306899,1.171533266,133.027919659,2.700520962,-1.606542897,1.407883735,-3.007355930,-0.961187108,1.373994110,3.443244133,2.317887339,0.000765061,-0.001618503,2.317902301
348,0,-21.405428755,-60.707680581,0.968185887,1.353769710,1.889215808,119.819716125,-18.722269492,-62.322838902,2.379814526,1.352283055,1.886733025,122.134844036,2.683159264,-1.615158321,1.411628640,-2.780614017,-1.493092728,1.356331540,3.435225677,2.315178698,-0.001486655,-0.002482783,2.315127911
349,0,-21.671123880,-60.273730870,0.955942321,1.659266393,2.143711014,123.199529709,-19.005173096,-61.900207463,2.371573461,1.659450794,2.141579589,125.512749755,2.665950784,-1.626476593,1.415631140,-2.871722291,-1.301728329,1.347384747,3.428809008,2.313214140,0.000184401,-0.002131425,2.313220045
350,0,-21.848224305,-59.800967008,0.937202581,1.490293787,3.586486622,116.681292641,-19.200898594,-61.435119724,2.356642634,1.487796399,3.585747859,118.993589901,2.647325711,-1.634152716,1.419440052,-2.732471895,-1.598567758,1.292972175,3.419590411,2.312454930,-0.002497388,-0.000738763,2.312297260
351,0,-21.845260919,-59.616983993,0.938648459,1.541695406,3.299916910,109.517173954,-19.205078351,-61.251380182,2.361898678,1.541351973,3.298761206,111.829929508,2.640182568,-1.634396189,1.423250219,-2.500452188,-1.907267319,1.333239029,3.415765812,2.312775634,-0.000343432,-0.001155703,2.312755554
352,0,-21.824466783,-59.447613547,0.931178673,1.224659245,2.517463965,102.564370310,-19.190844610,-61.081562395,2.358229432,1.224103234,2.516863172,104.876546420,2.633622173,-1.633948848,1.427050758,-2.228317403,-2.186168086,1.377497407,3.412070992,2.312200674,-0.000556011,-0.000600793,2.312176110
353,0,-21.790921822,-59.277364971,0.921052892,1.282948686,2.818619283,96.105536704,-19.163785586,-60.910386136,2.351900659,1.282490545,2.818215377,98.421174181,2.627136236,-1.633021165,1.430847767,-1.971239310,-2.408032325,1.389792848,3.408214820,2.315660085,-0.000458141,-0.000403906,2.315637477
354,0,-21.762145213,-59.122636874,0.918113499,0.978473185,2.914851977,90.629924389,-19.140874835,-60.754875845,2.352710274,0.978997342,2.912715462,92.948072253,2.621270378,-1.632238971,1.434596775,-1.731761586,-2.579763276,1.392534958,3.404897996,2.318122263,0.000524157,-0.002136515,2.318147864
355,0,-21.841674055,-58.493493005,0.891604484,1.504319343,3.667785271,97.188041450,-19.245337336,-60.129821329,2.330047003,1.505259403,3.666606338,99.510441599,2.596336719,-1.636328324,1.438442519,-2.036366025,-2.335953910,1.372655952,3.389343834,2.322340511,0.000940060,-0.001178933,2.322400149
356,0,-21.927422696,-58.361155959,0.882355994,2.115520805,3.683788815,105.470484443,-19.336009790,-60.001329852,2.324664949,2.116194448,3.683406509,107.796958002,2.591412906,-1.640173893,1.442308955,-2.359959581,-2.010870209,1.368516769,3.389077510,2.326430407,0.000673644,-0.000382306,2.326473558
357,0,-22.017822104,-58.254350942,0.878084893,2.999267720,3.749328447,113.212724706,-19.430323931,-59.898582908,2.324165649,2.998499534,3.747831715,115.539293110,2.587498173,-1.644231966,1.446080757,-2.620124156,-1.660755470,1.366248800,3.389660029,2.326619234,-0.000768186,-0.001496732,2.326568403
358,0,-22.193602327,-58.023046042,0.858570946,5.005318076,3.170580544,124.775507301,-19.615021428,-59.674767651,2.308464598,5.003329565,3.168094261,127.097777124,2.578580899,-1.651721609,1.449893652,-2.903302513,-1.058801243,1.388967160,3.388134491,2.322381941,-0.001988510,-0.002486283,2.322269823
359,0,-22.311319235,-57.572701824,0.846867666,4.651296710,3.597737886,112.954078730,-19.750546499,-59.229758592,2.301906133,4.650221592,3.596870176,115.274931984,2.560772737,-1.657056769,1.455038466,-2.610861248,-1.601214406,1.428302156,3.379427626,2.320921121,-0.001075118,-0.000867710,2.320853255
360,0,-22.340332457,-57.257615937,0.834090570,3.606273042,4.276291562,103.192407190,-19.791958668,-58.916244428,2.294749357,3.607263752,4.274391966,105.513102993,2.548373789,-1.658628491,1.460658787,-2.299251330,-2.017103771,1.422503861,3.373244956,2.320622933,0.000990710,-0.001899595,2.320695803
361,0,-22.478217706,-56.732152730,0.796640740,2.740676600,3.860541275,106.505024909,-19.950545637,-58.397138299,2.262140161,2.739599124,3.858075728,108.828068298,2.527672069,-1.664985569,1.465499421,-2.407907314,-1.885802826,1.398113606,3.362884415,2.323117467,-0.001077476,-0.002465547,2.323043389
362,0,-22.647530670,-56.180048578,0.760805348,3.100010107,4.239820054,108.992798842,-20.141392980,-57.852677733,2.231368120,3.099736700,4.236923578,111.324087424,2.506137690,-1.672629155,1.470562772,-2.499351479,-1.752950526,1.386137049,3.352755475,2.331310604,-0.000273407,-0.002896476,2.331288582
363,0,-22.760119487,-55.546035348,0.727461799,3.719126986,4.215362511,103.969637487,-20.279176914,-57.223553127,2.204327847,3.719047133,4.213282789,106.296277633,2.480942574,-1.677517779,1.476866047,-2.329355683,-1.913461605,1.436329371,3.339202790,2.326646945,-0.000079853,-0.002079722,2.326640146
364,0,-22.928038736,-54.911071783,0.690253907,3.311614471,3.772113596,107.497977688,-20.472336513,-56.596120528,2.172798649,3.311454675,3.769535805,109.822946530,2.455702222,-1.685048745,1.482544742,-2.437891554,-1.755816516,1.428843841,3.326830562,2.324980786,-0.000159796,-0.002577791,2.324968843
365,0,-23.013178514,-54.411283400,0.667148384,3.107774922,3.482199164,104.801166881,-20.577171790,-56.100738752,2.155292024,3.107917421,3.481023834,107.123098558,2.436006725,-1.689455352,1.488143640,-2.341934539,-1.847647259,1.450690133,3.317070943,2.321923325,0.000142499,-0.001175330,2.321931676
366,0,-23.009318242,-54.077256580,0.651752603,2.453252694,3.579992079,97.303192203,-20.586314947,-55.767189097,2.144580568,2.453769858,3.577017185,99.624157671,2.423003295,-1.689932517,1.492827965,-2.073577691,-2.128045246,1.458441361,3.309887039,2.320935153,0.000517163,-0.002974893,2.320965469
367,0,-23.068665276,-53.444609550,0.622353091,3.037429658,3.257323343,98.619966646,-20.670665357,-55.137637535,2.120041722,3.036783852,3.253994319,100.943232992,2.397999919,-1.693027985,1.497688631,-2.115130156,-2.041077569,1.489981672,3.295423888,2.323305497,-0.000645806,-0.003329024,2.323266346
368,0,-23.160112801,-52.835663101,0.579808890,2.550220143,3.705149252,101.582098425,-20.786283296,-54.533056944,2.082896876,2.550080263,3.702674646,103.907930962,2.373829505,-1.697393843,1.503087986,-2.232090436,-1.922150561,1.448652955,3.282603521,2.325842894,-0.000139881,-0.002474607,2.325832537
369,0,-23.264555899,-52.224313529,0.559959259,2.405693409,3.554906676,102.743528970,-20.915051025,-53.926806960,2.069513347,2.406129906,3.552568409,105.072557958,2.349504874,-1.702493430,1.509554088,-2.268234725,-1.856822208,1.450769830,3.270689618,2.329003146,0.000436497,-0.002338267,2.329028988
370,0,-23.314965321,-51.617621539,0.516957934,2.454453237,4.023537224,98.949267487,-20.989370993,-53.322933085,2.032457137,2.455304455,4.020674606,101.286947079,2.325594328,-1.705311546,1.515499203,-2.147614378,-1.971548791,1.453947087,3.257792854,2.337621793,0.000851217,-0.002862618,2.337679592
371,0,-23.416117912,-51.006013687,0.487954961,2.590570195,4.838223091,101.271995187,-21.114740795,-52.716274868,2.008648420,2.590422753,4.835556083,103.620866180,2.301377117,-1.710261181,1.520693458,-2.247793593,-1.860340662,1.421406036,3.245587549,2.348884944,-0.000147442,-0.002667008,2.348870993
372,0,-23.538596640,-50.387019459,0.432645169,2.599439188,4.073205706,103.747742772,-21.261892916,-52.102959804,1.958785567,2.599451429,4.071989823,106.112338169,2.276703725,-1.715940345,1.526140398,-2.310660854,-1.739906271,1.445858991,3.233718546,2.364594840,0.000012241,-0.001215883,2.364595397
373,0,-23.610468661,-49.748564819,0.397304899,2.358140819,4.172278443,100.405432303,-21.359551149,-51.468228292,1.927189230,2.357986558,4.168947690,102.780095845,2.250917512,-1.719663472,1.529884331,-2.203673905,-1.845194341,1.450343867,3.219381644,2.374677101,-0.000154261,-0.003330754,2.374663542
374,0,-23.700978952,-49.145244794,0.363390488,1.581329760,3.518143819,101.353153985,-21.474437244,-50.869657826,1.899195519,1.581333221,3.516610403,103.737445296,2.226541708,-1.724413032,1.535805031,-2.219209971,-1.804114161,1.452606131,3.207769533,2.384291591,0.000003460,-0.001533416,2.384291311
375,0,-23.789494983,-48.590641953,0.357054451,1.606250311,4.201731984,101.398653544,-21.585641327,-50.319890669,1.897972504,1.606315818,4.200075112,103.790613051,2.203853655,-1.729248717,1.540918052,-2.237871545,-1.779210026,1.431098576,3.197139425,2.391955283,0.000065506,-0.001656873,2.391959507
376,0,-23.901682178,-48.048722048,0.323834323,1.120055212,4.222300621,104.147752218,-21.720042193,-49.783621939,1.869007554,1.120065285,4.219797585,106.549104328,2.181639985,-1.734899891,1.545173231,-2.323273892,-1.664161269,1.410658239,3.187003447,2.401352673,0.000010073,-0.002503036,2.401352110
377,0,-24.038424810,-47.513401273,0.304401793,1.021331344,3.438491457,105.736656558,-21.878908315,-49.255314160,1.854563444,1.021424405,3.435881252,108.148029546,2.159516495,-1.741912888,1.550161651,-2.351220620,-1.580721307,1.440088502,3.178171353,2.411368823,0.000093061,-0.002610205,2.411372988
378,0,-24.148160302,-46.931401914,0.272324609,0.859037026,3.397220800,103.737487561,-22.012815021,-48.678868634,1.827001466,0.858529957,3.395426967,106.162224427,2.135345282,-1.747466720,1.554676858,-2.292819972,-1.637788619,1.446023706,3.167074288,2.424767621,-0.000507069,-0.001793833,2.424736865
379,0,-24.252619297,-46.333324312,0.243845199,0.867045318,3.877732874,102.966844395,-22.142379296,-48.086181011,1.802345877,0.866956539,3.875789215,105.403939256,2.110240001,-1.752856698,1.558500678,-2.282072722,-1.641623097,1.432397126,3.155082222,2.437101640,-0.000088780,-0.001943658,2.437094861
380,0,-24.297281503,-45.824100244,0.202273924,1.017866531,4.704856023,99.488395490,-22.208517408,-47.579817931,1.764617620,1.017981903,4.702722244,101.938746497,2.088764096,-1.755717687,1.562343696,-2.197178771,-1.745846711,1.418034760,3.144264281,2.450342478,0.000115372,-0.002133778,2.450351007
381,0,-24.378003513,-45.324341697,0.168677875,1.305571888,4.628392126,101.185559037,-22.310538393,-47.084465696,1.734869644,1.306094597,4.626101045,103.647168922,2.067465120,-1.760123999,1.566191769,-2.247192314,-1.654655839,1.427461359,3.134550235,2.461568838,0.000522709,-0.002291081,2.461609885
382,0,-24.474929409,-44.797751526,0.134723382,0.629145630,3.694828515,102.517426322,-22.429844349,-46.563075774,1.705163615,0.628380257,3.692890426,104.993933368,2.045085060,-1.765324248,1.570440233,-2.263306642,-1.598090908,1.445189822,3.124904019,2.476557231,-0.000765372,-0.001938089,2.476507045
383,0,-24.565317684,-44.251384114,0.106769457,0.959796729,4.328100806,101.860720385,-22.543770804,-46.021579321,1.681036905,0.959664841,4.326552351,104.346520053,2.021546879,-1.770195208,1.574267448,-2.260578175,-1.590746659,1.434528577,3.114251251,2.485810106,-0.000131888,-0.001548455,2.485799669
384,0,-24.563716454,-43.852623867,0.084028418,0.743161171,4.030243298,96.031312449,-22.559521668,-45.623542861,1.662087825,0.743274708,4.027963847,98.524730369,2.004194786,-1.770918994,1.578059407,-2.077735909,-1.788255055,1.458896730,3.105353815,2.493410988,0.000113537,-0.002279451,2.493417921
385,0,-24.618078142,-43.319197002,0.052058798,0.753023006,4.521386247,96.914903148,-22.636899008,-45.093510594,1.633970833,0.753533742,4.518991536,99.422673395,1.981179135,-1.774313592,1.581912035,-2.118411716,-1.734344792,1.442250019,3.094463632,2.507731190,0.000510736,-0.002394710,2.507770247
386,0,-24.689554715,-42.766327585,0.015035098,0.813357737,4.166929377,99.289410296,-22.732409769,-44.544739369,1.600783596,0.812896134,4.164636636,101.809659019,1.957144946,-1.778411784,1.585748499,-2.180764012,-1.623924173,1.454270167,3.083466088,2.520283339,-0.000461603,-0.002292741,2.520248723
387,0,-24.780989014,-42.195403854,-0.010365681,0.750594404,4.579729521,101.542729222,-22.848699815,-43.978927682,1.579190934,0.750501520,4.577154924,104.074228947,1.932289199,-1.783523828,1.589556615,-2.254208289,-1.517673096,1.434085907,3.072684335,2.531508450,-0.000092884,-0.002574596,2.531499725
388,0,-24.898853210,-41.625202986,-0.046554368,0.914948203,4.150536106,103.827380280,-22.991384452,-43.414960488,1.546825197,0.914919850,4.148031608,106.370981154,1.907468759,-1.789757502,1.593379565,-2.303341728,-1.401420220,1.452985090,3.062764669,2.543604158,-0.000028353,-0.002504498,2.543600874
389,0,-25.031643006,-41.041830583,-0.084577971,1.081130688,4.984144391,106.003860120,-23.149620441,-42.838484984,1.512617157,1.080620971,4.982413061,108.559757464,1.882022566,-1.796654401,1.597195128,-2.376171461,-1.287165388,1.420571260,3.053032632,2.555942258,-0.000509717,-0.001731330,2.555897344
390,0,-25.068050379,-40.576068771,-0.122032276,1.486577785,4.692850374,99.584001607,-23.206550254,-42.375142997,1.478938717,1.486499208,4.690151701,102.151885802,1.861500125,-1.799074226,1.600970993,-2.207887337,-1.498496009,1.464480155,3.043839501,2.567892041,-0.000078577,-0.002698673,2.567884195
391,0,-25.146790865,-39.969974903,-0.145232913,0.634350985,3.655006024,100.081815935,-23.312121254,-41.773574219,1.459536897,0.634438710,3.652351507,102.660378656,1.834669611,-1.803599316,1.604769809,-2.194953019,-1.474270209,1.484243178,3.032205338,2.578558498,0.000087725,-0.002654517,2.578562721
392,0,-25.235874399,-39.367507857,-0.178459976,0.125476546,3.692857643,100.813189814,-23.427864099,-41.176157361,1.430125913,0.125169242,3.690678353,103.403825825,1.808010301,-1.808649504,1.608585889,-2.214944130,-1.433370862,1.472118648,3.021202217,2.590656733,-0.000307305,-0.002179290,2.590636011
393,0,-25.313769197,-38.748754829,-0.208936793,0.033612517,3.575602312,99.473354745,-23.533329575,-40.562154743,1.403476872,0.033590697,3.572687452,102.076569490,1.780439622,-1.813399913,1.612413665,-2.178216582,-1.456824733,1.480302854,3.009694722,2.603217738,-0.000021820,-0.002914860,2.603214746
394,0,-25.328126435,-38.119179136,-0.255518993,-0.323468127,4.651199846,95.110273311,-23.575910748,-39.934452411,1.360728246,-0.323696554,4.648362684,97.728401447,1.752215687,-1.815273275,1.616247239,-2.088725297,-1.591729343,1.442690662,2.996286371,2.618148200,-0.000228426,-0.002837162,2.618128136
395,0,-25.383599642,-37.492489775,-0.292132629,0.161536819,4.736013940,97.085439948,-23.659510399,-39.311512166,1.327967254,0.161712395,4.733423809,99.719812597,1.724089243,-1.819022391,1.620099884,-2.144670355,-1.482459544,1.452154461,2.984300556,2.634359436,0.000175576,-0.002590131,2.634372649
396,0,-25.454756870,-36.851349554,-0.331078244,0.893060059,4.410226995,99.199537210,-23.759679266,-38.674905859,1.292871509,0.892806581,4.407513629,101.853874378,1.695077604,-1.823556304,1.623949753,-2.189842842,-1.358815120,1.481238765,2.972517196,2.654358052,-0.000253478,-0.002713366,2.654337168
397,0,-25.563637356,-36.216231381,-0.366828939,0.446183052,4.120357485,101.397980054,-23.897583246,-38.046023778,1.260927325,0.446094256,4.117323583,104.064591426,1.666054111,-1.829792397,1.627756264,-2.234425846,-1.260094031,1.480868375,2.962003878,2.666619477,-0.000088796,-0.003033902,2.666611372
398,0,-25.672229358,-35.576141220,-0.406693717,0.251536837,4.846602613,102.191178785,-24.035613161,-37.412174074,1.224897886,0.251627290,4.844962497,104.872430984,1.636616197,-1.836032854,1.631591602,-2.270436670,-1.205629814,1.450239446,2.951545422,2.681245061,0.000090453,-0.001640116,2.681252199
399,0,-25.679499050,-35.075750222,-0.442907063,-0.085952547,5.257988210,95.960433512,-24.066017869,-36.913384232,1.192512560,-0.086183598,5.255354926,98.658260149,1.613481180,-1.837634010,1.635419623,-2.136720949,-1.416102659,1.443570041,2.941907140,2.697849099,-0.000231050,-0.002633284,2.697826636
400,0,-25.703734464,-34.564663230,-0.481465226,-0.118222504,5.764368593,94.744797994,-24.113821560,-36.404542657,1.157786393,-0.118223270,5.761563228,97.456394272,1.589912904,-1.839879427,1.639251619,-2.119793891,-1.435228642,1.430635461,2.932597009,2.711597806,-0.000000766,-0.002805365,2.711596278
401,0,-25.758199779,-33.909469029,-0.522811620,-0.000673292,4.582381329,96.932900900,-24.198903929,-35.753231918,1.120310889,-0.001208239,4.580299031,99.660139997,1.559295851,-1.843762889,1.643122510,-2.143320265,-1.325357048,1.476591906,2.920739071,2.727282673,-0.000534947,-0.002082298,2.727239098
402,0,-25.755687513,-33.397478998,-0.546587954,0.286979218,3.894974873,94.313972446,-24.220503163,-35.242368646,1.100389563,0.286976693,3.892536387,97.056258899,1.535184351,-1.844889648,1.646977517,-2.062501862,-1.384476342,1.517318382,2.910832140,2.742287708,-0.000002525,-0.002438486,2.742286453
403,0,-25.736074277,-32.886268018,-0.578988224,0.134803000,4.193252264,91.158037773,-24.224886872,-34.731241008,1.071812015,0.134018825,4.190668859,93.919761911,1.511187405,-1.844972990,1.650800239,-1.990825729,-1.470036465,1.512732575,2.900474812,2.761782779,-0.000784175,-0.002583405,2.761724138
404,0,-25.716961541,-32.371913280,-0.616444880,0.027715522,4.633229317,90.444027508,-24.230164429,-34.217172753,1.038211392,0.028587223,4.631420959,93.223600946,1.486797112,-1.845259473,1.654656272,-1.984317004,-1.471726914,1.499980492,2.890231056,2.779503763,0.000871701,-0.001808358,2.779573438
405,0,-25.721144029,-31.849053650,-0.651697687,-0.034130414,4.622305888,92.232584369,-24.259329789,-33.695544851,1.006756585,-0.033959441,4.619949845,95.032187369,1.461814240,-1.846491201,1.658454272,-2.029499732,-1.389665692,1.498953402,2.880434203,2.799590222,0.000170974,-0.002356043,2.799603000
406,0,-25.740539027,-31.322011958,-0.686704688,0.378243366,4.634922358,94.014762053,-24.304080866,-33.170640409,0.975591927,0.378005866,4.632664633,96.828501099,1.436458162,-1.848628451,1.662296616,-2.072628331,-1.293575361,1.508291691,2.871248725,2.813759149,-0.000237501,-0.002257725,2.813739047
407,0,-25.761081311,-30.800001864,-0.723295838,1.056404935,4.178200651,94.787703450,-24.350023560,-32.650753514,0.942816222,1.056623000,4.176130125,97.615187355,1.411057751,-1.850751650,1.666112060,-2.078242680,-1.223450064,1.541548684,2.862218552,2.827468788,0.000218065,-0.002070527,2.827483905
408,0,-25.755914631,-30.275156583,-0.748718813,0.501479517,3.723971496,92.552693374,-24.370363821,-32.126745944,0.921202095,0.500570760,3.721786729,95.398202336,1.385550810,-1.851589361,1.669920908,-2.015886949,-1.288161365,1.553579787,2.852502419,2.845568951,-0.000908757,-0.002184767,2.845508962
409,0,-25.732716929,-29.749662423,-0.787359853,0.061983039,4.301656583,90.396929841,-24.373123749,-31.601408381,0.886394679,0.062868315,4.299403606,93.260288843,1.359593180,-1.851745958,1.673754533,-1.981421745,-1.345076906,1.530897426,2.842342510,2.863293639,0.000885277,-0.002252977,2.863359002
410,0,-25.734735694,-29.216418011,-0.826469569,0.636485307,4.716910092,91.860654245,-24.401405157,-31.069351764,0.851106749,0.636447988,4.714283245,94.745132790,1.333330537,-1.852933753,1.677576318,-2.026781123,-1.255545401,1.530085012,2.832913009,2.884482809,-0.000037319,-0.002626847,2.884478545
411,0,-25.764284051,-28.715098849,-0.850364855,0.678920677,3.542782905,94.377959096,-24.455883801,-30.570630362,0.831036070,0.679482659,3.540137783,97.272311703,1.308400250,-1.855531513,1.681400925,-2.050168415,-1.144400814,1.571360470,2.825246446,2.894319155,0.000561982,-0.002645122,2.894352607
412,0,-25.830660783,-28.029793796,-0.885469950,1.266787856,4.515158108,98.074194495,-24.556275769,-29.890027457,0.799780935,1.266343503,4.512210509,100.981117251,1.274385014,-1.860233661,1.685250885,-2.147183653,-0.966603187,1.542685199,2.815066071,2.906959254,-0.000444353,-0.002947599,2.906922757
413,0,-25.914775044,-27.496053959,-0.919360754,1.716035210,3.945956563,99.413830463,-24.666827248,-29.361748205,0.769774029,1.717037383,3.943781510,102.335780652,1.247947796,-1.865694246,1.689134783,-2.156079391,-0.879316117,1.571461060,2.809157354,2.921882224,0.001002173,-0.002175054,2.921950190
414,0,-26.015562080,-26.975789639,-0.947002698,1.795438976,3.719844638,102.197115015,-24.793556330,-28.847730795,0.745984533,1.795249579,3.718030645,105.134448097,1.222005750,-1.871941157,1.692987231,-2.193303751,-0.749845614,1.578232469,2.804223157,2.937345933,-0.000189396,-0.001813993,2.937333082
415,0,-26.128184741,-26.474095566,-0.984377783,2.162251916,4.346081689,104.266494669,-24.931157634,-28.352869727,0.712450205,2.161129630,4.343622590,107.223884951,1.197027107,-1.878774161,1.696827988,-2.238321750,-0.638836948,1.556821942,2.800337741,2.957476539,-0.001122286,-0.002459098,2.957390281
416,0,-26.214093922,-25.774896190,-1.023326182,1.526703292,4.518803246,99.541688030,-25.052423878,-27.659599124,0.677368989,1.527170168,4.515938724,102.520096475,1.161670044,-1.884702934,1.700695171,-2.178808327,-0.792019880,1.555456618,2.791764049,2.978373087,0.000466876,-0.002864522,2.978408445
417,0,-26.274813507,-25.251895196,-1.045264775,0.762754809,4.111844566,98.938885883,-25.139791103,-27.141008443,0.659306730,0.762751646,4.109608043,101.933456226,1.135022403,-1.889113247,1.704571505,-2.159496519,-0.806948241,1.564607955,2.786142267,2.994571404,-0.000003163,-0.002236522,2.994570342
418,0,-26.345876595,-24.729494375,-1.084297377,1.223717551,5.053784088,100.203061336,-25.237471480,-26.623625464,0.624170700,1.223236135,5.051705075,103.208845820,1.108405115,-1.894131090,1.708468077,-2.203007510,-0.722715128,1.536098438,2.781215140,3.005827640,-0.000481416,-0.002079013,3.005784483
419,0,-26.361201581,-24.211652674,-1.108866776,0.412583509,3.727219589,95.635051511,-25.279524326,-26.107888115,0.603449821,0.412366710,3.724452490,98.652291317,1.081677255,-1.896235441,1.712316596,-2.100379080,-0.878861314,1.585488307,2.774484215,3.017255170,-0.000216799,-0.002767099,3.017239806
420,0,-26.374376483,-23.672634438,-1.136461905,0.595518858,3.512393602,93.868198152,-25.320771871,-25.571078694,0.579760019,0.595841831,3.510052086,96.897717233,1.053604612,-1.898444257,1.716221924,-2.066649030,-0.906529749,1.602110036,2.767596604,3.029500222,0.000322974,-0.002341516,3.029519081
421,0,-26.413786535,-23.143776350,-1.169004952,0.796564361,4.533588016,95.609463612,-25.387841232,-25.045754545,0.551137349,0.796215488,4.531722611,98.650071597,1.025945303,-1.901978195,1.720142301,-2.122883316,-0.813389680,1.568673965,2.762059803,3.040636148,-0.000348873,-0.001865406,3.040607985
422,0,-26.466558240,-22.604497704,-1.203658723,1.034178775,4.587646550,97.092420947,-25.468887014,-24.510751555,0.520359032,1.034128228,4.585344998,100.144040644,0.997671227,-1.906253851,1.724017755,-2.146288971,-0.726440670,1.570705716,2.757061631,3.051624608,-0.000050548,-0.002301552,3.051619698
423,0,-26.534581011,-22.069158881,-1.237526016,0.722110217,4.149753882,98.847307053,-25.565046931,-23.980486333,0.490372080,0.722023647,4.147620847,101.908887077,0.969534080,-1.911327452,1.727898096,-2.157396642,-0.644119080,1.584156284,2.752962185,3.061587031,-0.000086570,-0.002133036,3.061580024
424,0,-26.614495914,-21.543913636,-1.281705542,1.050395254,5.561293169,100.797256818,-25.672563629,-23.460995855,0.450074007,1.050329570,5.558881090,103.871711257,0.941932285,-1.917082220,1.731779549,-2.217732188,-0.538087883,1.534153331,2.749818371,3.074461750,-0.000065684,-0.002412080,3.074454440
425,0,-26.724118613,-21.010665414,-1.315843629,1.243713639,5.392389070,102.548077625,-25.810152703,-22.935290799,0.419878913,1.243328358,5.389858505,105.639587255,0.913965911,-1.924625385,1.735722542,-2.231144518,-0.440611158,1.542758973,2.748135605,3.091546888,-0.000385281,-0.002530564,3.091509630
426,0,-26.825530499,-20.486874033,-1.349840558,0.694452964,4.435769127,103.180305042,-25.938995625,-22.418640776,0.389842463,0.694042957,4.434026047,106.289033871,0.886534874,-1.931766743,1.739683021,-2.211333450,-0.403606506,1.578375750,2.746664131,3.108761048,-0.000410007,-0.001743080,3.108728828
427,0,-26.926626879,-19.971992656,-1.378349040,0.613468294,4.713291620,103.003273792,-26.067281837,-21.910975856,0.365216472,0.613703249,4.710845641,106.133174105,0.859345042,-1.938983200,1.743565512,-2.218846256,-0.384229085,1.570744965,2.745569239,3.129881976,0.000234955,-0.002445978,3.129900313
428,0,-26.975260794,-19.443338221,-1.408220575,0.580397525,4.919878548,99.260440768,-26.144165961,-21.386532989,0.339217984,0.579662135,4.917611321,102.406324173,0.831094833,-1.943194768,1.747438559,-2.193916930,-0.491680144,1.570109928,2.742310349,3.145947362,-0.000735390,-0.002267228,3.145883405
429,0,-26.996734104,-18.910614632,-1.443229637,-0.098669560,4.435001346,95.839119540,-26.194344394,-20.856645537,0.308104691,-0.098460531,4.432394619,98.998168979,0.802389710,-1.946030906,1.751334328,-2.146951599,-0.602983375,1.589039754,2.738254455,3.159034362,0.000209029,-0.002606727,3.159049439
430,0,-27.031125185,-18.381335664,-1.481019591,0.009686541,5.145873954,95.887951029,-26.257176562,-20.330629990,0.274195358,0.009398629,5.143682997,99.060267601,0.773948624,-1.949294325,1.755214949,-2.167698164,-0.569635493,1.567202742,2.734871909,3.172343159,-0.000287912,-0.002190957,3.172316572
431,0,-27.085361389,-17.843682143,-1.517782842,0.739041705,4.623533683,97.507800909,-26.340344333,-19.797617776,0.241382350,0.739384797,4.621043443,100.698153058,0.745017057,-1.953935633,1.759165192,-2.169712227,-0.462785182,1.595542471,2.732686781,3.190325489,0.000343092,-0.002490240,3.190352148
432,0,-27.151130008,-17.318480587,-1.556493508,0.702648208,4.744565400,99.111097979,-26.434497505,-19.277569773,0.206616997,0.702672165,4.742334685,102.312889067,0.716632503,-1.959089186,1.763110505,-2.186666031,-0.377870424,1.592437393,2.731327743,3.201789884,0.000023958,-0.002230715,3.201791088
433,0,-27.234190425,-16.787677098,-1.586201864,0.658185061,4.870619233,100.806247506,-26.546438146,-18.752982451,0.180839167,0.657563483,4.868508298,104.023944727,0.687752280,-1.965305353,1.767041030,-2.201995629,-0.288847453,1.589227714,2.730908701,3.217750737,-0.000621579,-0.002110935,3.217697221
434,0,-27.307382471,-16.258036949,-1.626641301,0.505296172,5.035723763,100.244038113,-26.648543630,-18.229107089,0.144354338,0.504890288,5.033797886,103.479161554,0.658838840,-1.971070140,1.770995640,-2.204331814,-0.283821582,1.586183543,2.730496597,3.235159660,-0.000405884,-0.001925876,3.235123442
435,0,-27.329787929,-15.728791596,-1.663689154,0.148984530,4.523037451,96.103614694,-26.700182613,-17.702707881,0.111225730,0.148875327,4.521263726,99.350991329,0.629605315,-1.973916285,1.774914884,-2.163319215,-0.411969937,1.610404279,2.728199259,3.247385731,-0.000109203,-0.001773725,3.247376635
436,0,-27.343392165,-15.207005138,-1.703721682,0.271256436,4.302409999,93.905315904,-26.742793638,-17.183327281,0.075112856,0.271345397,4.299808984,97.169122534,0.600598528,-1.976322143,1.778834538,-2.140416232,-0.456912671,1.625013625,2.725953066,3.263800996,0.000088961,-0.002601015,3.263806630
437,0,-27.376160120,-14.677185001,-1.738263253,0.266727199,4.428208354,95.810494690,-26.805160908,-16.656874907,0.044482994,0.266646711,4.426004249,99.090344495,0.570999212,-1.979689906,1.782746247,-2.158919540,-0.360094980,1.622588805,2.724591053,3.279856760,-0.000080488,-0.002204104,3.279849805
438,0,-27.413513404,-14.151847043,-1.775829598,0.178381878,5.160824644,96.799167310,-26.871788207,-16.135163391,0.010803398,0.178040814,5.158148740,100.103577663,0.541725197,-1.983316348,1.786632996,-2.185969745,-0.298139620,1.597409287,2.723796503,3.304442126,-0.000341065,-0.002675904,3.304410354
439,0,-27.437678034,-13.617339685,-1.820441211,0.214422047,4.861081907,95.501598338,-26.925987058,-15.603404515,-0.029895912,0.214720016,4.859211436,98.823051401,0.511690976,-1.986064830,1.790545299,-2.170417486,-0.312886351,1.613605807,2.722560125,3.321428358,0.000297969,-0.001870471,3.321453063
440,0,-27.481224421,-13.080228617,-1.852091138,0.288891508,4.361959512,96.862138510,-26.999899309,-15.070285315,-0.057637119,0.287823847,4.359933735,100.201079120,0.481325112,-1.990056697,1.794454019,-2.163901365,-0.231858706,1.635798635,2.722510744,3.339022578,-0.001067660,-0.002025777,3.338940610
441,0,-27.472490082,-12.562201885,-1.889924239,0.293771889,4.646106557,92.978340694,-27.020821665,-14.553191534,-0.091593411,0.294250262,4.643515392,96.333709515,0.451668418,-1.990989649,1.798330829,-2.150824298,-0.339250327,1.631227136,2.720668652,3.355331117,0.000478373,-0.002591166,3.355368820
442,0,-27.510525549,-12.044905119,-1.926585286,0.257917579,4.388696034,95.533288699,-27.088450168,-14.039533656,-0.124340409,0.257567669,4.386970361,98.904256774,0.422075381,-1.994628536,1.802244877,-2.158003836,-0.220385055,1.642932468,2.721172031,3.370995305,-0.000349910,-0.001725673,3.370968075
443,0,-27.563243565,-11.507362083,-1.972888323,0.090661902,5.351186443,97.328301010,-27.172017799,-13.506512473,-0.166774333,0.090042721,5.348983692,100.722565694,0.391225766,-1.999150390,1.806113990,-2.192302389,-0.130483719,1.608879069,2.722445156,3.394323188,-0.000619181,-0.002202751,3.394264684
444,0,-27.605332875,-10.981233907,-2.012003603,0.237952724,5.460111023,97.388876383,-27.244712876,-12.984358298,-0.201980317,0.237170487,5.458801042,100.800569332,0.360620000,-2.003124391,1.810023286,-2.195872496,-0.093336994,1.608779224,2.723736111,3.411767713,-0.000782237,-0.001309981,3.411692950
445,0,-27.539966480,-10.620583466,-2.038502547,-0.262098496,5.405490888,88.304836977,-27.200679173,-12.621043975,-0.224604942,-0.261126309,5.403288344,91.730537480,0.339287307,-2.000460509,1.813897605,-2.151576547,-0.405715350,1.616569226,2.721613978,3.425609783,0.000972188,-0.002202544,3.425700503
446,0,-27.508117892,-10.090574550,-2.082399856,-0.306008337,4.267434560,88.029598334,-27.200379175,-12.090589185,-0.264661313,-0.305812159,4.264751926,91.472988264,0.307738717,-2.000014635,1.817738542,-2.118000225,-0.385209470,1.662715783,2.720098356,3.443376387,0.000196178,-0.002682635,3.443389930
447,0,-27.513383596,-9.566195398,-2.114949054,0.056809896,4.508234281,91.765701917,-27.236921414,-11.567830020,-0.293384219,0.056923287,4.506445786,95.223724943,0.276462182,-2.001634622,1.821564835,-2.146165618,-0.213011632,1.658212933,2.720490939,3.458014579,0.000113391,-0.001788495,3.458023025
448,0,-27.494303500,-9.044987157,-2.136898217,0.129478337,3.929572384,90.822101955,-27.249188332,-11.046806521,-0.311528064,0.129179067,3.926663884,94.293838464,0.245115169,-2.001819364,1.825370152,-2.125509233,-0.212562708,1.684151419,2.720172496,3.471758240,-0.000299270,-0.002908501,3.471736508
449,0,-27.370318636,-8.532695821,-2.174034717,0.071363369,4.692894484,82.194003089,-27.156190794,-10.528328066,-0.344800020,0.071273070,4.690986977,85.681503303,0.214127842,-1.995632246,1.829234697,-2.091185182,-0.481116384,1.664322663,2.715602763,3.487508123,-0.000090298,-0.001907507,3.487500214
450,0,-27.275613902,-8.025345902,-2.201825982,-0.044532578,4.348859326,81.601250889,-27.092492034,-10.016549532,-0.368732409,-0.044331555,4.346716709,85.104226836,0.183121868,-1.991203630,1.833093573,-2.076509206,-0.473302020,1.680104841,2.712684567,3.502961368,0.000201023,-0.002142617,3.502975947
451,0,-27.172298851,-7.522866895,-2.219409759,-0.406485135,4.166908154,81.427086772,-27.019886958,-9.509095713,-0.382480026,-0.407041439,4.164853825,84.943183246,0.152411893,-1.986228818,1.836929733,-2.069660544,-0.458777485,1.687801409,2.709731563,3.516137530,-0.000556305,-0.002054329,3.516096474
452,0,-27.022508730,-7.012939105,-2.246855839,-0.499410953,4.127141898,77.594013326,-26.901601357,-8.991470575,-0.405596166,-0.500414471,4.124702583,81.126260109,0.120907373,-1.978531470,1.841259672,-2.033928797,-0.557937439,1.694485766,2.705446830,3.532319969,-0.001003518,-0.002439315,3.532246784
453,0,-26.802899271,-6.532004843,-2.284135311,-0.560456023,3.820248393,70.528234505,-26.712109937,-8.498390582,-0.439017476,-0.561397578,3.818165080,74.074346215,0.090789334,-1.966385739,1.845117834,-1.942537685,-0.757860486,1.712182884,2.698031764,3.546175161,-0.000941556,-0.002083314,3.546111709
454,0,-26.618591085,-6.042782841,-2.294087902,-0.540039616,3.180106654,70.721888937,-26.558526791,-7.999077845,-0.445161895,-0.540528182,3.177784948,74.278738674,0.060064293,-1.956295004,1.848926007,-1.926525317,-0.718988089,1.738039578,2.692438531,3.556877621,-0.000488566,-0.002321707,3.556849737
455,0,-26.379765113,-5.555190840,-2.327890816,-0.632161903,3.761786140,67.555898141,-26.350436336,-7.498048015,-0.475137273,-0.632492123,3.760099258,71.126718420,0.029328777,-1.942857175,1.852753542,-1.902204692,-0.787913927,1.723095708,2.684818405,3.570842352,-0.000330220,-0.001686881,3.570820278
456,0,-26.155783842,-5.251498066,-2.358217472,-0.098234622,4.077142478,60.848371782,-26.145841246,-7.181435808,-0.501655942,-0.099309276,4.075665946,64.433198061,0.009942595,-1.929937742,1.856561530,-1.808383617,-0.951768130,1.730741280,2.677980444,3.584903136,-0.001074654,-0.001476533,3.584826278
457,0,-25.922395723,-4.993809097,-2.358280768,-0.218573845,3.229764388,54.960883938,-25.929210790,-6.910045626,-0.497935664,-0.219716836,3.228325085,58.557452311,-0.006815067,-1.916236529,1.860345104,-1.675165009,-1.101339193,1.764586909,2.670747608,3.596633223,-0.001142991,-0.001439303,3.596568372
458,0,-25.640610171,-4.753739004,-2.368413193,-0.942333980,2.873346248,48.134334981,-25.663311609,-6.653158043,-0.504298525,-0.942194643,2.871075776,51.742108283,-0.022701438,-1.899419039,1.864114668,-1.521317615,-1.280011465,1.769292203,2.661434113,3.607767037,0.000139337,-0.002270472,3.607773303
459,0,-25.230871992,-4.399038098,-2.383562824,-1.009255990,2.522197044,44.266837345,-25.276946159,-6.273727517,-0.515663962,-1.009774740,2.519986340,47.886537721,-0.046074167,-1.874689419,1.867898863,-1.422428466,-1.341925421,1.783693593,2.646814956,3.619723906,-0.000518750,-0.002210704,3.619700376
460,0,-24.870106664,-4.039403290,-2.382931546,-1.299479165,1.496762127,46.806069121,-24.939919868,-5.892419591,-0.511254577,-1.301079234,1.493980505,50.436424092,-0.069813204,-1.853016301,1.871676969,-1.447121963,-1.258727370,1.806422266,2.634714021,3.630398144,-0.001600069,-0.002781622,3.630354970
461,0,-24.388341676,-3.745781105,-2.389791179,-1.083420148,2.140533514,38.044667241,-24.478011170,-5.569142511,-0.514332052,-1.084128960,2.138772639,41.684202908,-0.089669495,-1.823361406,1.875459127,-1.263526921,-1.415038063,1.803108808,2.617257032,3.639562626,-0.000708811,-0.001760875,3.639535668
462,0,-24.068401402,-3.579870774,-2.391864625,-0.864427867,1.036594172,31.627510528,-24.169556491,-5.383495161,-0.512514783,-0.864087024,1.034687912,35.273033556,-0.101155089,-1.803624387,1.879349843,-1.065772731,-1.510594168,1.837792931,2.606769862,3.645517382,0.000340843,-0.001906260,3.645523028
463,0,-23.627483597,-3.289613030,-2.401233238,-1.095560834,1.355967564,34.771291330,-23.748133079,-5.066043129,-0.518135398,-1.096023594,1.353606849,38.427056477,-0.120649481,-1.776430098,1.883097840,-1.156457411,-1.425652646,1.829327323,2.591585936,3.655776879,-0.000462760,-0.002360715,3.655765147
464,0,-23.134974422,-3.014750761,-2.407991829,-0.678304345,2.124036774,32.071742609,-23.274628996,-4.760568505,-0.521117890,-0.679490349,2.122226922,35.736522676,-0.139654574,-1.745817744,1.886873939,-1.114551501,-1.426988985,1.830069301,2.574427365,3.664824644,-0.001186004,-0.001809852,3.664780068
465,0,-22.657057164,-2.802626283,-2.407022056,-1.441580607,1.043043995,27.873117500,-22.811746161,-4.518519703,-0.516396965,-1.441876507,1.040654544,31.545246914,-0.154688997,-1.715893420,1.890625091,-0.973209366,-1.491173394,1.836286357,2.557866718,3.672135583,-0.000295900,-0.002389451,3.672129414
466,0,-22.173835216,-2.566650425,-2.409810455,-1.360599908,1.085140077,27.949924394,-22.345319541,-4.252293824,-0.515404849,-1.361413665,1.082856737,31.628148084,-0.171484324,-1.685643399,1.894405606,-0.977250184,-1.452804699,1.842257780,2.541569032,3.678239884,-0.000813757,-0.002283340,3.678223690
467,0,-21.666156541,-2.370066423,-2.412562902,-1.521738597,1.009383515,25.082195613,-21.851866257,-4.023819179,-0.513983840,-1.521707462,1.006978005,28.767895083,-0.185709716,-1.653752756,1.898579062,-0.902563733,-1.468583267,1.844622082,2.524675966,3.685699707,0.000031135,-0.002405511,3.685699470
468,0,-21.200198738,-2.145054175,-2.405665692,-1.544105248,1.067922236,26.671303098,-21.401886926,-3.769538426,-0.503320324,-1.544626436,1.065598380,30.363473338,-0.201688188,-1.624484251,1.902345368,-0.944709835,-1.411402667,1.847704236,2.509690241,3.692180711,-0.000521189,-0.002323856,3.692170240
469,0,-20.713104564,-1.892830532,-2.415964278,-1.308905855,1.291502175,28.747182845,-20.932800778,-3.486618522,-0.509526087,-1.309863885,1.289001929,32.444542343,-0.219696214,-1.593787990,1.906438191,-1.001869823,-1.334398654,1.854338224,2.494580758,3.697382039,-0.000958030,-0.002500246,3.697359498
470,0,-20.221087174,-1.659095766,-2.416434620,-2.069231194,0.951693649,27.421636785,-20.457388909,-3.221742946,-0.505251952,-2.070179185,0.948919340,31.123622260,-0.236301735,-1.562647180,1.911182668,-0.961020421,-1.345852073,1.848092492,2.479984659,3.702002358,-0.000947990,-0.002774308,3.701985475
471,0,-19.707211556,-1.508048034,-2.411477956,-2.270290745,1.219641465,20.663555384,-19.955128231,-3.037898411,-0.494907874,-2.270509840,1.217662597,24.365477586,-0.247916676,-1.529850376,1.916570081,-0.812440722,-1.418147808,1.844977669,2.464781071,3.701927397,-0.000219095,-0.001978868,3.701922202
472,0,-19.195112852,-1.336615094,-2.415535649,-3.753671373,0.869077917,20.457805777,-19.455777620,-2.833881465,-0.494647125,-3.753930147,0.866746631,24.167609721,-0.260664768,-1.497266371,1.920888524,-0.796592535,-1.433890949,1.819055389,2.449401035,3.709808605,-0.000258775,-0.002331286,3.709803944
473,0,-18.673632737,-1.199228921,-2.414403354,-4.981575023,1.183365158,17.381688273,-18.944911488,-2.663430300,-0.489344427,-4.981972837,1.181617009,21.102700987,-0.271278751,-1.464201379,1.925058927,-0.735908511,-1.477205985,1.788751199,2.433789167,3.721021355,-0.000397815,-0.001748149,3.721012714
474,0,-18.306941355,-1.167298214,-2.420243474,-3.960476562,0.767613658,12.206453606,-18.581701262,-2.608038563,-0.491446138,-3.960891539,0.765655788,15.937698537,-0.274759908,-1.440740349,1.928797336,-0.598959564,-1.479526797,1.823110754,2.423114715,3.731251020,-0.000414976,-0.001957869,3.731244931
475,0,-17.761273700,-1.142889608,-2.415563555,-2.773776702,-0.045111852,6.236593118,-18.039471049,-2.548346889,-0.483012238,-2.774480670,-0.047857056,9.974177711,-0.278197350,-1.405457281,1.932551317,-0.427710014,-1.458853787,1.864475342,2.405713725,3.737585096,-0.000703968,-0.002745204,3.737584593
476,0,-17.233062485,-1.120412309,-2.391320042,-2.441069542,-0.888572945,5.569413026,-17.514669970,-2.491679438,-0.453875116,-2.441458989,-0.890781858,9.313469568,-0.281607485,-1.371267129,1.937444926,-0.383266356,-1.419032132,1.884893595,2.390265499,3.744051167,-0.000389447,-0.002208912,3.744056542
477,0,-16.713761447,-1.077203331,-2.380146665,-2.010741733,-1.174111514,7.467919054,-17.000444011,-2.414926065,-0.437068107,-2.010642661,-1.176366596,11.219433301,-0.286682564,-1.337722734,1.943078558,-0.418204902,-1.356813281,1.905624744,2.376392915,3.751516958,0.000099072,-0.002255082,3.751514247
478,0,-16.165486423,-1.080506493,-2.370622509,-2.342261984,-0.565606419,3.132881674,-16.453885340,-2.382652452,-0.422309555,-2.342115586,-0.567567114,6.894476515,-0.288398917,-1.302145960,1.948312954,-0.339882256,-1.363131424,1.897639106,2.361076323,3.761596803,0.000146397,-0.001960695,3.761594841
479,0,-15.644651823,-1.109920233,-2.344851469,-2.654710885,-0.721455410,-0.027216676,-15.932878754,-2.378188918,-0.392551910,-2.654376310,-0.723479529,3.747907516,-0.288226931,-1.268268686,1.952299559,-0.263019381,-1.357629178,1.894918893,2.345858860,3.775128969,0.000334575,-0.002024118,3.775124193
480,0,-15.113721242,-1.141501015,-2.339064358,-1.894125053,0.251338135,-1.346221696,-15.401787146,-2.375048871,-0.383006032,-1.894025702,0.249057395,2.445105623,-0.288065904,-1.233547856,1.956058327,-0.267583696,-1.303912467,1.912850673,2.330404784,3.791327572,0.000099351,-0.002280740,3.791327319
481,0,-14.602788398,-1.151167101,-2.322792515,-2.113725511,0.030446077,0.343551614,-14.892118027,-2.351257877,-0.362882239,-2.114313356,0.028357998,4.149327052,-0.289329630,-1.200090775,1.959910276,-0.297561681,-1.269800748,1.914220704,2.316285344,3.805776358,-0.000587845,-0.002088080,3.805775438
482,0,-14.055226503,-1.155149694,-2.318213265,-1.514121302,0.076095264,1.501681029,-14.346234191,-2.319055939,-0.353791987,-1.514476884,0.073429432,5.322177955,-0.291007688,-1.163906245,1.964421278,-0.324018083,-1.207371916,1.932764734,2.301806721,3.820498336,-0.000355582,-0.002665831,3.820496926
483,0,-13.533653909,-1.134394556,-2.305445703,-1.605900616,-0.901555787,4.003538167,-13.828323022,-2.263851919,-0.335225968,-1.604856248,-0.903211921,7.841319220,-0.294669113,-1.129457363,1.970219735,-0.341760074,-1.161065657,1.944066928,2.290037036,3.837798000,0.001044369,-0.001656134,3.837781053
484,0,-12.992933965,-1.092109459,-2.284979451,-1.453544835,-1.013958348,5.831249746,-13.292422305,-2.185596864,-0.310669981,-1.453828596,-1.016438136,9.685451217,-0.299488340,-1.093487405,1.974309470,-0.374034333,-1.107318091,1.953778599,2.276687474,3.854197252,-0.000283761,-0.002479788,3.854201471
485,0,-12.474013804,-1.039186221,-2.263532511,-1.323846564,-1.055421215,7.857354094,-12.779224066,-2.097939756,-0.284007231,-1.323985314,-1.057994556,11.728045686,-0.305210262,-1.058753534,1.979525280,-0.410546306,-1.052736460,1.963626838,2.265531435,3.870689890,-0.000138749,-0.002573342,3.870691591
486,0,-11.961828323,-0.968548676,-2.245345474,-1.450084551,-0.969820645,9.981427219,-12.273855316,-1.992956626,-0.259805271,-1.449161154,-0.971752530,13.865645650,-0.312026993,-1.024407950,1.985540203,-0.451187466,-1.004960071,1.968661352,2.255912763,3.884234666,0.000923397,-0.001931885,3.884218432
487,0,-11.442438022,-0.906553385,-2.220065167,-1.608599026,-0.516064571,8.695534715,-11.760623889,-1.896064870,-0.230004847,-1.608699567,-0.518241001,12.594636264,-0.318185867,-0.989511485,1.990060320,-0.446183515,-0.985646041,1.967266493,2.245153737,3.899101250,-0.000100541,-0.002176430,3.899101549
488,0,-10.892243946,-0.901327557,-2.217823223,-2.083197213,0.226201135,4.348106070,-11.212548703,-1.853668866,-0.224049355,-2.084630682,0.223142949,8.262246064,-0.320304757,-0.952341310,1.993773868,-0.399453779,-0.997122752,1.957259881,2.232640442,3.914147072,-0.001433469,-0.003058187,3.914139994
489,0,-10.354830546,-0.853465247,-2.205185074,-1.785494034,0.470228776,6.243105386,-10.680627004,-1.769148077,-0.206017853,-1.785866384,0.467905823,10.168103048,-0.325796458,-0.915682830,1.999167221,-0.439835096,-0.936577185,1.967398338,2.222900797,3.925001415,-0.000372350,-0.002322953,3.924997662
490,0,-9.811201870,-0.790995874,-2.206565260,-1.585962214,0.320146035,8.241817712,-10.143237314,-1.669515060,-0.202335229,-1.586397509,0.318362793,12.174936607,-0.332035444,-0.878519186,2.004230030,-0.465734684,-0.876932556,1.978146103,2.213364297,3.933121749,-0.000435295,-0.001783241,3.933118895
491,0,-9.278870286,-0.711496093,-2.207231558,-1.448466816,0.556213594,10.451699918,-9.618846749,-1.553680499,-0.197269426,-1.448055892,0.554348717,14.397268868,-0.339976464,-0.842184406,2.009962132,-0.506602398,-0.816977672,1.985121617,2.205630599,3.945565430,0.000410924,-0.001864877,3.945568951
492,0,-8.731742892,-0.703751956,-2.187085380,-1.589031314,0.840488031,5.143624399,-9.074392091,-1.508449890,-0.172921466,-1.589724207,0.837497105,9.106894587,-0.342649199,-0.804697933,2.014163913,-0.442913484,-0.826120832,1.985738030,2.195860539,3.963281522,-0.000692893,-0.002990926,3.963270187
493,0,-8.191358986,-0.655801390,-2.180916296,-1.718017680,0.570926473,6.251812535,-8.539887855,-1.423225421,-0.161171667,-1.717907843,0.568580557,10.226113388,-0.348528869,-0.767424031,2.019744629,-0.450131477,-0.785001640,1.992720367,2.188556690,3.974300454,0.000109837,-0.002345916,3.974300853
494,0,-7.656352922,-0.588066030,-2.177983361,-1.637589073,0.501714089,8.250019151,-8.012236343,-1.318781801,-0.152810932,-1.637641756,0.498723226,12.240577746,-0.355883421,-0.730715771,2.025172429,-0.474768868,-0.729570219,2.001060652,2.182182832,3.990560175,-0.000052684,-0.002990863,3.990558594
495,0,-7.112827734,-0.508768393,-2.185531884,-1.743821702,1.267243329,10.000900590,-7.477003722,-1.202026434,-0.155359915,-1.743473303,1.265419292,14.010838882,-0.364175988,-0.693258041,2.030171970,-0.523817712,-0.680635090,1.999294868,2.175966243,4.009931022,0.000348399,-0.001824037,4.009938292
496,0,-6.590274955,-0.415203307,-2.181207954,-1.679876431,0.977666763,11.968277125,-6.963540995,-1.072245099,-0.146679726,-1.680373583,0.976175545,15.993213757,-0.373266040,-0.657041791,2.034528229,-0.536044512,-0.624495264,2.008232684,2.170330981,4.024945414,-0.000497152,-0.001491218,4.024936631
497,0,-6.054475624,-0.374384056,-2.178417294,-1.651867658,0.803924179,8.034985659,-6.433008400,-0.993929663,-0.139474809,-1.652857224,0.801747972,12.079820742,-0.378532775,-0.619545607,2.038942485,-0.489977669,-0.618903300,2.015264466,2.164349851,4.044849654,-0.000989567,-0.002176207,4.044835083
498,0,-5.513169081,-0.381253897,-2.166126266,-1.982463891,0.636996311,4.081266810,-5.894084695,-0.962738771,-0.122268453,-1.981621426,0.634557494,8.155119395,-0.380915615,-0.581484874,2.043857813,-0.444031156,-0.623107117,2.018700071,2.158836752,4.073844053,0.000842466,-0.002438817,4.073852585
499,0,-4.970688567,-0.342225169,-2.170746409,-2.186188212,1.347743371,4.750639482,-5.356876694,-0.885422437,-0.122616736,-2.186496815,1.345327113,8.846683742,-0.386188128,-0.543197269,2.048129673,-0.477902537,-0.586699142,2.016539854,2.153843007,4.096052236,-0.000308603,-0.002416258,4.096044260
500,0,-4.435093327,-0.297185277,-2.170035579,-2.206687076,0.750516874,6.692036205,-4.827260771,-0.802510080,-0.117043246,-2.206753836,0.747810025,10.810799635,-0.392167444,-0.505324803,2.052992332,-0.475235301,-0.534659717,2.027860047,2.150331597,4.118765193,-0.000066760,-0.002706849,4.118763430
501,0,-3.908487949,-0.232654859,-2.165302806,-2.278734626,0.935197689,8.499640149,-4.308152294,-0.700647344,-0.106835856,-2.279024865,0.933306341,12.635820022,-0.399664345,-0.467992485,2.058466949,-0.497981048,-0.484995723,2.032935995,2.148495924,4.136185048,-0.000290239,-0.001891348,4.136179873
502,0,-3.388715048,-0.149034810,-2.172712343,-2.305700553,0.130216806,10.250941919,-3.796579592,-0.580019172,-0.108521341,-2.305169406,0.128039242,14.407939447,-0.407864544,-0.430984362,2.064191002,-0.482742047,-0.434237806,2.047286776,2.147786186,4.156996935,0.000531146,-0.002177564,4.156997528
503,0,-2.747592667,-0.027923371,-2.160003731,-2.056483322,0.264891170,12.390141041,-3.167102350,-0.413285323,-0.092009885,-2.055509942,0.263134755,16.580896853,-0.419509683,-0.385361952,2.067993845,-0.501980534,-0.360315929,2.054088296,2.145015327,4.190751807,0.000973380,-0.001756415,4.190755812
504,0,-2.225159644,0.095678512,-2.168569694,-1.455549254,1.667316984,14.157838316,-2.656623831,-0.252818944,-0.096744472,-1.455841247,1.665022648,18.392234933,-0.431464187,-0.348497456,2.071825222,-0.563667833,-0.284536315,2.049729063,2.144777745,4.234405738,-0.000291994,-0.002294336,4.234396616
505,0,-1.649122174,0.182435312,-2.179865380,-2.382288032,1.411819947,11.035301491,-2.089709331,-0.124286456,-0.104227979,-2.382307730,1.410379313,15.294385491,-0.440587157,-0.306721768,2.075637401,-0.542142532,-0.302276947,2.052115013,2.143937011,4.259084729,-0.000019699,-0.001440634,4.259084000
506,0,-1.319674929,0.177733696,-2.176919375,-2.513957722,0.705114271,5.789419416,-1.762003943,-0.105127160,-0.097479459,-2.514573132,0.702573291,10.073664342,-0.442329013,-0.282860857,2.079439915,-0.494160385,-0.327521439,2.061133378,2.144699415,4.284253283,-0.000615410,-0.002540980,4.284244926
507,0,-0.703458339,0.211842263,-2.171720774,-2.053144675,1.160231363,5.847491089,-1.150968339,-0.025643990,-0.088477542,-2.052391765,1.157528423,10.158667079,-0.447510000,-0.237486253,2.083243232,-0.511463003,-0.264814842,2.065150352,2.143960653,4.311161675,0.000752911,-0.002702940,4.311175990
508,0,-0.126276784,0.271482596,-2.174712526,-2.097717710,0.825832981,8.065738737,-0.580860307,0.076728212,-0.087677288,-2.098635554,0.824144264,12.401755256,-0.454583523,-0.194754384,2.087035238,-0.507443355,-0.205092920,2.073820067,2.144829022,4.336030160,-0.000917844,-0.001688717,4.336016519
509,0,0.221105208,0.242460625,-2.161356208,-2.087406516,-0.680513115,2.441110913,-0.233198464,0.073476061,-0.070544573,-2.089665502,-0.683274784,6.800795971,-0.454303672,-0.168984564,2.090811635,-0.436223969,-0.225732020,2.089304814,2.146262077,4.359659634,-0.002258986,-0.002761669,4.359685059
510,0,0.751800586,0.216173314,-2.152224347,-2.121488527,0.744903183,0.902244802,0.296303813,0.087574390,-0.054375400,-2.119112428,0.742778633,5.292646239,-0.455496773,-0.128598924,2.097848948,-0.484700013,-0.198759783,2.085796166,2.150577876,4.390371746,0.002376099,-0.002124550,4.390401437
511,0,1.298841073,0.217342608,-2.146190116,-2.068013558,0.663557144,2.505244380,0.840843691,0.130400251,-0.044250603,-2.067483001,0.662240400,6.906057970,-0.457997382,-0.086942356,2.101939513,-0.485671580,-0.142448574,2.092678144,2.153014234,4.400807681,0.000530557,-0.001316744,4.400813591
512,0,1.658152530,0.168029667,-2.140536176,-1.592852672,0.576435595,-2.596916670,1.202053025,0.108628631,-0.034821996,-1.587946673,0.573640127,1.824424954,-0.456099505,-0.059401037,2.105714180,-0.474101356,-0.138377423,2.098015024,2.155362487,4.421295991,0.004905999,-0.002795468,4.421341625
513,0,2.252607666,0.154791455,-2.137874643,-1.868304083,0.760361234,0.972313291,1.794582067,0.142853034,-0.027775071,-1.767027789,0.766586260,5.424142285,-0.458025599,-0.011938422,2.110099572,-0.486123793,-0.072751912,2.102579605,2.159270752,4.451635266,0.101276294,0.006225026,4.451828993
514,0,2.888738405,0.169506634,-2.134495674,-1.915484019,0.861078200,3.926904400,2.434500326,0.239341413,-0.032740419,-1.834149933,0.851527081,8.217673759,-0.454238079,0.069834779,2.101755256,-0.479923803,0.030703862,2.096977515,2.151414484,4.290334953,0.081334086,-0.009551119,4.290769359
