from_kf,to_kf,measurement_translation_m,measurement_yaw_deg,before_translation_m,before_yaw_deg,after_translation_m,after_yaw_deg,deformation_local_x,deformation_local_y,deformation_local_z,deformation_translation_m,deformation_rotation_deg,deformation_yaw_deg,correction_gradient_world_x,correction_gradient_world_y,correction_gradient_world_z,correction_gradient_world_norm,after_measurement_error_translation_m,after_measurement_error_rotation_deg
0,1,0.519655019,2.869457247,0.519655019,2.869457247,0.519654998,2.869420505,0.000000001,-0.000004983,-0.000000049,0.000004983,0.000237230,-0.000036742,0.000000250,-0.000004977,-0.000000031,0.000004983,0.000004983,0.000237230
1,2,0.515138036,1.057542295,0.515138036,1.057542295,0.515131903,1.056539416,-0.000004860,-0.000081171,0.000004092,0.000081419,0.004250984,-0.001002878,0.000000805,-0.000081585,0.000004493,0.000081713,0.000081419,0.004250984
2,3,0.519499442,1.795647609,0.519499442,1.795647609,0.519433581,1.776837991,-0.000082943,-0.001617884,-0.000241170,0.001637862,0.088171705,-0.018809618,0.000078459,-0.001628162,-0.000232171,0.001646503,0.001637862,0.088171705
3,4,0.622411303,1.920046978,0.622411303,1.920046978,0.613336226,2.232948903,-0.009907889,-0.039216849,0.007005335,0.041051215,0.322676525,0.312901925,-0.004510782,-0.040329181,0.007408140,0.041251309,0.041051215,0.322676525
4,5,0.535246086,0.097666884,0.535246086,0.097666884,0.527010373,0.726801697,-0.012417293,-0.054449936,0.007833827,0.056394624,0.634114507,0.629134813,-0.004910039,-0.052893681,0.008217009,0.053752853,0.056394624,0.634114507
5,6,0.557214300,-2.379245527,0.557214300,-2.379245527,0.556819776,-2.344438051,-0.000503266,0.001043653,0.003716427,0.003892855,0.083932812,0.034807477,-0.001272516,0.009990028,0.003701917,0.010729592,0.003892855,0.083932812
6,7,0.503805309,1.985196653,0.503805309,1.985196653,0.503306419,1.997107968,-0.000574599,-0.000179295,0.003761367,0.003809224,0.012436892,0.011911315,-0.001640315,0.008102572,0.003791725,0.009095025,0.003809224,0.012436892
7,8,0.511702377,-0.353595300,0.511702377,-0.353595300,0.511248706,-0.337559405,-0.000551930,-0.000431132,0.003734832,0.003799931,0.016047117,0.016035896,-0.001528373,0.008098802,0.003752585,0.009055850,0.003799931,0.016047117
8,9,0.512145189,-3.461164184,0.512145189,-3.461164184,0.511634140,-3.433767206,-0.000620821,-0.000748875,0.003739415,0.003863866,0.027419758,0.027396978,-0.000953927,0.008025413,0.003763097,0.008915051,0.003863866,0.027419758
9,10,0.574553657,1.134435576,0.574553657,1.134435576,0.574232722,1.157769555,-0.000425516,-0.000587736,0.003723994,0.003794025,0.023340252,0.023333978,-0.000968837,0.009507976,0.003758132,0.010269558,0.003794025,0.023340252
10,11,0.504524454,-2.320217750,0.504524454,-2.320217750,0.504186651,-2.290060339,-0.000500051,-0.000793554,0.003723996,0.003840302,0.030168723,0.030157411,-0.000686102,0.008301976,0.003753953,0.009137051,0.003840302,0.030168723
11,12,0.519835838,2.472639187,0.519835838,2.472639187,0.519331183,2.499675719,-0.000531179,-0.000654059,0.003706313,0.003800881,0.027079087,0.027036532,-0.001360637,0.008944285,0.003732460,0.009786870,0.003800881,0.027079087
12,13,0.565966134,-3.011786980,0.565966134,-3.011786980,0.565520270,-2.995616394,-0.000496190,-0.000453142,0.004062514,0.004117713,0.016218064,0.016170585,-0.000805466,0.010333896,0.004093930,0.011144435,0.004117713,0.016218064
13,14,0.558153691,-6.647904735,0.558153691,-6.647904735,0.557610646,-6.631277884,-0.000611684,-0.000407964,0.004425160,0.004485826,0.016751642,0.016626851,0.000531613,0.010347051,0.004449531,0.011275744,0.004485826,0.016751642
14,15,0.642369177,-0.073805766,0.642369177,-0.073805766,0.642136837,-0.056647230,-0.000318119,-0.000568793,0.003742812,0.003799127,0.017162992,0.017158536,0.001094178,0.011980701,0.003774477,0.012608770,0.003799127,0.017162992
15,16,0.582085405,2.822264116,0.582085405,2.822264116,0.581802792,2.849605907,-0.000370381,-0.000954411,0.003748497,0.003885783,0.027374904,0.027341791,-0.000223649,0.010664122,0.003778806,0.011316046,0.003885783,0.027374904
16,17,0.523069705,2.621792426,0.523069705,2.621792426,0.522778933,2.645179430,-0.000333468,-0.000932859,0.003714203,0.003844052,0.023396128,0.023387004,-0.000478819,0.009786547,0.003747587,0.010490480,0.003844052,0.023396128
17,18,0.530305215,-0.738886122,0.530305215,-0.738886122,0.530107447,-0.713025664,-0.000272282,-0.000926992,0.003705697,0.003829574,0.025888355,0.025860458,-0.000154916,0.010208081,0.003750083,0.010876215,0.003829574,0.025888355
18,19,0.503239075,3.310756060,0.503239075,3.310756060,0.503091038,3.326525284,-0.000160442,-0.000612085,0.003752773,0.003805745,0.015785588,0.015769225,-0.000559596,0.010037977,0.003772587,0.010738088,0.003805745,0.015785588
19,20,0.576469898,3.454513933,0.576469898,3.454513933,0.576349385,3.472822013,-0.000193264,-0.000625762,0.003719824,0.003777038,0.018319325,0.018308081,-0.001682981,0.011625144,0.003731788,0.012324879,0.003777038,0.018319325
20,21,0.552574396,3.056574490,0.552574396,3.056574490,0.552244519,3.073355920,-0.000461560,-0.000336204,0.004557396,0.004593030,0.016832446,0.016781430,-0.002532081,0.011386551,0.004584579,0.012533289,0.004593030,0.016832446
21,22,0.533659534,2.749247117,0.533659534,2.749247117,0.533556441,2.764384728,-0.000259945,-0.000422764,0.003729729,0.003762602,0.015150889,0.015137611,-0.002604165,0.011042740,0.003745107,0.011947787,0.003762602,0.015150889
22,23,0.515433602,2.458113846,0.515433602,2.458113846,0.515044738,2.468407242,-0.000367897,-0.000367148,0.004204960,0.004236961,0.010296545,0.010293396,-0.003308819,0.010638991,0.004221003,0.011914415,0.004236961,0.010296545
23,24,0.571118267,1.452776129,0.571118267,1.452776129,0.570656338,1.467307336,-0.000473505,-0.000399229,0.003754318,0.003805062,0.014579740,0.014531207,-0.004019597,0.011841973,0.003778502,0.013063941,0.003805062,0.014579740
24,25,0.319757558,-7.364401785,0.319757558,-7.364401785,0.319635397,-7.350701680,-0.000494271,-0.000372101,0.004122871,0.004169032,0.013707367,0.013700104,-0.000594485,0.006839739,0.004141857,0.008018131,0.004169032,0.013707367
25,26,0.647154685,1.581078199,0.647154685,1.581078199,0.646683781,1.592129744,-0.000420959,-0.000273560,0.004591185,0.004618552,0.011112137,0.011051545,-0.002793503,0.014364037,0.004623593,0.015346232,0.004618552,0.011112137
26,27,0.531629546,-2.636270853,0.531629546,-2.636270853,0.531354766,-2.622755213,-0.000444255,-0.000278803,0.003723818,0.003760573,0.013580429,0.013515641,-0.001947892,0.011900612,0.003744290,0.012626898,0.003760573,0.013580429
27,28,0.726395255,-1.093722817,0.726395255,-1.093722817,0.725948178,-1.084048093,-0.000468661,-0.000303588,0.003752986,0.003794300,0.009752994,0.009674725,-0.002291372,0.016621655,0.003798993,0.017203550,0.003794300,0.009752994
28,29,0.553075363,1.597728225,0.553075363,1.597728225,0.552421102,1.609027149,-0.000720237,-0.000110302,0.004384492,0.004444624,0.011322656,0.011298923,-0.002458405,0.012713463,0.004419308,0.013682331,0.004444624,0.011322656
29,30,0.564366022,2.127234625,0.564366022,2.127234625,0.563806493,2.136612821,-0.000666545,-0.000189039,0.004336607,0.004391603,0.009383941,0.009378196,-0.003059505,0.012901676,0.004370712,0.013961266,0.004391603,0.009383941
30,31,0.552658891,1.386052491,0.552658891,1.386052491,0.552046784,1.398797056,-0.000708041,-0.000122969,0.004187525,0.004248742,0.012757832,0.012744565,-0.003213839,0.012755721,0.004220936,0.013814973,0.004248742,0.012757832
31,32,0.572261590,-2.080051088,0.572261590,-2.080051088,0.571705973,-2.066486441,-0.000649932,-0.000216306,0.004131055,0.004187459,0.013588552,0.013564647,-0.002576885,0.013408615,0.004163950,0.014274795,0.004187459,0.013588552
32,33,0.576410757,-7.522416360,0.576410757,-7.522416360,0.575809007,-7.505760059,-0.000690608,-0.000268927,0.003931304,0.004000551,0.016660216,0.016656302,-0.000670649,0.013840932,0.003969638,0.014414548,0.004000551,0.016660216
33,34,0.575910980,3.232242861,0.575910980,3.232242861,0.575360506,3.246471200,-0.000691028,-0.000257337,0.003786185,0.003857323,0.014272073,0.014228339,-0.002099717,0.013900612,0.003837229,0.014572582,0.003857323,0.014272073
34,35,0.592287124,3.155142712,0.592287124,3.155142712,0.591742862,3.168711076,-0.000600792,-0.000153766,0.004188678,0.004234338,0.013572003,0.013568364,-0.002874722,0.014407487,0.004228745,0.015287969,0.004234338,0.013572003
35,36,0.591101970,-2.018945874,0.591101970,-2.018945874,0.590497976,-2.005361208,-0.000694991,-0.000078131,0.004442644,0.004497355,0.013597499,0.013584666,-0.001991823,0.014708341,0.004481266,0.015504335,0.004497355,0.013597499
36,37,0.560981425,1.379524120,0.560981425,1.379524120,0.560275511,1.390894204,-0.000817687,-0.000147832,0.003927837,0.004014769,0.011468410,0.011370085,-0.002671904,0.013899626,0.003964979,0.014698971,0.004014769,0.011468410
37,38,0.559378648,2.139309552,0.559378648,2.139309552,0.558442591,2.150664821,-0.001041213,-0.000167422,0.004603432,0.004722683,0.011362764,0.011355270,-0.003247137,0.013837673,0.004649888,0.014954817,0.004722683,0.011362764
38,39,0.712062763,2.453869057,0.712062763,2.453869057,0.711407839,2.461782086,-0.000739205,0.000003352,0.003932392,0.004001268,0.008013933,0.007913030,-0.005020633,0.017755793,0.003979101,0.018876128,0.004001268,0.008013933
39,40,0.580717055,2.107702826,0.580717055,2.107702826,0.579583919,2.124289097,-0.001185537,-0.000170530,0.003763812,0.003949792,0.016712110,0.016586271,-0.004869077,0.014187268,0.003819286,0.015478160,0.003949792,0.016712110
40,41,0.568200092,-5.562139415,0.568200092,-5.562139415,0.567178641,-5.545771448,-0.001130524,-0.000330531,0.003761061,0.003941182,0.016426306,0.016367967,-0.003005940,0.014376585,0.003819368,0.015175949,0.003941182,0.016426306
41,42,0.273593194,-6.359364420,0.273593194,-6.359364420,0.272768907,-6.344849469,-0.001028761,-0.000313769,0.003740410,0.003891975,0.014603125,0.014514951,-0.000386295,0.006936709,0.003781856,0.007910094,0.003891975,0.014603125
42,43,0.580212604,0.950937138,0.580212604,0.950937138,0.579357153,0.960140448,-0.000873853,-0.000250663,0.004041904,0.004142878,0.009214718,0.009203310,-0.002054832,0.015285153,0.004097363,0.015957651,0.004142878,0.009214718
43,44,0.535901615,3.165596779,0.535901615,3.165596779,0.534883287,3.175120676,-0.001043640,-0.000154187,0.004972993,0.005083661,0.009534524,0.009523897,-0.002943353,0.014164975,0.004999563,0.015307040,0.005083661,0.009534524
44,45,0.564923601,-4.111333769,0.564923601,-4.111333769,0.564437225,-4.098106790,-0.000606549,-0.000567472,0.003743478,0.003834522,0.013261659,0.013226978,-0.000848441,0.014837423,0.003788720,0.015336994,0.003834522,0.013261659
45,46,0.575622121,2.874267833,0.575622121,2.874267833,0.574764978,2.890605538,-0.000918697,-0.000400275,0.003759043,0.003890325,0.016375176,0.016337706,-0.002094890,0.015254918,0.003817202,0.015864177,0.003890325,0.016375176
46,47,0.586539074,2.771292458,0.586539074,2.771292458,0.585406750,2.787638821,-0.001213482,-0.000359306,0.003998327,0.004193836,0.016415170,0.016346363,-0.004064942,0.015485360,0.004057561,0.016516171,0.004193836,0.016415170
47,48,0.432161009,-5.524651659,0.432161009,-5.524651659,0.431165281,-5.516858958,-0.001054811,-0.000185052,0.005411327,0.005516279,0.008202015,0.007792701,-0.000447300,0.011872180,0.005453418,0.013072433,0.005516279,0.008202015
48,49,0.552916080,0.981987940,0.552916080,0.981987940,0.552258802,0.998193766,-0.000768137,-0.000307545,0.003733823,0.003824403,0.016403300,0.016205826,-0.001847313,0.015151660,0.003768641,0.015722215,0.003824403,0.016403300
49,50,0.569446337,2.371105553,0.569446337,2.371105553,0.568995631,2.386238333,-0.000479941,-0.000283586,0.003725791,0.003767265,0.015135387,0.015132779,-0.002334387,0.015772587,0.003761456,0.016382076,0.003767265,0.015135387
50,51,0.550664449,-1.367987659,0.550664449,-1.367987659,0.550177599,-1.353277506,-0.000431754,-0.000308897,0.003717079,0.003754797,0.014727252,0.014710153,-0.001388633,0.015465327,0.003750573,0.015974086,0.003754797,0.014727252
51,52,0.694959165,-2.920504409,0.694959165,-2.920504409,0.694668257,-2.912458489,-0.000375353,-0.000204327,0.003726388,0.003750814,0.008052522,0.008045920,-0.000370463,0.019942420,0.003768295,0.020298704,0.003750814,0.008052522
52,53,0.549422898,3.009602916,0.549422898,3.009602916,0.549174992,3.018820147,-0.000356702,-0.000140011,0.003718861,0.003738551,0.009381626,0.009217231,-0.001776786,0.015757160,0.003749964,0.016294394,0.003738551,0.009381626
53,54,0.556965661,2.593697332,0.556965661,2.593697332,0.556859626,2.605956060,-0.000144278,-0.000226935,0.003724939,0.003734633,0.012434520,0.012258729,-0.002412011,0.015883518,0.003754154,0.016498413,0.003734633,0.012434520
54,55,0.563962886,-1.885160834,0.563962886,-1.885160834,0.563710211,-1.872012001,-0.000360686,-0.000256746,0.003704965,0.003731324,0.013175490,0.013148833,-0.001498931,0.016285999,0.003729489,0.016774673,0.003731324,0.013175490
55,56,0.566455067,1.948111305,0.566455067,1.948111305,0.566308011,1.961693165,-0.000240305,-0.000258484,0.003707985,0.003724743,0.013640562,0.013581860,-0.002481646,0.016385945,0.003738492,0.016989235,0.003724743,0.013640562
56,57,0.583221705,2.193238696,0.583221705,2.193238696,0.582967463,2.205172823,-0.000366479,-0.000260654,0.003720934,0.003748012,0.012020300,0.011934127,-0.003120519,0.016920268,0.003762848,0.017612272,0.003748012,0.012020300
57,58,0.584807993,-7.008273326,0.584807993,-7.008273326,0.584520365,-6.997988742,-0.000341457,-0.000132877,0.003745265,0.003763145,0.010350676,0.010284584,-0.000493446,0.017498368,0.003779318,0.017908647,0.003763145,0.010350676
58,59,0.599691885,2.217367336,0.599691885,2.217367336,0.599370098,2.226978724,-0.000302213,-0.000192289,0.003722234,0.003739430,0.009625881,0.009611388,-0.001975718,0.017909206,0.003758727,0.018405737,0.003739430,0.009625881
59,60,0.582935851,2.665749481,0.582935851,2.665749481,0.582891675,2.675438730,-0.000133186,-0.000382403,0.003733646,0.003755541,0.009694875,0.009689249,-0.002586472,0.017230441,0.003760958,0.017824779,0.003755541,0.009694875
60,61,0.571336023,0.082281952,0.571336023,0.082281952,0.571260782,0.097397618,-0.000199713,-0.000374807,0.003715790,0.003739981,0.015137824,0.015115665,-0.002458948,0.016975240,0.003744267,0.017556330,0.003739981,0.015137824
61,62,0.579738416,-2.232915278,0.579738416,-2.232915278,0.579515827,-2.216537168,-0.000284657,-0.000399640,0.003714182,0.003746451,0.016383361,0.016378110,-0.001764206,0.017434514,0.003745518,0.017919364,0.003746451,0.016383361
62,63,0.592040632,1.677486320,0.592040632,1.677486320,0.591623198,1.684357299,-0.000491108,-0.000350022,0.003771431,0.003819344,0.006931663,0.006870979,-0.002953075,0.017891182,0.003815455,0.018530319,0.003819344,0.006931663
63,64,0.550519276,3.000297061,0.550519276,3.000297061,0.550047458,3.013916853,-0.000513477,-0.000377979,0.003745670,0.003799549,0.013810986,0.013619791,-0.003509631,0.016530560,0.003782862,0.017317245,0.003799549,0.013810986
64,65,0.460155812,-6.619967853,0.460155812,-6.619967853,0.460104312,-6.610634024,-0.000221099,-0.000183123,0.003698860,0.003709984,0.009495085,0.009333829,-0.000312504,0.014377641,0.003721118,0.014854660,0.003709984,0.009495085
65,66,0.565276699,2.960363336,0.565276699,2.960363336,0.564922001,2.966415827,-0.000409478,-0.000347967,0.003753150,0.003791423,0.006068080,0.006052492,-0.002529712,0.017481898,0.003796133,0.018067286,0.003791423,0.006068080
66,67,0.581895565,0.653553313,0.581895565,0.653553313,0.581805721,0.663093089,-0.000194742,-0.000178174,0.003716152,0.003725515,0.009582729,0.009539776,-0.002254345,0.018255469,0.003747501,0.018772000,0.003725515,0.009582729
67,68,0.571618979,-2.441216314,0.571618979,-2.441216314,0.571385161,-2.435265776,-0.000274300,-0.000295719,0.004005941,0.004026196,0.006011341,0.005950538,-0.001321810,0.017973613,0.004040753,0.018469587,0.004026196,0.006011341
68,69,0.571706970,1.900117478,0.571706970,1.900117478,0.571568807,1.910457484,-0.000261980,-0.000526459,0.003848655,0.003893320,0.010385816,0.010340007,-0.002593772,0.017691876,0.003886084,0.018298409,0.003893320,0.010385816
69,70,0.582939843,-1.457011804,0.582939843,-1.457011804,0.582717157,-1.449308128,-0.000211074,-0.000333281,0.003744163,0.003764889,0.007705148,0.007703676,-0.001398650,0.018435519,0.003775949,0.018870145,0.003764889,0.007705148
70,71,0.576972522,1.561392148,0.576972522,1.561392148,0.576662797,1.572215009,-0.000386431,-0.000279853,0.003814818,0.003844540,0.010833213,0.010822861,-0.002358866,0.018252351,0.003853422,0.018803229,0.003844540,0.010833213
71,72,0.590485661,-2.725539411,0.590485661,-2.725539411,0.590164757,-2.716737144,-0.000361386,-0.000297999,0.003745837,0.003775010,0.008813610,0.008802267,-0.001434494,0.018890882,0.003774791,0.019317666,0.003775010,0.008813610
72,73,0.598348163,-0.952462001,0.598348163,-0.952462001,0.598106834,-0.935052616,-0.000345416,-0.000398802,0.003743878,0.003780870,0.017418809,0.017409386,-0.001477694,0.019178614,0.003782590,0.019603846,0.003780870,0.017418809
73,74,0.605520803,2.370542686,0.605520803,2.370542686,0.605225239,2.389103530,-0.000339407,-0.000530771,0.003746148,0.003798755,0.018608766,0.018560844,-0.002172058,0.019398088,0.003785842,0.019883064,0.003798755,0.018608766
74,75,0.605729922,-3.671794962,0.605729922,-3.671794962,0.605639508,-3.656153728,-0.000194314,-0.000360714,0.003730466,0.003752899,0.015656699,0.015641234,-0.000345845,0.019937971,0.003767621,0.020293774,0.003752899,0.015656699
75,76,0.600511021,3.163976404,0.600511021,3.163976404,0.600262915,3.178991510,-0.000277928,-0.000290821,0.003735496,0.003757093,0.015050029,0.015015105,-0.002224229,0.019827490,0.003770283,0.020304965,0.003757093,0.015050029
76,77,0.585751322,2.376336402,0.585751322,2.376336402,0.585572521,2.387502676,-0.000334894,-0.000268368,0.003762372,0.003786769,0.011209675,0.011166274,-0.002455232,0.019490107,0.003806785,0.020009599,0.003786769,0.011209675
77,78,0.597712877,1.958891746,0.597712877,1.958891746,0.597332010,1.972248225,-0.000320116,-0.000180405,0.003727999,0.003746064,0.013366255,0.013356479,-0.003901930,0.019843594,0.003759355,0.020570027,0.003746064,0.013366255
78,79,0.594396111,2.165865650,0.594396111,2.165865650,0.594238281,2.176164302,-0.000214215,-0.000157606,0.003727914,0.003737388,0.010312435,0.010298652,-0.003774457,0.019941474,0.003758909,0.020640696,0.003737388,0.010312435
79,80,0.615068500,2.276543444,0.615068500,2.276543444,0.614757908,2.287291724,-0.000375847,-0.000177903,0.003871607,0.003893873,0.010759611,0.010748280,-0.005341364,0.020388023,0.003913494,0.021436350,0.003893873,0.010759611
80,81,0.616675683,-0.903437013,0.616675683,-0.903437013,0.616631273,-0.887685360,-0.000169833,-0.000429179,0.003776103,0.003804207,0.015943354,0.015751654,-0.004370869,0.020556333,0.003806549,0.021357836,0.003804207,0.015943354
81,82,0.138575257,-5.473412737,0.138575257,-5.473412737,0.138514295,-5.460940882,-0.000324905,-0.000165462,0.003715165,0.003733014,0.012563620,0.012471855,0.000345264,0.004646987,0.003725130,0.005965760,0.003733014,0.012563620
82,83,0.165052114,-5.612704134,0.165052114,-5.612704134,0.164976328,-5.600806493,-0.000010053,-0.000406109,0.003758046,0.003779939,0.011968317,0.011897641,0.001513962,0.005283264,0.003766445,0.006662662,0.003779939,0.011968317
83,84,0.146864482,-5.390106234,0.146864482,-5.390106234,0.147174375,-5.378373945,-0.000040022,-0.000346223,0.003708900,0.003725240,0.011920818,0.011732289,0.001553546,0.004668274,0.003711756,0.006163069,0.003725240,0.011920818
84,85,0.580487469,-1.810239216,0.580487469,-1.810239216,0.580502059,-1.796475578,-0.000030975,-0.000466828,0.003745822,0.003774926,0.013772759,0.013763638,0.002449290,0.020102366,0.003768685,0.020598716,0.003774926,0.013772759
85,86,0.617025965,0.780020637,0.617025965,0.780020637,0.617101748,0.791527920,-0.000051938,-0.000422590,0.003733713,0.003757911,0.011572093,0.011507284,0.001684187,0.021671822,0.003760026,0.022059967,0.003757911,0.011572093
86,87,0.785624769,0.421352821,0.785624769,0.421352821,0.785629991,0.433923942,-0.000058101,-0.000589793,0.004610256,0.004648193,0.012628831,0.012571121,0.002444779,0.027647001,0.004656849,0.028142847,0.004648193,0.012628831
87,88,0.615763041,-0.172970518,0.615763041,-0.172970518,0.615845497,-0.160606351,-0.000012441,-0.000592693,0.003797710,0.003843702,0.012487522,0.012364167,0.001887679,0.021660513,0.003817294,0.022075164,0.003843702,0.012487522
88,89,0.313115542,-6.026136414,0.313115542,-6.026136414,0.313186088,-6.015052640,-0.000068220,-0.000422824,0.003737930,0.003762387,0.011181541,0.011083774,0.002753007,0.010645730,0.003740256,0.011614652,0.003762387,0.011181541
89,90,0.627789933,2.648042474,0.627789933,2.648042474,0.627686504,2.656993041,-0.000172769,-0.000319040,0.003749098,0.003766613,0.008959985,0.008950566,0.003019783,0.022480728,0.003775920,0.022994777,0.003766613,0.008959985
90,91,0.451431730,-7.156341648,0.451431730,-7.156341648,0.451838354,-7.142654743,0.000155572,-0.000519127,0.003764324,0.003803135,0.013691609,0.013686905,0.005621273,0.015091167,0.003765657,0.016538507,0.003803135,0.013691609
91,92,0.609418267,0.422877488,0.609418267,0.422877488,0.609691748,0.439439271,0.000241098,-0.000722472,0.003811028,0.003886390,0.016600499,0.016561783,0.005328653,0.021193927,0.003822858,0.022185385,0.003886390,0.016600499
92,93,0.619681871,-3.799506954,0.619681871,-3.799506954,0.620066917,-3.788422401,0.000216997,-0.000572088,0.004028262,0.004074465,0.011099201,0.011084553,0.008051057,0.021081735,0.004041470,0.022925805,0.004074465,0.011099201
93,94,0.610145562,-3.105408033,0.610145562,-3.105408034,0.610807476,-3.086980815,0.000517561,-0.000816222,0.003847301,0.003966839,0.018487085,0.018427219,0.009141314,0.020140856,0.003843768,0.022449772,0.003966839,0.018487085
94,95,0.306853709,-9.765718987,0.306853709,-9.765718987,0.307340304,-9.751739825,0.000380124,-0.000489536,0.003762519,0.003813225,0.013997966,0.013979162,0.007775624,0.008076590,0.003750742,0.011822001,0.003813225,0.013997966
95,96,0.614707428,0.044145392,0.614707428,0.044145392,0.615160617,0.058020737,0.000380200,-0.000635623,0.003786229,0.003857992,0.013906349,0.013875345,0.012077772,0.019323747,0.003787341,0.023100297,0.003857992,0.013906349
96,97,0.642397980,0.775581339,0.642397980,0.775581339,0.642939003,0.786321658,0.000442349,-0.000671265,0.003791563,0.003875851,0.010787416,0.010740320,0.013348593,0.019903293,0.003789985,0.024262934,0.003875851,0.010787416
97,98,0.618306566,-2.605554831,0.618306566,-2.605554831,0.618909780,-2.597133545,0.000642958,-0.000808413,0.003818733,0.003955964,0.008626761,0.008421286,0.012793449,0.019173387,0.003830876,0.023365931,0.003955964,0.008626761
98,99,0.616800880,-2.801450325,0.616800880,-2.801450325,0.617122896,-2.791888081,0.000219248,-0.000367132,0.003742905,0.003767252,0.009715119,0.009562244,0.014399181,0.018657426,0.003772881,0.023867773,0.003767252,0.009715119
99,100,0.299400554,-8.444554678,0.299400554,-8.444554678,0.299916052,-8.437182649,0.000468021,-0.000434829,0.003746767,0.003800840,0.007423298,0.007372028,0.009168414,0.006645471,0.003758318,0.011930929,0.003800840,0.007423298
100,101,0.313917765,-6.253864035,0.313917765,-6.253864035,0.314010831,-6.249663286,0.000103407,-0.000081681,0.004363086,0.004365076,0.004535084,0.004200749,0.010689469,0.005952705,0.004375091,0.012993878,0.004365076,0.004535084
101,102,0.147336383,-5.488493041,0.147336383,-5.488493041,0.147709427,-5.483434349,0.000013436,0.000035531,0.004739514,0.004739666,0.005430674,0.005058692,0.005455104,0.002034599,0.004740270,0.007507857,0.004739666,0.005430674
102,103,0.278723447,-11.147089830,0.278723447,-11.147089830,0.279119145,-11.137876968,0.000309216,0.000130904,0.005038053,0.005049230,0.009308699,0.009212862,0.010953270,0.001986925,0.005051020,0.012224352,0.005049230,0.009308699
103,104,0.589633780,-0.793001719,0.589633780,-0.793001719,0.589410491,-0.785468250,-0.000302019,0.000291761,0.005909645,0.005924546,0.007544565,0.007533469,0.021550512,0.009477827,0.005929308,0.024277777,0.005924546,0.007544565
104,105,0.567498994,-7.483551904,0.567498994,-7.483551904,0.567371568,-7.474166988,-0.000285625,-0.000091431,0.003949673,0.003961043,0.009534195,0.009384916,0.021754477,0.004981804,0.003976523,0.022669106,0.003961043,0.009534195
105,106,0.175852174,-5.325202040,0.175852174,-5.325202040,0.175316908,-5.314401590,-0.000399496,-0.000129981,0.004218237,0.004239106,0.010906124,0.010800450,0.006802496,0.000239448,0.004223875,0.008010768,0.004239106,0.010906124
106,107,0.603999780,-1.054348202,0.603999780,-1.054348202,0.603874426,-1.046679443,-0.000194660,-0.000181515,0.004222043,0.004230424,0.007702652,0.007668759,0.023611992,0.003481227,0.004246789,0.024242119,0.004230424,0.007702652
107,108,0.585448342,3.758912354,0.585448342,3.758912354,0.585328683,3.769820145,-0.000221350,-0.000124404,0.003737175,0.003745790,0.010927218,0.010907791,0.022716608,0.004969734,0.003764358,0.023556590,0.003745790,0.010927218
108,109,0.483601613,-6.643807447,0.483601613,-6.643807447,0.483200615,-6.630630799,-0.000198938,-0.000240027,0.003733342,0.003746336,0.013181673,0.013176648,0.019094758,0.000963410,0.003742342,0.019481865,0.003746336,0.013181673
109,110,0.599841166,3.032730296,0.599841166,3.032730295,0.599799350,3.042100866,-0.000171447,-0.000073002,0.004645035,0.004648771,0.009371844,0.009370570,0.023726656,0.004239480,0.004666520,0.024550026,0.004648771,0.009371844
110,111,0.627065272,-3.881284853,0.627065272,-3.881284853,0.627062770,-3.876574732,-0.000056984,0.000219854,0.005793768,0.005798218,0.004868453,0.004710120,0.025503206,0.002442485,0.005822847,0.026273272,0.005798218,0.004868453
111,112,0.601111667,1.955494513,0.601111667,1.955494513,0.601025309,1.961057820,-0.000195976,0.000220699,0.004792007,0.004801088,0.005592766,0.005563306,0.024348197,0.003452185,0.004806208,0.025056974,0.004801088,0.005592766
112,113,0.618891354,3.196163036,0.618891354,3.196163036,0.618697331,3.201751284,-0.000226134,0.000208223,0.005116667,0.005125892,0.005618596,0.005588248,0.024893037,0.004808867,0.005138584,0.025868775,0.005125892,0.005618596
113,114,0.615337249,2.902488960,0.615337249,2.902488960,0.614916097,2.909335201,-0.000492058,0.000283319,0.005766468,0.005794355,0.006895828,0.006846242,0.024604163,0.006105166,0.005785428,0.026002098,0.005794355,0.006895828
114,115,0.450551636,-8.479613312,0.450551636,-8.479613312,0.450633522,-8.478459659,-0.000228752,0.000424468,0.006581802,0.006599441,0.001463866,0.001153653,0.018710061,-0.000203153,0.006602629,0.019841935,0.006599441,0.001463866
115,116,0.615188840,-0.361292105,0.615188840,-0.361292105,0.614978063,-0.360633872,-0.000259121,0.000426251,0.006258208,0.006278057,0.001834472,0.000658233,0.025437037,0.002341508,0.006288133,0.026307150,0.006278057,0.001834472
116,117,0.620597408,2.260210919,0.620597408,2.260210919,0.620373016,2.263957571,-0.000306625,0.000242115,0.004296150,0.004313878,0.004097644,0.003746652,0.025419461,0.003175266,0.004318243,0.025978425,0.004313878,0.004097644
117,118,0.609900645,0.857841848,0.609900645,0.857841848,0.609740070,0.858469010,-0.000365990,0.000427477,0.006157658,0.006183320,0.002012959,0.000627162,0.025128205,0.003396479,0.006181341,0.026099267,0.006183320,0.002012959
118,119,0.291062614,-7.251713527,0.291062614,-7.251713527,0.290939296,-7.251310408,-0.000275129,0.000262338,0.005031946,0.005046285,0.001046828,0.000403120,0.011970132,-0.001547754,0.005034256,0.013077589,0.005046285,0.001046828
119,120,0.623048660,2.075160835,0.623048660,2.075160835,0.622742350,2.081405899,-0.000378076,0.000134296,0.004484198,0.004502111,0.006267348,0.006245063,0.025633435,0.001261905,0.004503516,0.026056612,0.004502111,0.006267348
120,121,0.610363481,3.069932672,0.610363481,3.069932672,0.610067243,3.075428112,-0.000418909,0.000140385,0.005605952,0.005623334,0.005663463,0.005495439,0.024991594,0.003336823,0.005632208,0.025834782,0.005623334,0.005663463
121,122,0.608410393,0.289670192,0.608410393,0.289670192,0.608230812,0.293203715,-0.000259582,0.000204256,0.004143412,0.004156557,0.003695730,0.003533523,0.025166872,0.002083120,0.004167698,0.025594541,0.004156557,0.003695730
122,123,0.609048869,-1.201355657,0.609048869,-1.201355657,0.608681866,-1.193019038,-0.000491243,0.000261905,0.004050202,0.004088282,0.008342806,0.008336618,0.025253093,0.002018332,0.004069794,0.025658441,0.004088282,0.008342806
123,124,0.613564580,2.033060385,0.613564580,2.033060385,0.613350620,2.038263998,-0.000274391,0.000382940,0.004188342,0.004214753,0.005219640,0.005203613,0.025562524,0.003248648,0.004212537,0.026110186,0.004214753,0.005219640
124,125,0.601514979,-1.164115005,0.601514979,-1.164115005,0.601337165,-1.160720974,-0.000212445,0.000350778,0.003754432,0.003776762,0.003553103,0.003394031,0.025204291,0.002234437,0.003780647,0.025584024,0.003776762,0.003553103
125,126,0.611544659,1.657479884,0.611544659,1.657479884,0.611242284,1.664483810,-0.000406504,0.000417914,0.004482664,0.004520418,0.007064816,0.007003926,0.025572125,0.003415646,0.004516776,0.026191630,0.004520418,0.007064816
126,127,0.587747733,0.753030286,0.587747733,0.753030286,0.587556878,0.757846630,-0.000321327,0.000576633,0.005564482,0.005603501,0.005211648,0.004816344,0.024740140,0.003551904,0.005580781,0.025609289,0.005603501,0.005211648
127,128,0.620187402,-0.408485650,0.620187402,-0.408485650,0.620024821,-0.399174074,-0.000196913,0.000300557,0.003788128,0.003805131,0.009352521,0.009311576,0.026026189,0.002965801,0.003821338,0.026471893,0.003805131,0.009352521
128,129,0.590204586,-2.991959739,0.590204586,-2.991959739,0.589955078,-2.981117758,-0.000325499,0.000238951,0.003729047,0.003750845,0.010879797,0.010841982,0.024939133,0.001064321,0.003761423,0.025243642,0.003750845,0.010879797
129,130,0.609061016,2.398940917,0.609061016,2.398940917,0.608760070,2.405752302,-0.000282307,0.000402259,0.004111931,0.004141194,0.007033970,0.006811384,0.025845477,0.003245719,0.004143063,0.026375905,0.004141194,0.007033970
130,131,0.603621104,2.122335735,0.603621104,2.122335735,0.603390455,2.128173731,-0.000244169,0.000368924,0.003767039,0.003792929,0.005857795,0.005837996,0.025557786,0.004049745,0.003789999,0.026152723,0.003792929,0.005857795
131,132,0.610672777,1.193306905,0.610672777,1.193306905,0.610512836,1.194961954,-0.000201111,0.000481401,0.003800278,0.003835923,0.001922412,0.001655049,0.025969135,0.004434552,0.003826989,0.026621553,0.003835923,0.001922412
132,133,0.610222403,-0.394168163,0.610222403,-0.394168163,0.610090692,-0.396407905,-0.000123862,0.000382605,0.003761125,0.003782564,0.002251860,-0.002239742,0.025990371,0.003412679,0.003792255,0.026486354,0.003782564,0.002251860
133,134,0.602319057,2.319253740,0.602319057,2.319253740,0.602196673,2.321790766,-0.000222627,0.000179253,0.003735236,0.003746155,0.002592244,0.002537026,0.025023589,0.005536151,0.003762025,0.025903317,0.003746155,0.002592244
134,135,0.622914723,1.622226199,0.622914723,1.622226199,0.622650812,1.624687021,-0.000263657,0.000181570,0.003735618,0.003749310,0.002489780,0.002460822,0.025855399,0.005987339,0.003760762,0.026804724,0.003749310,0.002489780
135,136,0.596031461,-2.751552529,0.596031461,-2.751552529,0.595991620,-2.749501768,-0.000160108,0.000281461,0.003747595,0.003761559,0.002175712,0.002050760,0.025122350,0.004253009,0.003780046,0.025758674,0.003761559,0.002175712
136,137,0.610327283,2.230294402,0.610327283,2.230294402,0.610265818,2.229064897,-0.000018010,0.000407005,0.005152916,0.005168996,0.001875413,-0.001229505,0.025575747,0.005809413,0.005186031,0.026735053,0.005168996,0.001875413
137,138,0.608191244,1.765941374,0.608191244,1.765941374,0.608123630,1.767036065,-0.000188474,0.000211509,0.004261875,0.004271280,0.001587855,0.001094691,0.025180475,0.006265812,0.004294054,0.026301248,0.004271280,0.001587855
138,139,0.601623715,-3.152740591,0.601623715,-3.152740591,0.601611605,-3.153315574,-0.000085101,0.000231304,0.004176840,0.004184105,0.000841721,-0.000574983,0.025379569,0.004267229,0.004198746,0.026076066,0.004184105,0.000841721
139,140,0.588702593,-1.814683378,0.588702593,-1.814683378,0.588429947,-1.816650153,-0.000387000,0.000268577,0.003956077,0.003984025,0.002190968,-0.001966775,0.024813355,0.004635214,0.003978786,0.025554228,0.003984025,0.002190968
140,141,0.304625044,-5.202349185,0.304625044,-5.202349185,0.304426008,-5.201431298,-0.000223344,0.000212303,0.003728012,0.003740726,0.002240407,0.000917887,0.013075697,0.000038107,0.003733586,0.013598344,0.003740726,0.002240407
141,142,0.757011388,0.792436348,0.757011388,0.792436348,0.756990881,0.796925545,-0.000117120,0.000147096,0.004593138,0.004596985,0.004657531,0.004489197,0.032162105,0.002748182,0.004638736,0.032610908,0.004596985,0.004657531
142,143,0.765634413,1.225606693,0.765634413,1.225606693,0.765570209,1.231665290,-0.000171320,0.000181401,0.004252559,0.004259873,0.006079177,0.006058597,0.032512315,0.003658200,0.004291012,0.032997664,0.004259873,0.006079177
143,144,0.616423029,1.105167217,0.616423029,1.105167217,0.616219836,1.110798982,-0.000255871,0.000118244,0.003743605,0.003754201,0.005653150,0.005631764,0.026139826,0.003603506,0.003766100,0.026654442,0.003754201,0.005653150
144,145,0.594394415,1.879064252,0.594394415,1.879064252,0.594328093,1.882247715,-0.000146077,0.000106632,0.003726679,0.003731065,0.003410317,0.003183463,0.025144037,0.004195057,0.003750208,0.025765969,0.003731065,0.003410317
145,146,0.606461591,-2.462062581,0.606461591,-2.462062581,0.606354306,-2.458481871,-0.000196387,0.000158101,0.003746195,0.003754669,0.003656238,0.003580710,0.025865887,0.002961804,0.003780109,0.026307900,0.003754669,0.003656238
146,147,0.597041293,2.165749801,0.597041293,2.165749801,0.596954031,2.166926133,-0.000219053,0.000202285,0.004229370,0.004239867,0.001376273,0.001176332,0.025333349,0.004552249,0.004257995,0.026088926,0.004239867,0.001376273
147,148,0.611852704,2.014894136,0.611852704,2.014894136,0.611528143,2.015232620,-0.000384265,0.000175861,0.003927927,0.003950595,0.001097091,0.000338484,0.025823866,0.005544830,0.003952699,0.026706572,0.003950595,0.001097091
148,149,0.618100804,1.649156895,0.618100804,1.649156895,0.617841923,1.647901638,-0.000312482,0.000152091,0.004020217,0.004035210,0.001502875,-0.001255257,0.026031598,0.005875604,0.004050227,0.026992057,0.004035210,0.001502875
149,150,0.589268116,2.478318439,0.589268116,2.478318439,0.588952736,2.483135296,-0.000402706,0.000169173,0.004345179,0.004367078,0.004836046,0.004816857,0.024486154,0.006935164,0.004371341,0.025822023,0.004367078,0.004836046
150,151,0.598186393,-2.569440214,0.598186393,-2.569440214,0.598038779,-2.567304711,-0.000171635,0.000153664,0.003864923,0.003871783,0.002352938,0.002135503,0.025299066,0.005369588,0.003883307,0.026152539,0.003871783,0.002352938
151,152,0.604705371,1.548488563,0.604705371,1.548488563,0.604672104,1.551526510,-0.000073305,0.000201821,0.004066434,0.004072099,0.003094368,0.003037947,0.025413791,0.006482349,0.004092984,0.026544946,0.004072099,0.003094368
152,153,0.590826446,-5.708323780,0.590826446,-5.708323780,0.590866944,-5.707211470,-0.000088855,0.000237692,0.005041193,0.005047575,0.001240865,0.001112310,0.025540196,0.002798655,0.005070112,0.026188549,0.005047575,0.001240865
153,154,0.582595361,0.850496913,0.582595361,0.850496913,0.582712515,0.850969361,-0.000016744,0.000077629,0.004337406,0.004338132,0.000523838,0.000472448,0.024900035,0.003958554,0.004360968,0.025587105,0.004338132,0.000523838
154,155,0.595186886,1.567860517,0.595186886,1.567860517,0.595199048,1.569638379,-0.000009375,0.000096327,0.003798220,0.003799453,0.001817207,0.001777862,0.025321484,0.004906904,0.003824485,0.026074546,0.003799453,0.001817207
155,156,0.598382454,-0.067555752,0.598382454,-0.067555752,0.598388922,-0.064564343,-0.000056252,-0.000023577,0.004039840,0.004040300,0.003041707,0.002991409,0.025442322,0.004514243,0.004065246,0.026157530,0.004040300,0.003041707
156,157,0.594595122,1.793402665,0.594595122,1.793402665,0.594729685,1.795879810,0.000127530,-0.000045593,0.004690540,0.004692495,0.002504895,0.002477145,0.025060595,0.005796160,0.004716688,0.026151023,0.004692495,0.002504895
157,158,0.575894192,-3.259860666,0.575894192,-3.259860666,0.576134688,-3.259768113,0.000057463,0.000052622,0.004755133,0.004755771,0.000444419,0.000092552,0.024698248,0.003794837,0.004779630,0.025441091,0.004755771,0.000444419
158,159,0.588083606,2.389266893,0.588083606,2.389266893,0.588290656,2.391382875,0.000164510,0.000096521,0.004843616,0.004847370,0.002423411,0.002115982,0.025102988,0.004804827,0.004870240,0.026018563,0.004847370,0.002423411
159,160,0.434010283,-6.352339596,0.434010283,-6.352339596,0.434513475,-6.351378580,0.000464850,0.000039407,0.003757031,0.003785884,0.001143611,0.000961015,0.018877653,-0.000008060,0.003773639,0.019251135,0.003785884,0.001143611
160,161,0.559366810,0.042540287,0.559366810,0.042540287,0.559904472,0.045459714,0.000393140,0.000030663,0.004234473,0.004252794,0.003268735,0.002919427,0.024236077,0.001728080,0.004256295,0.024667585,0.004252794,0.003268735
161,162,0.590868853,2.720861227,0.590868853,2.720861227,0.590995485,2.721376350,0.000109528,-0.000043424,0.003939976,0.003941737,0.000914066,0.000515123,0.025401272,0.003387491,0.003968726,0.025931651,0.003941737,0.000914066
162,163,0.576396346,3.185755809,0.576396346,3.185755809,0.576695153,3.189377826,0.000207906,-0.000117792,0.004076764,0.004083761,0.003639626,0.003622017,0.024457784,0.004805807,0.004101722,0.025260703,0.004083761,0.003639626
163,164,0.581471179,2.819338116,0.581471179,2.819338115,0.581842838,2.821130320,0.000262639,-0.000025807,0.003735024,0.003744336,0.001929553,0.001792204,0.024515941,0.006106342,0.003759575,0.025543163,0.003744336,0.001929553
164,165,0.570836046,-4.693011936,0.570836046,-4.693011936,0.571295959,-4.693530471,0.000379315,0.000034658,0.004256780,0.004273787,0.001160566,-0.000518535,0.024727696,0.002993881,0.004279946,0.025273310,0.004273787,0.001160566
165,166,0.581990201,2.725124940,0.581990201,2.725124940,0.582441867,2.725295646,0.000341146,-0.000019095,0.004929272,0.004941100,0.000782624,0.000170706,0.024806861,0.005044229,0.004951661,0.025794254,0.004941100,0.000782624
166,167,0.562004258,0.684834827,0.562004258,0.684834827,0.562298069,0.683341279,0.000154315,-0.000116156,0.004713336,0.004717292,0.001640266,-0.001493549,0.023845490,0.004995407,0.004741159,0.024820154,0.004717292,0.001640266
167,168,0.587646231,-3.069031674,0.587646231,-3.069031674,0.588059897,-3.069627243,0.000316426,-0.000047455,0.003738544,0.003752211,0.000803591,-0.000595570,0.025329272,0.003087362,0.003762989,0.025792710,0.003752211,0.000803591
168,169,0.598174443,-3.708933003,0.598174443,-3.708933003,0.598414043,-3.709992595,0.000205115,-0.000025538,0.003735225,0.003740940,0.001145874,-0.001059592,0.025854454,0.002297646,0.003757949,0.026226974,0.003740940,0.001145874
169,170,0.584453600,1.706146275,0.584453600,1.706146275,0.584665074,1.705857675,0.000121991,-0.000087140,0.003739737,0.003742741,0.000955958,-0.000288600,0.025063721,0.003383147,0.003761854,0.025569266,0.003742741,0.000955958
170,171,0.595616252,2.232559709,0.595616252,2.232559709,0.595855483,2.229883848,0.000157523,-0.000074468,0.003812341,0.003816320,0.002998953,-0.002675861,0.025445385,0.004292222,0.003838388,0.026088772,0.003816320,0.002998953
171,172,0.582479187,2.646483332,0.582479187,2.646483332,0.582851765,2.642412170,0.000268685,0.000070161,0.004348423,0.004357281,0.004145323,-0.004071161,0.024846268,0.005121666,0.004376078,0.025743321,0.004357281,0.004145323
172,173,0.586163306,-4.803227632,0.586163306,-4.803227632,0.586738649,-4.805558092,0.000517989,0.000109682,0.003908043,0.003943748,0.002750502,-0.002330460,0.025412591,0.002583248,0.003931189,0.025844288,0.003943748,0.002750502
173,174,0.571446386,1.206991944,0.571446386,1.206991944,0.571863942,1.205607706,0.000291951,-0.000026944,0.003813409,0.003824664,0.001904701,-0.001384238,0.024394053,0.003974793,0.003840725,0.025012397,0.003824664,0.001904701
174,175,0.560821334,1.210854394,0.560821334,1.210854394,0.561030367,1.210420788,0.000103060,-0.000143018,0.004344250,0.004347825,0.001458084,-0.000433606,0.023832989,0.003841855,0.004359331,0.024531102,0.004347825,0.001458084
175,176,0.559891917,-0.469969028,0.559891917,-0.469969028,0.560045649,-0.468325341,0.000080697,-0.000098986,0.003725434,0.003727622,0.001884459,0.001643687,0.023888670,0.003369365,0.003749038,0.024414677,0.003727622,0.001884459
176,177,0.573545467,1.657267178,0.573545467,1.657267178,0.573584114,1.655550764,-0.000030627,-0.000014961,0.004438297,0.004438428,0.002643650,-0.001716414,0.024347663,0.004908016,0.004468693,0.025236215,0.004438428,0.002643650
177,178,0.270598861,-5.952915030,0.270598861,-5.952915030,0.271070617,-5.952231058,0.000195197,0.000014572,0.005292588,0.005296207,0.001947363,0.000683973,0.011793621,-0.000650458,0.005299173,0.012945804,0.005296207,0.001947363
178,179,0.558364635,1.377864752,0.558364635,1.377864752,0.558636615,1.376496748,0.000238271,-0.000099981,0.004757621,0.004764632,0.001433313,-0.001368004,0.023965425,0.002519541,0.004781358,0.024567276,0.004764632,0.001433313
179,180,0.577240680,2.898152851,0.577240680,2.898152851,0.577380230,2.897960524,0.000079333,-0.000087080,0.004196110,0.004197763,0.000505529,-0.000192328,0.024498643,0.004434594,0.004223761,0.025252511,0.004197763,0.000505529
180,181,0.557400147,2.803525633,0.557400147,2.803525633,0.557533015,2.802353324,0.000135600,-0.000121561,0.005002449,0.005005762,0.001521339,-0.001172308,0.023424974,0.005145526,0.005025842,0.024504386,0.005005762,0.001521339
181,182,0.561270705,3.162399620,0.561270705,3.162399620,0.561807808,3.157475946,0.000344379,-0.000225099,0.006146055,0.006159809,0.005146132,-0.004923674,0.023311929,0.006155984,0.006180544,0.024890586,0.006159809,0.005146132
182,183,0.565569052,-5.887733805,0.565569052,-5.887733805,0.566083755,-5.893086807,0.000523139,-0.000011668,0.006238086,0.006259994,0.005602092,-0.005353003,0.024275624,0.003147512,0.006260841,0.025266794,0.006259994,0.005602092
183,184,0.545396194,-1.476590413,0.545396194,-1.476590413,0.545789708,-1.481725217,0.000297245,-0.000142324,0.004407296,0.004419600,0.005300118,-0.005134804,0.023240241,0.002541740,0.004434309,0.023795637,0.004419600,0.005300118
184,185,0.566274585,1.174260775,0.566274585,1.174260775,0.566478329,1.172901422,0.000129930,-0.000179178,0.004035589,0.004041654,0.001673153,-0.001359353,0.023830785,0.004119921,0.004070356,0.024524434,0.004041654,0.001673153
185,186,0.569559318,2.024859919,0.569559318,2.024859919,0.569654646,2.022133960,0.000027956,0.000002393,0.004149935,0.004150030,0.002900731,-0.002725958,0.024024465,0.004755576,0.004171278,0.024843309,0.004150030,0.002900731
186,187,0.544112293,1.394475557,0.544112293,1.394475557,0.544179029,1.391612066,-0.000026761,-0.000063144,0.004178868,0.004179431,0.003051347,-0.002863491,0.022677584,0.005384217,0.004206715,0.023684574,0.004179431,0.003051347
187,188,0.606095014,2.271758808,0.606095014,2.271758808,0.606288695,2.266559802,0.000105177,-0.000064191,0.004037772,0.004039652,0.005312238,-0.005199006,0.025079934,0.006773099,0.004063674,0.026294323,0.004039652,0.005312238
188,189,0.521171040,-0.485931491,0.521171040,-0.485931491,0.521460532,-0.485959587,0.000130217,-0.000383996,0.004226217,0.004245624,0.001572835,-0.000028096,0.021322605,0.005658795,0.004263830,0.022468994,0.004245624,0.001572835
189,190,0.547958936,0.253391276,0.547958936,0.253391276,0.548161824,0.252752565,0.000039645,-0.000298455,0.005019656,0.005028677,0.002000445,-0.000638711,0.022496871,0.005942812,0.005051540,0.023810592,0.005028677,0.002000445
190,191,0.538829770,-1.160368717,0.538829770,-1.160368717,0.538913797,-1.159867230,0.000046831,-0.000317607,0.004175625,0.004187949,0.001259401,0.000501487,0.022281232,0.004951368,0.004197475,0.023207502,0.004187949,0.001259401
191,192,0.310403405,-5.164542960,0.310403405,-5.164542960,0.310513978,-5.164627593,-0.000093222,-0.000149365,0.003779659,0.003783758,0.001535528,-0.000084633,0.013131024,0.000999275,0.003789432,0.013703362,0.003783758,0.001535528
192,193,0.531752882,3.029760026,0.531752882,3.029760026,0.531790215,3.029014466,0.000027400,-0.000193001,0.003730493,0.003735583,0.002292827,-0.000745561,0.022099663,0.004661958,0.003752589,0.022895652,0.003735583,0.002292827
193,194,0.507757378,-0.189385088,0.507757378,-0.189385088,0.507813064,-0.191008491,-0.000008033,-0.000064599,0.003750674,0.003751239,0.002460794,-0.001623403,0.021306084,0.004062758,0.003766864,0.022014642,0.003751239,0.002460794
194,195,0.236458135,-5.121404826,0.236458135,-5.121404826,0.236801807,-5.123211950,0.000253748,-0.000122710,0.003717366,0.003728037,0.002566972,-0.001807124,0.010074785,0.000141244,0.003723137,0.010741648,0.003728037,0.002566972
195,196,0.559169892,-5.116583511,0.559169892,-5.116583511,0.559606557,-5.120939683,0.000329687,-0.000049630,0.003754234,0.003769009,0.004628798,-0.004356172,0.023857428,-0.000031550,0.003779296,0.024154936,0.003769009,0.004628798
196,197,0.195633419,-7.273580971,0.195633419,-7.273580971,0.196140100,-7.276715440,0.000343749,-0.000090597,0.003730643,0.003747542,0.003639826,-0.003134469,0.007744826,-0.003141741,0.003740207,0.009156528,0.003747542,0.003639826
197,198,0.332799786,-5.934051103,0.332799786,-5.934051103,0.333177382,-5.936122789,0.000280374,0.000080051,0.003727938,0.003739324,0.002235035,-0.002071686,0.013647642,-0.004173682,0.003738281,0.014753051,0.003739324,0.002235035
198,199,0.174894778,-6.197842352,0.174894778,-6.197842352,0.175129185,-6.202879621,0.000230387,0.000269087,0.004416216,0.004430401,0.005129311,-0.005037270,0.006684717,-0.003906423,0.004425058,0.008917776,0.004430401,0.005129311
199,200,0.180959407,-7.320125206,0.180959407,-7.320125206,0.181520415,-7.322399294,0.000374320,0.000390013,0.005259796,0.005287502,0.002465762,-0.002274089,0.006066219,-0.005358224,0.005271838,0.009659289,0.005287502,0.002465762
200,201,0.218063870,-7.461838980,0.218063870,-7.461838980,0.218419880,-7.467583229,0.000148737,0.000382047,0.005006988,0.005023744,0.005919584,-0.005744249,0.006570252,-0.006947965,0.005013239,0.010796990,0.005023744,0.005919584
201,202,0.184265282,-6.080145373,0.184265282,-6.080145373,0.184444727,-6.083777103,0.000035297,0.000148589,0.003691167,0.003694325,0.004182252,-0.003631731,0.005223085,-0.005891807,0.003692369,0.008696413,0.003694325,0.004182252
202,203,0.567452446,1.210524827,0.567452446,1.210524827,0.567486491,1.207095303,0.000054826,0.000354379,0.004023319,0.004039268,0.003856803,-0.003429524,0.019093954,-0.014903096,0.004046877,0.024557250,0.004039268,0.003856803
203,204,0.228009615,-6.116293903,0.228009615,-6.116293903,0.228217657,-6.124468484,0.000156667,0.000727950,0.004495195,0.004556449,0.008224536,-0.008174581,0.005725520,-0.008470600,0.004509159,0.011174308,0.004556449,0.008224536
204,205,0.222950693,-9.310301499,0.222950693,-9.310301499,0.222737241,-9.313688502,-0.000085867,0.000564914,0.004924417,0.004957457,0.003444715,-0.003387003,0.003954579,-0.008873047,0.004937936,0.010897378,0.004957457,0.003444715
205,206,0.513730346,-1.998963081,0.513730346,-1.998963081,0.513602125,-2.003481027,-0.000187688,0.000448329,0.003744656,0.003776066,0.004640313,-0.004517947,0.012290517,-0.018027906,0.003766402,0.022141544,0.003776066,0.004640313
206,207,0.508049133,-0.424638922,0.508049133,-0.424638922,0.508063377,-0.428160422,-0.000138836,0.000482024,0.003740668,0.003774152,0.003588826,-0.003521500,0.012345043,-0.017645607,0.003773910,0.021863438,0.003774152,0.003588826
207,208,0.329620572,-6.635746158,0.329620572,-6.635746158,0.329341528,-6.638541653,-0.000218232,0.000397057,0.003723850,0.003751312,0.002870268,-0.002795495,0.005570408,-0.012791703,0.003745870,0.014446060,0.003751312,0.002870268
208,209,0.505013066,1.963343543,0.505013066,1.963343543,0.504956944,1.960115099,-0.000130240,0.000409179,0.003732662,0.003757280,0.003432342,-0.003228444,0.010514624,-0.018525444,0.003761892,0.021631025,0.003757280,0.003432342
209,210,0.338251948,-5.175515858,0.338251948,-5.175515858,0.338144204,-5.175762048,-0.000134976,0.000326113,0.003714292,0.003731023,0.001559462,-0.000246190,0.004768520,-0.013387061,0.003736758,0.014694065,0.003731023,0.001559462
210,211,0.554291146,-0.840172680,0.554291146,-0.840172680,0.554222602,-0.845961781,-0.000112188,0.000521630,0.003743181,0.003781016,0.005866810,-0.005789101,0.009112783,-0.021555954,0.003783906,0.023706959,0.003781016,0.005866810
211,212,0.514855253,-1.134537484,0.514855253,-1.134537484,0.514858909,-1.137057989,-0.000073525,0.000324084,0.003715800,0.003730631,0.002588932,-0.002520506,0.007904422,-0.019965780,0.003741871,0.021797106,0.003730631,0.002588932
212,213,0.586429925,1.798152588,0.586429925,1.798152588,0.586480274,1.799839038,-0.000009600,0.000232234,0.003738479,0.003745697,0.001881929,0.001686450,0.009775159,-0.022300720,0.003770204,0.024639202,0.003745697,0.001881929
213,214,0.500242143,-1.626622706,0.500242143,-1.626622706,0.500148205,-1.630412435,-0.000121411,0.000252856,0.003711496,0.003722080,0.003939746,-0.003789729,0.007597020,-0.019394249,0.003733890,0.021161133,0.003722080,0.003939746
214,215,0.583115883,1.863492092,0.583115883,1.863492092,0.583089632,1.863786266,-0.000079392,0.000002791,0.003738623,0.003739467,0.000889258,0.000294174,0.010337167,-0.021668191,0.003761393,0.024300526,0.003739467,0.000889258
215,216,0.501136459,-0.214598423,0.501136459,-0.214598423,0.501013724,-0.217701632,-0.000107290,-0.000021319,0.003750819,0.003752413,0.003243288,-0.003103209,0.008152177,-0.018874160,0.003760924,0.020900632,0.003752413,0.003243288
216,217,0.294446685,-6.582097262,0.294446685,-6.582097262,0.294521011,-6.579298627,-0.000072864,-0.000000818,0.003717954,0.003718668,0.002931959,0.002798635,0.001972426,-0.011807577,0.003716832,0.012534919,0.003718668,0.002931959
217,218,0.583307884,-1.592247396,0.583307884,-1.592247396,0.583171330,-1.593554450,-0.000157963,0.000178528,0.003731565,0.003739171,0.001316644,-0.001307055,0.006216680,-0.023324947,0.003753137,0.024429210,0.003739171,0.001316644
218,219,0.576324282,-2.634467144,0.576324282,-2.634467144,0.576134939,-2.637162055,-0.000339339,0.000345741,0.003749656,0.003780821,0.002699867,-0.002694912,0.005898161,-0.023206971,0.003784204,0.024241947,0.003780821,0.002699867
219,220,0.592891238,0.551607113,0.592891238,0.551607113,0.592741241,0.546963652,-0.000258504,0.000385285,0.003737195,0.003765886,0.004684043,-0.004643461,0.006334917,-0.023892939,0.003772872,0.025004765,0.003765886,0.004684043
220,221,0.517812260,-2.283683743,0.517812260,-2.283683743,0.517475608,-2.285562022,-0.000360650,0.000250474,0.003766348,0.003791857,0.001899269,-0.001878279,0.004641147,-0.020919628,0.003787743,0.021760471,0.003791857,0.001899269
221,222,0.522196288,-0.311942678,0.522196288,-0.311942678,0.521826011,-0.312075274,-0.000448797,0.000167953,0.003772869,0.003803179,0.000666052,-0.000132597,0.004242104,-0.021088854,0.003795231,0.021843511,0.003803179,0.000666052
222,223,0.553873099,-6.386110655,0.553873099,-6.386110655,0.553464200,-6.386348114,-0.000475267,0.000222609,0.003767789,0.003804165,0.001213155,-0.000237459,0.001941581,-0.022804538,0.003796739,0.023199826,0.003804165,0.001213155
223,224,0.573772156,2.410064337,0.573772156,2.410064337,0.573312491,2.406013615,-0.000526576,0.000241099,0.003752924,0.003797347,0.004663952,-0.004050723,0.003161393,-0.023507852,0.003777337,0.024018364,0.003797347,0.004663952
224,225,0.581350049,-3.324279324,0.581350049,-3.324279324,0.580746515,-3.329456863,-0.000632442,0.000324550,0.003816762,0.003882394,0.005227119,-0.005177539,0.001488078,-0.024002711,0.003860964,0.024356756,0.003882394,0.005227119
225,226,0.607369894,2.158951866,0.607369894,2.158951866,0.606638109,2.157882343,-0.000846296,0.000218577,0.004327431,0.004414822,0.001328410,-0.001069523,0.003675333,-0.024667948,0.004367186,0.025319716,0.004414822,0.001328410
226,227,0.615215153,2.804896139,0.615215153,2.804896139,0.614880099,2.807285132,-0.000505916,0.000174130,0.003771749,0.003809509,0.002504182,0.002388993,0.004417380,-0.024840471,0.003803439,0.025515258,0.003809509,0.002504182
227,228,0.528812441,1.835121347,0.528812441,1.835121347,0.528415599,1.836251198,-0.000430829,-0.000028503,0.003773649,0.003798269,0.002018937,0.001129851,0.004571461,-0.021072828,0.003793856,0.021894193,0.003798269,0.002018937
228,229,0.378329401,-5.538036779,0.378329401,-5.538036779,0.377767448,-5.539253743,-0.000766501,-0.000197937,0.004726393,0.004792233,0.001614080,-0.001216965,0.000974496,-0.015090313,0.004728351,0.015843753,0.004792233,0.001614080
229,230,0.611972905,3.277078803,0.611972905,3.277078803,0.611562491,3.273898953,-0.000521172,0.000167682,0.003977209,0.004014715,0.003561551,-0.003179851,0.003948238,-0.024811149,0.004011322,0.025441549,0.004014715,0.003561551
230,231,0.599700322,1.532860650,0.599700322,1.532860650,0.599199277,1.529290974,-0.000582389,0.000207231,0.004044374,0.004091342,0.003618579,-0.003569676,0.004715466,-0.024159898,0.004078093,0.024951295,0.004091342,0.003618579
231,232,0.614985732,-1.209035070,0.614985732,-1.209035070,0.614469294,-1.209129219,-0.000568904,0.000172225,0.004451124,0.004490637,0.000826318,-0.000094149,0.003687658,-0.024874325,0.004481753,0.025542454,0.004490637,0.000826318
232,233,0.605103624,-2.542869685,0.605103624,-2.542869685,0.604531492,-2.543243455,-0.000641556,0.000227581,0.003770317,0.003831277,0.001072389,-0.000373769,0.003374091,-0.024607018,0.003815523,0.025128630,0.003831277,0.001072389
233,234,0.599951302,-0.130005903,0.599951302,-0.130005903,0.599462974,-0.132033085,-0.000523338,0.000162983,0.003751498,0.003791330,0.002082287,-0.002027182,0.002879795,-0.024410475,0.003783615,0.024869263,0.003791330,0.002082287
234,235,0.602155947,2.128663696,0.602155947,2.128663696,0.601806785,2.130556564,-0.000424109,0.000276990,0.003770480,0.003804354,0.002461657,0.001892869,0.003512727,-0.024513148,0.003809021,0.025054786,0.003804354,0.002461657
235,236,0.604747348,1.852326362,0.604747348,1.852326362,0.604230786,1.849075997,-0.000471702,0.000203065,0.003753535,0.003788504,0.003799541,-0.003250365,0.004805413,-0.024360925,0.003782228,0.025116765,0.003788504,0.003799541
236,237,0.696084928,-3.903674333,0.696084928,-3.903674333,0.695594821,-3.905688411,-0.000573498,0.000192199,0.003765321,0.003813592,0.002021450,-0.002014077,0.002677136,-0.028358731,0.003810454,0.028738550,0.003813592,0.002021450
237,238,0.590864770,1.713868328,0.590864770,1.713868328,0.590669062,1.706408186,-0.000269145,0.000234517,0.003751085,0.003768033,0.007465718,-0.007460142,0.003307970,-0.024000483,0.003785761,0.024521375,0.003768033,0.007465718
238,239,0.612688669,1.643683291,0.612688669,1.643683291,0.612115749,1.640176973,-0.000676598,0.000349132,0.003794313,0.003869947,0.003516704,-0.003506318,0.004628381,-0.024712198,0.003831113,0.025432107,0.003869947,0.003516704
239,240,0.504680494,-3.241367086,0.504680494,-3.241367086,0.504339231,-3.245808608,-0.000412427,0.000336522,0.003753039,0.003790600,0.004464937,-0.004441522,0.002369111,-0.020579187,0.003784124,0.021057902,0.003790600,0.004464937
240,241,0.504754131,1.981320051,0.504754131,1.981320051,0.504224558,1.977132521,-0.000611640,0.000312466,0.003788880,0.003850630,0.004332633,-0.004187530,0.003258316,-0.020387408,0.003822807,0.020997068,0.003850630,0.004332633
241,242,0.512751892,1.759095086,0.512751892,1.759095086,0.512450327,1.748913277,-0.000324469,0.000241971,0.003758411,0.003780143,0.010287419,-0.010181809,0.003743358,-0.020521739,0.003785320,0.021201017,0.003780143,0.010287419
242,243,0.533571963,-3.079612698,0.533571963,-3.079612698,0.533195723,-3.085903716,-0.000405449,0.000275341,0.003857053,0.003888066,0.006357096,-0.006291018,0.002748311,-0.021462413,0.003891543,0.021984824,0.003888066,0.006357096
243,244,0.527949005,-2.156161060,0.527949005,-2.156161060,0.527597047,-2.165544430,-0.000459567,0.000320561,0.004019769,0.004058634,0.009383620,-0.009383370,0.001454876,-0.021294041,0.004053759,0.021725234,0.004058634,0.009383620
244,245,0.528255821,2.369229941,0.528255821,2.369229941,0.528124437,2.358073889,-0.000223880,0.000421409,0.003763892,0.003794020,0.011194302,-0.011156052,0.002929217,-0.021225630,0.003799064,0.021760987,0.003794020,0.011194302
245,246,0.523883321,1.055107692,0.523883321,1.055107691,0.523641075,1.050645310,-0.000320380,0.000278301,0.003746966,0.003770921,0.004507415,-0.004462382,0.003160287,-0.020777732,0.003779855,0.021353896,0.003770921,0.004507415
246,247,0.523553614,1.032108876,0.523553614,1.032108876,0.523292103,1.025903202,-0.000305162,0.000302829,0.003743502,0.003768107,0.006281136,-0.006205674,0.002943183,-0.020738007,0.003775375,0.021283343,0.003768107,0.006281136
247,248,0.542211098,-2.702222803,0.542211098,-2.702222803,0.542030664,-2.710381515,-0.000341893,0.000385229,0.003823720,0.003858254,0.008172366,-0.008158712,0.002222966,-0.021560040,0.003864144,0.022016097,0.003858254,0.008172366
248,249,0.533502268,-3.577555837,0.533502268,-3.577555837,0.533114868,-3.583082666,-0.000441726,0.000317168,0.003755495,0.003794662,0.005546221,-0.005526829,0.000863789,-0.021214829,0.003792745,0.021568496,0.003794662,0.005546221
249,250,0.549215511,2.387866517,0.549215511,2.387866517,0.549003164,2.384173512,-0.000244225,0.000198121,0.003973337,0.003985763,0.003699986,-0.003693006,0.002017708,-0.021582481,0.004003373,0.022043176,0.003985763,0.003699986
250,251,0.544399450,2.383481160,0.544399450,2.383481160,0.544347063,2.381623064,-0.000125140,0.000211975,0.004252848,0.004259966,0.001992735,-0.001858097,0.002905011,-0.021254031,0.004278786,0.021874207,0.004259966,0.001992735
251,252,0.559346494,2.097787528,0.559346494,2.097787528,0.559060050,2.098434840,-0.000368766,-0.000014273,0.004298181,0.004313995,0.001225874,0.000647311,0.003748815,-0.021490135,0.004322184,0.022238722,0.004313995,0.001225874
252,253,0.565788666,-2.514030938,0.565788666,-2.514030938,0.565620059,-2.515111439,-0.000266740,0.000210076,0.003965540,0.003980049,0.001383994,-0.001080501,0.002485401,-0.022150862,0.003996588,0.022645322,0.003980049,0.001383994
253,254,0.543239742,1.722234377,0.543239742,1.722234377,0.543089992,1.717639834,-0.000205039,0.000266746,0.003736690,0.003751806,0.004614236,-0.004594543,0.003153427,-0.021226525,0.003773191,0.021788677,0.003751806,0.004614236
254,255,0.561839420,-0.656394998,0.561839420,-0.656394998,0.561546422,-0.656502850,-0.000254254,0.000257603,0.003733751,0.003751254,0.000402171,-0.000107852,0.002823972,-0.021917527,0.003769989,0.022417975,0.003751254,0.000402171
255,256,0.565653978,0.852863821,0.565653978,0.852863821,0.565543065,0.851573309,-0.000243193,0.000214184,0.003722247,0.003736327,0.001705910,-0.001290512,0.003340256,-0.021991713,0.003752735,0.022558275,0.003736327,0.001705910
256,257,0.555783563,-2.675966530,0.555783563,-2.675966530,0.555366795,-2.672332560,-0.000454373,0.000245096,0.004276115,0.004307167,0.003855031,0.003633970,0.002236568,-0.021741162,0.004317588,0.022278284,0.004307167,0.003855031
257,258,0.555467529,2.553974720,0.555467529,2.553974720,0.555165885,2.561336491,-0.000305434,0.000151447,0.004546164,0.004558929,0.007436519,0.007361770,0.003564700,-0.021485826,0.004575946,0.022255046,0.004558929,0.007436519
258,259,0.553590128,1.416844686,0.553590128,1.416844686,0.553334761,1.424221942,-0.000307206,0.000436506,0.005264013,0.005291006,0.007906407,0.007377255,0.004070409,-0.021668028,0.005300637,0.022675282,0.005291006,0.007906407
259,260,0.683342761,-1.865616676,0.683342761,-1.865616676,0.683264170,-1.867074293,-0.000165468,0.000387919,0.003755020,0.003778629,0.002380864,-0.001457617,0.003889592,-0.026993538,0.003804083,0.027536359,0.003778629,0.002380864
260,261,0.534692086,1.325066950,0.534692086,1.325066950,0.534679671,1.327442733,-0.000004410,0.000503098,0.003773859,0.003807248,0.002412037,0.002375783,0.003846731,-0.021145674,0.003814439,0.021828578,0.003807248,0.002412037
261,262,0.538747548,1.759769300,0.538747548,1.759769300,0.538717402,1.767801509,-0.000100374,0.000560428,0.004436715,0.004473096,0.008168981,0.008032210,0.004172811,-0.021291363,0.004481609,0.022154442,0.004473096,0.008168981
262,263,0.578919388,0.564931837,0.578919388,0.564931837,0.578945853,0.567216277,-0.000020939,0.000376651,0.004067186,0.004084643,0.002583560,0.002284440,0.004704293,-0.022746653,0.004093698,0.023585991,0.004084643,0.002583560
263,264,0.582236542,-3.461515890,0.582236542,-3.461515890,0.582033140,-3.458327849,-0.000263206,0.000237249,0.003730375,0.003747168,0.003217972,0.003188041,0.002774842,-0.023029347,0.003762310,0.023499055,0.003747168,0.003217972
264,265,0.584978429,2.371297698,0.584978429,2.371297698,0.585071816,2.370333519,-0.000018510,0.000268842,0.003724904,0.003734639,0.001151372,-0.000964179,0.004424014,-0.022969343,0.003759194,0.023691648,0.003734639,0.001151372
265,266,0.596843639,-0.978007172,0.596843639,-0.978007172,0.596665619,-0.977433120,-0.000193266,0.000206571,0.003747732,0.003758393,0.001348325,0.000574051,0.003674389,-0.023512232,0.003783910,0.024096559,0.003758393,0.001348325
266,267,0.450542454,-6.642475511,0.450542454,-6.642475511,0.450431220,-6.637407723,-0.000179632,0.000085372,0.003724110,0.003729417,0.005118912,0.005067788,0.000188996,-0.017840242,0.003741125,0.018229262,0.003729417,0.005118912
267,268,0.610270855,2.716500512,0.610270855,2.716500512,0.610111736,2.715777247,-0.000260391,0.000034099,0.003731239,0.003740469,0.000815337,-0.000723266,0.002670214,-0.024076583,0.003763464,0.024514803,0.003740469,0.000815337
268,269,0.596316984,2.329967342,0.596316984,2.329967342,0.595948229,2.327335881,-0.000411081,0.000091538,0.003885426,0.003908184,0.002727755,-0.002631462,0.003624561,-0.023402583,0.003914851,0.024003008,0.003908184,0.002727755
269,270,0.740728435,-3.317429672,0.740728435,-3.317429672,0.740619125,-3.319665491,-0.000294427,-0.000039347,0.003733835,0.003745632,0.002249602,-0.002235819,0.002684743,-0.029168418,0.003774504,0.029533902,0.003745632,0.002249602
270,271,0.618221449,0.770476391,0.618221449,0.770476391,0.617747701,0.767299301,-0.000453354,0.000078848,0.003820916,0.003848525,0.003282068,-0.003177090,0.002232455,-0.024410937,0.003862187,0.024815201,0.003848525,0.003282068
271,272,0.608443664,2.350079731,0.608443664,2.350079731,0.607955592,2.350995186,-0.000634382,0.000023762,0.003789832,0.003842633,0.001001369,0.000915455,0.003741773,-0.023712586,0.003814775,0.024307202,0.003842633,0.001001369
272,273,0.602603119,1.448856595,0.602603119,1.448856595,0.602206607,1.451380351,-0.000506900,0.000043949,0.003752250,0.003786590,0.002580202,0.002523756,0.004440314,-0.023433058,0.003783640,0.024148303,0.003786590,0.002580202
273,274,0.599995813,1.856471490,0.599995813,1.856471490,0.599554318,1.851556779,-0.000481750,-0.000007631,0.003795126,0.003825588,0.004981367,-0.004914712,0.004701658,-0.023201933,0.003813158,0.023978646,0.003825588,0.004981367
274,275,0.579964047,-3.210075356,0.579964047,-3.210075356,0.579571607,-3.210460740,-0.000523384,0.000040326,0.003761332,0.003797786,0.000715084,-0.000385384,0.004207102,-0.022543520,0.003791128,0.023243981,0.003797786,0.000715084
275,276,0.577868792,1.804231043,0.577868792,1.804231043,0.577228283,1.802029607,-0.000660124,0.000081741,0.003787751,0.003845713,0.002263369,-0.002201435,0.004120776,-0.022495220,0.003828447,0.023187771,0.003845713,0.002263369
276,277,0.602193608,-0.778889550,0.602193608,-0.778889550,0.601684613,-0.771833873,-0.000593822,-0.000234764,0.003811650,0.003864766,0.007135827,0.007055677,0.004020085,-0.023130849,0.003834652,0.023788691,0.003864766,0.007135827
277,278,0.599792639,1.599002476,0.599792639,1.599002476,0.599115146,1.605367920,-0.000797251,-0.000106697,0.003798445,0.003882677,0.006406949,0.006365444,0.004866344,-0.023093289,0.003837240,0.023910369,0.003882677,0.006406949
278,279,0.611064360,-3.280657552,0.611064360,-3.280657552,0.610163452,-3.273205947,-0.000896291,-0.000141580,0.004481068,0.004572019,0.007583297,0.007451605,0.003870151,-0.023738219,0.004518109,0.024472319,0.004572019,0.007583297
279,280,0.619270154,-0.451461160,0.619270154,-0.451461160,0.618503208,-0.447433685,-0.000840762,-0.000085952,0.003809723,0.003902340,0.004114586,0.004027475,0.003305798,-0.024313178,0.003849138,0.024836964,0.003902340,0.004114586
280,281,0.608919031,2.076330449,0.608919031,2.076330449,0.608001562,2.079996646,-0.000968980,0.000147351,0.003847371,0.003970251,0.003694193,0.003666197,0.004606449,-0.023965310,0.003905953,0.024714609,0.003970251,0.003694193
281,282,0.609514132,2.386282260,0.609514132,2.386282260,0.608316552,2.394857120,-0.001281214,0.000125233,0.003915877,0.004122049,0.008794202,0.008574861,0.005948365,-0.023705380,0.003963943,0.024759664,0.004122049,0.008794202
282,283,0.608913302,2.299312317,0.608913302,2.299312317,0.607375772,2.309310309,-0.001490621,0.000603740,0.005195981,0.005439179,0.010484170,0.009997991,0.007139504,-0.023915526,0.005270376,0.025508857,0.005439179,0.010484170
283,284,0.612844275,-7.308308534,0.612844275,-7.308308534,0.611898174,-7.301056063,-0.001124845,0.000278083,0.003912352,0.004080331,0.007347525,0.007252471,0.002965215,-0.024752967,0.003958412,0.025242244,0.004080331,0.007347525
284,285,0.311983143,-6.776289396,0.311983143,-6.776289396,0.310803290,-6.770203155,-0.001136800,0.000223590,0.004042352,0.004205106,0.006219856,0.006086241,-0.000301854,-0.012646827,0.004070328,0.013289128,0.004205106,0.006219856
285,286,0.608003454,2.831822790,0.608003454,2.831822790,0.606925902,2.830909009,-0.001163593,0.000391377,0.004302778,0.004474486,0.001266166,-0.000913780,0.002189844,-0.024889938,0.004358844,0.025363437,0.004474486,0.001266166
286,287,0.626317209,3.302596656,0.626317209,3.302596656,0.625129090,3.300012365,-0.001266884,0.000445535,0.004596131,0.004788310,0.002595196,-0.002584290,0.003757859,-0.025516730,0.004663104,0.026210104,0.004788310,0.002595196
287,288,0.606711196,3.694619783,0.606711196,3.694619783,0.605759772,3.688166852,-0.001137937,0.000493161,0.004431609,0.004601877,0.006579334,-0.006452931,0.005402999,-0.024420935,0.004492959,0.025411830,0.004601877,0.006579334
288,289,0.625102368,0.760904476,0.625102368,0.760904476,0.623887552,0.754180001,-0.001206381,0.000428528,0.004185607,0.004377019,0.006729642,-0.006724476,0.004820928,-0.025123246,0.004249120,0.025932101,0.004377019,0.006729642
289,290,0.628831361,1.968880060,0.628831361,1.968880060,0.628024850,1.958063639,-0.000881395,0.000381281,0.003868817,0.003986223,0.010975968,-0.010816420,0.006260869,-0.024904339,0.003909594,0.025975171,0.003986223,0.010975968
290,291,0.759588912,-0.901362725,0.759588912,-0.901362725,0.758658374,-0.905409722,-0.000982487,0.000249013,0.003838452,0.003970012,0.004366754,-0.004046997,0.005954104,-0.030094282,0.003897519,0.030924227,0.003970012,0.004366754
291,292,0.631422010,2.385845593,0.631422010,2.385845593,0.630723926,2.376318123,-0.000720663,0.000170239,0.003797160,0.003868690,0.009654938,-0.009527470,0.007163730,-0.024396532,0.003838411,0.025714650,0.003868690,0.009654938
292,293,0.619266416,-4.224605654,0.619266416,-4.224605654,0.618465075,-4.235408174,-0.000872757,0.000142255,0.004027988,0.004123909,0.010887386,-0.010802521,0.004921284,-0.024301592,0.004078103,0.025128019,0.004123909,0.010887386
293,294,0.623628925,2.694265118,0.623628925,2.694265118,0.623026871,2.689258652,-0.000774590,0.000000615,0.003785972,0.003864398,0.005230805,-0.005006466,0.005813623,-0.024020197,0.003842051,0.025010586,0.003864398,0.005230805
294,295,0.626477560,-3.839109268,0.626477560,-3.839109268,0.625885868,-3.849028038,-0.000603809,0.000174787,0.004778470,0.004819638,0.010169902,-0.009918769,0.003782779,-0.024613930,0.004810199,0.025363221,0.004819638,0.010169902
295,296,0.621474690,0.545016981,0.621474690,0.545016981,0.621026843,0.534914940,-0.000498013,0.000239343,0.004362553,0.004397405,0.010105816,-0.010102041,0.003814296,-0.024345175,0.004406890,0.025033120,0.004397405,0.010105816
296,297,0.602469482,1.930055027,0.602469482,1.930055027,0.602175418,1.923643366,-0.000457276,0.000254154,0.003782317,0.003818327,0.006557655,-0.006411661,0.004589228,-0.023351948,0.003832894,0.024105302,0.003818327,0.006557655
297,298,0.643050777,-3.872700009,0.643050777,-3.872700009,0.642625391,-3.882544787,-0.000546271,0.000086878,0.003808405,0.003848365,0.010085633,-0.009844778,0.003115313,-0.025012271,0.003843927,0.025496953,0.003848365,0.010085633
298,299,0.636123255,2.294182816,0.636123255,2.294182816,0.635814690,2.290602953,-0.000411405,0.000014630,0.003753144,0.003775653,0.003623183,-0.003579862,0.004698045,-0.024304525,0.003800374,0.025044449,0.003775653,0.003623183
299,300,0.639498309,-5.934260297,0.639498309,-5.934260297,0.639127464,-5.931644293,-0.000429754,-0.000004935,0.003739520,0.003764136,0.002675341,0.002616004,0.001451872,-0.024772920,0.003776625,0.025101163,0.003764136,0.002675341
300,301,0.634915105,3.156676894,0.634915105,3.156676894,0.634475300,3.159519173,-0.000451767,0.000033676,0.003740923,0.003768253,0.002861699,0.002842279,0.003128425,-0.024513826,0.003778318,0.024999808,0.003768253,0.002861699
301,302,0.622667499,3.134169760,0.622667499,3.134169760,0.622376471,3.138083708,-0.000356908,0.000139439,0.003743910,0.003763468,0.003977674,0.003913948,0.004554666,-0.023946745,0.003781036,0.024667546,0.003763468,0.003977674
302,303,0.639707007,-2.650847583,0.639707007,-2.650847583,0.639643376,-2.649885324,-0.000194948,0.000001703,0.003720828,0.003725932,0.001185632,0.000962258,0.003592010,-0.024725345,0.003750029,0.025264757,0.003725932,0.001185632
303,304,0.644929105,2.065580627,0.644929105,2.065580627,0.644596396,2.066062160,-0.000291125,0.000002268,0.003721369,0.003732740,0.000832030,0.000481533,0.003716380,-0.024908506,0.003753483,0.025462400,0.003732740,0.000832030
304,305,0.669227888,-6.435172741,0.669227888,-6.435172741,0.669003753,-6.436862179,-0.000345290,-0.000089613,0.003730315,0.003747333,0.001830426,-0.001689438,0.000596079,-0.026035513,0.003768158,0.026313537,0.003747333,0.001830426
305,306,0.640639082,1.082963893,0.640639082,1.082963893,0.640508062,1.086377131,-0.000220201,-0.000038667,0.003725879,0.003732581,0.003654723,0.003413238,0.001761611,-0.024874249,0.003758886,0.025218263,0.003732581,0.003654723
306,307,0.814901916,3.001659114,0.814901916,3.001659114,0.814333724,3.003546925,-0.000602124,0.000022720,0.003733162,0.003781477,0.002019119,0.001887811,0.003705564,-0.031653843,0.003797179,0.032095413,0.003781477,0.002019119
307,308,0.644882571,2.069619765,0.644882571,2.069619765,0.644543205,2.070027704,-0.000403973,-0.000002884,0.003731514,0.003753319,0.000464424,0.000407940,0.004283131,-0.024854423,0.003772076,0.025501296,0.003753319,0.000464424
308,309,0.641728922,1.669376183,0.641728922,1.669376183,0.641403716,1.670229294,-0.000316090,0.000128067,0.003724897,0.003740477,0.001053427,0.000853111,0.004973929,-0.024724815,0.003763428,0.025499409,0.003740477,0.001053427
309,310,0.811175791,-0.374831562,0.811175791,-0.374831562,0.810663553,-0.373721075,-0.000637993,0.000061934,0.003751508,0.003805875,0.001496127,0.001110487,0.005638373,-0.031335288,0.003817745,0.032066598,0.003805875,0.001496127
310,311,0.635251942,-2.364172126,0.635251942,-2.364172126,0.634749733,-2.363633124,-0.000628835,0.000084640,0.003778957,0.003831855,0.000959248,0.000539002,0.003677266,-0.024682404,0.003828522,0.025246801,0.003831855,0.000959248
311,312,0.649047873,-1.699384369,0.649047873,-1.699384369,0.648450010,-1.697071808,-0.000626566,-0.000044557,0.003758719,0.003810845,0.002339873,0.002312561,0.002496982,-0.025243945,0.003799894,0.025650163,0.003810845,0.002339873
312,313,0.630922290,2.082956056,0.630922290,2.082956056,0.630314746,2.086052681,-0.000711709,0.000038730,0.003747908,0.003815082,0.003110926,0.003096625,0.004097985,-0.024421768,0.003797068,0.025052624,0.003815082,0.003110926
313,314,0.644152804,2.140360613,0.644152804,2.140360613,0.643591987,2.145070409,-0.000613036,0.000046011,0.004177606,0.004222596,0.004838616,0.004709796,0.004616235,-0.024881114,0.004217959,0.025654837,0.004222596,0.004838616
314,315,0.460550146,-6.264045763,0.460550146,-6.264045763,0.459889223,-6.258780603,-0.000728886,0.000057503,0.003746834,0.003817505,0.005364900,0.005265160,0.000528066,-0.018064593,0.003781559,0.018463710,0.003817505,0.005364900
315,316,0.648348357,-0.079344524,0.648348357,-0.079344524,0.647724730,-0.074777700,-0.000693073,-0.000069195,0.003758826,0.003822815,0.004617258,0.004566824,0.001854176,-0.025408972,0.003807209,0.025759438,0.003822815,0.004617258
316,317,0.657220874,2.264814289,0.657220874,2.264814289,0.656720150,2.271616514,-0.000608087,-0.000010121,0.003743110,0.003792195,0.006803698,0.006802225,0.003101757,-0.025777161,0.003786136,0.026237717,0.003792195,0.006803698
317,318,0.641923494,1.856869197,0.641923494,1.856869197,0.641452508,1.860822153,-0.000589356,0.000033756,0.003728813,0.003775252,0.004008228,0.003952956,0.003945337,-0.025178422,0.003780512,0.025764527,0.003775252,0.004008228
318,319,0.828296984,-6.860003236,0.828296984,-6.860003236,0.827639201,-6.858394861,-0.000695580,-0.000034783,0.003852216,0.003914666,0.001973284,0.001608375,0.000839402,-0.032864947,0.003918422,0.033108358,0.003914666,0.001973284
319,320,0.630863566,2.461558904,0.630863566,2.461558904,0.630387905,2.465228640,-0.000668609,0.000036168,0.004390941,0.004441701,0.004131276,0.003669736,0.002111208,-0.024959640,0.004440289,0.025439281,0.004441701,0.004131276
320,321,0.501489423,1.686131727,0.501489423,1.686131727,0.500842382,1.694722377,-0.000625254,0.000053795,0.003741463,0.003793729,0.008649457,0.008590650,0.002338417,-0.019812703,0.003770463,0.020303393,0.003793729,0.008649457
321,322,0.641714497,2.205909285,0.641714497,2.205909285,0.641149902,2.208672120,-0.000672964,0.000150864,0.003766475,0.003829096,0.002907344,0.002762835,0.003761843,-0.025461848,0.003819404,0.026020089,0.003829096,0.002907344
322,323,0.629903355,-2.840147577,0.629903355,-2.840147577,0.629346631,-2.842922614,-0.000625974,0.000149072,0.003757445,0.003812146,0.002800325,-0.002775038,0.002321214,-0.025184433,0.003807411,0.025576162,0.003812146,0.002800325
323,324,0.631237857,0.229352959,0.631237857,0.229352959,0.630561033,0.230741490,-0.000799848,0.000235173,0.003769147,0.003860250,0.001947670,0.001388531,0.002533663,-0.025298207,0.003832443,0.025711988,0.003860250,0.001947670
324,325,0.663944203,2.105061452,0.663944203,2.105061452,0.663349595,2.106094621,-0.000674288,0.000172964,0.003741814,0.003806015,0.001250394,0.001033170,0.003799375,-0.026378917,0.003803807,0.026921208,0.003806015,0.001250394
325,326,0.660530207,-2.260419993,0.660530207,-2.260419993,0.660069169,-2.260540291,-0.000547067,0.000058005,0.003755436,0.003795516,0.001238810,-0.000120298,0.002339641,-0.026365163,0.003802079,0.026740447,0.003795516,0.001238810
326,327,0.315415568,-6.949566585,0.315415568,-6.949566585,0.315212445,-6.948196542,-0.000336170,-0.000011987,0.003736438,0.003751550,0.001829217,0.001370042,-0.001527019,-0.012434112,0.003747920,0.013076155,0.003751550,0.001829217
327,328,0.622874264,1.497031350,0.622874264,1.497031350,0.622293212,1.496815877,-0.000597464,0.000154986,0.003763718,0.003813995,0.001484183,-0.000215473,0.000185575,-0.025058991,0.003809447,0.025347571,0.003813995,0.001484183
328,329,0.642185516,2.957037161,0.642185516,2.957037161,0.641765989,2.958353080,-0.000529761,0.000077927,0.003736758,0.003774928,0.001338076,0.001315919,0.001112791,-0.025726756,0.003783548,0.026027284,0.003774928,0.001338076
329,330,0.516903185,2.327954246,0.516903185,2.327954246,0.516497540,2.323648822,-0.000418377,0.000073041,0.003751125,0.003775091,0.004308407,-0.004305424,0.001802632,-0.020620823,0.003783048,0.021042321,0.003775091,0.004308407
330,331,0.656465822,3.176264043,0.656465822,3.176264043,0.656133728,3.175687857,-0.000386108,0.000102766,0.003731491,0.003752821,0.000661429,-0.000576186,0.003938845,-0.025999372,0.003772568,0.026565280,0.003752821,0.000661429
331,332,0.659242842,3.313315403,0.659242842,3.313315403,0.659138039,3.314172710,-0.000180750,0.000060808,0.003724802,0.003729681,0.001083853,0.000857307,0.005232321,-0.025839508,0.003755708,0.026630109,0.003729681,0.001083853
332,333,0.672070298,-0.871219973,0.672070298,-0.871219973,0.672012914,-0.870128830,-0.000132705,0.000043724,0.003721393,0.003724015,0.001278957,0.001091143,0.004537571,-0.026483346,0.003755289,0.027130414,0.003724015,0.001278957
333,334,0.652286762,0.302647854,0.652286762,0.302647854,0.652208008,0.304766819,-0.000214239,-0.000012901,0.003743692,0.003749839,0.002797154,0.002118965,0.004605940,-0.025645807,0.003781924,0.026329167,0.003749839,0.002797154
334,335,0.347817620,-6.170971065,0.347817620,-6.170971065,0.347628754,-6.168617104,-0.000160768,-0.000133648,0.003724397,0.003730260,0.002530845,0.002353961,-0.000562879,-0.013697680,0.003732509,0.014208268,0.003730260,0.002530845
335,336,0.650215387,-2.542882662,0.650215387,-2.542882662,0.650149711,-2.540799138,-0.000143903,-0.000052538,0.003724984,0.003728133,0.002431391,0.002083524,0.000137716,-0.025996931,0.003752873,0.026266774,0.003728133,0.002431391
336,337,0.660151237,3.343730234,0.660151237,3.343730234,0.660020092,3.346600722,-0.000189727,-0.000131804,0.003762359,0.003769445,0.003576862,0.002870488,0.002403302,-0.026208435,0.003800613,0.026591401,0.003769445,0.003576862
337,338,0.500560496,-0.673437768,0.500560496,-0.673437768,0.500377395,-0.672751970,-0.000227098,0.000040334,0.003736343,0.003743456,0.001953408,0.000685798,0.000694088,-0.020069509,0.003757752,0.020430068,0.003743456,0.001953408
338,339,0.489393227,-6.555384044,0.489393227,-6.555384044,0.489289778,-6.552533072,-0.000153326,0.000028124,0.004026988,0.004030004,0.002852725,0.002850973,-0.002012288,-0.019500857,0.004045558,0.020017474,0.004030004,0.002852725
339,340,0.665190198,0.197152585,0.665190198,0.197152585,0.664998233,0.199044568,-0.000283522,-0.000058289,0.003971239,0.003981774,0.002360652,0.001891984,-0.000853176,-0.026601150,0.003994825,0.026912965,0.003981774,0.002360652
340,341,0.647790091,-5.548624027,0.647790091,-5.548624027,0.647727709,-5.547556980,-0.000207445,-0.000014490,0.003743161,0.003748932,0.001867290,0.001067047,-0.003624211,-0.025799006,0.003778254,0.026324870,0.003748932,0.001867290
341,342,0.324946106,-6.517390209,0.324946106,-6.517390209,0.324691174,-6.518114285,-0.000203597,0.000042150,0.003718794,0.003724602,0.002054567,-0.000724076,-0.004368298,-0.012307835,0.003730987,0.013582529,0.003724602,0.002054567
342,343,0.656836130,-6.477834267,0.656836130,-6.477834267,0.656628623,-6.477988577,-0.000353819,-0.000023306,0.003920346,0.003936349,0.001438145,-0.000154310,-0.010207218,-0.024369244,0.003961819,0.026715976,0.003936349,0.001438145
343,344,0.323917221,-9.545039684,0.323917221,-9.545039685,0.323749103,-9.543663063,-0.000332967,-0.000005676,0.003738782,0.003753584,0.001806270,0.001376622,-0.008223494,-0.010002208,0.003755570,0.013482371,0.003753584,0.001806270
344,345,0.334336369,-8.103111692,0.334336369,-8.103111692,0.334204015,-8.099579695,-0.000187281,-0.000078947,0.003714897,0.003720453,0.003755214,0.003531997,-0.009391721,-0.009430402,0.003726974,0.013821260,0.003720453,0.003755214
345,346,0.670399778,-5.391241660,0.670399778,-5.391241661,0.670197960,-5.393745783,-0.000331353,0.000078491,0.005635007,0.005645286,0.003267723,-0.002504122,-0.019250372,-0.018941617,0.005681953,0.027597939,0.005645286,0.003267723
346,347,0.341588105,-6.308135120,0.341588105,-6.308135120,0.341373490,-6.309689579,-0.000365759,0.000039030,0.005207662,0.005220636,0.002946551,-0.001554459,-0.011363087,-0.007615228,0.005224832,0.014642756,0.005220636,0.002946551
347,348,0.480975296,-10.901303444,0.480975296,-10.901303444,0.480851147,-10.904070323,-0.000275352,0.000029091,0.003726903,0.003737175,0.003858231,-0.002766880,-0.017361698,-0.008615423,0.003744904,0.019740273,0.003737175,0.003858231
348,349,0.508975595,3.370459479,0.508975595,3.370459479,0.508644963,3.368558893,-0.000397837,0.000164067,0.003965662,0.003988943,0.002685835,-0.001900586,-0.017208480,-0.011318272,0.004002500,0.020982256,0.003988943,0.002685835
349,350,0.505194426,-6.546733832,0.505194426,-6.546733832,0.504814822,-6.547707787,-0.000513403,-0.000106170,0.003770253,0.003806529,0.003306554,-0.000973955,-0.018625073,-0.007676124,0.003808913,0.020501806,0.003806529,0.003306554
350,351,0.184012559,-7.143182399,0.184012559,-7.143182399,0.183862219,-7.142741833,-0.000521474,-0.000081671,0.003784171,0.003820806,0.002066335,0.000440566,-0.007143143,-0.000243473,0.003810166,0.008099453,0.003820806,0.002066335
351,352,0.170805567,-6.923929458,0.170805567,-6.923929458,0.170452761,-6.924530859,-0.000486691,-0.000135642,0.003783043,0.003816632,0.000895591,-0.000601402,-0.006560395,0.000447341,0.003800539,0.007594932,0.003816632,0.000895591
352,353,0.173817069,-6.456359232,0.173817069,-6.456359232,0.173417288,-6.452907229,-0.000530242,-0.000278914,0.003780350,0.003827531,0.003469004,0.003452003,-0.006485937,0.000927684,0.003797009,0.007572665,0.003827531,0.003469004
353,354,0.157408759,-5.469584796,0.157408759,-5.469584796,0.157190994,-5.467049598,-0.000465082,-0.000332084,0.003734974,0.003778441,0.003130625,0.002535199,-0.005865858,0.000782193,0.003749008,0.007005368,0.003778441,0.003130625
354,355,0.634704319,6.531178250,0.634704319,6.531178250,0.634128682,6.535407311,-0.000671388,-0.000284083,0.003795179,0.003864563,0.004386751,0.004229061,-0.024933659,-0.004089353,0.003845744,0.025557776,0.003864563,0.004386751
355,356,0.157960304,8.260997811,0.157960304,8.260997811,0.157354759,8.265039231,-0.000609739,-0.000128959,0.003838520,0.003888785,0.004193222,0.004041420,-0.004923813,-0.003845569,0.003866436,0.007347222,0.003888785,0.004193222
356,357,0.139991453,7.716755398,0.139991453,7.716755398,0.139471649,7.716899418,-0.000666056,0.000012774,0.003739164,0.003798044,0.001731625,0.000144020,-0.003914732,-0.004058073,0.003771802,0.006783773,0.003798044,0.001731625
357,358,0.291172522,11.555677704,0.291172522,11.555677704,0.290607911,11.551478031,-0.000538171,0.000167750,0.003782290,0.003824067,0.004496497,-0.004199673,-0.008917275,-0.007489644,0.003812895,0.012253600,0.003824067,0.004496497
358,359,0.465622328,-11.796722092,0.465622328,-11.796722092,0.465234479,-11.798297914,-0.000644341,0.000185886,0.005091602,0.005135575,0.002479982,-0.001575823,-0.017808162,-0.005335159,0.005144814,0.019288952,0.005135575,0.002479982
359,360,0.316676708,-9.761965241,0.316676708,-9.761965241,0.316318382,-9.762061505,-0.000641571,0.000063876,0.005588702,0.005625769,0.002106354,-0.000096264,-0.012398947,-0.001571722,0.005620320,0.013703730,0.005625769,0.002106354
360,361,0.544542389,3.324306463,0.544542389,3.324306463,0.543768663,3.326692481,-0.000798407,-0.000098156,0.004789666,0.004856747,0.003207879,0.002386019,-0.020701720,-0.006357078,0.004840635,0.022190210,0.004856747,0.003207879
361,362,0.578593165,2.459890356,0.578593165,2.459890356,0.577760275,2.468142033,-0.000933281,-0.000267982,0.005005072,0.005098389,0.008257065,0.008251677,-0.021534379,-0.007643586,0.005063350,0.023404944,0.005098389,0.008257065
362,363,0.644795168,-5.001801024,0.644795168,-5.001801024,0.644603256,-5.006489874,-0.000396046,-0.000135293,0.006280459,0.006294388,0.004736387,-0.004688850,-0.025195117,-0.004888624,0.006303276,0.026427709,0.006294388,0.004736387
363,364,0.657844990,3.541574053,0.657844990,3.541574053,0.657249107,3.539953236,-0.000686922,0.000015139,0.005630396,0.005672165,0.001742706,-0.001620817,-0.025240351,-0.007530966,0.005678695,0.026945099,0.005672165,0.001742706
364,365,0.507514606,-2.670884222,0.507514606,-2.670884222,0.506655722,-2.673996369,-0.001005570,-0.000027505,0.005534894,0.005625565,0.003369504,-0.003112148,-0.019695498,-0.004406607,0.005598898,0.020944653,0.005625565,0.003369504
365,366,0.334403720,-7.479250066,0.334403720,-7.479250066,0.333846829,-7.480139313,-0.000734746,-0.000265934,0.004656782,0.004721884,0.002090735,-0.000889247,-0.013003430,-0.000477165,0.004684325,0.013829670,0.004721884,0.002090735
366,367,0.636104289,1.327230616,0.636104289,1.327230616,0.635651096,1.329547531,-0.000552957,-0.000269851,0.004825326,0.004864396,0.002631927,0.002316915,-0.025003376,-0.003095468,0.004860666,0.025658854,0.004864396,0.002631927
367,368,0.617242608,2.927952663,0.617242608,2.927952663,0.616656256,2.930480123,-0.000607480,-0.000150769,0.005347477,0.005383983,0.002751122,0.002527460,-0.024170413,-0.004365859,0.005399355,0.025148014,0.005383983,0.002751122
368,369,0.620524509,1.164701564,0.620524509,1.164701564,0.619918777,1.167885178,-0.000847925,-0.000023834,0.006405682,0.006461603,0.003224397,0.003183614,-0.024324631,-0.005099587,0.006466103,0.025680809,0.006461603,0.003224397
369,370,0.610299431,-3.801654329,0.610299431,-3.801654329,0.609557444,-3.793024297,-0.000816577,-0.000384287,0.005900240,0.005968862,0.008639926,0.008630032,-0.023910546,-0.002818116,0.005945115,0.024799201,0.005968862,0.008639926
370,371,0.620594219,2.277556858,0.620594219,2.277556858,0.619934380,2.288685569,-0.000892805,-0.000321532,0.005125907,0.005213004,0.011300084,0.011128711,-0.024217211,-0.004949635,0.005194255,0.025257721,0.005213004,0.011300084
371,372,0.633414609,2.501530714,0.633414609,2.501530714,0.632689038,2.517133543,-0.000684623,-0.000285954,0.005401070,0.005451792,0.015779550,0.015602829,-0.024673392,-0.005679164,0.005446940,0.025897844,0.005451792,0.015779550
372,373,0.643458506,-3.334824279,0.643458506,-3.334824279,0.642977100,-3.324709325,-0.000589334,-0.000282092,0.003712106,0.003769167,0.010302990,0.010114953,-0.025786213,-0.003723127,0.003743932,0.026321236,0.003769167,0.010302990
373,374,0.611013382,0.972084755,0.611013382,0.972084755,0.610138562,0.981611959,-0.000958348,-0.000253342,0.005846644,0.005930081,0.009784619,0.009527205,-0.024375804,-0.004749559,0.005920700,0.025530234,0.005930081,0.009784619
374,375,0.561657854,0.026498056,0.561657854,0.026498056,0.560902639,0.034146741,-0.001098670,0.000002560,0.005032954,0.005151476,0.007664865,0.007648685,-0.022688053,-0.004835685,0.005113022,0.023754464,0.005151476,0.007664865
375,376,0.554406644,2.739845453,0.554406644,2.739845453,0.553612420,2.749240410,-0.000874749,-0.000069849,0.004188311,0.004279254,0.009434604,0.009394956,-0.022213670,-0.005651175,0.004255179,0.023312861,0.004279254,0.009434604
376,377,0.552851249,1.601172896,0.552851249,1.601172896,0.551866094,1.611180916,-0.001127835,0.000163976,0.004903362,0.005034070,0.010017781,0.010008019,-0.022123490,-0.007012996,0.004988420,0.023738476,0.005034070,0.010017781
377,378,0.593122312,-1.994640117,0.593122312,-1.994640117,0.592435746,-1.981319423,-0.000732050,-0.000026053,0.004453773,0.004513610,0.013441761,0.013320694,-0.024171213,-0.005553833,0.004515207,0.025208723,0.004513610,0.013441761
378,379,0.607798960,-0.776027606,0.607798960,-0.776027606,0.607184831,-0.763694053,-0.000704216,0.000072027,0.003764848,0.003830821,0.012341069,0.012333553,-0.025105281,-0.005389978,0.003823821,0.025960520,0.003830821,0.012341069
379,380,0.512866489,-3.479287159,0.512866489,-3.479287159,0.512055895,-3.466081542,-0.000832113,0.000036265,0.003770154,0.003861060,0.013242299,0.013205617,-0.021475905,-0.002860989,0.003843017,0.022003830,0.003861060,0.013242299
380,381,0.507349329,1.692683400,0.507349329,1.692683400,0.506623193,1.703911695,-0.000791193,0.000209650,0.003773923,0.003861662,0.011237049,0.011228294,-0.021298976,-0.004406312,0.003848074,0.022087771,0.003861662,0.011237049
381,382,0.536511645,1.350167881,0.536511645,1.350167881,0.535690032,1.365034384,-0.000843155,0.000046049,0.004181246,0.004265659,0.015043529,0.014866504,-0.022380060,-0.005200249,0.004248464,0.023365768,0.004265659,0.015043529
382,383,0.554498703,-0.661789728,0.554498703,-0.661789728,0.553877012,-0.652520812,-0.000724303,0.000189308,0.003761554,0.003835328,0.009281907,0.009268917,-0.023538180,-0.004870959,0.003827215,0.024339674,0.003835328,0.009281907
383,384,0.399411384,-5.809607714,0.399411384,-5.809607714,0.398798422,-5.802013680,-0.000670426,0.000165405,0.003741547,0.003804735,0.007635380,0.007594034,-0.017352094,-0.000723787,0.003791959,0.017776332,0.003804735,0.007635380
384,385,0.537141946,0.874423223,0.537141946,0.874423223,0.536387940,0.888733465,-0.000841772,-0.000002109,0.003777071,0.003869736,0.014326999,0.014310242,-0.023015651,-0.003394597,0.003852628,0.023581481,0.003869736,0.014326999
385,386,0.558698708,2.372670484,0.558698708,2.372670484,0.558008562,2.385122940,-0.000727214,0.000057659,0.003769831,0.003839764,0.012582929,0.012452456,-0.024034189,-0.004098192,0.003836464,0.024681083,0.003839764,0.012582929
386,387,0.578756717,2.240052996,0.578756717,2.240052996,0.578041939,2.251282462,-0.000863410,0.000023819,0.003727956,0.003826709,0.011238270,0.011229466,-0.024855747,-0.005112044,0.003808116,0.025660142,0.003826709,0.011238270
387,388,0.583378625,2.284094155,0.583378625,2.284094155,0.582636630,2.296167970,-0.000797391,-0.000046768,0.003750156,0.003834278,0.012097112,0.012073815,-0.024820440,-0.006233674,0.003822950,0.025875237,0.003834278,0.012097112
388,389,0.599501697,2.154850889,0.599501697,2.154850889,0.598776106,2.167094431,-0.000834991,-0.000089650,0.003733351,0.003826638,0.012368682,0.012243542,-0.025446193,-0.006896899,0.003815563,0.026638966,0.003826638,0.012368682
389,390,0.468681541,-6.392304498,0.468681541,-6.392304498,0.468039569,-6.380368373,-0.000677524,-0.000040461,0.003720552,0.003781955,0.011986741,0.011936125,-0.020522441,-0.002419825,0.003775866,0.021006744,0.003781955,0.011986741
390,391,0.611627428,0.523637795,0.611627428,0.523637795,0.611070095,0.534291460,-0.000673308,-0.000112871,0.003736191,0.003798052,0.010668281,0.010653665,-0.026830514,-0.004525090,0.003798816,0.027473331,0.003798052,0.010668281
391,392,0.609923319,0.729388327,0.609923319,0.729388327,0.609235844,0.741432196,-0.000747128,-0.000236978,0.003748115,0.003829194,0.012113385,0.012043869,-0.026659310,-0.005050188,0.003816080,0.027400469,0.003829194,0.012113385
392,393,0.624381090,-1.336971474,0.624381090,-1.336971474,0.623564234,-1.324420477,-0.000887295,-0.000183246,0.003755998,0.003863728,0.012583624,0.012550996,-0.027570679,-0.004750409,0.003827776,0.028237574,0.003863728,0.012583624
393,394,0.631459885,-4.350102516,0.631459885,-4.350102516,0.630595607,-4.335252929,-0.000922602,-0.000297306,0.003737742,0.003861386,0.014936830,0.014849588,-0.028223935,-0.001873362,0.003833574,0.028544636,0.003861386,0.014936830
394,395,0.630204244,1.968885157,0.630204244,1.968885157,0.629378052,1.985083292,-0.000942506,-0.000330771,0.003757474,0.003887973,0.016220972,0.016198135,-0.028126445,-0.003749116,0.003852645,0.028635566,0.003887973,0.016220972
395,396,0.646251418,2.108768580,0.646251418,2.108768580,0.645393759,2.128683066,-0.000945017,-0.000194451,0.003762716,0.003884443,0.020001597,0.019914485,-0.029011638,-0.004533913,0.003849869,0.029615081,0.003884443,0.020001597
396,397,0.645374438,2.196983442,0.645374438,2.196983442,0.644616637,2.209236318,-0.000834518,-0.000110682,0.003726691,0.003820588,0.012268533,0.012252876,-0.029023493,-0.006236093,0.003806511,0.029928941,0.003820588,0.012268533
397,398,0.650458944,0.784743737,0.650458944,0.784743738,0.649704414,0.799325333,-0.000857246,-0.000073367,0.003742284,0.003839915,0.014694582,0.014581595,-0.029437914,-0.006240457,0.003835339,0.030335522,0.003839915,0.014694582
398,399,0.501752335,-6.206468116,0.501752335,-6.206468116,0.500763978,-6.189984887,-0.001092312,-0.000160613,0.003729510,0.003889497,0.016641533,0.016483229,-0.023135017,-0.001601156,0.003828021,0.023504179,0.003889497,0.016641533
399,400,0.513112074,-1.208772415,0.513112074,-1.208772415,0.512260528,-1.195076025,-0.000974519,-0.000395166,0.003728600,0.003874055,0.013750672,0.013696390,-0.023568276,-0.002245417,0.003831995,0.023983113,0.003874055,0.013750672
400,401,0.658752940,2.179132904,0.658752940,2.179132904,0.657912685,2.194736321,-0.000924937,-0.000217744,0.003776905,0.003894603,0.015707783,0.015603417,-0.030617054,-0.003883462,0.003870891,0.031104165,0.003894603,0.015707783
401,402,0.512547966,-2.613068758,0.512547966,-2.613068758,0.511707601,-2.598069293,-0.000952058,-0.000150211,0.003780832,0.003901752,0.015014827,0.014999465,-0.024111500,-0.001126759,0.003855007,0.024443713,0.003901752,0.015014827
402,403,0.512612058,-3.149004196,0.512612058,-3.149004196,0.511944680,-3.129627863,-0.000746081,-0.000444147,0.003757665,0.003856676,0.019516786,0.019376333,-0.023996946,-0.000083342,0.003822722,0.024299662,0.003856676,0.019516786
403,404,0.516070823,-0.712731808,0.516070823,-0.712731808,0.515192222,-0.694937989,-0.000941278,-0.000378302,0.003768950,0.003903089,0.017812669,0.017793819,-0.024390293,-0.000286484,0.003856034,0.024694887,0.003903089,0.017812669
404,405,0.524063399,1.782741849,0.524063399,1.782741849,0.523388662,1.802712563,-0.000748567,-0.000332070,0.003733134,0.003821899,0.020103180,0.019970714,-0.024982872,-0.001231728,0.003797999,0.025299918,0.003821899,0.020103180
405,406,0.528558985,1.776356337,0.528558985,1.776356337,0.527729635,1.790451868,-0.000908063,-0.000268975,0.003761460,0.003878854,0.014173303,0.014095531,-0.025356078,-0.002137250,0.003842344,0.025734454,0.003878854,0.014173303
406,407,0.523694029,0.773906740,0.523694029,0.773906740,0.522941070,0.787614034,-0.000784066,-0.000064851,0.003749489,0.003831139,0.013719591,0.013707294,-0.025400411,-0.002123199,0.003815444,0.025772979,0.003831139,0.013719591
407,408,0.525486052,-2.221668989,0.525486052,-2.221668989,0.524847434,-2.203685038,-0.000734045,-0.000312257,0.003753288,0.003837121,0.018140412,0.017983951,-0.025506941,-0.000837711,0.003808848,0.025803355,0.003837121,0.018140412
408,409,0.527423336,-2.154791546,0.527423336,-2.154791546,0.526496656,-2.136988060,-0.000953654,-0.000116506,0.003752099,0.003873149,0.017806706,0.017803486,-0.025957630,-0.000156597,0.003833625,0.026239660,0.003873149,0.017806706
409,410,0.534680511,1.458353058,0.534680511,1.458353058,0.533975018,1.479401016,-0.000762866,-0.000294907,0.003754345,0.003842400,0.021209431,0.021047957,-0.026262643,-0.001187795,0.003821786,0.026565830,0.003842400,0.021209431
410,411,0.502757389,2.525841667,0.502757389,2.525841667,0.502089425,2.535704467,-0.000739562,-0.000153007,0.003765190,0.003840185,0.009862161,0.009862799,-0.024930287,-0.002597760,0.003824606,0.025355378,0.003840185,0.009862161
411,412,0.689406450,3.673443825,0.689406450,3.673443825,0.688676808,3.685983719,-0.000863767,-0.000320929,0.003769767,0.003880752,0.012670095,0.012539894,-0.034015235,-0.004702147,0.003849961,0.034553851,0.003880752,0.012670095
412,413,0.541388963,1.348752342,0.541388963,1.348752342,0.540556206,1.363722645,-0.000873289,-0.000287911,0.003815454,0.003924692,0.015019220,0.014970303,-0.026437219,-0.005460585,0.003883898,0.027273232,0.003924692,0.015019220
413,414,0.530657202,2.782817604,0.530657202,2.782817604,0.529943485,2.798156998,-0.000783025,-0.000200143,0.003797431,0.003882482,0.015507255,0.015339394,-0.025942045,-0.006246911,0.003852448,0.026960248,0.003882482,0.015507255
414,415,0.515536326,2.042853866,0.515536326,2.042853866,0.514729197,2.062872582,-0.000846085,-0.000294265,0.003785032,0.003889591,0.020159071,0.020018716,-0.024978643,-0.006833005,0.003840757,0.026179648,0.003889591,0.020159071
415,416,0.705533226,-4.713820975,0.705533226,-4.713820975,0.704670365,-4.692881153,-0.000983892,-0.000365787,0.003780763,0.003923775,0.020944265,0.020939822,-0.035357063,-0.005928773,0.003867183,0.036058665,0.003923775,0.020944265
416,417,0.526970786,-0.590216684,0.526970786,-0.590216684,0.526208677,-0.574116215,-0.000904335,-0.000271604,0.003799174,0.003914756,0.016218529,0.016100470,-0.026647641,-0.004410313,0.003876334,0.027286876,0.003914756,0.016218529
417,418,0.528655015,1.246768422,0.528655015,1.246768422,0.527694176,1.257941392,-0.001048128,-0.000344931,0.003806695,0.003963392,0.011265496,0.011172970,-0.026617288,-0.005017842,0.003896573,0.027364978,0.003963392,0.011265496
418,419,0.518650689,-4.530580898,0.518650689,-4.530580898,0.517863699,-4.519160118,-0.000890865,-0.000285063,0.003781541,0.003895504,0.011446261,0.011420779,-0.026727860,-0.002104351,0.003848519,0.027085382,0.003895504,0.011446261
419,420,0.539884921,-1.761966411,0.539884921,-1.761966411,0.538912721,-1.749718523,-0.001033591,-0.000147310,0.003824843,0.003964774,0.012261379,0.012247888,-0.028072643,-0.002208816,0.003905327,0.028428925,0.003964774,0.012261379
420,421,0.531322010,1.725371676,0.531322010,1.725371676,0.530361215,1.736420843,-0.001046380,-0.000073090,0.003829369,0.003970431,0.011162867,0.011049167,-0.027659309,-0.003533938,0.003920377,0.028158399,0.003970431,0.011162867
421,422,0.542961504,1.477290708,0.542961504,1.477290708,0.541981478,1.488277074,-0.001058430,-0.000058483,0.003786978,0.003932543,0.011002657,0.010986366,-0.028274077,-0.004275656,0.003875454,0.028856954,0.003932543,0.011002657
422,423,0.540704861,1.757910833,0.540704861,1.757910833,0.539747305,1.767844545,-0.001011598,-0.000068988,0.003796613,0.003929677,0.009963989,0.009933712,-0.028137146,-0.005073601,0.003880341,0.028853032,0.003929677,0.009963989
423,424,0.533123616,1.923392140,0.533123616,1.923392140,0.532028318,1.936222020,-0.001168172,-0.000081642,0.003768349,0.003946105,0.012877973,0.012829880,-0.027601795,-0.005754768,0.003881453,0.028461239,0.003946105,0.012877973
424,425,0.545468800,1.745832299,0.545468800,1.745832299,0.544250221,1.762817592,-0.001356511,-0.000134196,0.003813318,0.004049633,0.017087203,0.016985293,-0.027966374,-0.007543165,0.003942993,0.029232937,0.004049633,0.017087203
425,426,0.534600386,0.651030026,0.534600386,0.651030026,0.533319729,0.668173479,-0.001363735,-0.000341636,0.003847330,0.004096149,0.017232504,0.017143453,-0.027431036,-0.007141358,0.003960479,0.028620729,0.004096149,0.017232504
426,427,0.525486482,-0.179785593,0.525486482,-0.179785593,0.524201738,-0.158677003,-0.001414653,-0.000249855,0.003765808,0.004030507,0.021141758,0.021108591,-0.027189833,-0.007216456,0.003882491,0.028397852,0.004030507,0.021141758
427,428,0.531726507,-3.731151038,0.531726507,-3.731151038,0.530685793,-3.715242268,-0.001194094,-0.000326278,0.003765874,0.003964104,0.016105615,0.015908770,-0.028250209,-0.004211568,0.003873047,0.028823811,0.003964104,0.016105615
428,429,0.534304370,-3.406193165,0.534304370,-3.406193165,0.533166600,-3.393081441,-0.001220236,-0.000364722,0.003790405,0.003998646,0.013114969,0.013111724,-0.028705123,-0.002836138,0.003895769,0.029106783,0.003998646,0.013114969
429,430,0.531739647,0.049862613,0.531739647,0.049862613,0.530839034,0.063075612,-0.001007659,-0.000576372,0.003781570,0.003955737,0.013324719,0.013213000,-0.028441086,-0.003263420,0.003880621,0.028889522,0.003955737,0.013324719
430,431,0.541631251,1.614731750,0.541631251,1.614731750,0.540458686,1.632712564,-0.001253734,-0.000525002,0.003848135,0.004081129,0.017998018,0.017980813,-0.028931567,-0.004641308,0.003950243,0.029566564,0.004081129,0.017998018
431,432,0.530717158,1.596088794,0.530717158,1.596088794,0.529644575,1.607488283,-0.001145094,-0.000533736,0.003847649,0.004049755,0.011470425,0.011399489,-0.028384554,-0.005153553,0.003945313,0.029117134,0.004049755,0.011470425
432,433,0.538083602,1.687333308,0.538083602,1.687333308,0.537016817,1.703184183,-0.001210134,-0.000392874,0.003825457,0.004031488,0.015971748,0.015850875,-0.028880223,-0.006216167,0.003930525,0.029801964,0.004031488,0.015971748
433,434,0.536200626,-0.561903860,0.536200626,-0.561903860,0.534978568,-0.544547831,-0.001304902,-0.000455612,0.003839100,0.004080323,0.017411211,0.017356029,-0.028913439,-0.005764787,0.003954609,0.029746574,0.004080323,0.017411211
434,435,0.531013363,-4.123109093,0.531013363,-4.123109093,0.529962466,-4.110908644,-0.001131762,-0.000460469,0.003824990,0.004015403,0.012228444,0.012200449,-0.029233525,-0.002846145,0.003919245,0.029632077,0.004015403,0.012228444
435,436,0.523496692,-2.191544623,0.523496692,-2.191544623,0.522375388,-2.175166630,-0.001148583,-0.000407568,0.003830087,0.004019319,0.016435915,0.016377993,-0.029006788,-0.002405858,0.003919654,0.029369126,0.004019319,0.016435915
436,437,0.531955107,1.898866506,0.531955107,1.898866506,0.531017859,1.914865069,-0.001014911,-0.000386342,0.003822534,0.003973798,0.016061212,0.015998563,-0.029599316,-0.003367763,0.003911709,0.030046012,0.003973798,0.016061212
437,438,0.528002337,0.981321011,0.528002337,0.981321011,0.527026012,1.005790966,-0.001091378,-0.000587946,0.003785519,0.003983333,0.024590560,0.024469955,-0.029274014,-0.003626442,0.003886749,0.029752745,0.003983333,0.024590560
438,439,0.536909900,-1.291983334,0.536909900,-1.291983334,0.536061052,-1.275009449,-0.000903208,-0.000640698,0.003826815,0.003983816,0.017015970,0.016973885,-0.030034221,-0.002748482,0.003912303,0.030412410,0.003983816,0.017015970
439,440,0.539802098,1.358502606,0.539802098,1.358502606,0.538932906,1.375946737,-0.000972833,-0.000549714,0.003831115,0.003990744,0.017643803,0.017444131,-0.030365864,-0.003991867,0.003908720,0.030875537,0.003990744,0.017643803
440,441,0.519479862,-3.872497884,0.519479862,-3.872497884,0.518629687,-3.856129492,-0.000928831,-0.000444955,0.003796930,0.003934131,0.016376019,0.016368391,-0.029656695,-0.000932952,0.003876810,0.029923563,0.003934131,0.016376019
441,442,0.519987186,2.548737941,0.519987186,2.548737941,0.519124645,2.564294326,-0.000912568,-0.000512411,0.003834284,0.003974554,0.015705726,0.015556385,-0.029593036,-0.003638887,0.003914048,0.030071732,0.003974554,0.015705726
442,443,0.542103013,1.783081414,0.542103013,1.783081414,0.541198456,1.806293634,-0.000965144,-0.000558048,0.003780213,0.003941184,0.023333670,0.023212220,-0.030849616,-0.004521853,0.003869113,0.031418402,0.003941184,0.023333670
443,444,0.529256433,0.060128195,0.529256433,0.060128195,0.528364474,0.077477337,-0.001005767,-0.000341993,0.003811816,0.003957078,0.017468476,0.017349142,-0.030605766,-0.003974001,0.003909296,0.031109294,0.003957078,0.017468476
444,445,0.367482925,-9.043281266,0.367482925,-9.043281266,0.366671703,-9.029366524,-0.000956058,-0.000245397,0.003790550,0.003916955,0.013948055,0.013914742,-0.021332692,0.002663882,0.003874319,0.021844688,0.003916955,0.013948055
445,446,0.532776461,-0.279733176,0.532776461,-0.279733176,0.531965118,-0.262073378,-0.000798921,-0.000185510,0.003770902,0.003859066,0.017790223,0.017659798,-0.031548590,0.000445874,0.003840938,0.031784668,0.003859066,0.017790223
446,447,0.525414763,3.725841910,0.525414763,3.725841910,0.524821383,3.740443261,-0.000673560,-0.000172257,0.003760566,0.003824292,0.014666786,0.014601351,-0.031276535,-0.001619988,0.003826293,0.031551332,0.003824292,0.014666786
447,448,0.522019010,-0.940855758,0.522019010,-0.940855758,0.521483618,-0.927174976,-0.000654212,-0.000087854,0.003753354,0.003810955,0.013795673,0.013680782,-0.031347013,-0.000184742,0.003805317,0.031577679,0.003810955,0.013795673
448,449,0.528387906,-8.601597796,0.528387906,-8.601597796,0.527802494,-8.585909740,-0.000674339,-0.000286175,0.003795879,0.003865919,0.015784813,0.015688056,-0.030987327,0.006187118,0.003864544,0.031834409,0.003865919,0.015784813
449,450,0.516860988,-0.590627513,0.516860988,-0.590627513,0.516282441,-0.575197961,-0.000679600,-0.000068405,0.003801046,0.003861927,0.015457257,0.015429552,-0.031005973,0.004428615,0.003858876,0.031557471,0.003861927,0.015457257
450,451,0.513291673,-0.173845959,0.513291673,-0.173845959,0.512805882,-0.160759768,-0.000657932,-0.000245969,0.003777656,0.003842403,0.013198459,0.013086191,-0.030709975,0.004974813,0.003836160,0.031345932,0.003842403,0.013198459
451,452,0.532181096,-3.823239083,0.532181096,-3.823239083,0.531471187,-3.807146317,-0.000824782,-0.000169305,0.004260758,0.004343154,0.016196484,0.016092766,-0.031504520,0.007697348,0.004329939,0.032718991,0.004343154,0.016196484
452,453,0.530014941,-7.052200075,0.530014941,-7.052200075,0.529293739,-7.038385744,-0.000728000,-0.000099033,0.003793374,0.003863868,0.013865271,0.013814331,-0.030118039,0.012145731,0.003858162,0.032703217,0.003863868,0.013865271
453,454,0.522883093,0.187097381,0.522883093,0.187097381,0.522435398,0.197806638,-0.000598860,-0.000028234,0.003761479,0.003808957,0.010714964,0.010709257,-0.030725040,0.010090735,0.003808173,0.032563065,0.003808957,0.010714964
454,455,0.543991214,-3.153668254,0.543991214,-3.153668254,0.543351683,-3.139723345,-0.000674107,-0.000159467,0.003767522,0.003830675,0.013980642,0.013944909,-0.030735516,0.013437829,0.003827535,0.033762364,0.003830675,0.013980642
455,456,0.378571812,-6.686451991,0.378571812,-6.686451990,0.377896388,-6.672491393,-0.000683336,-0.000163871,0.003757343,0.003822490,0.014094217,0.013960597,-0.019386182,0.012919433,0.003807987,0.023605858,0.003822490,0.014094217
456,457,0.347668841,-5.880116413,0.347668841,-5.880116413,0.347268234,-5.868415728,-0.000640839,-0.000056018,0.003743045,0.003797920,0.011733090,0.011700684,-0.016757662,0.013701213,0.003783574,0.021974028,0.003797920,0.011733090
457,458,0.370323389,-6.819256186,0.370323389,-6.819256185,0.369775730,-6.808089276,-0.000659575,-0.000087664,0.003729414,0.003788305,0.011210147,0.011166910,-0.015886371,0.016817490,0.003769565,0.023439590,0.003788305,0.011210147
458,459,0.542150920,-3.868949028,0.542150920,-3.868949028,0.541640986,-3.857040649,-0.000587195,-0.000122414,0.003739281,0.003787084,0.011984364,0.011908379,-0.023372730,0.024729620,0.003784194,0.034236803,0.003787084,0.011984364
459,460,0.509400840,2.520373550,0.509400840,2.520373550,0.508922291,2.531008991,-0.000595495,-0.000088756,0.003743196,0.003791307,0.010735323,0.010635441,-0.023739037,0.021673118,0.003778106,0.032365723,0.003791307,0.010735323
460,461,0.564232705,-8.738788901,0.564232705,-8.738788901,0.563805982,-8.729582759,-0.000535821,-0.000067949,0.003733558,0.003772423,0.009258712,0.009206142,-0.019856291,0.029654895,0.003782158,0.035888575,0.003772423,0.009258712
461,462,0.360405766,-6.436624087,0.360405766,-6.436624087,0.360017403,-6.430657493,-0.000459295,-0.000074721,0.003870658,0.003898529,0.006015304,0.005966594,-0.011485594,0.019737019,0.003890716,0.023164768,0.003898529,0.006015304
462,463,0.527963861,3.147426461,0.527963861,3.147426462,0.527641049,3.157659239,-0.000360755,-0.000178614,0.003720128,0.003741844,0.010292301,0.010232778,-0.019494392,0.027194289,0.003747997,0.033669098,0.003741844,0.010292301
463,464,0.564056941,-2.682744673,0.564056941,-2.682744673,0.563497788,-2.673723258,-0.000661487,0.000046335,0.003731406,0.003789868,0.009104141,0.009021415,-0.019005093,0.030612355,0.003776099,0.036229390,0.003789868,0.009104141
464,465,0.522879183,-4.211072556,0.522879183,-4.211072556,0.522370011,-4.203756103,-0.000591799,0.000004702,0.003724431,0.003771158,0.007366380,0.007316453,-0.015034423,0.029924324,0.003751152,0.033698222,0.003771158,0.007366380
465,466,0.537769311,0.077827897,0.537769311,0.077827897,0.537057721,0.083922096,-0.000770693,0.000090084,0.003747313,0.003826805,0.006126841,0.006094200,-0.016795327,0.030250020,0.003780515,0.034805733,0.003826805,0.006126841
466,467,0.544417563,-2.868243101,0.544417563,-2.868243101,0.543781965,-2.860775935,-0.000702653,-0.000076523,0.004138717,0.004198637,0.007495910,0.007467166,-0.014225391,0.031890643,0.004173456,0.035168063,0.004198637,0.007495910
467,468,0.517488896,1.589836444,0.517488896,1.589836444,0.516965967,1.596307235,-0.000654887,-0.000011854,0.003734084,0.003791094,0.006499682,0.006470790,-0.015978472,0.029268505,0.003766306,0.033558039,0.003791094,0.006499682
468,469,0.548619688,2.080654738,0.548619688,2.080654738,0.547835740,2.085839667,-0.000807796,0.000188053,0.004058848,0.004142722,0.005216789,0.005184929,-0.018008027,0.030696261,0.004092823,0.035823186,0.004142722,0.005216789
469,470,0.544713938,-1.332792987,0.544713938,-1.332792987,0.544236882,-1.328181388,-0.000565922,0.000005883,0.004714779,0.004748625,0.004627278,0.004611599,-0.016605521,0.031140810,0.004744477,0.035609036,0.004748625,0.004627278
470,471,0.535638065,-6.742410913,0.535638065,-6.742410913,0.534950092,-6.742443200,-0.000860845,0.000052423,0.005349464,0.005418540,0.000974766,-0.000032287,-0.011614941,0.032796804,0.005387413,0.035207405,0.005418540,0.000974766
471,472,0.540047035,-0.219455179,0.540047035,-0.219455179,0.539420073,-0.211595815,-0.000672579,-0.000142810,0.004289894,0.004344646,0.007888982,0.007859365,-0.012748093,0.032584005,0.004318443,0.035254506,0.004344646,0.007888982
472,473,0.539275210,-3.048293787,0.539275210,-3.048293787,0.538577685,-3.037073392,-0.000814713,-0.000493425,0.004105072,0.004214124,0.011231872,0.011220396,-0.010613983,0.033064992,0.004170403,0.034976315,0.004214124,0.011231872
473,474,0.368125315,-5.190999109,0.368125315,-5.190999109,0.367415746,-5.180828789,-0.000735310,-0.000341056,0.003702682,0.003790363,0.010232681,0.010170319,-0.003481157,0.023461030,0.003738409,0.024010708,0.003790363,0.010232681
474,475,0.546233349,-6.011844091,0.546233349,-6.011844091,0.545571105,-6.005578482,-0.000709020,-0.000233631,0.003728564,0.003802562,0.006397520,0.006265609,-0.003437442,0.035283067,0.003753981,0.035648327,0.003802562,0.006397520
475,476,0.529244805,-0.707207853,0.529244805,-0.707207853,0.528655223,-0.700727134,-0.000765090,-0.000267233,0.004873435,0.004940359,0.006495492,0.006480719,-0.003410135,0.034190152,0.004893609,0.034706526,0.004940359,0.006495492
476,477,0.521215338,1.884233851,0.521215338,1.884233851,0.520194091,1.891677179,-0.001060620,-0.000243467,0.005631380,0.005735558,0.007487117,0.007443328,-0.005075080,0.033544395,0.005633632,0.034390706,0.005735558,0.007487117
477,478,0.548367689,-4.311235458,0.548367689,-4.311235458,0.547709578,-4.301150107,-0.000736491,-0.000423799,0.005207733,0.005276600,0.010084657,0.010085351,-0.001716352,0.035576774,0.005234396,0.036000717,0.005276600,0.010084657
478,479,0.522300675,-3.163619537,0.522300675,-3.163619537,0.521874797,-3.150103473,-0.000606417,-0.000497071,0.003958211,0.004035128,0.013532567,0.013516065,0.000171986,0.033877274,0.003986605,0.034111469,0.004035128,0.013532567
479,480,0.531900478,-1.272726031,0.531900478,-1.272726031,0.531186671,-1.256555665,-0.000794516,-0.000395120,0.003725749,0.003829959,0.016203082,0.016170367,0.000161026,0.034720830,0.003758768,0.034924064,0.003829959,0.016203082
480,481,0.511283265,1.681568511,0.511283265,1.681568511,0.510620788,1.696015793,-0.000809007,-0.000432024,0.003817870,0.003926483,0.014463443,0.014447282,-0.001263725,0.033457081,0.003851950,0.033701792,0.003926483,0.014463443
481,482,0.547595525,1.159024539,0.547595525,1.159024539,0.546908365,1.173714766,-0.000752968,-0.000218395,0.004485799,0.004553795,0.014736032,0.014690227,-0.001678058,0.036184531,0.004511002,0.036503223,0.004553795,0.014736032
482,483,0.522141511,2.475229865,0.522141511,2.475229865,0.521175748,2.492526947,-0.001052222,-0.000265456,0.005786375,0.005887255,0.017394713,0.017297081,-0.003661425,0.034448881,0.005798457,0.035124828,0.005887255,0.017394713
483,484,0.542756810,1.823550279,0.542756810,1.823550279,0.542140598,1.839940073,-0.000713767,-0.000097801,0.004086105,0.004149130,0.016467395,0.016389794,-0.004819227,0.035969959,0.004089735,0.036521073,0.004149130,0.016467395
484,485,0.522052655,2.024042535,0.522052655,2.024042535,0.521312866,2.040519748,-0.000878810,0.000054055,0.005212989,0.005286821,0.016494568,0.016477214,-0.005721922,0.034733870,0.005215810,0.035586329,0.005286821,0.016494568
485,486,0.517353262,2.125164252,0.517353262,2.125164252,0.516725039,2.138699005,-0.000768166,-0.000007757,0.006007331,0.006056250,0.013609218,0.013534753,-0.006816731,0.034345584,0.006014924,0.035528387,0.006056250,0.013609218
486,487,0.523687688,-1.273994961,0.523687688,-1.273994961,0.523146801,-1.259130076,-0.000737812,-0.000100768,0.004508775,0.004569855,0.014907149,0.014864885,-0.006158874,0.034896466,0.004520116,0.035722913,0.004569855,0.014907149
487,488,0.550223461,-4.325315030,0.550223461,-4.325315030,0.549744758,-4.310304003,-0.000532403,-0.000292092,0.003682485,0.003732220,0.015144968,0.015011027,-0.002118890,0.037170175,0.003713548,0.037415265,0.003732220,0.015144968
488,489,0.539688508,1.902571443,0.539688508,1.902571442,0.538896643,1.913453453,-0.000983772,0.000087803,0.005362234,0.005452437,0.010938618,0.010882010,-0.005491701,0.036658480,0.005393353,0.037457859,0.005452437,0.010938618
489,490,0.547207882,1.993053821,0.547207882,1.993053820,0.546560133,2.001186802,-0.000679650,0.000101676,0.005041698,0.005088318,0.008137601,0.008132981,-0.006238987,0.037163644,0.005062810,0.038022276,0.005088318,0.008137601
490,491,0.538235612,2.215486470,0.538235612,2.215486470,0.537055651,2.227931028,-0.001248728,0.000170363,0.005709685,0.005847123,0.012477629,0.012444558,-0.007941019,0.036334780,0.005732101,0.037631543,0.005847123,0.012477629
491,492,0.547552943,-5.298667876,0.547552943,-5.298667876,0.546872478,-5.281009148,-0.000915525,-0.000122755,0.004170127,0.004271207,0.017799754,0.017658728,-0.002672735,0.037486472,0.004201782,0.037815792,0.004271207,0.017799754
492,493,0.542542238,1.100249988,0.542542238,1.100249988,0.541383456,1.111290744,-0.001300760,0.000097598,0.005545188,0.005696544,0.011070982,0.011040756,-0.005879670,0.037273902,0.005580716,0.038145231,0.005696544,0.011070982
493,494,0.539284869,1.995170582,0.539284869,1.995170582,0.537953984,2.011402438,-0.001433500,-0.000068213,0.005393670,0.005581331,0.016272183,0.016231856,-0.007354552,0.036708260,0.005427800,0.037829179,0.005581331,0.016272183
494,495,0.549331162,1.771769331,0.549331162,1.771769331,0.547825038,1.791173717,-0.001565154,0.000031894,0.004940797,0.005182876,0.019412723,0.019404386,-0.008292567,0.037457730,0.004999541,0.038689063,0.005182876,0.019412723
495,496,0.530880899,1.957420471,0.530880899,1.957420471,0.529681520,1.972423340,-0.001319027,0.000129614,0.004323169,0.004521772,0.015038812,0.015002869,-0.009090052,0.036216250,0.004356259,0.037592855,0.004521772,0.015038812
496,497,0.537359211,-3.936250287,0.537359211,-3.936250287,0.536330171,-3.916385847,-0.001120059,0.000088079,0.004388885,0.004530409,0.019923502,0.019864440,-0.005266735,0.037496184,0.004414256,0.038120703,0.004530409,0.019923502
497,498,0.541489647,-3.956598280,0.541489647,-3.956598280,0.540099703,-3.927605886,-0.001577091,-0.000091554,0.004876162,0.005125676,0.029043609,0.028992395,-0.002382839,0.038060732,0.004915328,0.038450718,0.005125676,0.029043609
498,499,0.543902285,0.693426737,0.543902285,0.693426737,0.542743377,0.715592057,-0.001238852,-0.000138729,0.004218561,0.004398893,0.022236619,0.022165321,-0.005272513,0.038287606,0.004271860,0.038884302,0.004398893,0.022236619
499,500,0.537486147,1.917182446,0.537486147,1.917182446,0.536095653,1.939871960,-0.001482931,-0.000189325,0.004817327,0.005043963,0.022717115,0.022689514,-0.005979317,0.037872465,0.004862659,0.038648691,0.005043963,0.022717115
500,501,0.530565546,1.813154976,0.530565546,1.813154976,0.529106624,1.830589042,-0.001624762,-0.000203723,0.005420018,0.005661975,0.017439762,0.017434066,-0.007496901,0.037332318,0.005474617,0.038469169,0.005661975,0.017439762
501,502,0.526508388,1.718108637,0.526508388,1.718108637,0.525605009,1.738897054,-0.000868160,-0.000282572,0.005698019,0.005770699,0.020832398,0.020788417,-0.008200199,0.037008122,0.005724053,0.038335482,0.005770699,0.020832398
502,503,0.652585165,2.142869876,0.652585165,2.142869876,0.651394199,2.176617406,-0.001299115,-0.000310888,0.003763352,0.003993391,0.033761933,0.033747530,-0.011645140,0.045622411,0.003802843,0.047238494,0.003993391,0.033761933
503,504,0.536923704,1.816655630,0.536923704,1.816655630,0.535126334,1.860221645,-0.001867483,-0.000548368,0.003749374,0.004224453,0.043673503,0.043566015,-0.011954503,0.036864496,0.003831377,0.038943300,0.004224453,0.043673503
504,505,0.582643546,-3.127030794,0.582643546,-3.127030794,0.581350715,-3.102340781,-0.001334622,-0.000356529,0.003745398,0.003992033,0.024695013,0.024690013,-0.009122970,0.041775688,0.003812178,0.042929819,0.003992033,0.024695013
505,506,0.329493962,-5.270376819,0.329493962,-5.270376819,0.328334346,-5.245290925,-0.001317550,-0.000568736,0.003757158,0.004021894,0.025202719,0.025085894,-0.001741856,0.023860911,0.003802514,0.024224704,0.004021894,0.025202719
506,507,0.617181745,0.077968829,0.617181745,0.077968829,0.616249234,0.104867126,-0.001071942,-0.000529635,0.003738201,0.003924757,0.026943687,0.026898297,-0.005180986,0.045374604,0.003803316,0.045827530,0.003924757,0.026943687
507,508,0.580262412,2.204691734,0.580262412,2.204691734,0.579226964,2.229557475,-0.001093487,-0.000408405,0.003736862,0.003914926,0.024939904,0.024865741,-0.007073523,0.042731869,0.003792006,0.043479037,0.003914926,0.024939904
508,509,0.348847981,-5.677159647,0.348847981,-5.677159647,0.348098928,-5.653563328,-0.000936480,-0.000602194,0.003757111,0.003918611,0.023697424,0.023596319,0.000279851,0.025769819,0.003776397,0.026046556,0.003918611,0.023697424
509,510,0.531424499,-1.486287612,0.531424499,-1.486287612,0.529936662,-1.455503243,-0.001742011,-0.000139675,0.006987532,0.007202757,0.031056969,0.030784369,-0.001193102,0.040385640,0.007037313,0.041011549,0.007202757,0.031056969
510,511,0.547075016,1.598796218,0.547075016,1.598796218,0.546315151,1.609236770,-0.000872773,-0.000264476,0.004053889,0.004155201,0.010624355,0.010440552,-0.002500609,0.041656568,0.004090566,0.041931557,0.004155201,0.010624355
511,512,0.362723664,-5.101639258,0.362723664,-5.101639259,0.361987687,-5.081183189,-0.000869440,-0.000253348,0.003752939,0.003860656,0.020979229,0.020456070,0.001897878,0.027541320,0.003774667,0.027863495,0.003860656,0.020979229
512,513,0.594608479,3.572692068,0.594608479,3.572692068,0.593558451,3.603404285,-0.001079629,0.001558707,0.004394339,0.004785957,0.101291153,0.030712217,-0.001926094,0.047462615,0.004385392,0.047703682,0.004785957,0.101291153
513,514,0.636309886,2.956006270,0.636309886,2.956006270,0.647170797,2.794543842,0.011626989,0.031358221,-0.007118990,0.034193639,0.162531364,-0.161462428,0.003787520,0.081773201,-0.008344316,0.082285049,0.034193639,0.162531364
