current_kf,historical_kf,current_submap,historical_submap,overlap,loop_rmse,frontend_world_x,frontend_world_y,frontend_world_z,loop_world_x,loop_world_y,loop_world_z,world_error_dx,world_error_dy,world_error_dz,world_error_norm,frontend_rel_tx,frontend_rel_ty,frontend_rel_tz,frontend_rel_roll_deg,frontend_rel_pitch_deg,frontend_rel_yaw_deg,loop_rel_tx,loop_rel_ty,loop_rel_tz,loop_rel_roll_deg,loop_rel_pitch_deg,loop_rel_yaw_deg,relative_error_tx,relative_error_ty,relative_error_tz,relative_error_roll_deg,relative_error_pitch_deg,relative_error_yaw_deg,relative_translation_norm,relative_rotation_deg,graph_correction_translation,graph_correction_rotation_deg,graph_gate_pass
55,2,5,0,0.863149217,0.481757201,29.482452672,2.686762857,-0.136313018,3.491700888,0.004465587,0.251096725,25.990751784,2.682297270,-0.387409743,26.131666294,28.561341663,0.658615442,0.314451875,0.294176290,0.895012641,3.208881293,2.445066571,-0.237503642,0.280848869,-4.124414050,3.172285514,5.307421814,26.045457072,-1.625782388,1.363789406,4.534833725,-2.118264972,-2.258129024,26.131760829,5.455888209,26.131666294,5.455888209,0
56,5,5,0,0.822368421,0.496113834,30.033467188,2.737927789,-0.142552971,2.560614824,0.019640388,0.704571784,27.472852364,2.718287401,-0.847124754,27.619998620,27.498117822,-1.134735076,0.275650829,0.317305849,0.538291791,-2.508924653,-0.104375073,-0.236838902,0.676265611,-4.810278306,10.053395833,-1.685144062,27.262948112,-0.456695782,4.403767411,5.338642411,-9.410256846,-1.637230607,27.620102792,10.873214058,27.619998620,10.873214058,0
57,6,5,0,0.826938136,0.462100486,30.593370277,2.799882567,-0.152130594,3.152645350,0.054498255,0.595423281,27.440724928,2.745384311,-0.747553875,27.587847984,27.573264935,0.162904299,-0.228076109,0.513046666,2.207000611,2.559177215,0.000049301,-0.242228455,0.573798843,-2.631302650,9.596325067,5.153269164,27.247082855,-2.245108776,3.694286271,3.598733518,-7.251733672,-2.951298172,27.587892064,8.536540286,27.587847984,8.536540286,0
58,4,5,0,0.851694915,0.474399766,31.149012316,2.891005697,-0.169473264,3.324288368,0.280020684,0.570127666,27.824723947,2.610985013,-0.739600930,27.956743641,29.157486776,-1.093304720,0.137388658,0.073843676,1.649422347,1.859652682,1.222974616,-0.066721218,0.571752282,-0.992769216,10.143138757,4.339270872,27.419141956,-3.214121415,4.409100360,1.517878954,-8.439462288,-2.653616637,27.956753889,8.942014240,27.956743641,8.942014240,0
59,8,5,0,0.867811159,0.451970356,31.741118319,2.917040919,-0.180467801,4.184390545,0.089198776,0.418310016,27.556727774,2.827842144,-0.598777818,27.707913521,27.639482633,-1.534838396,-0.180139559,-0.405673647,2.026128104,-3.183801461,-0.036998816,-0.341424108,0.382540303,-2.720877892,5.226622493,-0.680007268,27.624898260,-0.957079344,1.918711786,2.544867267,-3.072987232,-2.655101375,27.707985486,4.754172169,27.707913521,4.754172169,0
60,9,5,0,0.874789916,0.455554326,32.340653830,2.955478950,-0.190234014,4.652369976,0.101188093,0.270745248,27.688283854,2.854290857,-0.460979261,27.838831530,27.772274722,0.284961461,-0.066338095,0.015321798,1.854579159,0.037079898,-0.057749845,-0.353709946,0.220667758,-3.415056589,2.199387248,2.249401900,27.824155077,-0.499875038,0.752916255,3.512728691,-0.210822615,-2.227713072,27.838828346,4.161261284,27.838831530,4.161261284,0
61,8,5,0,0.828525641,0.474180656,32.907999928,3.018919575,-0.199501288,4.080241680,0.052031245,0.258718520,28.827758248,2.966888330,-0.458219809,28.983651208,28.808836665,-1.603075501,-0.197719969,0.387799992,0.837622536,-1.312639858,-0.145198486,-0.362458242,0.222702092,-4.563265633,2.066523740,1.239763755,28.916831165,-1.910445495,0.472215523,5.039268283,-1.019928580,-2.642216729,28.983718086,5.759633388,28.983651208,5.759633388,0
62,8,5,0,0.818847210,0.491403853,33.647493087,3.107410990,-0.206388496,4.177574158,0.380760521,0.463144273,29.469918930,2.726650470,-0.669532768,29.603361610,29.553356713,-1.622666102,-0.203585347,0.184218645,1.709417049,-0.429915259,-0.001554880,-0.052136804,0.428599046,-1.307470429,7.340535585,-0.082083298,29.395703480,-1.599663140,3.113731162,1.542634760,-5.621567188,-0.478190783,29.603405665,5.842587506,29.603361610,5.842587506,0
65,19,6,1,0.769918699,0.497621335,35.347223235,3.324071340,-0.248996474,8.080601356,0.497943058,0.294613234,27.266621879,2.826128283,-0.543609708,27.418081284,25.499294529,3.000969898,-0.154519180,-0.311928085,1.542971858,10.592017010,-1.763135699,0.109528669,0.233613502,-3.903423662,8.113844378,13.672148273,26.956201868,-3.860886931,3.195597730,4.047139371,-6.332986897,-3.539733893,27.418152963,8.209627826,27.418081284,8.209627826,0
66,15,6,1,0.689381933,0.512622396,35.796869316,3.323390302,-0.239522767,7.342975690,0.919160136,0.243507059,28.453893626,2.404230166,-0.483029826,28.559371544,27.501254898,6.620263053,-0.140520155,-0.935096492,1.648460692,11.571735139,-0.376312331,0.425726307,0.186072680,-2.752263650,4.016233382,7.763355250,28.411930112,2.289214781,1.779421242,1.547004409,-2.539010983,3.692559221,28.559492590,4.767027464,28.559371544,4.767027464,0
67,19,6,1,0.763333333,0.470123195,36.358674702,3.391012737,-0.251938595,8.884300153,0.814183123,0.266307248,27.474374548,2.576829614,-0.518245843,27.599816783,26.510586173,3.070292439,-0.151785792,-0.951659858,1.385105735,6.899878376,-0.960043464,0.427722383,0.210453482,-1.826148257,8.143183771,8.933146136,27.321358581,-1.767267236,3.488940928,1.175769503,-6.684276976,-2.261891807,27.599865525,7.131646861,27.599816783,7.131646861,0
75,30,7,2,0.677533040,0.478047438,41.026452194,3.751912748,-0.344242009,11.591789657,1.817000641,-0.137149250,29.434662537,1.934912106,-0.207092759,29.498917454,25.277053755,-1.465452599,0.193594687,-0.809377805,1.104962288,-3.180886082,-4.101389985,1.158838251,-0.260576950,3.153771777,-0.206735835,-0.983604358,29.420623465,-2.097209164,0.464107893,-3.969440265,1.188686698,-2.266194872,29.498928243,4.702736256,29.498917454,4.702736256,0
76,30,7,2,0.635067114,0.507342866,41.784429888,3.767271368,-0.361345215,13.043548805,1.923204118,-0.110921072,28.740881083,1.844067249,-0.250424143,28.801068412,26.028526341,-1.567175456,0.193664532,-0.745527004,1.267867438,-5.831999699,-2.651538432,1.040322091,-0.201788239,6.034221899,-0.191075843,2.828352043,28.517763529,-3.965666775,0.721210871,-6.739753666,0.541873373,-8.765133640,28.801206481,11.040737492,28.801068412,11.040737492,0
78,31,7,2,0.690579084,0.492382001,42.970417173,3.894960985,-0.401880833,12.033154549,1.970122405,-0.265607061,30.937262624,1.924838580,-0.136273772,30.997383644,26.592703402,-2.559506158,0.080381188,-1.657812488,1.002889254,-2.880123997,-4.150566932,1.373320068,-0.390787357,3.105949439,-0.631247066,3.021294468,30.496639972,-5.532314558,0.435574327,-4.813023730,1.309171589,-5.982269634,30.997439877,7.744985633,30.997383644,7.744985633,0
79,30,7,2,0.685643564,0.485598530,43.545123569,3.986637607,-0.406701898,13.056736540,2.001678160,-0.346256701,30.488387029,1.984959447,-0.060445198,30.552994309,27.802554189,-1.622016461,0.187445910,-1.017508533,0.617648204,1.159554472,-2.621275077,1.114045847,-0.437083558,3.647461731,-2.788632978,5.650887944,30.001500562,-5.760187800,-0.470576752,-4.877744760,3.104914181,-4.705710952,30.553088910,7.369376644,30.552994309,7.369376644,0
80,30,7,2,0.678253840,0.486781756,44.141630194,4.115376763,-0.417822791,13.736138672,2.093837813,-0.262907149,30.405491522,2.021538950,-0.154915642,30.473013196,28.411876273,-1.586795264,0.189359987,-0.790260550,0.728713385,3.197723322,-1.937770851,1.101069399,-0.338689499,3.144948144,-3.349472642,7.020302501,29.773633177,-6.434116654,-0.861888399,-4.159041569,3.854534804,-4.049426130,30.473101931,6.884742374,30.473013196,6.884742374,0
81,30,7,2,0.690972222,0.518437612,44.731958907,4.256933714,-0.419268966,13.539943055,2.124743955,-0.293551944,31.192015852,2.132189759,-0.125717022,31.265058626,29.016860911,-1.537884770,0.200753110,-0.442964081,0.978671991,5.459408930,-2.126138946,1.161598394,-0.373913284,4.663625995,-3.948839236,9.921760247,30.179965330,-8.121071387,-0.849783398,-5.415071011,4.535540680,-4.862542278,31.265064203,8.450417673,31.265058626,8.450417673,0
82,30,7,2,0.618296530,0.503446365,45.326444440,4.317301627,-0.442126242,13.495082949,3.013071470,-0.301115054,31.831361491,1.304230157,-0.141011187,31.858381548,29.613901046,-1.569994065,0.191168797,-0.607889975,0.890814821,-1.276050348,-2.033321449,2.046149556,-0.386142655,2.385905536,0.213635911,-9.343332527,31.812102378,1.597390996,0.629983766,-3.000525172,1.013425525,8.031992506,31.858411687,8.657515613,31.858381548,8.657515613,0
83,2,7,0,0.694883721,0.549368695,45.485304951,4.264884232,-0.452968178,1.189857841,1.242993951,-0.058269899,44.295447110,3.021890281,-0.394698278,44.400160386,44.637700334,1.137532284,0.256579822,-0.511746903,0.977827527,-1.917312655,0.238649570,1.157464082,-0.056687352,4.592016381,2.053446932,-2.141830801,44.329065440,1.786570923,1.765522889,-5.112554458,-1.054183021,0.310012751,44.400168350,5.226436940,44.400160386,5.226436940,0
85,8,8,0,0.642479214,0.539770736,46.195245337,4.158143472,-0.456272352,1.699597955,0.582313597,0.065333381,44.495647382,3.575829874,-0.521605733,44.642146765,42.121270786,-2.400571977,-0.438032611,-0.084074473,1.806111748,-13.591606044,-2.423568821,0.508031269,0.029470735,2.822756046,3.001989218,-13.046804055,44.015669912,7.304205537,1.482248591,-2.878839808,-1.221128323,-0.485103603,44.642218551,3.169143366,44.642146765,3.169143366,0
86,0,8,0,0.610612855,0.573804650,46.811097964,4.102027600,-0.472218766,1.614934444,0.301283091,-0.362250686,45.196163520,3.800744508,-0.109968080,45.355825962,46.811097964,4.102027600,-0.472218766,-0.192298043,2.425264408,-4.477938896,1.614934444,0.301283091,-0.362250686,2.982306053,-2.569355666,-9.532442076,43.893656437,11.109558564,-2.661391020,-2.948306194,5.241304167,4.803190069,45.355907763,7.778356064,45.355825962,7.778356064,0
87,36,8,3,0.546626232,0.563666863,47.425582729,4.034909649,-0.478153444,14.661246704,0.088151882,0.020987729,32.764336025,3.946757766,-0.499141173,33.004965595,28.359272883,-1.957261553,0.256003365,0.467747178,0.758893887,-13.483490492,-4.627240703,-0.911843775,-0.097234473,-0.477848730,2.284725184,-3.119510778,32.954448691,0.737245379,1.674524510,1.349012569,-1.402533729,-10.378487839,33.005200373,10.542634848,33.004965595,10.542634848,0
88,37,8,3,0.568793236,0.585626658,48.203087746,3.962438374,-0.494739590,15.598873145,-0.081213654,0.157119600,32.604214601,4.043652028,-0.651859190,32.860475528,28.592041021,-1.090700941,0.220404157,0.422538296,-0.012820109,-10.842938827,-4.267110224,-1.333724142,0.053158640,-1.211079600,3.861340840,1.984060736,32.762168904,-0.944920730,2.359466795,2.463936240,-3.507405563,-12.930674616,32.860609703,13.547848356,32.860475528,13.547848356,0
89,37,8,3,0.550988142,0.580575277,48.513235343,3.881863452,-0.498121391,15.864413296,-0.111109893,0.227626302,32.648822047,3.992973345,-0.725747693,32.900093113,28.890768137,-1.206618507,0.224933502,0.560049309,0.873749878,-16.873090238,-4.008656303,-1.393854374,0.130375722,-1.785205853,5.746780501,-3.126155365,32.665837804,1.874765990,3.442536239,3.666685510,-4.280434040,-13.929033993,32.900193961,14.893166996,32.900093113,14.893166996,0
90,37,8,3,0.538970588,0.599231048,49.129624977,3.790305550,-0.515747454,16.146955000,-0.208269059,0.137298203,32.982669978,3.998574608,-0.653045656,33.230582095,29.492668460,-1.368920178,0.222964280,0.873670463,0.673195617,-14.161687271,-3.737090324,-1.523393172,0.047306460,-1.353037521,5.885139549,-1.502255830,33.021326978,0.940794963,3.603574891,3.490790136,-4.769580440,-12.822519509,33.230691875,13.981236891,33.230582095,13.981236891,0
91,36,8,3,0.440984794,0.612148948,49.557329847,3.628237660,-0.507101576,20.821322564,4.138158186,-0.233306293,28.736007283,-0.509920526,-0.273795283,28.741835317,30.405243023,-2.681133081,0.280129625,1.440061278,0.697951855,-23.439889622,2.078049850,2.161605236,-0.179337346,-4.265235147,0.208408296,-109.015923341,-4.653066830,28.247816354,2.550497892,1.561806588,-3.570615363,85.565211291,28.741871881,85.685372466,28.741835317,85.685372466,0
92,36,8,3,0.475197699,0.598707056,50.143570025,3.487154635,-0.517329897,20.504820582,3.637248881,0.185719897,29.638749443,-0.150094245,-0.703049793,29.647466601,30.963538309,-2.909112872,0.284392725,1.248283864,-0.200507944,-23.055856456,1.678852347,1.714354199,0.229654644,-8.427614624,0.656345135,-108.795436498,-5.058620930,28.897779079,4.278239378,1.224413420,-8.653420312,85.693070683,29.647506026,86.143606653,29.647466601,86.143606653,0
93,37,8,3,0.454861111,0.583815076,50.717099881,3.260465147,-0.515169193,21.283579489,3.282247675,-0.445216897,29.433520392,-0.021782528,-0.069952295,29.433611577,31.007653877,-2.078801026,0.264148313,1.294884501,0.597840000,-24.756720419,1.781871839,1.347300131,-0.408893778,2.103235361,-0.364025125,-107.800178842,-5.667808516,28.880681016,-0.351098436,1.401423167,2.729682078,83.039866087,29.433672204,83.052973255,29.433611577,83.052973255,0
94,28,8,2,0.596428571,0.560451856,51.280596019,3.019788286,-0.526012794,12.320379821,-0.406625849,0.516768124,38.960216198,3.426414135,-1.042780918,39.124495550,36.494709844,-2.388910291,0.188353314,1.190660037,0.960869636,-27.828205331,-2.613061658,-1.269707215,0.424456478,-5.359369613,0.875563270,-50.914119021,25.526194231,29.505868350,2.922609300,5.779351664,-1.943665759,23.005505248,39.124474490,23.883867056,39.124495550,23.883867056,0
95,20,9,1,0.584426947,0.606200513,51.503384321,2.826627173,-0.535790742,8.543243155,-0.760389923,-0.454374122,42.960141166,3.587017096,-0.081416620,43.109709455,41.223033467,-0.240400901,-0.301288460,0.470487117,1.286141886,-34.670914717,-1.878210362,-1.067852969,-0.513780343,0.807727459,-4.140396623,-36.224025462,34.207204182,26.103427230,-2.631521428,-0.228007652,5.446569386,1.482790628,43.109704663,5.652047426,43.109709455,5.652047426,0
96,16,9,1,0.623584906,0.602119490,52.034901396,2.491386419,-0.556692379,8.578903185,-0.121829505,-0.511372307,43.455998211,2.613215924,-0.045320071,43.534523449,43.533153106,5.568567231,-0.177466265,0.841542999,1.546998011,-26.370863752,0.425882172,-0.502856520,-0.572102911,0.351817681,-3.763529187,-28.480653940,34.945635696,25.880745064,-2.062245753,0.627466934,5.320912079,2.085349261,43.534621588,5.738417812,43.534523449,5.738417812,0
97,35,9,3,0.636916836,0.582356604,52.566534631,2.147554254,-0.572254605,18.492796590,-0.352246696,0.740122744,34.073738041,2.499800950,-1.312377349,34.190509841,33.939445232,-2.772463289,0.748986899,2.663481553,0.736105896,-35.701980187,-0.241131386,-1.949166299,0.712554640,-5.877760167,7.433886479,-28.651959310,30.129806204,15.178058370,5.551565847,9.443062310,-5.881914839,-7.737241053,34.190620953,13.261518658,34.190509841,13.261518658,0
98,23,9,2,0.582805430,0.532482619,53.088191626,1.806582965,-0.586599543,11.737974596,-2.095643817,0.317354385,41.350217031,3.902226782,-0.903953928,41.543771555,40.342673835,-7.983157167,0.259953296,0.357071267,-0.758686237,-45.540950701,-0.860111498,-2.671416663,0.289084358,-0.170068426,2.105553271,2.967790686,40.846080107,-7.442116638,1.450489576,2.047846448,-2.025709668,-48.552840152,41.543847681,48.596923918,41.543771555,48.596923918,0
99,36,9,3,0.540517241,0.584091267,53.571996861,1.443247216,-0.582234414,19.428696517,2.219011315,-0.148563700,34.143300344,-0.775764099,-0.433670714,34.154865519,34.044702204,-5.447236292,0.299860664,0.499682603,-0.398509607,-44.277701991,0.409987662,0.474743981,-0.137135811,-2.360023278,1.490137549,-62.021022882,20.991037270,26.861960713,2.091086982,2.295145540,-2.535694398,17.666705042,34.154958993,18.041898982,34.154865519,18.041898982,0
100,6,9,0,0.458523245,0.572088224,53.758222455,1.192019328,-0.580950103,4.318018436,-1.918045282,0.348861158,49.440204019,3.110064610,-0.929811261,49.546653008,50.516036738,-3.407899706,-0.736079625,-0.173785786,0.364823019,-48.936262712,0.992656787,-2.304623625,0.307205783,-1.540069214,9.774672338,-16.208984294,47.345395392,12.569334340,7.438300840,6.442765548,-7.005613254,-33.243349066,49.546977203,34.160296502,49.546653008,34.160296502,0
101,6,9,0,0.549172347,0.552662389,53.906792684,0.914346619,-0.581940459,5.928223133,-0.758644283,-0.098081008,47.978569551,1.672990901,-0.483859451,48.010167201,50.640413927,-3.697196002,-0.739847262,-0.584801736,0.597225838,-55.189741927,2.694821189,-1.282705020,-0.134434176,-0.816400664,1.570473056,-40.634171901,37.959985350,29.382091144,0.853873537,0.600168685,-0.717625518,-14.568105004,48.010382916,14.594172855,48.010167201,14.594172855,0
102,22,9,1,0.704569607,0.560411666,53.954682182,0.779839735,-0.571653841,12.275961961,-1.433395939,0.184537667,41.678720222,2.213235674,-0.756191508,41.744292509,41.877618250,-7.239983457,0.323289686,-0.171499509,-1.532510437,-65.858885617,0.448236203,-2.124395300,0.171572543,0.877911130,2.850155622,15.556357876,38.484673049,-16.005386865,2.313402320,2.518457170,-2.824197447,-81.495654882,41.744392422,81.506110490,41.744292509,81.506110490,0
103,36,9,3,0.772578890,0.540929863,53.994366629,0.644009454,-0.576773512,17.885040803,-0.794203533,-0.333520700,36.109325826,1.438212987,-0.243252812,36.138774745,34.341313951,-6.301080054,0.313252575,1.103061984,-1.131887723,-70.307795974,-1.565494026,-2.270925091,-0.372336198,2.956225629,-0.522183608,16.135046763,33.377469561,-13.811900538,1.095246273,0.397572236,-4.049899603,-86.424407897,36.138949004,86.487363975,36.138774745,86.487363975,0
104,23,9,2,0.836046512,0.504259303,54.011875912,0.507946488,-0.569221448,15.287839769,-1.129743992,-0.196470396,38.724036143,1.637690480,-0.372751052,38.760443091,40.956865354,-9.452809917,0.313253693,0.373566419,-2.028068787,-79.648159400,2.824506900,-2.519262161,-0.156962049,2.398388017,2.027373560,13.532251869,35.412542928,-15.578056132,2.378073127,2.535277759,-4.308855050,-93.257476811,38.760537422,93.265314082,38.760443091,93.265314082,0
105,23,10,2,0.741794311,0.489561843,54.227491682,-0.040830944,-0.549622381,14.952492043,-1.083307576,-0.149150718,39.274999639,1.042476632,-0.400471663,39.290873390,41.045791973,-10.035192200,0.344138750,0.163839893,-2.015680778,-80.507328389,2.506802915,-2.399369807,-0.117673473,2.757218248,1.393922960,10.580427579,36.459740437,-14.500741762,2.049063387,1.613216765,-4.745332154,-91.139699396,39.291002089,91.180518204,39.290873390,91.180518204,0
106,23,10,2,0.749357326,0.565233183,54.346035810,-0.602844890,-0.537375760,12.080225815,-1.198310548,-0.195378200,42.265809995,0.595465658,-0.341997559,42.271387915,41.037275671,-10.609236005,0.365668896,0.412853088,-0.985564010,-87.977845077,-0.318739051,-1.879995298,-0.226479112,-0.288226293,4.330038762,-0.354807152,41.246475497,-8.491493031,3.674280545,4.751629248,-0.874160319,-87.704375525,42.271474215,87.774074040,42.271387915,87.774074040,0
107,23,10,2,0.755102041,0.610406664,54.342192831,-0.765401747,-0.533936228,12.145817065,-0.997071490,-0.659658561,42.196375766,0.231669743,0.125722333,42.197199016,40.997628810,-10.766879983,0.370944618,0.381158464,-0.722188943,-93.328709060,-0.201539641,-1.705794644,-0.691531855,-1.013821969,-1.427554849,-5.715043004,41.910238196,-4.913032767,-0.068570192,-1.002747707,0.350399475,-87.596548010,42.197282595,87.598740847,42.197199016,87.598740847,0
108,15,10,1,0.680053548,0.533146886,54.411419894,-1.371997644,-0.534134319,10.333165269,-1.103177232,-0.628574268,44.078254625,-0.268820413,0.094439948,44.079175515,46.578698872,4.461243663,-0.297758392,0.149114646,-0.671359010,-73.953220810,2.863680534,-1.181624035,-0.656826545,1.624111636,-3.885200724,14.392041736,43.669639632,-5.471444676,-2.451770164,-3.782746488,-2.181117279,-88.302438799,44.079307042,88.459997893,44.079175515,88.459997893,0
109,23,10,2,0.730113636,0.566542823,54.523695257,-1.947648698,-0.528055772,12.325049733,0.579423318,-0.433480236,42.198645524,-2.527072016,-0.094575535,42.274350635,40.913910272,-11.959819776,0.394849040,1.029605061,-1.161600740,-90.638260555,0.316444101,-0.203929484,-0.480082697,1.567432797,-1.529805796,-9.737856960,42.009327485,-4.724808742,-0.117465982,-0.729948231,-2.466855447,-80.865616323,42.274356431,80.915242485,42.274350635,80.915242485,0
112,36,10,3,0.735005453,0.469937883,54.664855753,-3.657675662,-0.496073864,18.471206609,-0.750482497,0.108405829,36.193649144,-2.907193165,-0.604479693,36.315250325,34.352522621,-10.654659271,0.395625543,1.495545628,-1.301312054,-94.060563007,-0.991055959,-2.316067190,0.084592719,1.522627809,4.702507337,-2.312903320,35.505786811,-6.817113855,3.415099540,6.245971513,-2.675511899,-91.850069147,36.315242574,91.899296223,36.315250325,91.899296223,0
113,28,10,2,0.769150052,0.521653704,54.728934833,-4.255218894,-0.466363838,14.496474941,-1.043947762,0.456877155,40.232459892,-3.211271132,-0.923240993,40.370973052,39.073627617,-10.014614780,0.323046349,1.387710186,-1.581285872,-90.057644309,-0.524851040,-2.155328044,0.410024511,-0.073122293,8.855275978,-3.431540622,39.534602639,-5.482727420,6.064346287,10.237395390,-2.008551645,-86.909506658,40.371046577,87.230736307,40.370973052,87.230736307,0
114,0,10,0,0.515063168,0.595832881,54.826547956,-4.858133264,-0.444465955,1.478425384,-1.264297128,0.358264744,53.348122572,-3.593836137,-0.802730699,53.475061634,54.826547956,-4.858133264,-0.444465955,0.431568360,-1.057822817,-80.199352467,1.478425384,-1.264297128,0.358264744,0.295447292,10.012910955,-4.246596518,52.793088478,0.410342129,8.504011066,10.090147824,-3.748438016,-76.332896475,53.475197764,76.645320904,53.475061634,76.645320904,0
115,36,11,3,0.769371012,0.491625152,54.948223861,-5.462507073,-0.434146938,16.630311008,-0.997688533,0.357575775,38.317912853,-4.464818540,-0.791722713,38.585280547,34.358531357,-12.481565109,0.458297734,1.597012969,-1.196753594,-85.999017421,-2.853987701,-2.282422387,0.285705747,-1.469318796,11.164112230,2.127752425,36.078406797,-11.756982534,6.997025381,12.800411957,-0.068003570,-88.394428555,38.585443363,89.119080381,38.585280547,89.119080381,0
116,33,11,3,0.783445621,0.500280650,54.951252781,-5.779457952,-0.418739055,16.863970110,-0.833506395,0.484435616,38.087282671,-4.945951557,-0.903174671,38.417694655,35.765816904,-13.287944049,0.429214885,1.856496275,-0.557145840,-92.166981552,-1.033137426,-2.253623953,0.427537988,-1.602009368,11.423821356,-5.249912418,36.908020666,-7.826440411,7.243687199,13.347322189,0.443488870,-87.088749023,38.417784465,87.954676729,38.417694655,87.954676729,0
117,35,11,3,0.753877973,0.506245745,54.937601866,-6.078543156,-0.398855727,16.720818486,-0.639934328,-0.110468001,38.216783380,-5.438608828,-0.288387727,38.602903588,35.491839941,-11.190924043,0.949722570,2.963243142,-0.821721685,-93.659012159,-1.997628987,-2.059552466,-0.208697911,1.453093593,2.975789071,-5.564575275,38.086665946,-5.371647482,3.277104631,5.890469981,-2.371860271,-88.138284357,38.602954995,88.198007965,38.602903588,88.198007965,0
118,34,11,3,0.713651498,0.529477736,54.980645497,-6.680326138,-0.378156808,17.379944814,-0.264381959,-0.160074075,37.600700684,-6.415944180,-0.218082733,38.144784594,36.773320572,-9.914341326,0.438575934,1.662773462,-1.687281918,-88.171674079,-0.488387446,-1.778480839,-0.191885364,5.130230999,0.928002915,-0.029115361,37.250751318,-7.974008238,1.954786779,2.425897572,-6.844747575,-88.157807198,38.144783031,88.250327817,38.144784594,88.250327817,0
119,34,11,3,0.688082902,0.554053997,55.044599415,-7.293478090,-0.359273722,17.014803112,-0.328616315,-0.211993363,38.029796303,-6.964861775,-0.147280359,38.662596885,36.808587500,-10.529702023,0.460699360,1.530617163,-2.156749010,-85.269291633,-0.854871918,-1.826094908,-0.251652910,2.425713484,1.184709229,2.808272321,37.169260150,-10.466306446,1.925879594,2.635845357,-4.620421394,-88.117821489,38.662727309,88.139209585,38.662596885,88.139209585,0
120,0,11,0,0.575169738,0.551516497,55.045047678,-7.888180896,-0.319671855,1.222307324,0.223208472,0.015900612,53.822740354,-8.111389369,-0.335572467,54.431559095,55.045047678,-7.888180896,-0.319671855,0.607576373,-1.175531629,-86.967949573,1.222307324,0.223208472,0.015900612,0.629139079,3.041840625,-5.079443327,54.270722678,-3.286045166,2.584146837,3.532096666,-2.225871354,-81.958632257,54.431491324,81.977548114,54.431559095,81.977548114,0
122,33,11,3,0.759887006,0.481778766,55.100228910,-9.248784641,-0.293581938,16.359165909,-1.113547775,0.439623359,38.741063002,-8.135236867,-0.733205297,39.592797721,35.349310109,-16.736005502,0.536360491,1.844133216,-0.058354892,-94.382463319,-1.575248671,-2.448302904,0.368596505,2.844509492,7.640146610,-2.747875148,37.211349083,-12.229593062,5.774867141,9.562032842,-2.683886442,-91.629626249,39.592884936,91.823776199,39.592797721,91.823776199,0
123,33,11,3,0.763365469,0.492426124,55.130570001,-9.862549015,-0.272827472,17.860906421,-0.970571448,-0.195319489,37.269663580,-8.891977566,-0.077507983,38.315807389,35.279592083,-17.346648878,0.554026836,1.854948114,-0.136158109,-94.116307223,-0.054588390,-2.548519185,-0.228369343,-0.383773873,-0.413321918,-2.395684476,35.926594916,-13.311423924,0.434089993,1.430296400,0.235056723,-91.719606064,38.315827842,91.731419996,38.315807389,91.731419996,0
125,14,12,1,0.555645816,0.532713153,55.213426140,-11.086091067,-0.230501272,7.031126640,-0.184158641,-0.174363011,48.182299501,-10.901932426,-0.056138260,49.400296227,48.256747960,-9.690918836,0.204125553,1.069657476,-1.240281056,-81.716272402,-0.319699005,-0.717452445,-0.237426802,0.180330932,-0.425256822,0.817086998,48.445510364,-9.664976887,0.112366974,0.624402975,-1.363766220,-82.523914126,49.400322660,82.527676914,49.400296227,82.527676914,0
126,14,12,1,0.598347107,0.582798733,55.247825464,-11.698094642,-0.219044801,8.543978393,-0.784522237,-0.529610919,46.703847071,-10.913572405,0.310566118,47.963025813,48.315380381,-10.301050288,0.216962650,1.053298649,-0.574539585,-82.831114856,1.219343722,-1.257519590,-0.576591830,-2.451418357,-4.962753967,0.335372405,46.934752104,-9.170267285,-3.674527165,-3.581183740,2.451223322,-83.136179267,47.963182828,83.152277298,47.963025813,83.152277298,0
127,14,12,1,0.530813476,0.590982738,55.313042758,-12.301173701,-0.205311648,7.530497653,-0.561696075,0.019987517,47.782545105,-11.739477626,-0.225299165,49.204041616,48.404426521,-10.901033386,0.232367648,1.200338805,-0.548127799,-81.184920667,0.192343971,-1.074539078,-0.037478861,-1.867627023,6.055951143,3.236481110,47.286434628,-12.698422968,4.876816768,7.407375653,0.726343876,-84.510538502,49.204066778,84.822979334,49.204041616,84.822979334,0
128,46,12,4,0.637110016,0.529642899,55.378239074,-12.889719555,-0.173690836,22.471032000,-0.241159316,0.301008558,32.907207075,-12.648560239,-0.474699393,35.257562212,30.017559425,-16.748988814,0.482736123,2.497703734,-0.914428658,-85.556122935,-2.229161484,-2.494460970,0.252259098,7.099034571,9.043243587,6.996322531,29.857931086,-17.321562564,7.181278305,11.864408695,-7.593312367,-92.687835115,35.257670605,92.727958157,35.257562212,92.727958157,0
129,33,12,3,0.640196078,0.556583464,55.433840927,-13.498898660,-0.159898702,17.218178113,-0.035376959,0.200678009,38.215662813,-13.463521701,-0.360576711,40.519542401,34.988637983,-20.984446472,0.651696065,1.920227620,-0.572473552,-92.426958334,-0.547627545,-1.522612923,0.157546663,0.894938245,5.075966204,13.036227972,30.068209499,-26.923329250,3.587851244,7.050918176,-0.081258070,-105.452813482,40.519570048,105.612784932,40.519542401,105.612784932,0
130,47,12,4,0.611620795,0.560020587,55.444620067,-14.093193734,-0.157274717,22.927012634,-0.548778929,0.225506591,32.517607433,-13.544414805,-0.382781308,35.227723274,28.521223051,-19.395843130,0.865708674,2.624861974,0.593087276,-91.708615447,-2.499561578,-2.714381709,0.208249200,2.200272382,7.780656957,-0.513066359,30.793013819,-16.203940895,5.497271527,10.446919428,-1.450387319,-91.104521220,35.227792931,91.447855964,35.227723274,91.447855964,0
131,14,12,1,0.542279412,0.560217344,55.500312298,-14.693026424,-0.145680926,7.914097645,1.203648862,0.355938334,47.586214652,-15.896675286,-0.501619260,50.173735480,48.686211452,-13.283445073,0.297918813,1.107702163,-1.212730445,-81.347793178,0.501943676,0.705124155,0.299272465,0.474756070,4.037763729,6.737910846,46.095721922,-19.517780515,3.414352523,5.129220395,-1.819006141,-88.175399730,50.173869085,88.227534710,50.173735480,88.227534710,0
132,47,12,4,0.506963788,0.536604446,55.577618712,-15.291119816,-0.131302187,21.374195356,1.597432354,0.108560635,34.203423356,-16.888552169,-0.239862822,38.146492602,28.534734612,-20.601107501,0.889061247,2.195951069,-1.199903599,-87.238630896,-3.828665097,-0.425319379,0.050711240,-0.942717785,0.287916328,-3.166197315,33.423820322,-18.371666859,0.704152044,2.579644327,-0.291933338,-84.079795116,38.146634690,84.105954045,38.146492602,84.105954045,0
133,47,12,4,0.518241347,0.561327610,55.665443954,-15.901556488,-0.114349193,22.042397739,1.246467274,0.077527620,33.623046214,-17.148023762,-0.191876813,37.743883907,28.561432536,-21.217268931,0.905368345,2.191803134,-0.920562301,-86.124815318,-3.197558754,-0.840334026,0.040632254,-1.645970611,2.253850762,-3.145288049,32.769900317,-18.657860161,1.619890878,4.629202390,0.438497887,-83.022153623,37.743955264,83.146361552,37.743883907,83.146361552,0
136,17,13,1,0.616013072,0.534581657,55.956952395,-17.694931498,-0.081803894,9.329580305,0.566208496,0.058864358,46.627372091,-18.261139995,-0.140668252,50.075950810,47.690695723,-16.625312403,0.368077670,1.574472519,-0.915341681,-75.059813088,0.526356349,0.196935201,-0.003306805,0.234169652,-0.684811092,6.496358446,44.959567670,-22.051070738,-0.075908920,0.862544230,-1.046306241,-81.545377757,50.076124130,81.546863056,50.075950810,81.546863056,0
137,11,13,0,0.568750000,0.599653585,56.039733327,-18.291711931,-0.056748452,6.055591583,-0.954510093,0.767401338,49.984141743,-17.337201838,-0.824149790,52.911928866,49.559897454,-20.608177173,0.661294458,2.357121073,-0.627885425,-81.653828179,0.234342265,-1.459822946,0.709791376,4.099457753,0.889161324,9.009751595,45.713635579,-26.521306189,2.563472663,3.294562351,-4.716669124,-90.675492572,52.912073782,90.682692144,52.911928866,90.682692144,0
138,47,13,4,0.641779190,0.534023119,56.163264636,-18.885637136,-0.051577955,21.804664115,0.503051662,0.421572006,34.358600521,-19.388688797,-0.473149962,39.454512466,28.760763722,-24.236031516,0.967356306,3.380204703,-0.531431988,-82.991837362,-3.519141236,-1.557592205,0.371805924,10.732820294,4.071698701,7.884358054,28.748852512,-25.929385642,7.605406112,7.624665440,-11.199337296,-90.929384998,39.454679857,90.972393405,39.454512466,90.972393405,0
140,47,13,4,0.624150943,0.576963694,56.381450987,-20.080362125,-0.009820877,21.187247163,0.837268581,0.277844588,35.194203824,-20.917630706,-0.287665465,40.942178845,28.858761502,-25.446544669,1.009440493,2.561126011,-1.182741274,-84.396088454,-4.095287065,-1.163797746,0.208882264,11.277208243,3.372517829,1.485800551,32.210325536,-24.115899133,7.562107277,5.116534096,-12.671404208,-85.858624108,40.942241373,86.168219399,40.942178845,86.168219399,0
141,46,13,4,0.604184100,0.566909162,56.469788282,-20.660922192,0.010908774,21.343789854,0.853315761,0.312803517,35.125998428,-21.514237953,-0.301894743,41.192102892,30.720632044,-24.566800256,0.551002236,2.034173690,-0.022569564,-83.418088606,-3.301211417,-1.345810209,0.252456710,12.240145912,5.780866088,2.504228474,32.777033387,-23.357110765,8.769680298,6.920229864,-12.641823523,-85.844461029,41.192181703,86.055203452,41.192102892,86.055203452,0
142,46,13,4,0.595201238,0.525541822,56.458971614,-20.970173391,0.016289896,21.419975681,0.788456129,0.342447026,35.038995933,-21.758629520,-0.326157131,41.246521951,30.694503499,-24.875181369,0.550196916,2.218383424,-0.201737322,-88.580206195,-3.229210550,-1.414878199,0.283039017,13.674109420,6.393678144,-0.154284970,33.745831084,-21.749137741,9.459888712,8.234159701,-14.044801970,-88.410671307,41.246764752,88.590448784,41.246521951,88.590448784,0
145,46,14,4,0.530629139,0.578523361,56.643135631,-23.091940303,0.085225870,20.528534943,0.744896605,0.715716098,36.114600688,-23.836836907,-0.630490228,43.276514353,30.772240051,-27.004352972,0.584089371,2.054260018,-0.014115896,-85.435748775,-4.132380083,-1.420723218,0.629657612,4.552626330,12.979878784,-1.038689954,34.469440821,-24.241122680,9.853630722,14.539545694,-5.802249073,-84.515664636,43.276649798,84.955100312,43.276514353,84.955100312,0
147,46,14,4,0.591920857,0.529738925,56.776096503,-24.284956764,0.127319689,21.552857020,0.714332221,0.239920753,35.223239483,-24.999288984,-0.112601064,43.193213916,30.845212367,-28.203049787,0.607321770,2.857946312,0.331440679,-86.031262092,-3.097146700,-1.493689531,0.182982261,11.981201114,7.663312660,1.426429241,32.913312202,-25.937760199,10.469273194,9.969797787,-11.979445231,-87.379095686,43.193277318,87.446199553,43.193213916,87.446199553,0
148,46,14,4,0.612164297,0.580862172,56.865197956,-24.879376502,0.143566468,20.986961958,0.965194624,-0.018158805,35.878235998,-25.844571126,0.161725272,44.217822538,30.904527009,-28.801350089,0.614830015,2.531273463,0.921707802,-83.823224423,-3.642161095,-1.210583491,-0.086432855,8.360827260,3.537339924,2.314993512,33.297178413,-28.254331924,6.943100900,5.487456965,-7.659363871,-86.053815184,44.217824606,86.101984105,44.217822538,86.101984105,0
149,36,14,3,0.697933227,0.528194640,56.974514921,-25.467739733,0.151073662,17.997366966,0.557264466,0.471042896,38.977147956,-26.025004199,-0.319969234,46.868126553,33.326256947,-32.563219699,1.023302932,1.543566361,0.033021170,-87.660411855,-1.271283887,-0.951657797,0.439685785,6.071109178,2.901842682,2.063576198,33.364488790,-32.412100367,5.735759509,4.415869118,-6.052017419,-89.721115910,46.868244042,89.734080418,46.868126553,89.734080418,0
150,34,14,3,0.722408027,0.532731843,57.096768131,-26.076781570,0.157706244,17.537479559,0.264311012,0.255815160,39.559288571,-26.341092582,-0.098108916,47.526835536,37.983184188,-29.385183147,1.079010425,0.899287302,-0.358670768,-79.977786230,-0.315855345,-1.255915687,0.225793515,-1.517365331,0.361790512,9.729038632,32.988713524,-34.212987127,0.155639689,1.268774546,1.156822050,-89.709041653,47.526917971,89.734829197,47.526835536,89.734829197,0
151,34,14,3,0.726984127,0.504956713,57.231059987,-26.645357708,0.167469600,17.808127520,0.218868789,0.373368018,39.422932468,-26.864226496,-0.205898418,47.706358735,38.090946908,-29.959280348,1.093434337,0.848383318,-0.304486582,-77.446339527,-0.050221574,-1.313261832,0.349422429,-1.154208286,2.135314100,13.259046415,30.505441276,-36.660748388,1.143691888,2.969116567,0.876130851,-90.716315503,47.706398428,90.780277707,47.706358735,90.780277707,0
152,34,14,3,0.719806763,0.522979412,57.340567889,-27.238045287,0.180745680,18.012100195,0.597518683,-0.037243694,39.328467694,-27.835563971,0.217989374,48.182927600,38.172772359,-30.556311755,1.110895625,0.882189354,-1.219256182,-80.082124826,0.179885603,-0.946019603,-0.057721777,5.649678442,-4.717568833,11.216991893,31.496622461,-36.398681698,2.167198415,-3.716955340,-6.970396726,-91.203024466,48.182963844,91.694324822,48.182927600,91.694324822,0
153,34,14,3,0.663738019,0.543919671,57.473139104,-27.821436726,0.195320127,18.551847897,0.798109255,0.042231637,38.921291206,-28.619545981,0.153088490,48.311165970,38.278030177,-31.145110294,1.130135814,0.797541223,-0.997354963,-78.520137382,0.726415388,-0.770098187,0.033038004,7.744015247,-4.815408358,12.585652057,30.016793897,-37.675046373,3.682443155,-3.879025889,-8.829408742,-91.030195409,48.311255652,91.724902308,48.311165970,91.724902308,0
154,46,14,4,0.660347551,0.592275073,57.527393649,-28.415487820,0.208063018,22.458459548,1.638270016,-0.027583729,35.068934102,-30.053757836,0.235646747,46.185647429,31.390260837,-32.366534837,0.631156613,1.357701643,0.659585612,-84.397494891,-2.139784800,-0.611243476,-0.040809576,7.341188712,1.336764321,1.559220501,32.629176885,-32.205115252,5.594542235,2.169587617,-6.757571866,-85.914216310,46.185836957,86.022442842,46.185647429,86.022442842,0
155,23,15,2,0.739352641,0.541700436,57.608683438,-28.988773078,0.226130552,15.120052273,0.427321657,0.688893098,42.488631165,-29.416094736,-0.462762546,51.679827370,37.947180618,-39.000558784,1.537348879,0.448753978,-1.086858849,-93.475794000,2.987190120,-0.949114348,0.705965883,-0.907802691,6.080201680,-4.218005698,37.364277552,-35.448870461,4.254989028,6.539562945,-0.251568654,-89.377210487,51.679943746,89.551624471,51.679827370,89.551624471,0
156,35,15,3,0.630236794,0.601269007,57.711375036,-29.581651351,0.227561669,19.445513918,2.039642610,0.180265538,38.265861119,-31.621293961,0.047296131,49.640553944,35.943420309,-34.854768721,1.498212658,1.530132114,0.127828265,-84.725978397,0.960731557,0.340890303,0.209155124,5.037556940,-0.840620890,-0.821009287,35.498706294,-34.489422490,3.811557620,0.158431825,-4.791987060,-83.886060270,49.640773400,83.991171706,49.640553944,83.991171706,0
157,35,15,3,0.670103093,0.590893068,57.808850560,-30.161547806,0.246041305,19.111816361,1.945887063,0.273420879,38.697034199,-32.107434869,-0.027379574,50.282686676,35.983320279,-35.441469719,1.515898944,1.234277360,-0.895563324,-84.812817486,0.616084616,0.279682135,0.288490650,4.996833337,-3.561678156,-0.878334160,35.917721395,-35.128828319,2.061754916,-2.841127365,-5.486119345,-83.862806118,50.282881009,84.183738852,50.282686676,84.183738852,0
158,34,15,3,0.707705193,0.507279647,57.931255673,-30.739772130,0.246782730,18.400346315,0.973017695,0.366727686,39.530909358,-31.712789825,-0.119944956,50.679465466,38.600250789,-34.081167956,1.200420964,0.067195654,-0.589343192,-80.094696816,0.576047358,-0.587122980,0.353588947,2.629242837,-0.027472868,8.751250873,32.486093220,-38.810320836,2.614352783,-0.013293019,-3.217494896,-88.843902228,50.679602372,88.890492171,50.679465466,88.890492171,0
159,46,15,4,0.687196110,0.575684824,58.013916546,-31.322995377,0.262941980,22.695197962,1.690248186,0.331580791,35.318718584,-33.013243563,-0.068638812,48.345535928,31.731731461,-35.295106007,0.644763062,1.036547474,0.637648525,-83.546609523,-1.911524689,-0.577379929,0.325928126,6.750592618,0.338767295,2.005589404,32.405245289,-35.565316171,4.723803239,0.848567957,-6.118784213,-85.523228329,48.345692193,85.657941483,48.345535928,85.657941483,0
160,15,15,1,0.551724138,0.580553891,58.113355621,-31.892309105,0.273182081,9.088512104,0.903953232,0.001737388,49.024843518,-32.796262337,0.271444692,58.983928213,54.332106038,-25.283171727,0.702206624,-0.257371715,-1.033419121,-70.607141854,1.357087219,0.643505194,-0.045183787,1.070785087,-2.049432840,9.728971102,47.828229647,-34.518065283,-0.318622809,-2.458234303,-1.744317154,-80.301896445,58.984217402,80.386404616,58.983928213,80.386404616,0
161,38,15,3,0.690789474,0.586916211,58.118480932,-32.340404512,0.279515393,19.323454075,1.716696085,0.695851117,38.795026857,-34.057100597,-0.416335724,51.624737727,32.751500036,-39.068014889,1.430474614,1.338692872,-0.877202769,-92.640315493,-0.942757048,0.037530848,0.677561939,2.614790066,4.473587394,-7.094626530,38.091101462,-34.438155294,5.311995968,5.600048239,-3.828770376,-85.618603298,51.624953771,85.648383642,51.624737727,85.648383642,0
162,38,15,3,0.680543755,0.603658929,58.158569057,-32.894831315,0.294564609,20.540764531,1.879921565,0.459887199,37.617804526,-34.774752881,-0.165322590,51.228995567,32.713890698,-39.622545090,1.447921998,0.818148957,-0.509164612,-92.619579899,0.291455572,0.029064664,0.475537666,2.575942901,-0.797030094,-7.923823100,37.589081294,-34.748076216,2.013292672,-0.214154373,-3.000312003,-84.682051221,51.229104820,84.731050182,51.228995567,84.731050182,0
163,38,15,3,0.699918897,0.565019808,58.228733440,-33.467083138,0.302236202,19.410702412,1.493853170,0.604697533,38.818031029,-34.960936308,-0.302461331,52.241727416,32.703786854,-40.198940656,1.458881276,0.648428724,-0.737026748,-89.894687259,-0.884777217,-0.195809929,0.589410742,4.691772895,1.101856693,-2.352632038,35.179202011,-38.334910739,4.697612951,1.548665172,-5.471642194,-87.545709905,52.241833840,87.619053819,52.241727416,87.619053819,0
164,39,15,3,0.685936152,0.572588762,58.334659112,-34.044807956,0.317773612,19.911985783,1.515648774,0.867968557,38.422673328,-35.560456730,-0.550194945,52.355998921,30.593582864,-41.996355716,1.176780605,0.461378846,-0.523635652,-88.914089836,-0.963169710,-0.220475447,0.864022434,6.845231082,1.281095703,-0.094590126,31.610850405,-41.304846189,5.985454614,1.601834223,-7.393697349,-88.821755190,52.356106129,88.973262674,52.355998921,88.973262674,0
165,42,16,3,0.655114117,0.600148243,58.475992941,-34.612097442,0.325018530,20.116621783,1.910469479,1.100790457,38.359371158,-36.522566920,-0.775771927,52.971134330,29.499089153,-42.129037471,0.716274675,1.146064557,0.715104487,-85.089297361,-2.567482281,0.032124007,1.051731763,9.910606146,3.053021346,2.977568022,29.808811448,-42.901095952,8.768545822,3.854300693,-9.293529235,-88.005465120,52.971281556,88.150207418,52.971134330,88.150207418,0
166,48,16,4,0.714391144,0.563611885,58.535456572,-35.175583379,0.335472398,21.410229311,1.737036873,0.673240865,37.125227262,-36.912620252,-0.337768467,52.353969483,26.886263076,-42.106090694,0.623955067,0.712828769,0.441481084,-89.057224019,-4.385958664,-0.118163216,0.638588604,3.034517231,2.701613283,-0.533573265,31.627572742,-41.558475470,3.682931187,3.334375092,-2.662072134,-88.502902508,52.354314273,88.507274563,52.353969483,88.507274563,0
167,44,16,4,0.728404669,0.562493690,58.649315886,-35.742618565,0.348022680,21.363322584,1.732894253,0.905135664,37.285993302,-37.475512818,-0.557112985,52.867473293,32.576511376,-40.278232256,0.797844950,1.265875034,0.409541356,-81.658439812,-2.157456974,-0.422068040,0.883571395,5.817144348,8.878660154,6.136848939,29.924747660,-42.652847211,8.957073049,9.909695181,-5.748238219,-87.747178309,52.867618212,87.845810816,52.867473293,87.845810816,0
168,44,16,4,0.729317269,0.548079066,58.760927168,-36.301511152,0.362257572,22.044954349,1.788045254,1.078340349,36.715972818,-38.089556407,-0.716082777,52.909259509,32.650543775,-40.843455539,0.805749309,1.002810764,0.622817727,-80.969984230,-1.479391334,-0.414961893,1.078096072,4.847447441,9.369456168,6.440306490,29.032268615,-43.463001980,8.216478032,10.137529206,-4.649172150,-87.334741165,52.909504565,87.492012354,52.909259509,87.492012354,0
169,48,16,4,0.708648195,0.542206055,58.830194532,-36.882821336,0.373882941,21.854148839,1.752716398,1.016539947,36.976045693,-38.635537734,-0.642657006,53.482200208,26.924923616,-43.838473044,0.643034755,0.938222080,0.902322680,-88.752428000,-3.953694246,-0.172302546,0.992680486,7.075061203,6.397012359,0.504223830,30.342313728,-43.226094674,8.438389647,7.231356384,-6.260412608,-89.155797832,53.482311871,89.165877593,53.482200208,89.165877593,0
170,44,16,4,0.690851735,0.522317473,58.883875608,-37.485558803,0.373838670,21.877334854,1.518491080,0.952162181,37.006540755,-39.004049884,-0.578323512,53.769270258,32.694758902,-42.033092866,0.800521331,1.603880764,1.233994802,-87.750811565,-1.660407164,-0.670828796,0.942294470,7.507556676,7.050749358,4.867561934,30.506832341,-43.275872556,9.364915358,8.971243917,-5.954708895,-92.459633215,53.769597401,92.478370725,53.769270258,92.478370725,0
171,44,16,4,0.680463576,0.544466919,58.952414727,-38.063418039,0.380854981,21.553583194,1.398669131,1.065335170,37.398831533,-39.462087170,-0.684480189,54.372763742,32.724808092,-42.614267809,0.799589697,1.430499037,1.022998066,-86.069910989,-1.994716510,-0.770600357,1.043603200,8.628308887,7.524125495,6.297959067,29.694221283,-44.334626228,10.445386403,9.284941185,-7.297673149,-92.231129261,54.372897269,92.225240444,54.372763742,92.225240444,0
172,48,16,4,0.727122836,0.525859938,59.045107998,-38.651074678,0.385793475,22.703423628,1.832332400,0.857284899,36.341684370,-40.483407079,-0.471491424,54.404472020,26.876354166,-45.619086690,0.632758894,0.880350405,0.779367436,-88.527698199,-3.098099069,-0.217222633,0.855175492,9.636423519,5.508451770,3.035373633,27.422592402,-45.858242316,10.242084631,6.638270915,-8.707356822,-91.498139431,54.404754020,91.503557543,54.404472020,91.503557543,0
173,48,16,4,0.795801527,0.516891858,59.158776508,-39.214885469,0.393877610,23.437518417,2.026582116,0.150595187,35.721258091,-41.241467585,0.243282423,54.561214379,26.905389717,-46.193561265,0.634854275,0.909832648,0.995847556,-85.837924275,-2.325191087,-0.125322006,0.169459817,4.707498789,0.533515425,2.461159765,27.219944645,-47.062647630,4.596766571,1.302574036,-3.725422443,-88.286515366,54.561419074,88.314326655,54.561214379,88.314326655,0
174,44,16,4,0.797114518,0.528371031,59.223422849,-39.789664887,0.403319146,23.235288080,2.064946592,0.578170633,35.988134768,-41.854611479,-0.174851487,55.199501077,32.880611684,-44.354843276,0.800299757,1.129997281,0.799780209,-85.996381251,-0.258411642,-0.210114287,0.618765541,7.123734651,3.517583463,4.093524101,29.835821327,-45.789728672,7.754278108,4.653008901,-6.319948669,-90.040906928,55.199676766,90.052916880,55.199501077,90.052916880,0
176,40,17,3,0.609708738,0.578459483,59.390860930,-40.917582543,0.436324668,20.977044998,1.292102992,1.076737495,38.413815932,-42.209685535,-0.640412827,57.076167846,27.520362228,-50.227531698,1.596571214,0.735945841,-0.429292066,-92.472224423,-0.705581105,-0.621931202,1.077477390,8.271335809,1.788524933,5.306891204,23.489287916,-51.282484005,8.721083260,3.637187369,-8.381495185,-97.873221711,57.076239415,97.924599963,57.076167846,97.924599963,0
178,40,17,3,0.704918033,0.577017883,59.563111216,-42.040977755,0.455124851,21.089297435,1.684754074,1.142330723,38.473813780,-43.725731829,-0.687205872,58.246426695,27.441501616,-51.361185798,1.622062286,0.575421900,-0.877395729,-91.287897846,-0.511798534,-0.262925360,1.145602816,6.584038143,2.910895070,3.053233390,25.135300362,-51.967184109,7.764950023,3.983890496,-7.220715997,-94.414774095,58.246596445,94.438581124,58.246426695,94.438581124,0
179,128,17,12,0.815038894,0.457307725,59.545849241,-42.307545670,0.469456638,57.562993676,-12.938907507,-0.107212688,1.982855565,-29.368638163,0.576669326,29.441147587,29.714643470,0.385249694,-0.287493668,-1.928642347,1.400559403,-1.900079201,0.328815524,2.161258648,0.028859580,1.958464688,4.344172955,-1.651397351,29.364288459,-0.862463540,1.944029526,-3.870829703,-2.950367489,-0.148055211,29.441204643,4.871969365,29.441147587,4.871969365,0
180,48,17,4,0.721283784,0.561503454,59.606842164,-42.860496640,0.474898901,26.357355557,2.479647614,0.101236428,33.249486607,-45.340144254,0.373662473,56.226298689,26.808702081,-49.866054711,0.670230585,0.651097321,0.672664198,-91.703895514,0.629817997,-0.108249594,0.197449070,1.066237013,0.685820369,-9.674793582,34.160678974,-44.626692687,1.712435729,1.182334628,-0.478381469,-82.021835070,56.226560666,82.025204162,56.226298689,82.025204162,0
181,37,17,3,0.730873087,0.505083046,59.694877306,-43.420301329,0.482142364,18.789865164,0.971628328,0.126187521,40.905012142,-44.391929657,0.355954843,60.365471429,34.495560358,-49.480369422,1.534934910,0.507483804,-0.463816436,-86.948517355,-0.975950019,-0.657137430,0.101718181,-0.418711564,-3.296433299,7.399982034,28.922580933,-52.982213918,-0.617446234,-2.811197332,-0.295350714,-94.314461597,60.365651818,94.354119592,60.365471429,94.354119592,0
182,37,17,3,0.743243243,0.485746220,59.807272127,-43.976340043,0.489543447,18.938666943,1.304460333,0.050966361,40.868605184,-45.280800376,0.438577087,60.998246878,34.542635887,-50.045642565,1.545732641,0.900244596,-1.156448602,-84.151481284,-0.787802381,-0.344046730,0.029940637,-0.192844112,-3.817452746,9.143187541,27.024969506,-54.683004472,-0.468130320,-2.922786865,-1.180604109,-93.210258098,60.998353263,93.281411123,60.998246878,93.281411123,0
183,37,17,3,0.781609195,0.461295823,59.950801218,-44.516791655,0.505555680,19.464714476,1.608205814,0.202251921,40.486086742,-46.124997470,0.303303758,61.373696356,34.622215596,-50.599000429,1.565908898,0.332505635,-0.519331989,-80.981600718,-0.234079987,-0.102589289,0.194149224,-1.585358564,-2.714142919,9.593197878,25.989419699,-55.581779950,-1.397014032,-2.396827246,1.039304388,-90.549628381,61.373739066,90.557405325,61.373696356,90.557405325,0
184,43,17,4,0.812395310,0.529604841,60.025623440,-45.076817785,0.507407987,22.730058084,2.167889013,0.122977275,37.295565356,-47.244706799,0.384430713,60.192767860,34.712457692,-49.115428245,1.043707184,1.020230097,0.046668424,-83.054511878,-0.171402747,-0.069655693,0.150522785,-0.037841376,0.329124097,8.253798674,27.476041576,-53.546372072,1.015656770,1.348399073,0.092021847,-91.308020464,60.192843274,91.316925311,60.192767860,91.316925311,0
185,36,18,3,0.715669014,0.479134221,60.080718673,-45.616096779,0.524645889,18.547382953,1.375883363,0.221210988,41.533335720,-46.991980142,0.303434901,62.716475080,33.345021764,-52.949469734,1.403838071,0.477562140,-0.438126747,-90.404790551,-0.597741746,-0.225542531,0.206945436,2.722853570,1.588038660,3.212685355,30.889664086,-54.384268207,4.642491374,2.234979132,-3.055157344,-93.633320905,62.716606270,93.632536290,62.716475080,93.632536290,0
186,36,18,3,0.792031098,0.469146753,60.168062859,-46.174451947,0.535423107,19.074904041,1.183581780,0.065295889,41.093158818,-47.358033727,0.470127218,62.702887331,33.346780364,-53.514608216,1.414840447,0.266641732,-0.234761902,-89.233092493,-0.101441217,-0.495333694,0.063884508,-4.346344884,-2.598985972,3.597340824,30.086094864,-54.854407569,-4.182499168,-2.543122490,3.978271235,-92.823647056,62.703049632,92.828050735,62.702887331,92.828050735,0
187,36,18,3,0.746869410,0.473874879,60.274086430,-46.723545336,0.542773018,19.340437079,1.358018841,0.132664190,40.933649350,-48.081564177,0.410108828,63.147198291,33.368484510,-54.073412381,1.422927699,0.368768288,-0.022712542,-87.219983693,0.185549364,-0.362965593,0.138648555,-2.053699025,-0.989997078,4.485009044,28.899172501,-56.132941953,-1.227283965,-0.681886629,2.000622505,-91.705386798,63.147253063,91.712455217,63.147198291,91.712455217,0
188,36,18,3,0.773778920,0.430947629,60.390737450,-47.266190858,0.549688911,19.530950884,1.564583467,0.113699099,40.859786566,-48.830774324,0.435989812,63.672260573,33.401675201,-54.627447266,1.430876062,0.386509533,-0.189907895,-85.825467838,0.405484493,-0.187538667,0.125304575,-1.403862741,-0.623453030,6.043969377,27.093361692,-57.619108558,-0.400916341,-0.282345216,1.192872654,-91.867653945,63.672385323,91.871161730,63.672260573,91.871161730,0
189,40,18,3,0.820487805,0.474289652,60.538117739,-47.853103484,0.558840008,19.880674286,1.467533736,-0.147743812,40.657443453,-49.320637220,0.706583820,63.922235761,27.115083134,-57.244709519,1.762773527,-0.225251917,-0.219977956,-87.522349306,-1.702865558,-0.220050946,-0.177940922,-5.851177794,-2.726602682,4.272229691,24.554486033,-58.784577745,-5.246558310,-3.133071684,5.543226144,-91.790443997,63.922419690,91.810528434,63.922235761,91.810528434,0
190,40,18,3,0.845694800,0.471892918,60.661354232,-48.352659064,0.582689020,19.949703523,1.644518690,-0.016608406,40.711650709,-49.997177754,0.599297426,64.478798409,27.125077750,-57.758927227,1.790916766,-1.341121879,-0.268820339,-88.009257338,-1.600322722,-0.061478801,-0.045181569,-7.531556057,-4.778161170,3.066898504,25.661416689,-58.601945138,-8.053052641,-6.257226898,7.172770292,-91.058290605,64.479050375,91.054926239,64.478798409,91.054926239,0
191,40,18,3,0.836579170,0.487269187,60.794486394,-48.883523234,0.594458937,20.574882707,1.910513685,-0.059025413,40.219603687,-50.794036919,0.653484350,64.792574799,27.138188650,-58.305954282,1.807317256,-0.710101903,-0.801163604,-87.724125689,-0.931110913,0.060705118,-0.070245415,-6.922869054,-4.054580737,2.581504787,25.481163738,-59.146648624,-7.104841242,-4.795135561,6.102019222,-90.249603665,64.792704204,90.256031261,64.792574799,90.256031261,0
192,44,18,4,0.835202761,0.448153629,60.903353106,-49.413640409,0.595079156,22.071615006,2.271638504,0.084566780,38.831738101,-51.685278914,0.510512376,64.649304429,33.915747678,-54.070945033,0.875814959,-0.167394952,0.910325496,-80.005342235,-1.390009623,0.080924479,0.094090612,-2.545022065,-0.556481854,9.743400606,25.638544508,-59.311112991,-2.102991385,-0.713155871,3.457710813,-89.757185078,64.649560412,89.790471861,64.649304429,89.790471861,0
193,43,18,4,0.823805061,0.468624379,60.917331392,-49.733428929,0.602208749,21.957258211,2.374630115,0.473344242,38.960073181,-52.108059045,0.128864507,65.062690736,35.369492108,-53.811532801,1.099072984,0.367984690,0.323032977,-84.206025089,-0.944139294,0.170771797,0.478838776,0.306725882,2.843084190,5.346496599,31.056658263,-57.118824070,2.469148134,3.208570511,-0.006268493,-89.537056231,65.062837151,89.582287517,65.062690736,89.582287517,0
194,43,18,4,0.846354167,0.426074924,61.016950131,-50.235876328,0.611630556,22.322571501,2.364328193,0.108051567,38.694378630,-52.600204521,0.503578988,65.301531721,35.443810139,-54.318400672,1.104349733,0.518729513,0.450319890,-81.226016379,-0.567979510,0.147025558,0.125372229,-1.653474082,-1.055067055,8.306638158,27.778801516,-59.085829378,-1.237848662,-0.523079345,2.112269885,-89.540727264,65.301832411,89.552169613,65.301531721,89.552169613,0
195,44,19,4,0.832446809,0.461318298,61.111229353,-50.751851468,0.608343970,23.019572963,2.482280726,0.118661762,38.091656390,-53.234132194,0.489682208,65.460575201,34.034450721,-55.420053440,0.872151716,0.413074450,0.903651010,-82.347555546,-0.431749352,0.227598751,0.160278323,-2.243972245,-0.317562620,5.792168612,28.677826866,-58.818547792,-1.751428808,0.168389366,3.156743853,-88.142174554,65.460727318,88.191977209,65.460575201,88.191977209,0
196,37,19,3,0.797703180,0.490988296,61.109483670,-50.984558198,0.617344566,20.338972350,2.064592103,0.135782848,40.770511319,-53.049150301,0.481561718,66.907987883,35.021517034,-57.156884005,1.713446020,-0.002104977,-0.288693157,-90.342068738,0.688501842,0.249355918,0.149307794,-4.751852112,-0.872717151,2.024603786,32.303638718,-58.470894060,-3.784519008,-1.070290775,4.423110564,-92.369027795,66.908094508,92.414458342,66.907987883,92.414458342,0
197,36,19,3,0.723943662,0.481686483,61.109422628,-51.541293912,0.632908600,20.685123022,2.139935321,0.488370928,40.424299606,-53.681229233,0.144537672,67.199845698,33.464458652,-58.962025021,1.517096445,0.131613112,-0.263199634,-97.481898545,1.623210037,0.207076946,0.531438884,-2.163797119,2.287137772,-4.563439526,36.379733849,-56.500180242,0.306400506,2.305277977,2.014406124,-92.928431117,67.200069075,93.007899743,67.199845698,93.007899743,0
198,36,19,3,0.706349206,0.470361086,61.038698135,-51.734662298,0.643096178,20.149460792,1.944084571,0.204988247,40.889237343,-53.678746869,0.438107931,67.479845395,33.365118524,-59.142495569,1.524777174,0.511175568,-0.660927689,-104.767234093,1.071623042,0.094257579,0.233746321,-0.289449738,-0.039287935,-9.432790240,41.566301644,-53.149004165,0.994055750,0.445186472,-0.376360536,-95.333762296,67.480087603,95.333882987,67.479845395,95.333882987,0
199,35,19,3,0.666666667,0.493787627,60.938993847,-52.045787554,0.656580162,21.435004196,1.922070771,0.099149336,39.503989651,-53.967858325,0.557430825,66.883523081,36.955036605,-57.527955413,1.875350761,1.254614524,0.054153024,-107.637822638,2.931049070,0.030561870,0.204716103,-1.100122441,-2.917612399,-13.442780790,46.497656572,-48.049821293,-1.619825612,-1.735616562,0.937927080,-94.192919105,66.883788977,94.194673050,66.883523081,94.194673050,0
200,36,19,3,0.614864865,0.525069691,60.848772903,-52.198144885,0.661844796,20.815951548,1.973409046,0.729745556,40.032821354,-54.171553931,-0.067900760,67.358656841,33.106991897,-59.571984254,1.536997097,0.930373780,-0.083226342,-116.923861962,1.721126447,0.022782252,0.775481212,2.422373245,4.486578140,-19.574366148,49.326875804,-45.398878786,6.559019001,5.689480011,-1.912168126,-97.337519401,67.358886584,97.380968778,67.358656841,97.380968778,0
201,36,19,3,0.526182432,0.527295403,60.733599343,-52.338188589,0.668399206,18.925015000,1.231565373,0.154678461,41.808584343,-53.569753961,0.513720745,67.955427842,32.971869505,-59.693031584,1.540100478,1.217310450,-0.326417645,-124.254996291,-0.244628343,-0.425241977,0.149575768,-1.748021047,0.839961377,-13.786376139,46.358030009,-49.684994233,0.555009860,1.392734660,1.604920726,-110.479481969,67.955674040,110.512942458,67.955427842,110.512942458,0
202,48,19,4,0.515947467,0.527017825,60.571335575,-52.483129748,0.690018069,25.243952786,0.950497206,-0.305446939,35.327382789,-53.433626955,0.995465008,64.063776152,26.337740238,-59.527410579,0.759614337,0.662887283,0.063399860,-131.536033572,-0.685903593,-1.451155414,-0.259539681,-2.991856326,-4.886564165,16.475268710,9.496134025,-63.280638565,-3.096080115,-4.467200811,-2.487361222,-147.774964187,64.064042104,147.904789889,64.063776152,147.904789889,0
203,40,19,3,0.521875000,0.540832682,60.427458287,-52.599404836,0.699450840,17.207749521,0.518182562,-0.297747640,43.219708765,-53.117587398,0.997198480,68.486609798,25.962542513,-61.850142069,1.907806588,1.553792057,-0.537376918,-141.752576921,-4.513778465,-0.561701350,-0.402304977,0.596153598,-3.094047518,8.514983106,21.159596935,-65.109953769,1.847282331,0.535810585,-3.519593393,-150.247625342,68.486838694,150.245790573,68.486609798,150.245790573,0
204,46,19,4,0.490825688,0.636183445,60.070239354,-53.033162565,0.715893272,20.477540395,1.203688382,0.125786289,39.592698959,-54.236850947,0.590106984,67.153302508,32.706270254,-57.085135096,0.744232554,1.069096387,0.636332679,-130.714931999,-4.143310181,-0.949684801,0.047325352,5.973396993,-1.004565865,7.395818990,29.324877495,-60.064862511,6.468689429,4.853207856,-4.095324489,-138.277544623,67.153407147,138.171109047,67.153302508,138.171109047,0
208,37,20,3,0.454462659,0.563894731,58.800751966,-53.796462861,0.761529934,17.116650844,-1.889848934,0.065857708,41.684101121,-51.906613927,0.695672226,66.575857602,32.400030124,-59.682310129,1.802151173,3.157679364,1.120689230,-152.310546449,-2.967021008,-3.306107707,0.002065017,2.684078962,-0.405243692,4.918294895,30.415432396,-59.061716754,4.355581850,5.475637693,-0.292108481,-157.221601472,66.575941653,157.234044285,66.575857602,157.234044285,0
209,162,20,15,0.433520599,0.511748930,58.503144365,-53.919260613,0.758821413,59.629670621,-35.709561293,0.551501489,-1.126526256,-18.209699320,0.207319924,18.245689690,20.966376903,-1.625716515,0.359136707,2.586563122,0.985585797,-67.679578694,2.940829464,1.198339549,0.261468174,1.571066606,9.169373355,-160.249664364,-15.821889931,8.678587458,-2.693932319,-6.510902966,2.952138530,92.382818649,18.245748891,92.763786293,18.245689690,92.763786293,0
210,37,20,3,0.528440367,0.506519946,58.052004968,-54.160576988,0.764488154,19.097588445,-0.303230661,-0.116869846,38.954416523,-53.857346326,0.881358000,66.474334234,31.614339207,-59.957368559,1.786576859,2.929482958,1.235597536,-157.000776307,-0.811850482,-1.959975448,-0.132205700,0.574708993,2.318300933,21.578492337,8.738743005,-65.832031966,2.934563160,3.562645480,3.538726029,-178.541199271,66.474308744,178.652613743,66.474334234,178.652613743,0
211,37,20,3,0.549648947,0.503154801,57.742984261,-54.268311091,0.766131632,18.013161367,-0.352569658,0.146591971,39.729822894,-53.915741433,0.619539662,66.975740615,31.294983492,-60.028632012,1.780528512,3.218973246,1.388708426,-162.259557326,-1.900936545,-1.882527498,0.103849196,0.973346351,3.623354226,14.821592573,17.076665211,-64.647061727,3.860088563,4.379754473,4.956848176,-176.986078028,66.975781954,177.180446152,66.975740615,177.180446152,0
213,160,20,15,0.426807760,0.592812372,56.739796279,-54.635457755,0.811032502,56.141950260,-29.550338397,0.596636971,0.597846019,-25.085119358,0.214395531,25.093158400,21.997403458,-5.957060886,0.233292852,2.149877835,-1.281666994,-79.344215046,-2.689083558,-1.459011949,0.340591705,0.198039531,8.586522401,12.126278027,22.946886451,-9.571852622,3.389449405,10.740682424,-1.245710791,-91.645443699,25.093192855,92.023613016,25.093158400,92.023613016,0
214,160,20,15,0.470000000,0.587691029,56.196740325,-54.865289635,0.832780366,56.557512573,-28.766946163,0.263067578,-0.360772249,-26.098343472,0.569712789,26.107053861,22.112637360,-6.535591864,0.248408669,2.082377594,-0.892409695,-77.536078793,-3.375732779,-0.890320656,0.020018732,-1.090772116,4.105288932,6.510597778,24.604225906,-8.535361153,1.832734894,6.278146673,-0.230497050,-84.126905722,26.107072598,84.304911719,26.107053861,84.304911719,0
215,156,21,15,0.511013216,0.613018267,55.645056789,-55.069583881,0.844040403,54.990627999,-27.899907811,-0.288509096,0.654428789,-27.169676071,1.132549500,27.201144152,24.642109216,-6.835476895,0.571953504,2.908976586,0.365883632,-78.016784893,-2.162909874,-2.348523158,-0.550740106,5.216988527,5.068365818,-6.264822869,26.929389986,-1.209089475,3.640500454,6.084924307,-6.175045554,-71.682128983,27.201235008,71.808074046,27.201144152,71.808074046,0
216,114,21,11,0.466216216,0.606413471,55.096214692,-55.303055876,0.863468308,54.107741597,-4.040960743,-1.406642092,0.988473096,-51.262095133,2.270110400,51.321855751,49.770297805,-8.317868233,0.451833921,1.108023390,-1.533005934,-75.306091869,-0.945207431,-0.576317404,-0.940573013,6.328518782,-5.583886374,-7.147744374,51.176768694,-1.759928743,-3.431292154,-6.439267744,-5.323326663,-68.015079189,51.321854691,68.761346038,51.321855751,68.761346038,0
217,126,21,12,0.601351351,0.565552715,54.532492866,-55.489181435,0.881920093,56.055047778,-9.370960714,-0.560069572,-1.522554912,-46.118220721,1.441989665,46.165872570,43.577698988,-4.439185528,0.812951232,1.940846855,-2.519026282,-74.715929664,-2.252334645,0.999846345,-0.332797248,3.314058329,1.469746142,-18.974012346,45.064209089,9.874459006,1.734418807,1.285202509,-6.084609144,-55.650206617,46.165962462,55.901114025,46.165872570,55.901114025,0
218,36,21,3,0.676936620,0.554296104,54.330943305,-55.505908313,0.890564004,16.214643909,0.410165761,0.488273202,38.116299396,-55.916074074,0.402290802,67.672900465,26.160860307,-61.857693068,1.587048894,2.615684339,-0.260091877,-173.535581841,-3.055628917,-0.827908407,0.410784006,-6.394886128,9.079545229,1.979493411,26.565995632,-62.222323682,-1.503136579,-3.127830372,9.241418930,-176.475000129,67.672956991,176.235803914,67.672900465,176.235803914,0
219,126,21,12,0.581047382,0.564748353,53.768128877,-55.653650625,0.908648908,55.719087247,-10.917944590,-0.894987839,-1.950958370,-44.735706035,1.803636747,44.814537134,43.676602868,-5.214535370,0.845623818,2.205810752,-2.032824098,-78.142571336,-0.742174619,0.530257949,-0.674999337,3.318497750,-5.913246576,-24.560418874,42.716806950,13.047982470,-3.657022255,-4.522114369,-1.189297929,-53.564240608,44.814609831,53.799636597,44.814537134,53.799636597,0
220,98,21,9,0.529411765,0.569064920,53.206993573,-55.773908082,0.929654105,53.510088221,3.376711526,-0.875064247,-0.303094648,-59.150619608,1.804718352,59.178920865,31.282305767,-48.320692857,2.086642299,3.523307464,-0.098713383,-134.662580749,-0.492803759,1.547009027,-0.300698922,5.450169716,-4.758794833,69.866750625,-35.561711923,-46.277001345,9.795735355,10.460351734,-2.143963190,155.108081624,59.178988158,155.413102502,59.178920865,155.413102502,0
221,126,21,12,0.583783784,0.552977562,52.619371397,-55.911306012,0.942074218,55.794170107,-11.200895216,-0.430703310,-3.174798710,-44.710410796,1.372777528,44.844004042,43.835631652,-6.380755270,0.887911960,1.779440308,-0.860556223,-80.516478245,-0.450384466,0.584926112,-0.213340898,3.626323986,2.547370351,-23.819373137,43.235420186,11.681098661,2.291618974,1.914323160,-5.289152860,-56.623680519,44.844187384,56.791419376,44.844004042,56.791419376,0
222,41,21,3,0.715092817,0.507349155,52.020403118,-55.992948800,0.972990835,18.561915437,0.957406918,0.155556479,33.458487681,-56.950355717,0.817434357,66.056654571,14.166450482,-63.896823083,1.078231413,2.304192549,0.897312143,175.233114518,-3.691971516,-0.308056160,0.064772953,-1.639424347,3.798025038,-12.415047711,30.976521400,-58.326530084,1.403944372,1.180321145,4.878434012,-172.462876303,66.056794121,172.520330931,66.056654571,172.520330931,0
223,34,21,3,0.661800487,0.544103371,51.490277390,-56.076180084,0.985076214,18.138847722,0.528941188,-0.001964875,33.351429668,-56.605121272,0.987041089,65.707167533,30.986585561,-59.092076697,1.872278285,2.687776860,0.858855480,-171.555569179,0.302543316,-1.020200743,-0.019451067,-3.872600022,0.070338403,-3.234787924,33.909727065,-56.250124862,-1.869926369,-1.091965967,1.709110173,-168.407889045,65.707250446,168.393423046,65.707167533,168.393423046,0
224,42,21,3,0.689436060,0.538966905,51.155389823,-56.083358240,0.992751519,18.390379102,1.131767044,-0.158854567,32.765010722,-57.215125284,1.151606086,65.942722763,18.838618589,-62.164162346,0.732895188,1.278714799,2.161568241,175.834295576,-4.352786042,-0.442324204,-0.275139083,-2.847236449,3.648498328,1.278339642,21.700376605,-62.266084352,-0.700010929,-1.916437294,5.515257724,174.251216081,65.942866337,174.350870671,65.942722763,174.350870671,0
225,41,22,3,0.708692247,0.561239212,50.574579821,-56.145036157,0.998889575,18.900378687,0.949194263,0.138407966,31.674201134,-57.094230420,0.860481609,65.297370493,12.729314050,-63.676504722,1.060766893,1.761876360,1.457426488,172.606051716,-3.366323961,-0.401945246,0.057196605,-0.299600103,2.250631360,-15.819875674,32.671029599,-56.501382197,1.992986932,1.795298483,3.727720525,-171.578502329,65.297583127,171.642337905,65.297370493,171.642337905,0
226,33,22,3,0.669983416,0.605148195,49.992127730,-56.156666989,1.003336167,17.885222711,-0.042323484,0.277697103,32.106905019,-56.114343505,0.725639063,64.654461942,22.701242502,-62.204440449,1.414955873,2.255415554,1.378584867,174.812319114,0.107378249,-1.637438920,0.250879884,-4.140262581,7.890593088,-12.498644019,34.673514102,-54.532305077,2.048965849,-0.896028706,9.713698194,-173.280218627,64.654645140,173.228676337,64.654461942,173.228676337,0
227,42,22,3,0.641071429,0.590268464,49.395418620,-56.208608967,1.017461737,19.282643665,0.713367046,-0.107678292,30.112774955,-56.921976013,1.125140029,64.406183778,17.081292649,-62.007259978,0.701523793,1.649734524,2.181559586,177.075122206,-3.540624198,-0.998482325,-0.205175493,1.410423454,-0.202420818,-11.721321042,32.588991080,-55.510949465,2.158611546,3.013288803,1.765300641,-171.159167889,64.406268747,171.209647388,64.406183778,171.209647388,0
228,40,22,3,0.647718175,0.602594100,48.765099697,-56.301718683,1.026004644,18.076257406,-0.325831928,0.005200820,30.688842290,-55.975886755,1.020803824,63.844709879,13.767719786,-62.904025713,1.908812132,2.922252512,1.565885843,176.337832337,-3.860108743,-1.573142050,-0.073446681,-3.286475499,3.777401946,-7.969576097,25.774028353,-58.410190826,0.340304774,-0.085683696,5.571576331,-175.988419014,63.844864611,175.988974185,63.844709879,175.988974185,0
229,42,22,3,0.599320883,0.584429991,48.255608506,-56.382515563,1.036301888,19.029635129,0.256014861,-0.072073426,29.225973377,-56.638530425,1.108375314,63.744091054,15.928343288,-61.997278015,0.682192937,1.138061147,1.627944283,-178.322341358,-3.864194571,-1.410067147,-0.186408643,1.164911513,1.366031688,-8.475479518,28.477341188,-56.965308872,2.706590702,2.527136557,2.766419487,-169.779694802,63.744262560,169.846174262,63.744091054,169.846174262,0
230,40,22,3,0.572900158,0.620748624,47.876623402,-56.388625057,1.044667855,18.782735464,0.153913398,-0.071140352,29.093887938,-56.542538455,1.115808207,63.598411916,12.881640751,-62.793964311,1.902363098,2.207384852,1.645975174,172.649867804,-3.063808293,-1.260491254,-0.130454327,0.480824353,2.805546549,-15.734558952,31.896828909,-54.871552777,4.059004746,3.094591159,4.351004121,-171.557427790,63.598510345,171.684027056,63.598411916,171.684027056,0
231,36,22,3,0.590736522,0.596403425,47.278586961,-56.454873693,1.053965307,17.949150899,-0.604781351,-0.051212906,29.329436061,-55.850092342,1.105178214,63.092551487,19.044225835,-61.730960690,1.566604133,2.488810107,1.980495539,-179.994506510,-1.480840129,-2.093265739,-0.087802492,-1.490083197,4.140099112,-3.662144117,24.109645274,-58.273937146,1.889225871,1.259210638,6.205773857,-176.474122599,63.092756479,176.547626099,63.092551487,176.547626099,0
232,36,22,3,0.617577197,0.585842553,46.678615701,-56.554591352,1.061846174,18.908989034,-1.259104184,-0.256933573,27.769626667,-55.295487169,1.318779747,61.890889850,18.436076036,-61.738948815,1.558778326,2.578610089,1.832791951,-178.548961282,-0.625771707,-2.885068835,-0.271254010,-4.558213363,0.015640465,3.421242695,15.515278453,-59.843095233,-2.930830637,-1.979421583,1.686072367,177.889081104,61.891111484,177.918776602,61.890889850,177.918776602,0
233,36,22,3,0.581570997,0.585494894,46.062085675,-56.621064184,1.059902054,19.165345932,2.603688303,-0.583664373,26.896739743,-59.224752487,1.643566427,65.066944192,17.816834428,-61.711576217,1.540826671,2.559590583,1.717726656,-179.742442247,0.219042771,0.894636554,-0.577445686,6.643706047,-2.472959444,-25.240541114,42.665897129,-48.762938700,5.959203591,7.500296306,-3.365343800,-154.716566803,65.067004510,154.562582591,65.066944192,154.562582591,0
234,35,22,3,0.671303075,0.595222838,45.466815480,-56.669570480,1.060841492,19.275183803,-1.317336048,0.027910566,26.191631677,-55.352234432,1.032930926,61.244904873,21.103180596,-60.625414956,1.639756541,2.315843678,3.238594271,-179.132009905,0.471408444,-2.982922177,0.023780971,-5.927481876,5.441590435,1.516723053,18.859560047,-58.210790373,-2.605484985,-3.740598612,8.565429376,178.445323317,61.245144077,178.729768669,61.244904873,178.729768669,0
235,41,23,3,0.577716644,0.586659014,44.864823668,-56.720828083,1.064391462,19.277257823,-0.967015834,-0.179565966,25.587565845,-55.753812249,1.243957429,61.357628183,7.061307807,-62.782223418,0.955370730,1.555740381,2.088664903,171.553676538,-3.478700013,-2.349186573,-0.275413190,0.980798487,2.615953123,-7.433802417,18.195083874,-58.517561972,3.065514662,2.493383166,4.720879835,179.065579468,61.357668766,178.963907062,61.357628183,178.963907062,0
236,36,23,3,0.554661301,0.583182923,44.275791443,-56.785576059,1.073251896,19.669487732,1.837142643,-0.100331476,24.606303710,-58.622718701,1.173583372,63.588290024,16.026432250,-61.604502416,1.507891841,2.093052501,1.695661650,179.705775615,0.589054703,0.060913028,-0.084132250,6.855458241,2.154290029,-23.130278570,38.333089307,-49.919978925,9.058580779,9.245649880,0.998960649,-156.866455580,63.588425970,157.024148921,63.588290024,157.024148921,0
237,36,23,3,0.571324600,0.582722918,43.676411791,-56.878189500,1.066008566,19.781862161,1.685322019,-0.040645588,23.894549630,-58.563511519,1.106654154,63.260248710,15.420329988,-61.605561794,1.484987530,1.992559373,1.603204644,-178.402857420,0.675646746,-0.106114984,-0.022137248,8.022144377,5.225809317,-20.401711767,34.974710425,-51.330361323,11.993023059,11.400484325,3.378053352,-157.224587966,63.260326943,157.684000348,63.260248710,157.684000348,0
238,41,23,3,0.611878453,0.582225688,42.981442863,-56.918984524,1.074544257,19.873459301,-1.121235659,0.379358665,23.107983562,-55.797748865,0.695185592,60.397441715,5.189963999,-62.495136534,0.909048173,1.621347567,2.079702389,171.627864561,-2.958842718,-2.653054369,0.298215135,0.301014951,6.915270334,-5.423181862,13.594424575,-58.791424983,2.573021457,1.566390315,9.001334726,177.063926477,60.397520400,176.950330247,60.397441715,176.950330247,0
239,41,23,3,0.604090577,0.600097419,42.389507096,-56.985516415,1.080301661,18.099279860,-0.768215832,-0.060864734,24.290227236,-56.217300583,1.141166395,61.251141089,4.600651924,-62.409033935,0.896997688,1.583501196,1.697151857,173.262156246,-4.570682979,-1.858128515,-0.187785056,-0.329964176,7.435413345,-1.354120116,10.370223325,-60.330339381,2.100024168,0.546371383,9.067989823,174.497384112,61.251134546,174.471458271,61.251141089,174.471458271,0
242,175,23,17,0.392200147,0.585219319,40.523378760,-57.201982416,1.116051528,54.743271222,-39.427227018,0.006331591,-14.219892462,-17.774755398,1.109719936,22.789882611,13.686973731,-21.197802809,0.334258306,2.246503354,0.788055672,-90.092305684,-1.640459044,-4.351781855,-0.478226739,-16.966349758,8.637628293,-1.269454581,15.396921067,-16.706490419,-1.792402307,11.275264652,17.564287138,-88.655230714,22.790013307,92.253157973,22.789882611,92.253157973,0
243,144,23,14,0.405841660,0.639054453,40.002522790,-57.281523238,1.116144650,56.781090928,-23.490819964,-1.481753638,-16.778568138,-33.790703273,2.597898288,37.816412469,32.765780286,-20.292511354,0.849840597,1.445835264,-0.424199579,-86.164990841,1.000185461,0.084350345,-1.560873970,4.164187876,-9.200154864,5.988974772,29.472586492,-23.687071291,-0.613055237,-7.598605791,-4.924567588,-92.065947129,37.816484998,92.735057752,37.816412469,92.735057752,0
244,169,23,16,0.375945537,0.605722100,39.467781399,-57.290044824,1.111396687,56.136505093,-36.636704720,0.628364464,-16.668723694,-20.653340105,0.483032223,26.545058433,16.840226877,-22.537989127,0.589528794,2.413305484,0.790611244,-95.338982624,-0.698694724,-2.615800063,0.225194892,-18.671599754,5.929556203,-4.843697791,19.018401958,-18.152915357,-3.662729562,8.203718641,19.508625447,-90.435942029,26.545122656,93.709960830,26.545058433,93.709960830,0
245,170,24,16,0.347586207,0.571659170,38.940837340,-57.342348525,1.122932734,56.895219103,-37.867263065,0.100737260,-17.954381762,-19.475085460,1.022195474,26.508181034,17.650543241,-21.917945632,0.799998676,2.997346697,-0.109867009,-89.721212747,0.173156283,-2.016695089,-0.279275922,-16.371996145,1.939144487,-1.943964168,18.095521417,-18.991548072,-3.815350887,5.585764202,16.174432110,-87.690793535,26.508181678,89.783248430,26.508181034,89.783248430,0
246,145,24,14,0.381818182,0.631562789,38.403835829,-57.395625288,1.130191069,56.457352491,-24.208998232,-1.663255937,-18.053516662,-33.186627056,2.793447006,37.882516091,31.678803164,-22.505852467,0.668466846,1.534667175,0.194563484,-89.513367986,1.056766471,-0.336902264,-1.763310498,6.090080717,-5.338848204,0.877890352,30.373632696,-22.549725430,2.007569626,-3.760610423,-5.932566164,-90.409857362,37.882423575,90.817211505,37.882516091,90.817211505,0
247,147,24,14,0.409090909,0.619545060,37.877472636,-57.450411341,1.139533440,56.649344270,-24.857743474,-1.589934296,-18.771871634,-32.592667867,2.729467735,37.710942145,30.702810372,-22.674831545,1.148646037,2.180332510,-0.962316378,-88.680450296,0.537107353,-0.226559921,-1.718516304,6.317863050,-7.969580464,-5.282426370,32.191764201,-19.634202067,0.552282496,-6.473037358,-6.314706816,-83.287778107,37.710961128,84.042153514,37.710942145,84.042153514,0
248,145,24,14,0.448484848,0.634494934,37.358428011,-57.528599540,1.149897435,56.335581040,-24.043397589,-1.406322619,-18.977153029,-33.485201950,2.556220054,38.573635397,31.676219038,-23.559569521,0.693400614,1.889239536,-0.102053010,-87.184770781,0.880824753,-0.435033055,-1.503153913,1.783711565,-11.766704294,8.288916668,27.017646728,-27.414822372,-2.532116818,-9.659600277,-2.990481071,-95.344695840,38.573790792,96.000905557,38.573635397,96.000905557,0
249,40,24,3,0.583956492,0.605930443,36.950609392,-57.510910717,1.153017900,18.935211014,-1.883488802,-0.175967694,18.015398378,-55.627421915,1.328985594,58.487014374,1.976679136,-61.493685014,1.702031062,3.018925547,2.138839423,171.753130539,-3.358994505,-3.282536358,-0.227634519,-1.245448916,5.805899892,2.442748165,2.639991971,-58.419904182,0.938530390,0.699346773,7.608437743,169.049947299,58.487054991,169.027912084,58.487014374,169.027912084,0
250,177,24,17,0.327194598,0.626611835,36.418126235,-57.524404481,1.156887592,60.384536315,-46.279272734,0.354842904,-23.966410079,-11.245131747,0.802044688,26.485563535,11.913928745,-25.434771687,0.294831901,2.192570680,1.368576238,-96.274476035,4.886345891,0.098060946,-0.120634955,-3.895837573,16.374213008,170.753931591,-10.708222806,24.200679754,-1.071545124,-14.338422058,-1.741673318,92.465109004,26.485602602,93.116776384,26.485563535,93.116776384,0
251,145,24,14,0.364640884,0.645868523,35.872835192,-57.571812479,1.148194572,56.594722103,-23.924975267,-1.607321106,-20.721886911,-33.646837212,2.755515678,39.611855778,31.527570698,-25.038318373,0.701261042,1.860872883,0.550084118,-91.281955690,0.793711477,-0.163775125,-1.704173169,5.979934020,-8.031360689,-1.075362371,31.225371082,-24.367185557,0.565008954,-6.141355940,-5.464028896,-90.282695555,39.611901827,90.866990079,39.611855778,90.866990079,0
252,145,24,14,0.494652406,0.574443708,35.328524874,-57.643717864,1.158098151,55.427986450,-24.081145856,-0.292007729,-20.099461576,-33.562572008,1.450105880,39.147635976,31.528867107,-25.587301151,0.713847374,1.899794664,-0.478730712,-88.956906298,0.818420598,-1.334422394,-0.383307903,4.296200873,-5.435730744,-37.768435568,39.058599902,-0.557272424,-2.580095444,-5.024752350,-0.427505557,-51.337724123,39.147690498,51.586721066,39.147635976,51.586721066,0
253,158,24,15,0.485335196,0.593730046,34.773222873,-57.711196520,1.164384905,54.900975578,-28.437478742,0.486498641,-20.127752705,-29.273717778,0.677886264,35.532189790,21.299072993,-28.475475585,0.301646123,2.241128392,1.977120822,-93.356665094,-2.904952927,-2.462189649,0.198712457,-5.818239730,3.628561436,9.848017310,19.352829934,-29.751293542,-1.694292168,4.451097665,8.468276305,-103.187625698,35.532268712,103.831187191,35.532189790,103.831187191,0
254,40,24,3,0.598079561,0.600871769,34.228707160,-57.766352641,1.162552505,19.223733573,-1.529291494,-0.230073518,15.004973587,-56.237061147,1.392626023,58.221093137,-0.734206554,-61.146338282,1.634634695,2.896610799,2.746164768,175.493740340,-2.998455596,-3.000610717,-0.274089539,0.231538261,8.421378093,6.526985364,-4.592471252,-58.020788919,1.484110946,1.491794699,11.054740138,168.814608058,58.221175909,168.723982831,58.221093137,168.723982831,0
255,171,25,16,0.343234323,0.618449291,33.665430967,-57.827973098,1.165199480,59.925212332,-42.886114716,-0.069713401,-26.259781365,-14.941858383,1.234912881,30.238390485,16.192334154,-27.713758123,0.663555570,2.872309807,0.405161372,-88.555314044,4.911652175,0.320531084,-0.425068251,-0.894419134,30.083375600,-172.695642209,-7.143492743,29.282481260,-2.423265877,-26.988960155,-3.472951579,84.718331181,30.238475736,87.399701308,30.238390485,87.399701308,0
256,47,25,4,0.535897436,0.596415455,32.963820494,-57.917787387,1.166317603,22.724479566,-0.413718545,-1.082676520,10.239340928,-57.504068842,2.248994123,58.451860625,1.805516773,-60.795400310,1.150240472,2.279106603,2.407130546,-175.791613679,-2.642036614,-2.556652115,-1.105305611,-1.936786608,-1.202539604,14.775311442,-10.502427980,-57.498090582,0.533587029,0.595509875,0.869411910,169.405241876,58.451827424,169.401186062,58.451860625,169.401186062,0
257,169,25,16,0.450422752,0.626296690,32.397437260,-57.951503112,1.173120169,55.788457739,-34.994958892,-0.837262304,-23.391020479,-22.956544220,2.010382474,32.835718345,16.297739319,-29.618715061,0.578100503,2.433671562,0.660138788,-94.347272182,-2.368926017,-2.666851503,-1.248660367,-7.314243607,-2.289399825,3.295626596,17.145834433,-27.898320991,-2.428761853,-0.816784512,7.603712185,-97.731275505,32.835877279,97.900033227,32.835718345,97.900033227,0
258,142,25,13,0.509615385,0.563511766,31.722330160,-58.027039496,1.172143870,54.719970754,-16.376377193,-0.700612631,-22.997640593,-41.650662302,1.872756501,47.614875407,35.129286041,-27.421170438,0.679285212,1.168475088,-0.694600926,-85.605433416,-4.724082711,-1.397606090,-0.608914182,-1.762349368,-2.205082951,-0.520658820,40.108142165,-25.640525402,-1.044241882,-0.876880417,1.250573239,-85.060784901,47.615019185,85.062343150,47.614875407,85.062343150,0
259,127,25,12,0.508181818,0.578169061,31.187456042,-58.114349919,1.189235787,55.199394884,-14.912137393,-0.778635160,-24.011938842,-43.202212526,1.967870947,49.465916449,42.777510679,-29.169548959,1.434505400,1.996771843,-0.714885495,-85.813748348,2.577127412,-0.416751775,-0.586071112,-0.540763409,-2.308553993,3.933179680,38.183993736,-31.445765239,0.186129598,-0.309276309,-0.163391907,-89.718355768,49.466030499,89.719390020,49.465916449,89.719390020,0
260,127,25,12,0.541176471,0.584945481,30.642293485,-58.189617217,1.184762889,54.078159548,-12.025048274,-0.910829621,-23.435866063,-46.164568943,2.095592510,51.815043682,42.790200319,-29.719752265,1.436143183,1.919990277,-0.693953877,-85.667545870,-0.419653393,-1.203261738,-0.689194911,-3.337077020,-3.462278256,9.550797854,37.938747438,-35.221294466,-2.220122960,-1.829071594,2.316098566,-95.170570120,51.815220611,95.168397754,51.815043682,95.168397754,0
261,134,25,13,0.535772358,0.583610334,30.083311435,-58.243837976,1.173891212,55.225983631,-16.418396189,-0.761831205,-25.142672197,-41.825441787,1.935722417,48.839211369,37.108659929,-31.975748629,1.480849418,2.288984501,-0.573983908,-90.003009637,-0.171092250,-0.496498347,-0.651155814,-2.490994375,-3.255883546,-0.555186763,37.643496593,-31.086918373,-1.358383033,-0.941517167,1.949172486,-89.415803311,48.839272457,89.420439222,48.839211369,89.420439222,0
262,145,25,14,0.481600000,0.604521307,29.562115365,-58.340595342,1.191187803,56.882464923,-21.094689724,-0.753080357,-27.320349558,-37.245905617,1.944268160,46.232447089,31.477158881,-31.395195408,0.776316055,1.114537770,-0.505891347,-86.162515700,-1.962404416,0.490794371,-0.810638949,1.424066975,-3.448274450,-14.803642527,40.498980148,-22.297812304,-0.296445129,-2.607941865,-0.752828422,-71.360839420,46.232539475,71.422746854,46.232447089,71.422746854,0
263,142,25,13,0.484114977,0.597697572,29.015875820,-58.446915002,1.191440333,56.412660223,-20.434239418,-0.883304754,-27.396784403,-38.012675584,2.074745088,46.902578478,35.346914231,-30.151136965,0.717803013,0.362293342,-0.922715532,-81.598538245,-0.556071169,-0.013989388,-0.888385983,-2.181070068,-9.732173559,-18.655220307,43.300091091,-16.836443806,-6.442322044,-7.322677223,5.443042248,-63.061575520,46.902742371,63.305162872,46.902578478,63.305162872,0
264,134,25,13,0.510638298,0.578761438,28.446034275,-58.527177053,1.212173060,55.604955632,-17.577243131,-0.880632705,-27.158921357,-40.949933922,2.092805765,49.182150558,37.126841851,-33.636556068,1.542583524,1.937634298,0.065272003,-88.893134656,1.032611975,-0.309498576,-0.780720605,-0.837944982,-4.868619617,-0.789307638,36.615312737,-32.811724159,-1.267101840,-2.900828396,1.063405658,-88.115885721,49.182272377,88.132118491,49.182150558,88.132118491,0
268,170,26,16,0.440468445,0.614882772,26.078893831,-58.776930959,1.237559190,56.628899730,-37.520614087,0.458813857,-30.550005899,-21.256316872,0.778745334,37.225533061,17.727975755,-34.859747146,0.867338053,2.564148965,1.745915134,-89.955589370,-0.202168556,-2.246518447,0.075157233,-11.673750892,7.749054507,1.578872811,16.762491001,-33.033643506,-3.679638502,10.047327770,13.607641006,-91.321397040,37.225561747,93.701896767,37.225533061,93.701896767,0
269,171,26,16,0.443657817,0.609370773,25.482381413,-58.835541518,1.237655422,56.845006465,-38.906631091,-0.130762719,-31.362625052,-19.928910426,1.368418141,37.183978932,16.093462204,-35.958319507,0.676818547,3.054076001,0.157708564,-89.601782557,0.555500473,-2.197743762,-0.524663781,-5.784923505,-1.539864028,17.526008300,4.680705038,-36.793251320,-2.645949976,-0.125476829,5.231960070,-107.199695817,37.184047569,107.282140736,37.183978932,107.282140736,0
272,146,26,14,0.585484997,0.579685080,23.671791296,-58.972046135,1.260034801,56.260897836,-22.565054995,-0.139468792,-32.589106540,-36.406991140,1.399503593,48.882281854,29.520799182,-38.300955858,0.835642218,1.216255709,0.267102156,-92.226675396,-1.183491383,-0.279901727,-0.224293105,-3.179866533,-5.706323325,-15.619007062,39.715465963,-28.145634769,-4.471443261,-3.602744153,4.679775262,-76.657408624,48.882397630,76.702875109,48.882281854,76.702875109,0
275,147,27,14,0.461151481,0.599599160,21.743981121,-59.266607236,1.291072956,55.007883367,-24.946043928,-0.139686312,-33.263902247,-34.320563308,1.430759268,47.816684646,30.597412649,-38.903997563,1.611400775,1.146504815,-1.537501539,-86.443932293,0.444466650,-1.838900008,-0.236225097,-5.664319511,-11.382083727,-9.599811756,35.570324093,-30.843073271,-8.360992172,-8.634761037,6.579491680,-76.711567497,47.816830875,76.865316532,47.816684646,76.865316532,0
276,232,27,22,0.655649038,0.583187921,21.172752767,-59.342496387,1.296937675,46.055705379,-57.171225048,1.279700414,-24.882952613,-2.171271338,0.017237261,24.977510826,25.596540243,-1.724356030,0.469521483,-0.841054522,1.207317124,-0.024980272,0.720330302,0.506717180,0.200191930,-0.951835349,0.007561598,-2.297126578,24.945685404,-1.236583403,0.252139236,0.109906420,1.161807252,2.291686378,24.977588614,2.570725521,24.977510826,2.570725521,0
277,145,27,14,0.494769231,0.604712918,20.429446852,-59.451575422,1.286201489,55.442601734,-24.465893746,-0.265627569,-35.013154882,-34.985681676,1.551829057,49.520976470,31.403144897,-40.594296322,0.917747294,1.360488384,0.323181966,-87.565610494,1.202203133,-1.369421651,-0.362656596,-3.765460544,-9.679281523,-8.428350875,35.332242719,-33.990073171,-6.974642665,-7.450787365,5.834732946,-79.293107064,49.521087327,79.385222906,49.520976470,79.385222906,0
279,146,27,14,0.475285171,0.611311490,19.072709460,-59.617301012,1.292179102,55.829862903,-26.297690045,-0.028784821,-36.757153443,-33.319610966,1.320963923,49.628920499,29.417786387,-42.943754579,0.888075508,1.155120698,0.518203711,-93.062168539,2.432378854,-1.305990697,-0.167457075,-10.004349620,-22.837740425,-4.754538463,28.374843702,-36.783920550,-17.460065059,-21.436289542,11.135877705,-88.615511621,49.629048329,89.138888540,49.628920499,89.138888540,0
280,144,27,14,0.478087649,0.600393185,18.473153886,-59.682732025,1.283848067,56.339030066,-24.372146890,-0.000893592,-37.865876180,-35.310585135,1.284741659,51.791047128,32.786244362,-41.953656756,1.169237812,1.756023647,0.700010697,-88.246413980,1.842896218,-0.441625629,-0.084971098,-8.286714722,-16.110813706,10.341299868,22.434081941,-45.162304311,-11.806745556,-15.397613394,6.494855938,-98.498713461,51.791128621,98.676204661,51.791047128,98.676204661,0
281,154,27,15,0.485087719,0.616212607,17.889351099,-59.777056790,1.286019819,56.410725044,-28.534170063,-0.075760081,-38.521373945,-31.242886727,1.361779900,49.617221467,25.220402616,-43.810549304,0.671921051,1.693136623,1.227404721,-88.121199243,-0.047035490,-1.119848668,-0.292089755,-1.244350831,-15.919709924,-4.061237673,27.409352767,-40.636570018,-7.699788918,-14.041477830,4.046228155,-84.614633332,49.617438379,85.140925606,49.617221467,85.140925606,0
282,29,27,2,0.730870712,0.560393241,17.267157618,-59.892163997,1.295624369,15.130709449,0.192831765,0.071514715,2.136448169,-60.084995762,1.224109654,60.135426921,-5.542831467,-60.892110442,1.154556275,1.803521720,1.760720937,-174.297295567,-0.267816960,-0.998921073,0.036674292,-5.869108687,9.881706510,17.784614207,-23.162700489,-54.832850342,-8.552059279,-6.120828258,10.112002054,166.587293463,60.135595852,167.197788295,60.135426921,167.197788295,0
283,36,27,3,0.760994264,0.540651743,16.670522705,-60.027003604,1.295916177,19.587660250,2.951895436,-0.102147527,-2.917137546,-62.978899040,1.398063704,63.061921932,-11.748259507,-60.640844734,1.012759828,1.168448327,1.902663510,-173.406574335,0.676497926,1.175240852,-0.084037060,0.511859035,3.643079763,-2.564259303,-9.696878204,-62.303443124,1.038234888,2.258071220,5.417125444,-170.756499376,63.062083725,170.875324677,63.061921932,170.875324677,0
284,36,27,3,0.699341021,0.543238082,16.193096289,-60.026670363,1.292410364,19.001386090,0.977918275,0.279295222,-2.808289801,-61.004588638,1.013115142,61.077595965,-12.219914206,-60.568434308,0.997044889,1.150267190,2.032110683,178.385063815,-0.210661461,-0.687473162,0.275193390,-6.087944811,9.699736131,2.387392473,-14.407701664,-58.810734262,-8.012750698,-5.728828297,11.208436782,174.683883521,61.077725116,175.275159627,61.077595965,175.275159627,0
285,230,28,22,0.643859649,0.550395296,15.900679027,-59.987418742,1.290309758,47.331416528,-56.025549263,1.334945935,-31.430737501,-3.961869479,-0.044636176,31.679483298,32.171640555,0.631862859,0.242833168,-0.329462020,0.152744526,-5.014000709,0.509084904,-0.401783712,0.304529702,-2.529711393,3.124130937,6.379949573,31.537911162,-2.561955483,1.548005900,2.770105713,-2.406819705,-11.523914072,31.679642969,12.036620544,31.679483298,12.036620544,0
286,36,28,3,0.725957447,0.550530621,15.299668196,-59.998954114,1.302937156,18.348624549,1.350382055,-0.174717733,-3.048956354,-61.349336168,1.477654889,61.442824212,-13.098893442,-60.406142244,0.984815836,1.643015834,1.778389362,174.512385223,-0.787779504,-0.220866210,-0.194026576,-3.838197277,4.715153943,29.144138482,-40.024603090,-46.323754133,-5.231044679,-4.204134185,3.456447430,144.942835246,61.442842365,145.110356004,61.442824212,145.110356004,0
287,28,28,2,0.696526508,0.590322878,14.668033846,-60.053882306,1.297606351,16.521139468,0.741260229,-0.191324269,-1.853105622,-60.795142535,1.488930620,60.841599837,-7.219087074,-60.784110615,1.282773574,1.525246777,2.032535998,179.866341880,1.706174038,-0.618916966,-0.196908111,-9.127796794,5.794721344,6.817665181,-16.071994665,-57.914434296,-9.450776997,-8.300854480,6.577262409,171.845798609,60.841662520,172.356303439,60.841599837,172.356303439,0
288,23,28,2,0.633303809,0.575177764,14.070868533,-60.146149332,1.311589237,14.446002619,0.327990487,0.121637307,-0.375134086,-60.474139819,1.189951930,60.487009333,-11.400468417,-59.787012655,2.021613772,2.629293156,1.964249484,177.554961612,2.318792842,-0.906937574,0.125057156,-8.628370553,8.345671655,14.259702137,-27.780742382,-52.755333648,-10.188452458,-8.117610249,7.342270671,161.789171678,60.487184090,162.391895206,60.487009333,162.391895206,0
289,236,28,23,0.682629870,0.540295714,13.435221836,-60.232825515,1.294887939,43.033946153,-58.000873187,1.118963606,-29.598724317,-2.231952329,0.175924333,29.683278824,31.012451405,-1.076363304,0.377736569,-0.547188763,0.440136803,2.539211041,1.405689958,1.022281797,0.013858650,6.639743574,-3.311448061,-1.943022389,29.632416111,-1.242385201,-1.214552268,-6.925476952,4.235301003,4.029474184,29.683307477,9.173358753,29.683278824,9.173358753,0
290,235,28,23,0.657556270,0.579571100,12.825358668,-60.352125243,1.314207672,44.711619397,-57.147847627,1.180311071,-31.886260729,-3.204277616,0.133896600,32.047136325,32.242093693,0.117114697,0.457955334,-0.709163275,-0.445213483,6.756838291,0.198289435,0.411755654,0.101946927,7.719231013,-9.756789100,4.911999788,31.499932459,-3.688853830,-4.601527678,-8.214839669,9.472523707,0.591230544,32.047268908,12.578133243,32.047136325,12.578133243,0
291,235,28,23,0.644399460,0.579520250,12.072832792,-60.468006142,1.322683239,44.647711492,-57.085700913,1.409941748,-32.574878700,-3.382305229,-0.087258509,32.750119466,33.002712388,0.150349192,0.470206105,-0.817275666,0.375613040,5.852948902,0.253493098,0.351605234,0.334349948,7.900770090,-6.431565019,-4.059109013,32.491015005,1.612679825,-3.783452756,-7.562456162,8.013600496,8.972402896,32.750287129,14.527997441,32.750119466,14.527997441,0
292,235,28,23,0.625758597,0.591881404,11.481866858,-60.608772260,1.320938900,43.930715897,-57.189040875,1.717932028,-32.448849039,-3.419731385,-0.396993128,32.630966432,33.605539791,0.225566619,0.469624223,-0.725199920,0.482121668,8.201072141,0.975451380,0.387429272,0.645979086,9.424453495,-7.540166417,0.141215697,32.324354339,-0.968755570,-4.356694577,-9.111316010,9.169365261,6.728639534,32.631015283,14.893320327,32.630966432,14.893320327,0
293,235,28,23,0.663309353,0.593508825,10.857670370,-60.705429805,1.319007474,43.608438972,-56.493050392,1.437514943,-32.750768602,-4.212379412,-0.118507469,33.020766622,34.236566920,0.253333884,0.470811086,-0.795954594,0.855579930,3.960456633,1.221392887,-0.349563183,0.394475993,5.084498868,-6.017743287,11.491231555,32.302720849,-6.257819213,-2.784817743,-6.657721768,6.124417897,-8.155659283,33.020921934,11.931720901,33.020766622,11.931720901,0
294,235,28,23,0.681666667,0.566675218,10.241505630,-60.830978109,1.331217157,43.653526056,-56.568425340,1.299122918,-33.412020426,-4.262552770,0.032094239,33.682836803,34.862682265,0.311203273,0.484993813,-0.752048127,1.013169180,6.630759232,1.185744915,-0.274926986,0.252965425,4.075557677,-3.707920686,9.747793791,33.235399610,-5.247853634,-1.552272299,-5.036189123,4.481508377,-3.454566822,33.682952725,7.482897481,33.682836803,7.482897481,0
295,235,29,23,0.671392827,0.565540753,9.621335618,-60.897819608,1.327295059,43.253480838,-56.538006911,1.557520663,-33.632145221,-4.359812698,-0.230225604,33.914335652,35.486454461,0.309719246,0.485232097,-0.529053398,0.053831036,2.801731265,1.578342063,-0.339200341,0.516531862,4.532687784,-1.604632095,4.528190926,33.839493845,-2.101209151,-0.815763920,-5.109633434,1.516064883,-1.852794480,33.914479126,5.620056580,33.914335652,5.620056580,0
296,235,29,23,0.659246575,0.516947469,9.006201401,-60.978080727,1.337512665,44.754338269,-56.962410631,1.195314949,-35.748136867,-4.015670096,0.142197716,35.973255566,36.106598127,0.322642312,0.499058838,-0.070086469,-0.560961334,3.456959213,0.135418137,0.232782590,0.123224608,2.958851789,-4.230387117,7.312619038,35.620561561,-4.599942913,-2.023196818,-3.312365655,3.455706863,-4.046900977,35.973284616,6.202413859,35.973255566,6.202413859,0
297,235,29,23,0.735490010,0.574713902,8.396168895,-61.073360969,1.345855346,45.662210999,-57.808618631,1.187470370,-37.266042104,-3.264742338,0.158384977,37.409110153,36.723328334,0.350971444,0.510412064,0.320534601,0.273028089,5.396365117,-0.674232013,1.172198871,0.074994994,5.512684518,-3.346170849,8.183392888,36.862407110,-6.272863971,-1.121716324,-5.357843050,3.330408612,-3.126886074,37.409144976,6.970217240,37.409110153,6.970217240,0
298,236,29,23,0.732729332,0.515760880,7.764313177,-61.135441754,1.356760429,44.781293750,-57.507771887,1.229404633,-37.016980573,-3.627669867,0.127355797,37.194529959,36.754095983,-1.007819484,0.458783357,-0.295048673,0.707006949,-0.594145883,-0.395307065,0.793322353,0.125916808,0.381685246,0.705464358,2.178437433,37.047192691,-3.206653730,0.810446853,-0.642152745,-0.016097225,-2.772370510,37.194541784,2.845868399,37.194529959,2.845868399,0
299,239,29,23,0.643073812,0.554405492,7.129710673,-61.239481019,1.357919067,42.451891366,-57.264006015,0.352522533,-35.322180693,-3.975475004,1.005396534,35.559410465,35.508926290,-0.679863312,0.283671823,-0.102425067,1.180715425,2.049558963,-0.023450894,0.257431293,-0.737760055,-4.421721798,-7.371932991,5.832744352,35.092904077,-4.259346599,-3.850173713,3.871608355,8.805597807,-3.151536599,35.559496448,10.211881922,35.559410465,10.211881922,0
300,239,29,23,0.748069498,0.549942624,6.499862234,-61.249206179,1.363540990,44.603388205,-57.667378291,1.198121718,-38.103525971,-3.581827888,0.165419272,38.271863633,36.134012036,-0.757558623,0.291825929,-0.032598663,0.519024802,-3.868485075,-2.097507521,0.986773385,0.082627075,4.016638497,-0.067156795,0.944675821,38.197823293,-2.357075993,0.330346483,-4.040742019,0.247756576,-4.842356816,38.271904060,6.304197854,38.271863633,6.304197854,0
301,236,29,23,0.669523810,0.550035185,5.870454041,-61.320788102,1.355986127,43.911746105,-57.772810506,1.250679323,-38.041292064,-3.547977597,0.105306805,38.206532641,38.654720756,-1.100483557,0.468537171,-0.141167539,0.266473418,-1.137337121,0.503518988,0.929461652,0.145640035,4.132199076,-1.913548719,3.244561142,37.964805867,-4.243238405,-0.641226791,-4.409695626,1.853114632,-4.529968815,38.206579649,6.537605069,38.206532641,6.537605069,0
302,252,29,24,0.619396157,0.561067893,5.251015545,-61.412186697,1.359238554,39.815637604,-58.014046834,0.834281433,-34.564622058,-3.398139864,0.524957121,34.735227544,30.305352021,-0.684937512,0.121990584,-0.823667666,0.712876677,1.943929853,-4.385230174,1.009200076,-0.357005586,0.894584645,-5.978616687,0.831128825,34.523747456,-2.245900860,-3.099240353,-1.607563008,6.706997202,1.015154549,34.735263060,6.984687218,34.735227544,6.984687218,0
303,252,29,24,0.611821086,0.585158604,4.753450297,-61.474349472,1.346550071,39.493217082,-57.932133568,1.059462980,-34.739766785,-3.542215903,0.287087091,34.921069697,30.806600754,-0.697222775,0.108020448,-1.411687062,2.033146527,1.085469693,-4.077502928,0.891861586,-0.126990096,-0.387456634,-2.843692231,2.468549379,34.752276623,-3.080020303,-1.511797832,-1.091799049,4.885278729,-1.354259354,34.921236923,5.173391132,34.921069697,5.173391132,0
304,234,29,23,0.456487342,0.607310725,4.127426434,-61.561420356,1.335558259,45.306552981,-57.006708517,1.552147512,-41.179126547,-4.554711839,-0.216589254,41.430819133,41.616692169,0.255028938,0.967803887,-0.787984128,0.858227336,3.006829585,0.188826481,0.338371239,0.480184542,6.792278824,2.672722829,8.518394350,40.891298200,-5.891863680,3.115684697,-7.298124264,-2.440647950,-5.262878693,41.430904132,9.407662747,41.430819133,9.407662747,0
305,255,30,25,0.569037657,0.631078296,3.324343459,-61.568610310,1.342504535,33.701045377,-57.764949112,1.885637253,-30.376701918,-3.803661198,-0.543132718,30.618733662,30.549855799,-1.121884889,0.230390913,-1.015722405,1.559502735,-5.832722760,-0.045232395,-0.023932590,0.722254980,2.294173071,5.733692250,0.006766790,30.491024251,-0.997914571,2.609232304,-2.720685116,-4.375025390,-5.682637791,30.618727710,7.745348402,30.618733662,7.745348402,0
306,255,30,25,0.534653465,0.618355277,2.684050072,-61.601597764,1.345803797,33.184084646,-57.941856058,1.725585874,-30.500034574,-3.659741706,-0.379782077,30.721166202,31.187248584,-1.190901183,0.236861350,-0.547358542,0.429715793,-4.692423419,0.493291152,0.061199216,0.558224879,1.658404263,3.625523140,0.358247395,30.644586697,-1.396508458,1.660816947,-1.882627125,-3.326624036,-4.964385714,30.721315770,6.307812636,30.721166202,6.307812636,0
307,243,30,24,0.533904910,0.628256535,1.857576410,-61.678703527,1.313634923,38.931321688,-57.274073192,1.458566577,-37.073745278,-4.404630335,-0.144931654,37.334760780,38.323104568,-2.385893726,0.241451216,-0.420655881,1.728355729,-2.711207294,1.053504200,-0.183650642,0.348111222,4.492747621,-0.662057786,2.398165886,37.141199517,-3.790222438,-0.239681505,-4.957181306,1.980613466,-5.282198290,37.334862192,7.447863929,37.334760780,7.447863929,0
308,90,30,8,0.394641564,0.553782190,1.220962634,-61.762033038,1.320624377,45.674508710,1.105840153,-0.821746106,-44.453546077,-62.867873191,2.142370483,77.026469409,-38.958238377,-71.247669614,1.321559907,2.853910812,2.856085654,-162.928103693,-3.060664079,-3.118750260,-0.378880288,0.084338044,-6.859847977,-4.708987653,-29.764301959,-70.838444114,5.397704251,0.387414753,-3.546082764,-158.209267608,77.026839782,158.207963199,77.026469409,158.207963199,0
310,238,30,23,0.519933555,0.568119905,-0.049621984,-61.970955644,1.313696208,44.731191439,-56.265821165,0.873857607,-44.780813423,-5.705134479,0.439838602,45.144914091,43.323450702,0.271770814,0.506860577,-0.679406991,0.594443850,4.019544591,-1.810031069,-0.463045425,-0.194663942,3.600074403,-0.814041904,-1.870827498,45.090920883,2.207345971,-0.077831921,-4.178592575,1.770738764,5.792553142,45.144983997,7.408033252,45.144914091,7.408033252,0
311,92,30,8,0.409509202,0.594623860,-0.856136911,-62.059237111,1.323746255,52.806286478,5.023555091,-1.150674883,-53.662423389,-67.082792202,2.474421139,85.941139471,-33.158451023,-76.137358833,2.075778278,2.462780383,1.564320164,-157.091352488,2.210307469,2.142237068,-0.614062196,-3.482651302,-2.619005514,94.405597675,-75.130087224,40.828979324,8.625442813,3.837922070,-2.569662652,108.570651845,85.941455786,108.723565449,85.941139471,108.723565449,0
313,92,30,8,0.390087930,0.646943974,-2.124084641,-62.178222929,1.327093944,47.287104033,2.214615391,0.098729671,-49.411188675,-64.392838320,1.228364273,81.175193699,-34.356967927,-76.567664758,2.059830751,2.573367166,2.109998487,-156.701925864,-2.463099975,-1.935028966,0.589139112,3.677735729,1.013779177,-0.883139400,-30.761066925,-74.901384102,5.742876577,6.344565606,1.522903876,-155.666663067,81.175373175,155.790907149,81.175193699,155.790907149,0
314,234,30,23,0.483370288,0.608039973,-2.758387007,-62.275546172,1.325306854,44.115623069,-56.564244009,1.401387876,-46.874010076,-5.711302163,-0.076081022,47.220732536,48.538320090,0.195079097,1.077259153,-1.091242558,-0.410713716,4.500499937,1.324834804,-0.240424380,0.373892091,5.428101443,-0.416358408,1.187000733,47.216400416,-0.506131029,0.409995048,-6.486268708,0.318179142,3.298123890,47.220892969,7.290923562,47.220732536,7.290923562,0
316,90,31,8,0.357456140,0.576576111,-3.865923646,-62.290703902,1.322388999,52.867710288,3.404822399,-0.409671368,-56.733633934,-65.695526301,1.732060367,86.819395463,-43.928851945,-72.439824717,1.155201909,2.780655275,3.039172378,-167.772330800,3.749910411,0.110236065,0.243210003,4.030592046,-1.334867969,162.904695315,24.260019312,83.178731788,-5.513240714,-0.096429359,6.170021752,29.044829665,86.819616344,29.684521674,86.819395463,29.684521674,0
317,90,31,8,0.411076443,0.626407814,-4.368489595,-62.327124526,1.323568220,48.331228754,2.478708451,0.187315000,-52.699718350,-64.805832977,1.136253221,83.536503239,-44.422035495,-72.541920481,1.139491184,2.566246036,2.452347928,-165.903815275,-0.645386227,-1.395892506,0.697840255,4.679732757,4.673093522,-7.776091955,-33.671736025,-76.348620953,3.932799427,8.672351255,5.015368857,-157.538584205,83.536606584,158.004312341,83.536503239,158.004312341,0
318,22,31,1,0.375000000,0.552767267,-5.006551452,-62.395278081,1.326946399,12.228424311,-2.496763967,-0.069191199,-17.234975763,-59.898514113,1.396137598,62.344410998,-27.256886027,-59.098955617,1.804704754,2.588990049,2.224804673,178.519032703,0.220308280,-3.167540478,-0.067773919,-2.752319788,-3.080632618,10.650782143,-37.186821109,-50.018108020,1.476461935,0.544537102,-1.364075922,167.926988502,62.344612710,167.934386404,62.344410998,167.934386404,0
319,219,31,21,0.490275527,0.595676047,-5.653333564,-62.411621881,1.321910607,52.995843052,-54.029318433,0.412619977,-58.649176616,-8.382303448,0.909290630,59.252136994,58.838822493,-10.684787988,-0.761204725,-1.947444833,1.843684496,-12.471031511,0.257629496,-1.799853058,-0.418427028,-8.076399190,-1.665568793,20.424414046,51.766122312,-28.224508381,-5.871806223,3.978649118,7.599926132,-32.288883801,59.252277601,33.633715796,59.252136994,33.633715796,0
320,219,31,21,0.449924127,0.640093851,-6.307513951,-62.415487828,1.323737092,53.742186947,-54.208568932,-0.199898469,-60.049700898,-8.206918896,1.523635561,60.627069540,59.466211345,-10.869990904,-0.768510079,-1.264818055,2.151685013,-13.558972784,-0.422736501,-1.441980018,-1.029465321,-2.649869459,-7.033882960,21.879842475,51.701756173,-30.751117882,-7.546062745,-3.196910142,9.416139807,-35.470946834,60.627105368,36.540935864,60.627069540,36.540935864,0
321,219,31,21,0.387556222,0.620172522,-6.936449441,-62.462455872,1.326333182,55.059428229,-54.340459110,-0.487020533,-61.995877669,-8.121996762,1.813353715,62.551929875,60.081860765,-11.006650851,-0.777021119,-1.287819525,1.451654554,-11.239179343,-1.653933512,-0.948987948,-1.305275822,-2.541085497,-9.706784875,17.805579301,54.994838558,-28.032631597,-10.124038745,-3.800827349,11.167305376,-29.106084464,62.552033243,31.011483072,62.551929875,31.011483072,0
322,254,31,25,0.566804979,0.572193396,-7.577629167,-62.521098940,1.328208053,34.326550807,-58.251668692,0.937112543,-41.904179974,-4.269430247,0.391095510,42.122930687,42.046448144,-1.172165068,1.061620817,-0.802026354,0.156122011,-0.278657293,-0.023549321,0.483636364,-0.247930479,2.578329955,-4.852176368,-1.809639241,42.061366585,-0.427616436,-2.239334727,-3.259573869,5.070610060,1.309555963,42.123105712,6.198402277,42.122930687,6.198402277,0
323,210,31,20,0.555932203,0.577019494,-8.202473474,-62.577233941,1.329861263,57.903342922,-53.164236092,0.196509087,-66.105816396,-9.412997850,1.133352176,66.782242977,61.749539030,-25.405884509,1.533341596,-0.167348205,0.551281120,-22.433356872,-0.363382206,-0.960296878,-0.532145736,-1.225461886,-5.662556564,4.424339477,59.953049536,-29.074959965,-4.491757848,-1.636267692,6.155984780,-26.883110417,66.782462774,27.528218719,66.782242977,27.528218719,0
324,175,31,17,0.468152866,0.555094004,-8.857532297,-62.606533674,1.323797150,58.426268429,-43.261724796,0.275640607,-67.283800726,-19.344808879,1.048156543,70.017355725,11.279258170,-70.812868441,-0.190029289,1.732751988,2.271549029,-93.659633669,2.725086779,-1.320019295,-0.176905609,3.724176431,2.313437930,-172.778659173,0.249451351,69.868901440,-4.550894233,-1.251212104,5.489164186,78.992139143,70.017399642,79.219671054,70.017355725,79.219671054,0
325,175,32,17,0.488654781,0.602533672,-9.495157826,-62.663797122,1.313197108,58.696198302,-37.586609404,0.132135772,-68.191356128,-25.077187718,1.181061336,72.665819340,11.235761518,-71.451356071,-0.210013451,1.984730289,2.507874551,-91.917092711,-2.837840023,-0.161460481,-0.286346663,-6.386801603,-2.365733153,-2.597892136,17.278929332,-70.070076649,-8.484708161,-0.318229472,8.920311696,-89.416872640,72.666135944,89.742816563,72.665819340,89.742816563,0
326,255,32,25,0.551131928,0.634324032,-10.134429980,-62.728885548,1.319211366,31.814126556,-58.111769582,0.650018038,-41.948556536,-4.617115965,0.669193327,42.207191034,44.021900852,-2.116296203,0.253016297,-1.074214720,0.772586608,-1.058474866,1.872912807,-0.037439212,-0.513883555,5.364393722,-12.843859513,-1.551040476,41.304884609,-1.740040778,-8.505495506,-6.481025821,13.602560433,-0.792929933,42.207400871,15.041332123,42.207191034,15.041332123,0
328,171,32,16,0.519572954,0.554887897,-11.085896066,-62.654550679,1.318716396,59.790986392,-37.839453023,0.235649684,-70.876882458,-24.815097655,1.083066711,75.103226109,14.975355013,-72.708089019,0.490816413,1.911260893,1.881092294,-98.338944313,-0.108838024,0.862042738,-0.139584906,-0.980709865,-4.374508015,-9.857104552,27.424334830,-69.866646577,-2.661873926,-2.440901246,2.971815917,-88.628732228,75.103448773,88.631700968,75.103226109,88.631700968,0
329,171,32,16,0.496875000,0.577512640,-11.732228735,-62.664231343,1.311540495,60.013910591,-37.728180963,0.692800277,-71.746139326,-24.936050380,0.618740218,75.958527870,14.898336983,-73.349815331,0.478704769,2.173709800,1.740390939,-95.425874933,-0.191382357,1.094612080,0.318848588,-0.052951797,2.994187785,-7.154850177,24.203019729,-71.986741379,1.359486301,5.169451502,1.700664122,-88.182440218,75.958707871,88.392378318,75.958527870,88.392378318,0
330,250,32,24,0.563209076,0.601477940,-12.388307090,-62.706887844,1.309012518,36.723014249,-58.432216799,1.737287349,-49.111321339,-4.274671045,-0.428274831,49.298865256,49.026451863,2.237416918,0.591771105,-0.514357452,0.358790309,1.916951011,-0.255566206,0.949943009,0.535012129,7.995152802,-2.740337964,0.091830010,49.230449232,0.876898537,-2.445303379,-8.431579869,3.321804203,1.378838539,49.298941077,9.202022876,49.298865256,9.202022876,0
331,255,32,25,0.552825553,0.577674801,-12.888570275,-62.749054770,1.308530306,35.795833383,-58.848619687,1.302989135,-48.684403657,-3.900435084,0.005541171,48.840399098,46.744212615,-2.534336244,0.261432486,-0.811956753,0.894398864,-1.248223866,-1.941028743,1.351241169,0.076646067,9.852047578,-0.984736439,-2.236003923,48.795850420,-2.065773366,-0.304967565,-10.651724309,2.020367790,0.652014833,48.840510266,10.871897679,48.840399098,10.871897679,0
332,255,32,25,0.552036199,0.601726228,-13.545912743,-62.866269351,1.310983325,34.996055332,-58.950729332,1.084357829,-48.541968076,-3.915540019,0.226625495,48.700158905,47.411829691,-2.523028082,0.263422926,-0.673288557,0.628174456,1.972139236,-1.135174285,1.315033555,-0.140514147,6.810526573,-4.446402429,-4.339117887,48.583240141,-0.552888761,-3.330661734,-6.986358739,5.762061635,5.693959062,48.700412895,10.877681813,48.700158905,10.877681813,0
333,255,32,25,0.559971098,0.629153132,-14.182416152,-62.983277428,1.309183497,34.048843251,-58.611433068,1.251554971,-48.231259403,-4.371844360,0.057628527,48.429027740,48.058840270,-2.508805911,0.261022858,-0.434927231,0.919208457,3.832423516,-0.253971409,0.837505555,0.048525704,5.175724566,-5.750135527,-1.086669528,48.145651194,-2.837636589,-4.396499623,-5.135271884,7.067167837,4.331009330,48.429176322,9.886727360,48.429027740,9.886727360,0
334,255,32,25,0.559200000,0.615498795,-14.688532504,-63.043625899,1.310907353,34.689120599,-58.965107442,1.061681672,-49.377653102,-4.078518457,0.249225682,49.546433294,48.568113409,-2.529596284,0.263724910,0.155443936,1.204329681,1.319448326,-0.829856463,1.279437627,-0.161581323,11.344447361,-3.228269206,-4.121576385,49.489647240,-0.709220971,-2.270292032,-10.881143334,5.403892603,4.481792737,49.546769866,13.119621667,49.546433294,13.119621667,0
335,250,33,24,0.590909091,0.570848675,-15.352404553,-63.066504512,1.298295154,35.251911929,-60.882906814,0.824590120,-50.604316482,-2.183597699,0.473705034,50.653621212,52.006857248,2.417140380,0.605771062,-1.005817314,0.361824769,1.713138279,1.371650408,3.263661624,-0.465943455,3.914838205,-8.950566072,-4.644468759,50.089005422,2.784178773,-7.010543458,-3.951932120,9.674179375,5.792463545,50.653803758,12.103539259,50.653621212,12.103539259,0
336,255,33,25,0.655923345,0.569309610,-16.007075573,-63.061145877,1.302001299,35.062404224,-58.865726033,1.086588710,-51.069479797,-4.195419844,0.215412589,51.241972220,49.872669217,-2.722148161,0.263614627,-1.031551392,0.155043937,-6.539044168,-1.214194736,1.241836637,-0.134974057,3.305593112,-0.691836040,-10.229996658,50.979894033,5.150956046,-0.514848664,-4.286304508,1.056740932,3.636570255,51.242043412,5.744053622,51.241972220,5.744053622,0
337,257,33,25,0.583760684,0.585938266,-16.661718010,-63.112704346,1.295466815,32.501520490,-58.336209122,1.055954772,-49.163238499,-4.776495225,0.239512043,49.395306380,49.326735493,0.548398832,0.161576581,-0.397106851,1.098870301,0.555406282,-0.067435758,0.387938564,-0.132347467,2.778840405,-3.872037491,1.085823196,49.295581726,-0.922157507,-3.000688737,-3.222139730,4.939071695,-0.773272052,49.395433848,5.928990050,49.395306380,5.928990050,0
338,141,33,13,0.539917695,0.615449134,-17.321726589,-63.109589199,1.290527746,54.735240899,-24.221985138,-0.355729657,-72.056967488,-38.887604061,1.646257404,81.897267822,29.809721830,-79.741576743,1.172964337,1.348009921,0.640710322,-96.529674726,3.223393704,-2.295833447,-0.403892906,0.561019378,1.377617626,174.954071301,-33.323529996,74.811525903,0.043392160,-0.043933756,1.165692408,88.501050108,81.897643081,88.507826833,81.897267822,88.507826833,0
339,242,33,23,0.590097403,0.595653014,-17.815202114,-63.059715718,1.289044069,37.584706644,-58.768789533,2.174181552,-55.399908758,-4.290926185,-0.885137484,55.572883732,58.540751926,-3.263996813,0.244280494,-0.440530453,0.594521780,-11.791074745,3.147513238,1.135097190,1.007488106,-0.977896381,2.541383156,170.878482822,-55.301770866,-4.382416321,-3.293831368,-1.537344347,3.087124776,177.273541665,55.572841918,177.316171994,55.572883732,177.316171994,0
340,184,33,18,0.642743222,0.550757974,-18.477815637,-63.037480361,1.285217272,59.568984696,-44.596750475,1.124639769,-78.046800333,-18.440729887,0.160577503,80.195943452,4.346366688,-80.416163074,-0.574584504,1.473193729,1.787853964,-100.096313857,-0.545740256,-0.378420896,0.615567897,0.873293682,10.268338691,-19.860934078,31.496031299,-73.537972859,5.617706573,11.440661449,-0.832619509,-80.073576105,80.195960415,80.671492915,80.195943452,80.671492915,0
341,254,33,25,0.604851330,0.573153807,-18.955659287,-62.924673652,1.291586111,34.271352791,-59.088272770,1.454836991,-53.227012078,-3.836400882,-0.163250880,53.365339288,53.365276951,-2.375564511,1.306012587,-0.546183243,-0.383550718,-14.728189476,0.139264422,1.326548868,0.235786382,0.767218526,4.195710837,2.279951490,52.816369249,-5.749888254,5.025168946,-0.052134445,-4.620072188,-17.001594142,53.365554420,17.615859601,53.365339288,17.615859601,0
342,266,33,26,0.500805153,0.574775441,-19.255312844,-62.804612661,1.279000777,26.157885714,-58.523246522,1.032926003,-45.413198558,-4.281366140,0.246074774,45.615230484,46.163554116,-6.098978292,0.074591034,-1.062968737,0.306356716,-25.657165922,0.903223499,-0.425672661,-0.181002015,0.987635830,-4.349741844,-1.078187009,45.248005019,-4.874809768,-3.101825081,-3.775454705,3.848711870,-24.714799518,45.615425541,25.162816404,45.615230484,25.162816404,0
343,242,33,23,0.627886323,0.599773792,-19.848213374,-62.541732432,1.289755166,37.420617277,-57.765162553,3.376328184,-57.268830650,-4.776569878,-2.086573017,57.505550783,60.468681209,-4.090683530,0.277742790,-0.824874229,0.329530785,-28.554487165,3.155153745,0.169853514,2.251511910,0.614801161,20.440692010,170.412179745,-52.930227217,-5.579053516,-21.775198009,-7.132436591,19.823822727,160.023354333,57.505600073,161.588159111,57.505550783,161.588159111,0
344,276,33,27,0.632173913,0.551150163,-20.098587934,-62.334237173,1.283966836,21.847915086,-58.545215829,1.177298272,-41.946503020,-3.789021344,0.106668564,42.117421295,41.136816600,-4.302487759,1.234975087,1.256836469,-0.985751029,-39.301179686,-0.801680731,-0.669520301,-0.121920487,-0.413828354,-1.773538785,7.525247142,41.123848642,-9.094427877,0.018509054,0.246668871,0.529586081,-46.815981368,42.117453485,46.820590207,42.117421295,46.820590207,0
345,276,34,27,0.635204082,0.549916694,-20.334690421,-62.093940695,1.280704721,21.527350322,-58.341755603,1.152018766,-41.862040742,-3.752185092,0.128685955,42.030059578,41.326836821,-4.580495036,1.245059376,1.957422239,-1.316895731,-47.402268604,-0.521457520,-0.926755194,-0.132022334,-1.687863832,-3.376150439,1.406680780,41.754664006,-4.646116041,-1.221135813,0.529595371,2.176788904,-48.770037253,42.030102702,48.828353257,42.030059578,48.828353257,0
346,130,34,12,0.591107236,0.588961016,-20.882398523,-61.471005121,1.287433987,54.901254643,-11.015731452,-0.478890917,-75.783653166,-50.455273669,1.766324904,91.060510826,42.029501883,-79.368249523,2.599980962,2.483031609,0.707882515,-139.649478873,-3.105211362,-0.335107501,-0.338854567,-0.363740543,3.631823629,-7.417974654,54.664160028,-72.583762563,5.953660258,4.930873807,3.416972713,-132.154923845,91.060524102,132.371434735,91.060510826,132.371434735,0
347,255,34,25,0.543177893,0.608074737,-21.026157124,-61.161396078,1.295492433,34.214830306,-57.664264147,0.403917594,-55.240987430,-3.497131931,0.891574838,55.358752964,54.525843664,-5.393306157,0.378304647,0.250968960,-1.176631242,-62.648428305,-0.568386712,-0.108614014,-0.757185515,3.156831197,-5.379520498,-2.484137794,55.134616574,-3.110523590,-3.885969240,-5.985134111,-1.238273774,-60.181101602,55.358848062,60.526088710,55.358752964,60.526088710,0
348,232,34,22,0.563208370,0.608758905,-21.177479486,-60.871769593,1.291256992,48.192715271,-55.023297863,0.395941843,-69.370194757,-5.848471729,0.895315149,69.622052048,67.554379519,-7.653558587,0.984459244,1.024106047,-0.993983580,-69.970303605,-1.755764494,-1.269588847,-0.621466841,0.248563150,-3.886927127,-1.519411799,69.404132190,-4.557304998,-3.086264885,-2.682230878,0.203629918,-68.433757497,69.622034047,68.475344955,69.622052048,68.475344955,0
349,232,34,22,0.547495682,0.608264768,-21.443538490,-60.440657416,1.280995201,47.623726343,-55.618373493,0.642877905,-69.067264833,-4.822283923,0.638117296,69.238346944,67.740493216,-8.124702502,0.996100128,1.181494252,-0.714730421,-66.569863378,-1.092485998,-0.773329682,-0.392056070,-2.459849993,-1.305890691,2.013109107,68.546137003,-9.748358985,-0.592988353,0.864748411,2.051994009,-68.558634984,69.238392790,68.605867765,69.238346944,68.605867765,0
350,278,34,27,0.771241830,0.558352092,-21.626469892,-59.964964753,1.264814067,21.386966214,-59.226911379,1.531135391,-43.013436106,-0.738053374,-0.266321324,43.020591994,40.710749017,-7.802611171,1.145641633,2.417227900,0.942901366,-74.396480938,-1.586172020,-0.001592143,0.204414566,-7.493412273,2.557509398,4.392076510,41.491987017,-11.287772795,1.334835943,6.396385791,7.793500450,-78.652326304,43.020699533,79.622558007,43.020591994,79.622558007,0
351,281,34,27,0.690000000,0.558264652,-21.617108429,-59.791220673,1.271449443,18.859594517,-59.397111397,1.077363205,-40.476702946,-0.394109276,0.194086238,40.479086859,38.868361107,-7.031902514,0.750739113,2.324084598,0.944891291,-80.412270325,-1.019574583,-0.207377547,-0.216172608,1.138739110,-6.027812156,-36.666419150,35.972592065,18.285421929,-3.190293622,-2.679832233,4.501883623,-44.043863962,40.479155233,44.234232860,40.479086859,44.234232860,0
352,286,34,28,0.634369287,0.563298072,-21.610047204,-59.623535174,1.264052996,16.611899229,-60.891844622,0.891654970,-38.221946433,1.268309448,0.372398027,38.244796747,36.830955847,-2.428327611,0.231211198,1.549951860,0.401447460,-80.313201094,-1.258169222,0.951374127,-0.447497776,-2.321096164,-3.071837617,3.372836919,37.806345775,-5.555524978,-1.575504325,-1.249198252,3.045627546,-83.708034014,38.244814714,83.727643408,38.244796747,83.727643408,0
353,42,34,3,0.605529954,0.577430040,-21.570349521,-59.458879454,1.251600869,18.605963711,0.439422079,0.607883322,-40.176313232,-59.898301532,0.643717547,72.127366815,-53.466185208,-53.892498905,-1.289292103,-0.212355915,1.564737549,87.133329519,-4.275656754,-1.171488899,0.483857087,-6.766861075,11.030258666,8.495138763,-55.057291209,-43.085983758,-17.739079003,-9.673253366,-7.254472191,78.456110946,72.127541450,78.624743628,72.127366815,78.624743628,0
354,41,34,3,0.608892922,0.578827582,-21.545452290,-59.291527164,1.251506197,18.999805007,0.702669170,-0.372954389,-40.545257296,-59.994196334,1.624460586,72.428311834,-57.797738534,-48.386862589,-0.789895068,-0.267167913,1.902227978,76.172921240,-3.316937401,-0.662758841,-0.454358777,7.364827170,5.318002983,1.951227855,-55.801738558,-46.172466640,0.390785366,-7.412293509,7.532448271,73.975164709,72.428471024,75.100415578,72.428311834,75.100415578,0
355,42,35,3,0.672981057,0.573795678,-21.625353045,-58.659685839,1.229047156,19.346103554,0.662590922,-0.439771455,-40.971456598,-59.322276760,1.668818611,72.115031244,-53.392598341,-53.094525987,-1.297579889,0.005261807,2.393465496,88.265956630,-3.475049804,-1.053808545,-0.536129038,9.725635712,2.571854530,14.315363561,-61.139258737,-38.127747278,2.975333882,-5.209013563,11.017468049,73.558473223,72.115093310,74.913246719,72.115031244,74.913246719,0
356,282,35,27,0.680638723,0.584681661,-21.710810493,-58.543094319,1.225609706,19.079842715,-59.765013305,0.962431951,-40.790653209,1.221918986,0.263177755,40.809799531,37.718842706,-9.902939570,0.572347714,2.917785004,1.636009618,-86.873512461,-1.792875845,0.265565675,-0.357886605,-4.388258745,-4.102556699,-7.808588076,40.489857718,-4.541357778,-2.325749202,-0.287010344,6.719692141,-79.141427724,40.810067604,79.363332710,40.809799531,79.363332710,0
357,282,35,27,0.686991870,0.573786849,-21.801695210,-58.429352551,1.218805284,19.046393318,-59.842908333,1.242351214,-40.848088529,1.413555782,-0.023545930,40.872546175,37.782454151,-10.034055721,0.569968399,3.521600967,1.585790343,-79.167364384,-1.745684679,0.342325289,-0.079638070,-1.618676776,-2.698473077,3.112419433,38.893995233,-12.468916959,-1.535604899,1.061604793,3.550612247,-82.351935950,40.872666144,82.453383853,40.872546175,82.453383853,0
358,280,35,27,0.734864301,0.569795502,-21.900841415,-58.321894952,1.216936833,19.557279267,-59.697974366,1.309894985,-41.458120682,1.376079414,-0.092958152,41.481055992,39.776122177,-6.987616891,0.974251496,4.878414735,0.651312523,-67.677794024,-1.071522735,0.167560081,-0.001122217,-3.891182266,0.715716944,16.690483866,37.056864703,-18.640136716,0.173901382,5.973970205,4.453171071,-84.343785645,41.481274813,84.842013291,41.481055992,84.842013291,0
359,284,35,28,0.649230769,0.603873836,-22.091934747,-57.753288039,1.207159568,16.213645519,-59.708208424,1.270073814,-38.305580267,1.954920385,-0.062914246,38.355483982,37.713239322,-6.960853562,0.420991558,5.091787866,2.051572012,-73.687389445,-0.059369557,-0.313915331,-0.016480891,-4.949216954,-5.509791901,-9.123552584,38.213624804,-0.291416670,-3.283953142,2.229927964,8.883117980,-64.598773742,38.355578376,65.346353762,38.355483982,65.346353762,0
360,283,35,28,0.670061100,0.596323505,-22.123226323,-57.428892464,1.188900863,15.252809275,-61.323666563,1.127947037,-37.376035598,3.894774099,0.060953825,37.578464813,36.738852946,-12.720912610,0.389440605,4.402249840,2.992995399,-91.686287735,1.710440873,0.874615889,-0.169996757,2.943435515,-8.279143621,-25.609862821,37.153820816,2.628504255,-4.982616629,-4.374111388,3.610010188,-66.795963642,37.578476610,66.870888605,37.578464813,66.870888605,0
361,21,35,1,0.646136618,0.568695550,-22.266710886,-56.912109077,1.161867655,13.429109527,4.438959365,-0.400212110,-35.695820412,-61.351068443,1.562079765,70.997079427,-39.850156510,-52.990163713,1.175070448,2.265991479,4.599451987,99.987118261,2.975412377,3.612913044,-0.452086065,5.813636086,-5.256627566,-23.053291215,-17.019009119,-68.174808437,10.157739274,9.880438645,6.577413628,123.516007263,70.997400262,123.279373884,70.997079427,123.279373884,0
362,23,35,2,0.676251331,0.585164694,-22.432764993,-56.361664495,1.128126643,14.848192550,0.084002160,-1.036660543,-37.280957543,-56.445666656,2.164787186,67.680642603,-46.161585125,-48.063001820,0.980662411,2.456642258,5.048663276,96.604244696,2.679368261,-1.252491487,-1.021031329,2.824206790,-11.725147940,20.904607725,-60.621508435,-25.549638149,15.904418721,13.275248699,10.577213462,76.886285243,67.680882303,77.242762733,67.680642603,77.242762733,0
363,294,35,29,0.686450168,0.558939435,-22.556492988,-55.721615084,1.088438182,9.197628538,-60.290159774,0.562745733,-31.754121526,4.568544690,0.525692449,32.085388996,30.816878572,-12.318193341,0.674798753,5.154681681,2.387909186,-88.537067922,0.911205049,-0.779334128,-0.731475125,-14.429786369,-5.459513210,79.123190484,-5.528844281,-31.034426361,-5.981128866,-10.101117535,0.197159069,-167.314717351,32.085473990,167.346872719,32.085388996,167.346872719,0
364,294,35,29,0.616548940,0.560279242,-22.730929240,-55.092686935,1.059426030,9.936580348,-60.751142711,-0.686651621,-32.667509588,5.658455776,1.746077651,33.199895958,30.846472127,-12.970721164,0.662470388,4.701242989,1.954506028,-85.051769196,0.319373348,-0.195762566,-2.007691512,14.739491186,-12.750889554,90.755458079,-12.262099552,-27.954654295,13.054435009,18.765296171,-11.488710804,-178.645889424,33.200000837,176.800649905,33.199895958,176.800649905,0
365,283,36,28,0.677811550,0.560224026,-22.814042094,-54.599277168,1.046112346,17.092197903,-59.189183609,1.174208682,-39.906239998,4.589906441,-0.128096336,40.169536225,36.660952866,-15.634591175,0.295917834,3.826400084,2.299029759,-90.048559507,-0.626545567,-0.699208720,-0.114511356,-6.606680936,-2.522754881,-2.408016513,37.863500296,-13.122199781,-2.785646197,1.566311782,9.002178846,-87.717855225,40.169598037,88.218538681,40.169536225,88.218538681,0
366,283,36,28,0.661957619,0.565490565,-22.811143808,-54.260736064,1.025651208,16.144720067,-59.056536790,1.249699013,-38.955863875,4.795800726,-0.224047805,39.250595311,36.569133471,-15.960725603,0.280339952,3.453552792,2.457172380,-97.560815022,0.251925613,-1.075301205,-0.025905216,-4.783269227,-3.220517688,-16.483343896,39.003867414,-3.797914421,-2.212366590,1.003028323,7.679634267,-81.159677911,39.250737485,81.531667057,39.250595311,81.531667057,0
367,291,36,28,0.603754941,0.602185246,-22.874934555,-53.634410980,1.004405594,11.090831776,-58.728778557,2.075619028,-33.965766331,5.094367577,-1.071213434,34.362382945,32.727794058,-14.033442318,0.315846319,4.021081538,1.852475487,-93.128226520,0.586865930,-1.888618279,0.803031924,-5.463225755,3.291197238,81.967109001,-7.493863714,-33.283071681,-4.106425615,-1.165643844,5.576345252,-175.588752762,34.362531706,175.537545921,34.362382945,175.537545921,0
368,291,36,28,0.616858238,0.570666120,-22.966538225,-53.021287503,0.961100774,10.975961765,-59.229936190,1.949716713,-33.942499990,6.208648688,-0.988615940,34.519820185,32.688686935,-14.652966087,0.286728096,3.437527206,2.227523756,-90.059541394,0.805816802,-1.425909709,0.668247722,-15.987877856,3.956561016,76.174797606,-5.186332728,-32.596055600,-10.110357662,-11.355794623,9.621719794,-168.328720625,34.519852548,167.476140032,34.519820185,167.476140032,0
369,283,36,28,0.626576140,0.591813751,-23.076762741,-52.408693456,0.941119110,18.356010900,-59.269545884,1.546492303,-41.432773641,6.860852428,-0.605373193,42.001339316,36.338137809,-17.818528697,0.225846036,3.323687292,2.437253666,-92.115042768,-1.827338821,-0.282604147,0.241596309,-6.439042020,4.034922940,4.742621652,36.495390058,-20.788288613,0.228680495,6.578515222,9.307708125,-96.751018807,42.001413473,97.783392299,42.001339316,97.783392299,0
370,283,36,28,0.623134328,0.604154319,-23.122912263,-51.792676294,0.896644011,18.228531855,-59.338879578,1.550686759,-41.351444118,7.546203285,-0.654042748,42.039444414,36.220721630,-18.425632306,0.190865959,3.265165789,2.967630491,-95.828866829,-1.686133884,-0.249215726,0.246291053,-4.741498200,5.911447608,4.049506493,36.340115297,-21.043313786,1.974325693,8.309933846,8.640297625,-99.612223812,42.039540873,100.761728262,42.039444414,100.761728262,0
371,283,36,28,0.654995730,0.604180410,-23.226750161,-51.190981637,0.872331144,18.290179727,-59.555352458,1.353937288,-41.516929888,8.364370821,-0.481606145,42.353867723,36.162574538,-19.033763016,0.176518836,3.414861574,3.743724123,-93.483517964,-1.687086888,-0.027550117,0.045704982,-8.703409644,6.430440398,6.149251887,35.357454967,-23.309913152,0.596190013,8.357862421,13.384780429,-99.383457525,42.353950412,101.262705482,42.353867723,101.262705482,0
372,283,36,28,0.702515178,0.581746181,-23.351354411,-50.568673169,0.821882427,17.965610360,-59.032702972,1.670690030,-41.316964771,8.464029803,-0.848807603,42.183549551,36.119227854,-19.667691633,0.136585212,3.284259298,2.931225171,-91.050939019,-1.514069773,-0.611708870,0.373826434,-10.435948270,4.493468828,0.019946298,37.529646277,-19.244828901,-0.787676905,7.627029071,13.441009218,-90.860179021,42.183625070,92.760548395,42.183549551,92.760548395,0
373,280,36,27,0.687548337,0.589408437,-23.430609985,-49.925757238,0.778256565,18.571901270,-59.458936421,2.017326998,-42.002511255,9.533179183,-1.239070434,43.088603512,40.118870953,-15.525992326,0.894070543,3.580895753,1.520641750,-87.074222915,-0.143065496,-0.177372441,0.738849201,3.236378176,3.784732223,-2.837656291,40.872875131,-13.153878115,3.607763834,7.017260431,-2.081959936,-84.146459351,43.088657334,84.277845753,43.088603512,84.277845753,0
374,283,36,28,0.728602780,0.547935086,-23.532293472,-49.315373934,0.746451259,17.829290635,-58.681145797,2.091011142,-41.361584108,9.365771863,-1.344559882,42.430014892,35.964198044,-20.925514750,0.081498523,2.404066558,2.475930183,-93.415926085,-1.478364158,-0.979504592,0.800788690,-4.702369155,11.753369269,-12.202476703,40.103414141,-12.166052459,6.634218530,14.764630525,5.285123276,-80.857713940,42.430054369,82.774581901,42.430014892,82.774581901,0
375,284,37,28,0.682464455,0.565112901,-23.623523139,-48.769268802,0.742906574,17.189743512,-59.116555297,1.949252431,-40.813266651,10.347286495,-1.206345857,42.121779911,38.131933479,-16.072589970,0.147403681,2.432377474,2.879886684,-85.181310645,-1.107362236,-0.767128628,0.662056771,-2.115495400,12.275242193,-3.533209943,39.300458926,-13.145721774,7.544244132,14.900347064,3.136553869,-81.218690779,42.121867151,82.790721513,42.121779911,82.790721513,0
376,284,37,28,0.662362815,0.569106224,-23.733135586,-48.223083980,0.709008729,16.750169142,-59.411126667,1.577884484,-40.483304728,11.188042687,-0.868875754,42.009822732,38.173815838,-16.628682614,0.125298205,1.819212339,2.860438988,-82.330498211,-0.631317926,-0.536463297,0.290455654,-8.060743791,5.447189070,13.735361892,33.737244047,-25.028221659,-0.462893711,6.421596737,11.441746670,-95.875111023,42.009853439,97.184680593,42.009822732,97.184680593,0
377,284,37,28,0.666865316,0.563332768,-23.882078836,-47.691959982,0.687283715,16.414468465,-58.631333251,1.819258704,-40.296547301,10.939373270,-1.131974989,41.770360057,38.256464361,-17.174414188,0.115549363,1.676990190,2.015634604,-80.849941942,-0.396479860,-1.346480767,0.550757418,-0.754173192,10.251883411,4.860967871,36.656717475,-19.126293372,5.936345079,11.962416574,1.972761444,-85.419683741,41.770446815,86.315594756,41.770360057,86.315594756,0
378,284,37,28,0.685443038,0.546822559,-23.991542327,-47.109757032,0.653708097,15.983911569,-58.577362157,1.359851560,-39.975453897,11.467605125,-0.706143464,41.593767804,38.293763083,-17.766219596,0.094453947,1.463791824,1.916583427,-82.858307888,0.028569755,-1.462340022,0.097704991,-10.094675455,0.338756730,24.082950616,28.281064547,-30.055851762,-5.184309434,-1.199390193,11.665440109,-107.287330021,41.593868555,107.606546233,41.593767804,107.606546233,0
379,286,37,28,0.590257880,0.578800770,-24.105178223,-46.507604367,0.630024045,15.339302731,-60.016378763,0.470273480,-39.444480954,13.508774396,0.159750564,41.693879451,38.593698522,-15.676015605,0.014846945,1.132662123,1.908939450,-79.774602225,-0.034188876,-0.006078020,-0.833065118,-6.756633410,-4.366334369,-9.130655503,40.571800579,-9.012353398,-3.330980274,-0.747498424,9.727920071,-70.577133657,41.693991720,71.098631955,41.693879451,71.098631955,0
380,35,37,3,0.701501502,0.553008656,-24.153664914,-45.997284686,0.590975690,19.028666878,1.340459529,-0.287484059,-43.182331792,-47.337744215,0.878459749,64.080788836,-47.078717885,-43.225520015,-1.458972851,-0.942445193,4.450466932,94.201976841,0.496795615,-0.312491523,-0.279990818,-3.025133753,0.825964975,17.321775263,-58.171674951,-26.657941678,-3.429360108,-1.059324312,1.316850801,76.852496355,64.080809389,76.880318201,64.080788836,76.880318201,0
381,275,37,27,0.623847926,0.561142871,-24.242375178,-45.496674074,0.557595532,21.262199709,-59.120497263,0.600605659,-45.504574887,13.623823190,-0.043010126,47.500281513,42.756359987,-21.831471884,-0.417767959,1.090684741,2.705012326,-88.705825539,0.441900752,-0.251598599,-0.686752074,1.822403866,-2.625875423,0.176987062,42.215619342,-21.752540793,-0.975559041,-1.569260788,0.931233895,-89.008999686,47.500350134,89.011026107,47.500281513,89.011026107,0
382,38,37,3,0.644682115,0.581886281,-24.339308547,-44.974298474,0.527649175,19.465596612,0.891381038,-0.203569717,-43.804905159,-45.865679512,0.731218891,63.427635571,-50.636863777,-40.153895895,-0.610489822,-0.614226236,4.004610987,94.920870626,-0.891732353,-0.805059587,-0.215603836,-1.994163750,7.193337715,9.051244920,-54.831246249,-30.759488498,-8.393855979,-7.642081559,1.468663428,85.408201789,63.427663650,85.791548794,63.427635571,85.791548794,0
383,40,37,3,0.649582837,0.576074751,-24.437420983,-44.433562532,0.503831544,20.272326507,1.171021096,-0.247168327,-44.709747490,-45.604583628,0.750999870,63.869425935,-55.008351023,-35.286682310,-0.712114499,-0.277725785,4.653773372,89.591339822,-1.383193815,-0.595951322,-0.265720907,-1.513183658,6.343228022,1.711428598,-54.253684226,-32.890950924,-7.351389570,-6.566066388,2.879480079,87.382489557,63.869553258,87.781309308,63.869425935,87.781309308,0
384,234,37,23,0.650457666,0.570129135,-24.434047978,-44.035925631,0.477995526,44.445630701,-56.897126036,0.667662629,-68.879678679,12.861200405,-0.189667103,70.070368805,68.037047337,-20.369153175,1.461913936,2.040228750,1.397893733,-89.884530381,1.046791200,0.094699824,-0.380065296,3.252134944,-5.486519669,5.580715012,64.562434098,-27.085079650,-2.818885311,-3.105957584,-2.366969299,-95.577545445,70.070361428,95.701909912,70.070368805,95.701909912,0
385,275,38,27,0.629262926,0.555550885,-24.491541267,-43.492070073,0.448460907,21.530599254,-59.365669962,0.697529860,-46.022140521,15.873599889,-0.249068953,48.683371154,42.640396990,-23.850599599,-0.463671783,0.652467901,2.591506471,-92.961417922,0.222737023,0.040716445,-0.596966533,0.572119792,-1.340887919,0.479217346,42.208100510,-24.252637933,-0.612493869,-0.652328449,1.939283392,-93.498921159,48.683563388,93.505186112,48.683371154,93.505186112,0
386,280,38,27,0.606847046,0.570124702,-24.565116046,-42.943470211,0.412616340,19.823908085,-59.114242088,0.609261209,-44.389024131,16.170771877,-0.196644869,47.243179355,40.267649543,-22.607374229,0.823189136,2.163390975,1.637478649,-88.196906308,-1.404239883,-0.401605853,-0.685279675,1.689382982,-5.942597165,1.895835811,40.850962385,-23.642699264,-2.039464407,-3.773836525,-0.070284678,-90.261716598,47.243388652,90.325975239,47.243179355,90.325975239,0
387,280,38,27,0.566882416,0.574508159,-24.666057009,-42.367652053,0.386876359,19.484956168,-59.434482691,1.083662118,-44.151013177,17.066830638,-0.696785759,47.339985034,40.287141112,-23.192213249,0.821933710,1.887762338,1.950492100,-85.966566538,-1.032680048,-0.112552741,-0.215290042,4.104355469,-1.387999265,-5.192625472,43.251608624,-19.196749102,1.367055132,-0.137612406,-1.879449552,-80.824951678,47.340106299,80.845519297,47.339985034,80.845519297,0
388,35,38,3,0.655483225,0.570203957,-24.788186998,-41.801602974,0.354425468,20.002274999,1.960843214,-0.430893996,-44.790461998,-43.762446188,0.785319464,62.625505260,-47.292989300,-38.987072670,-1.686944715,-1.119281124,4.105243031,98.496406884,1.530949088,0.210758938,-0.380443060,-0.020849175,-0.681126672,13.359314558,-56.571406371,-26.855646887,-0.643852170,-0.437070921,4.141902431,85.186255040,62.625588494,85.284270907,62.625505260,85.284270907,0
389,36,38,3,0.651162791,0.560304514,-24.925160587,-41.216676239,0.315169447,19.285013408,1.883945795,-0.365489254,-44.210173994,-43.100622034,0.680658701,61.746792634,-49.988828668,-35.766312922,-0.964026844,-0.088074736,5.008908423,97.669601272,0.223027507,0.165145193,-0.358867461,-1.461178159,2.161445922,10.445100993,-55.831546487,-26.155212711,-3.380861024,-2.179242415,3.441449420,87.042825027,61.746959086,87.184351246,61.746792634,87.184351246,0
390,279,38,27,0.655520170,0.557204306,-24.967455192,-40.758686696,0.284915826,20.906467954,-59.593659525,0.857761592,-45.873923146,18.834972828,-0.572845766,49.593358210,41.750040012,-23.515030641,0.418937566,2.471946479,2.484935392,-86.099079603,-1.819325388,0.158348812,-0.465755832,-0.555302733,-5.729875750,4.935706621,41.252731162,-27.301583309,-3.514863749,-3.274248925,2.924354451,-91.278381958,49.593533315,91.277139158,49.593358210,91.277139158,0
391,279,38,27,0.620131512,0.578396103,-25.048768805,-40.152978758,0.262598700,20.565119099,-59.302725898,0.974163347,-45.613887905,19.149747140,-0.711564648,49.475710299,41.765620487,-24.126381030,0.418813428,1.585848931,1.461205211,-85.635479463,-1.513122473,-0.163275261,-0.333436089,-0.594580211,-7.845466172,0.363573619,42.824926421,-24.182641896,-5.392779407,-6.206058848,2.586578135,-86.233906809,49.475817950,86.304528095,49.475710299,86.304528095,0
392,279,38,27,0.631008483,0.580058900,-25.145549597,-39.546594948,0.230273821,20.073060756,-59.155966415,1.042040268,-45.218610353,19.609371467,-0.811766447,49.294108536,41.796641791,-24.740428133,0.408985992,1.017418168,1.477921986,-84.872062900,-1.040830798,-0.359629442,-0.251872340,-2.259796103,-7.238082490,-0.506380356,42.791580181,-23.794721110,-5.711174247,-5.977275738,4.424680408,-84.583440256,49.294275513,84.618097476,49.294108536,84.618097476,0
393,279,38,27,0.630280019,0.572340091,-25.229137333,-38.929693437,0.198141197,19.080895024,-59.524695705,0.969476319,-44.310032357,20.595002268,-0.771335122,48.868476995,41.813407784,-25.363497449,0.399477132,0.966174589,1.324737129,-86.183083293,-0.013672091,-0.102725597,-0.319437565,0.227819075,-6.812388783,0.887692214,41.223586929,-25.922306552,-4.097581562,-5.851083754,1.435160428,-87.248706844,48.868602097,87.341623233,48.868476995,87.341623233,0
394,280,38,27,0.638596491,0.581095874,-25.247998727,-38.304093797,0.152768079,18.805034949,-59.458586176,1.061307569,-44.053033677,21.154492379,-0.908539490,48.877477103,40.296602404,-27.303383861,0.757472628,1.176417934,2.238790283,-92.396354569,-0.355818484,-0.184584034,-0.221884239,-0.514533517,-6.683029122,-0.164639909,40.567527402,-26.967033527,-4.009666588,-5.527708971,2.477980580,-92.477859442,48.877628859,92.511768496,48.877477103,92.511768496,0
395,280,39,27,0.646107179,0.564487047,-25.305946887,-37.677190513,0.118128106,19.086038284,-59.680538986,1.149994020,-44.391985171,22.003348472,-1.031865914,49.556638695,40.266525119,-27.933126233,0.748223537,1.545620539,2.278335167,-90.428265885,-0.604469811,0.077904344,-0.148647775,0.033643425,-4.090994523,0.894146726,40.389946971,-28.646612813,-1.972791796,-2.546341623,2.144551728,-91.481581582,49.556716492,91.481089033,49.556638695,91.481089033,0
396,278,39,27,0.634268537,0.539959414,-25.389072380,-37.034751211,0.080147597,20.264035972,-59.491915712,0.915253333,-45.653108352,22.457164501,-0.835105736,50.884456774,39.865732902,-31.050738915,0.738444640,2.496346776,2.387388870,-91.742524207,-0.419576677,0.014612180,-0.386604099,-1.403657589,-5.538623987,-7.697590745,43.986104035,-25.305043934,-3.756045172,-2.879914434,4.346861615,-84.293073500,50.884481642,84.314826988,50.884456774,84.314826988,0
397,277,39,27,0.614070352,0.565901571,-25.501582778,-36.401514082,0.046173303,20.261977004,-59.681422783,0.888344499,-45.763559782,23.279908701,-0.842171196,51.351405096,41.321321297,-30.576345333,0.371473957,1.248200239,1.734484436,-87.972832629,0.208248856,0.182097867,-0.403285166,-1.246420478,-6.414978263,-1.874589895,41.920341473,-29.304672888,-4.572081700,-5.076170237,3.403111406,-86.312156731,51.351560963,86.335290114,51.351405096,86.335290114,0
398,279,39,27,0.579183267,0.562714595,-25.614137149,-35.757854993,0.008960831,19.170865944,-59.713879587,1.822150817,-44.785003093,23.956024594,-1.813189986,50.821995970,41.855440030,-28.563088756,0.325843328,1.082230044,2.612192949,-83.587359443,-0.094487203,0.125574540,0.524533449,1.937393764,2.555772683,1.659758619,41.069570710,-29.819475308,2.643973805,3.467237103,0.467466802,-85.139782080,50.822252443,85.212267671,50.821995970,85.212267671,0
399,279,39,27,0.630478088,0.551860715,-25.623844101,-35.262664273,-0.026108962,19.555896379,-59.210015502,1.274241164,-45.179740479,23.947351229,-1.300350126,51.150517994,41.811980471,-29.057384362,0.307924468,1.028130344,3.151320262,-89.736358733,-0.524133931,-0.353269448,-0.012536903,-2.447176946,-1.185646872,4.548789806,39.924472859,-31.920612033,-1.870446977,-0.342293784,5.502220243,-94.363253892,51.150636140,94.469617222,51.150517994,94.469617222,0
400,279,39,27,0.635584677,0.542103843,-25.652073790,-34.749348525,-0.064967947,20.274779697,-59.455961141,1.191981857,-45.926853487,24.706612616,-1.256949803,52.165817361,41.785023993,-29.571818517,0.287167730,1.008333750,3.603644405,-90.929441759,-1.210960763,-0.034463441,-0.115884424,-2.388034452,-2.784664698,-3.857096671,44.852240662,-26.481119919,-2.883934926,-1.663441148,6.126824341,-87.240994256,52.165987819,87.336667003,52.165817361,87.336667003,0
401,279,39,27,0.621969322,0.547234530,-25.703735643,-34.097866330,-0.102971717,19.094841335,-59.676868227,1.214053400,-44.798576977,25.579001896,-1.317025116,51.603608327,41.766393613,-30.226018349,0.272410653,1.019956131,2.446130554,-88.726520002,-0.014466103,0.058756846,-0.080498840,-1.372745509,-4.212201502,1.353667730,40.968959987,-31.190702230,-3.411652889,-3.202261102,3.806355478,-90.260088551,51.603827023,90.261339550,51.603608327,90.261339550,0
402,280,39,27,0.634489693,0.554755309,-25.712490484,-33.585848568,-0.133418598,18.859141539,-59.799192468,1.361087101,-44.571632022,26.213343901,-1.494505699,51.730100782,40.098785797,-32.048007861,0.663105641,1.788415293,1.507583446,-93.173657252,-0.367182735,0.172310242,0.063256545,-5.618697250,-2.103091028,-0.020158231,40.472074163,-31.964623862,-4.034935593,-0.628238393,7.000778980,-93.229795530,51.730133104,93.395002551,51.730100782,93.395002551,0
403,290,39,28,0.664643399,0.551989419,-25.696705396,-33.068730067,-0.161275881,17.073209211,-59.831343148,1.275194699,-42.769914607,26.762613081,-1.436470580,50.473423721,31.373830950,-35.293391096,-0.754586201,0.407584573,2.649802728,-101.375456755,-4.256093594,0.449369494,-0.026544580,-4.345528352,-0.142625756,-3.396006432,37.682770552,-33.410633599,-3.363081092,-0.341401670,6.933190384,-98.036667318,50.473477673,98.198504943,50.473423721,98.198504943,0
404,280,39,27,0.665137615,0.559514541,-25.683159187,-32.557367043,-0.195785302,18.798751949,-59.952549638,1.327234337,-44.481911136,27.395182594,-1.523019639,52.263333576,39.926403730,-33.064002148,0.639352564,1.691566771,2.390844457,-97.056386151,-0.285212910,0.314202895,0.025062873,-7.159428576,-2.283168488,14.102041258,30.867181184,-41.764353020,-5.866737189,-3.052241127,8.234817387,-111.455622089,52.263396969,111.465754991,52.263333576,111.465754991,0
405,280,40,27,0.692111959,0.549796417,-25.694335852,-32.034181638,-0.236988286,18.782272485,-59.658324432,1.323035644,-44.476608337,27.624142795,-1.560023930,52.380298099,39.864726413,-33.584870848,0.618441339,1.574296742,2.295510373,-95.262241634,-0.310166230,0.020639263,0.032505926,-8.301622535,-0.280973871,10.750795280,33.203685604,-40.146387887,-5.430299735,-1.016740814,10.193145215,-106.275276886,52.380390923,106.527873555,52.380298099,106.527873555,0
406,282,40,27,0.675074184,0.563113317,-25.718121937,-31.518584304,-0.266543899,18.815850700,-60.166425078,1.254661960,-44.533972638,28.647840774,-1.521205859,52.974404831,35.679101107,-37.178168007,-0.142198920,1.493082477,3.021199420,-98.157926017,-1.449574456,0.607333605,-0.072298770,-3.611023713,-0.068486278,15.286418695,25.853078478,-46.139278525,-3.012801587,-0.014682714,6.305535705,-113.564881834,52.974443489,113.677507317,52.974404831,113.677507317,0
407,280,40,27,0.642752562,0.569965017,-25.742402296,-30.989689023,-0.303323633,19.805529293,-58.907722086,1.113931546,-45.547931589,27.918033063,-1.417255179,53.441924127,39.766785209,-34.627678382,0.593231210,2.547571020,1.822416465,-92.769114847,-1.424609066,-0.587679879,-0.172793585,-3.798638266,-5.826306206,-3.097448717,42.826377111,-31.456275347,-5.696520618,-3.272253157,5.644978216,-89.857807238,53.441988944,89.882814722,53.441924127,89.882814722,0
408,280,40,27,0.617043121,0.563835635,-25.744027261,-30.463051780,-0.330878191,19.563489615,-58.890931686,1.151430440,-45.307516876,28.427879906,-1.482308631,53.508061826,39.694909593,-35.150065331,0.585852143,2.102970205,1.417461217,-94.988114252,-1.188083179,-0.636547568,-0.128762416,-2.978814021,-7.009096212,-3.447094882,42.651016715,-31.714709056,-6.180188083,-4.993840735,4.196332716,-91.706629795,53.508193037,91.704055288,53.508061826,91.704055288,0
409,290,40,28,0.679405520,0.568750465,-25.718765607,-29.945005480,-0.366441295,16.462437094,-59.889658209,1.336239689,-42.181202701,29.944652729,-1.702680984,51.757465267,30.690227642,-38.345866391,-0.878343547,0.375690203,2.810642127,-102.194346784,-3.647557906,0.370033811,0.033120165,-6.328792883,3.248250577,6.630209952,29.642146992,-42.248092752,-3.911682169,1.407067537,9.847172431,-108.890310116,51.757699687,109.318956046,51.757465267,109.318956046,0
410,280,40,27,0.655806621,0.550871649,-25.725762290,-29.410735744,-0.403261339,18.628073250,-59.075316766,1.405044115,-44.353835540,29.664581022,-1.808305454,53.390261874,39.530322098,-36.191598621,0.553274067,2.207731924,2.462929481,-95.658603373,-0.241001860,-0.574307256,0.140467316,-4.274180537,-4.416616373,-1.127677298,40.376312453,-34.529317237,-5.292690084,-2.550597830,6.366805037,-94.732743044,53.390382322,94.780059047,53.390261874,94.780059047,0
411,280,40,27,0.604407135,0.556342594,-25.759587721,-28.905839167,-0.432294980,18.504169937,-59.133916804,1.429059245,-44.263757657,30.228077637,-1.861354225,53.632840304,39.493404665,-36.697034668,0.544376259,2.160425416,1.197314670,-93.136225505,-0.110569696,-0.532645531,0.165255888,-3.999294325,-4.642639476,1.342600404,38.649367345,-36.799745305,-5.337842728,-2.787404484,4.817882747,-94.576540026,53.632894903,94.584103968,53.632840304,94.584103968,0
412,280,40,27,0.681634486,0.554565487,-25.807878349,-28.401496453,-0.458271834,20.655892726,-59.077865329,0.922531350,-46.463771076,30.676368876,-1.380803184,55.694059355,39.470826324,-37.203816873,0.538865331,3.047845635,2.055544824,-90.823015786,-2.238853275,-0.308483580,-0.391326242,-1.476820757,-7.278091360,-8.803626207,46.605407953,-29.937900716,-5.787916334,-3.972216234,4.510729494,-82.328072838,55.694182149,82.352048253,55.694059355,82.352048253,0
413,290,40,28,0.694458313,0.568526414,-25.886499877,-27.861949773,-0.486610871,16.687758693,-59.655852972,1.301537152,-42.574258570,31.793903198,-1.788148023,53.165940664,30.383544981,-40.415481407,-0.944192009,1.519038149,2.002584569,-93.394832071,-3.919963717,0.192234609,0.004458421,-6.255206425,3.283596018,-0.745033815,34.825814922,-40.033314574,-3.334035831,4.522716663,8.400176982,-92.556477255,53.165961438,93.264877090,53.165940664,93.264877090,0
414,280,40,27,0.695695200,0.542259017,-25.983756821,-27.348396127,-0.516744399,20.078397915,-59.533893648,1.123342640,-46.062154736,32.185497521,-1.640087039,56.216707793,39.498047590,-38.272666017,0.524969847,3.220672932,1.638620870,-86.209776207,-1.606906699,0.070313420,-0.193984871,-1.108880045,-5.163311762,-0.991842632,41.657806038,-37.559742943,-3.770030326,-1.838630071,3.167229187,-85.380197431,56.216725469,85.392723616,56.216707793,85.392723616,0
415,280,41,27,0.662835249,0.577994928,-26.140092038,-26.663745645,-0.559079833,18.809175563,-59.779925901,0.846094293,-44.949267600,33.116180257,-1.405174126,55.848836755,39.557393965,-38.973597871,0.512648457,3.215466525,1.815305265,-83.250173802,-0.310692536,0.125033872,-0.449246327,1.163677303,-9.240363431,0.280762748,39.315700165,-39.395654673,-4.622556199,-6.100472501,1.671571916,-83.909037591,55.848992045,84.014161897,55.848836755,84.014161897,0
416,290,41,28,0.685537828,0.553544697,-26.238159565,-25.966851675,-0.599209278,14.983135285,-60.113281572,1.106435700,-41.221294850,34.146429897,-1.705644978,53.554486727,30.298453140,-42.343307706,-1.007317920,1.566812060,2.989649915,-93.014727550,-2.157228377,0.248514507,-0.202043776,-4.775916816,-3.914811856,-5.806783604,36.458004768,-38.679127509,-6.545264587,-2.132443001,7.944327148,-87.397517364,53.554659042,87.558451498,53.554486727,87.558451498,0
417,290,41,28,0.693931398,0.586573269,-26.296872502,-25.452667871,-0.621024182,15.020749112,-60.300119303,1.026146150,-41.317621613,34.847451432,-1.647170332,54.075908658,30.239659019,-42.857876167,-1.015722300,0.801579401,2.529254014,-93.586285990,-2.152220363,0.436918835,-0.287180599,-4.015341405,-7.823731426,-16.770354676,43.002289887,-31.563180181,-8.876088979,-5.942975637,8.202061413,-77.173426969,54.076022729,77.308876950,54.075908658,77.308876950,0
418,290,41,28,0.718767827,0.538278767,-26.370351587,-24.933335708,-0.657746998,15.443705934,-60.208909149,1.018560703,-41.814057521,35.275573441,-1.676307701,54.731996999,30.194007051,-43.381166446,-1.038891649,1.191271198,3.565068285,-92.283869598,-2.584887774,0.443238250,-0.292498599,-1.512713210,0.186865128,-17.222696174,44.287294726,-32.126891508,-1.450601112,1.763846699,4.978345084,-75.020947192,54.732128368,75.255800294,54.731996999,75.255800294,0
419,290,41,28,0.666309588,0.547417551,-26.392220664,-24.406909567,-0.679952018,14.648447818,-60.090211504,1.143621658,-41.040668482,35.683301938,-1.823573677,54.414703230,30.096556353,-43.899362513,-1.047376838,0.478323772,2.192561522,-96.956261792,-1.836145589,0.151544883,-0.164182725,-3.993329193,-2.319785372,-21.151116927,45.603203711,-29.299066478,-4.783338308,-0.794744094,6.632075808,-75.822262007,54.414775664,76.025977027,54.414703230,76.025977027,0
420,290,41,28,0.655712050,0.573940934,-26.408944331,-23.864613881,-0.709268298,15.114558273,-59.753473074,0.883290459,-41.523502604,35.888859192,-1.592558757,54.906718405,29.990476483,-44.432035300,-1.062559015,0.749770889,1.976883732,-98.648274552,-2.367606100,-0.077961153,-0.415779155,1.192311410,-10.705150796,-16.413166073,42.693891357,-33.577966500,-8.032364608,-10.025669578,2.198448263,-82.740514273,54.906894601,83.069448964,54.906718405,83.069448964,0
421,290,41,28,0.641276377,0.580660125,-26.452654460,-23.338627623,-0.737770193,14.270137430,-58.893678523,0.711414872,-40.722791890,35.555050900,-1.449185065,54.079640912,29.914368430,-44.954886546,-1.077344718,0.867625102,3.033038800,-97.006345734,-1.739643303,-1.110062503,-0.564990339,0.817529091,-11.299959189,-8.832248725,37.173620746,-38.574259642,-7.400909059,-10.463010911,2.514657512,-88.805095695,54.079802525,89.090975768,54.079640912,89.090975768,0
422,290,41,28,0.605953582,0.573457422,-26.509139090,-22.805351779,-0.772720251,14.491168372,-59.175180648,0.616377474,-41.000307462,36.369828870,-1.389097725,54.824440321,29.849027123,-45.487880953,-1.098383276,1.107649067,3.109822312,-95.463052228,-1.892081231,-0.788490182,-0.667382488,3.144875941,-11.157867896,-9.846335147,38.098470492,-38.991356623,-5.823620010,-10.246140767,0.760400738,-86.308714371,54.824573825,86.730919491,54.824440321,86.730919491,0
423,290,41,28,0.623678647,0.543548213,-26.583402289,-22.269211712,-0.805649051,14.136188539,-60.332240473,1.060661514,-40.719590828,38.063028762,-1.866310565,55.770622650,29.800372666,-46.027621230,-1.117322062,0.694694226,2.663027566,-93.756059754,-1.282995207,0.269679225,-0.253283282,-1.039311048,-2.362387001,-20.523813192,45.268101560,-32.406130151,-3.320658153,-1.272448973,4.338001021,-73.330959954,55.770826251,73.402565330,55.770622650,73.402565330,0
425,235,42,23,0.623946037,0.579303299,-26.780409522,-21.202223041,-0.886557659,44.507514864,-57.877043422,1.184370865,-71.287924387,36.674820381,-2.070928524,80.195382400,67.334930116,-43.178857443,0.101988166,1.581316868,3.189006230,-83.329002184,0.481006455,1.113939226,0.081674584,11.119858684,-7.991891243,-2.270308720,67.893117074,-42.662934714,-1.307965825,-7.964755678,-6.603482709,-81.551819759,80.195461961,82.546037279,80.195382400,82.546037279,0
428,280,42,27,0.623419461,0.554123355,-27.042705948,-19.635811162,-0.976402433,19.039495267,-59.481512122,0.889423920,-46.082201215,39.845700960,-1.865826353,60.948588678,39.471185814,-46.069886474,0.386199523,1.866167477,2.542783392,-88.245404356,-0.581438719,-0.136246412,-0.400210380,-0.469991591,-2.182631107,4.540885733,36.293941861,-48.953914980,-0.997942788,-0.339577169,2.904303179,-92.882155170,60.948600456,92.908948066,60.948588678,92.908948066,0
429,280,42,27,0.680065182,0.584448492,-27.066502064,-19.108615024,-1.013364498,20.186693720,-58.930006700,0.789578096,-47.253195784,39.821391676,-1.802942594,61.821180423,39.421356669,-46.596310668,0.369987151,1.303770105,2.112580251,-91.700267204,-1.792658752,-0.525775927,-0.507002224,-3.907515406,-11.321079002,-3.515474091,43.278232867,-42.826425231,-10.713401611,-9.928308435,6.334140451,-88.627737071,61.821396880,88.698805281,61.821180423,88.698805281,0
432,235,42,23,0.594421848,0.606165336,-27.240050072,-17.515173499,-1.125358057,44.456286038,-56.704697027,0.682978658,-71.696336110,39.189523528,-1.808336715,81.727923305,67.389509191,-46.900375450,0.002217262,1.204219017,2.592109917,-86.728366778,0.406813660,-0.074861716,-0.376214437,8.644722143,-9.833547675,0.490793548,65.665698625,-48.512211795,-3.748792173,-8.978365528,-5.608959573,-87.694781600,81.728037489,88.638032048,81.727923305,88.638032048,0
433,280,42,27,0.673623188,0.570537255,-27.328926098,-16.983298693,-1.159070099,20.236946575,-59.268175249,0.178947260,-47.565872674,42.284876556,-1.338017358,63.657782863,39.385226379,-48.741630891,0.312006573,1.896680769,2.406729707,-86.800379999,-1.783338546,-0.209374724,-1.131147037,6.457681241,-10.801235535,-10.704001135,48.860531807,-40.670659015,-3.299279206,-10.099099254,-1.340000332,-76.819660558,63.657987060,77.505877862,63.657782863,77.505877862,0
434,382,42,37,0.767303103,0.561402099,-27.405860698,-16.450172690,-1.201505363,-24.634058935,-45.456827731,0.234830414,-2.771801764,29.006655040,-1.436335777,29.174166348,28.535847694,-3.423314491,0.076049236,0.008480354,1.422043289,-2.260175992,-0.385206333,0.390482528,-0.323410849,5.730248115,-8.043256409,0.469953791,28.660644501,-4.394813627,-3.223928652,-6.175935445,9.132356990,-3.704104009,29.174314833,11.467058237,29.174166348,11.467058237,0
435,280,43,27,0.650055371,0.571019594,-27.429239635,-15.924460571,-1.234029384,18.552721616,-59.343286240,0.204214211,-45.981961252,43.418825669,-1.438243594,63.258230513,39.337151561,-49.806283343,0.280009123,1.543067603,2.204234392,-91.423611628,-0.106052520,-0.369236832,-1.067511477,9.553207136,-13.515670611,-12.162619378,47.932382350,-41.144429978,-3.353534625,-13.423324361,-4.769373197,-80.058052586,63.258387510,81.654441710,63.258230513,81.654441710,0
436,280,43,27,0.647708448,0.584969284,-27.447881598,-15.405570618,-1.273406634,18.272816996,-59.436584090,0.560623441,-45.720698595,44.031013472,-1.834030075,63.501780240,39.283433215,-50.323869671,0.260940645,1.764569920,1.992303595,-93.651368051,0.177396460,-0.301326752,-0.708173863,4.829619181,-10.855327106,-15.028818975,50.014209659,-38.760107836,-5.359669394,-9.807179378,-0.657141835,-79.217020497,63.501914800,79.780705528,63.501780240,79.780705528,0
437,279,43,27,0.561613959,0.614821699,-27.482965745,-14.880333327,-1.308773282,22.232322540,-60.122118352,0.301817928,-49.715288285,45.241785025,-1.610591210,67.238552971,41.471785560,-49.554253531,-0.243072393,1.368550812,2.421252594,-89.848895246,-3.072334219,0.806170957,-1.062855330,3.863667711,-4.551292383,-4.889922965,48.586646758,-46.480151165,0.086926611,-3.495949408,-1.036790144,-85.171387108,67.238934047,85.266348304,67.238552971,85.266348304,0
438,279,43,27,0.533080260,0.597226609,-27.528717623,-14.351447241,-1.344312251,20.700686892,-60.634821517,0.423571482,-48.229404515,46.283374276,-1.767883733,66.868165873,41.460515231,-50.085924765,-0.259668261,1.174999479,3.091534942,-88.946468897,-1.496046618,1.155014695,-0.931623995,-5.827075248,-7.110014711,43.904785877,-4.465322087,-66.488157686,-5.544840793,-8.001422970,2.518460195,-132.938992980,66.868224691,132.896908815,66.868165873,132.896908815,0
439,384,43,38,0.807692308,0.509787211,-27.557163365,-13.812835196,-1.393198080,-25.237301453,-43.561558781,0.233978345,-2.319861913,29.748723585,-1.627176425,29.883373593,30.439189792,-0.317494009,0.212915555,-0.581922137,0.960378697,-0.580417779,0.577668927,0.740354664,-0.218993195,1.423295364,-1.572065552,3.696307126,29.731914666,-2.989381921,-0.309749374,-2.119881069,2.421062169,-4.341635676,29.883425149,5.367559366,29.883373593,5.367559366,0
440,279,43,27,0.557670127,0.573866271,-27.610353991,-13.279997629,-1.423878888,15.576872538,-59.442565684,0.704870286,-43.187226528,46.162568054,-2.128749174,63.250698001,41.426803799,-51.162098915,-0.301048859,1.273155145,2.340381890,-88.845997358,3.464215638,-0.571139252,-0.518989244,-3.977676720,-1.364388696,94.517302150,-53.403327143,-33.882052660,-0.862450834,-2.617961625,0.742980156,176.579430219,63.250712754,176.597331958,63.250698001,176.597331958,0
443,282,43,27,0.630898513,0.565201990,-27.699417725,-11.708850179,-1.545734779,18.475501646,-58.964406707,0.688404217,-46.174919371,47.255556528,-2.234138996,66.107504708,33.253071566,-56.966489446,-0.866176610,0.981794665,3.755794407,-94.908887140,-1.377518210,-0.656150931,-0.601211051,-3.188097588,-6.481222493,24.128506736,8.501389707,-65.377099478,-4.875981910,-6.242256692,3.377743549,-119.306894424,66.107593835,119.251669146,66.107504708,119.251669146,0
444,235,43,23,0.578305911,0.569557288,-27.743711671,-11.179998561,-1.590048016,44.088218152,-56.260186385,0.341884520,-71.831929823,45.080187823,-1.931932536,84.827954352,67.199270218,-53.265554970,-0.226588490,0.834714594,3.304400015,-88.395125258,0.726214503,-0.569317782,-0.697002828,-1.734537537,-6.926973371,3.920946553,62.313099250,-56.877385857,-8.822262262,-6.178027433,4.733668736,-92.703243496,84.828012304,92.700186898,84.827954352,92.700186898,0
445,235,44,23,0.633940182,0.582116873,-27.689883964,-10.820328070,-1.613906250,43.523831729,-57.340530575,1.004991448,-71.213715693,46.520202505,-2.618897698,85.102180754,67.106528418,-53.617832965,-0.237931896,0.611719889,3.305563800,-97.468686154,1.401163436,0.466889281,-0.067633889,7.101005717,-12.846953761,7.286652526,56.817491519,-63.129623065,-5.369470197,-9.944376734,-6.872422533,-105.225068373,85.102337577,106.303005097,85.102180754,106.303005097,0
446,233,44,23,0.625763126,0.598920757,-27.660123921,-10.287480511,-1.656812249,44.033237324,-58.275383985,1.614802867,-71.693361245,47.987903475,-3.271615116,86.333541524,65.635951952,-57.280533420,0.089458138,0.637631278,1.885999583,-100.433283261,2.258985014,1.342563130,0.505396378,7.699833295,-10.065129330,6.679128946,55.192012204,-66.374570499,-1.337951661,-6.686412919,-8.441766094,-107.370432280,86.333840032,108.231379445,86.333541524,108.231379445,0
447,392,44,38,0.781594297,0.520622752,-27.662210007,-9.767329549,-1.692804775,-24.911271899,-41.965527950,0.280510193,-2.750938108,32.198198401,-1.973314967,32.375694783,29.757231707,-3.367892510,-0.030327848,0.439824101,0.899863206,-9.052622631,-2.416325685,0.243543425,-0.103457154,-0.908904897,-1.431982014,-2.083645759,32.275348537,-2.427343875,-0.772260751,1.169009036,2.431315864,-6.936457088,32.375708612,7.465049996,32.375694783,7.465049996,0
450,280,44,27,0.582884500,0.565832966,-27.463624149,-8.392917676,-1.771963817,19.550571179,-60.639064846,0.754415943,-47.014195328,52.246147170,-2.526379761,70.330484508,38.322997220,-57.284531418,0.031029537,2.306392125,2.409096938,-106.190817596,-0.922134845,1.074775879,-0.591796416,5.836807395,-9.327035996,0.492869246,38.330518164,-58.966639167,0.333983490,-4.926869912,-5.872246905,-106.940789158,70.330681089,107.382205360,70.330484508,107.382205360,0
451,392,44,38,0.794604537,0.540792402,-27.371872975,-7.879475375,-1.794327114,-24.805570899,-41.663159273,0.060264801,-2.566302076,33.783683898,-1.854591914,33.931736107,31.554425091,-4.022441960,-0.014305399,0.983548413,0.475814862,-19.254358320,-2.127243686,0.079207160,-0.304784599,0.942702250,-5.087057295,-30.676573340,30.964419725,13.614061658,-2.689175552,1.065969161,5.648623276,11.384744939,33.931837983,12.702336891,33.931736107,12.702336891,0
452,388,44,38,0.819976771,0.509794842,-27.263902256,-7.377255630,-1.814352878,-24.819963978,-42.885135627,0.338386865,-2.443938278,35.507879997,-2.152739744,35.656930106,34.044266013,-6.062071067,0.328179300,0.531778341,1.146463245,-23.381461005,-1.038775178,0.295449620,-0.094687247,-0.083610126,-1.475993288,-38.674558873,31.362974645,16.960460227,-0.360393247,1.002210380,2.548155442,15.309293322,35.657022773,15.528840638,35.656930106,15.528840638,0
453,390,44,38,0.745205479,0.540394040,-27.136897310,-7.047819794,-1.825405060,-24.827916357,-40.138948351,-0.131705279,-2.308980953,33.091128556,-1.693699781,33.214797924,33.632689073,-3.732150959,0.704099088,0.236863597,-1.073851415,-24.547957499,0.617323960,-0.257193896,-0.360391838,4.312203156,-8.239544466,-49.954821453,23.807884283,22.795165702,-4.097547506,-0.145508912,8.211184046,25.072188218,33.214828451,26.372397237,33.214797924,26.372397237,0
454,286,44,28,0.620323841,0.593929012,-26.911359076,-6.570686226,-1.855898059,16.278321802,-59.967024338,0.833815549,-43.189680877,53.396338112,-2.689713608,68.729557087,39.180291283,-55.764812294,-1.232622208,0.478011041,2.825487732,-113.297119313,-0.976411614,0.008092409,-0.474776101,-1.400248488,0.828936635,-1.608406679,41.713064750,-54.603855200,-1.489202376,0.731319201,4.432929629,-111.682791287,68.729749725,111.770898799,68.729557087,111.770898799,0
455,394,45,39,0.740401146,0.527278804,-26.749747848,-6.070678970,-1.880788333,-23.024877694,-36.882585509,0.044072705,-3.724870154,30.811906539,-1.924861038,31.095873235,32.286108514,-1.645692101,0.531533656,1.247969459,-0.207548428,-23.588941182,1.203014978,-2.351029284,-0.013560755,2.540488040,1.237707726,3.288905591,31.053514990,-1.024076442,1.262777385,-0.460190550,-2.459001804,-26.810540292,31.096046895,26.934794128,31.095873235,26.934794128,0
456,280,45,27,0.616777308,0.563250098,-26.455709535,-5.594690081,-1.923474336,18.956768488,-58.667010073,0.948001518,-45.412478023,53.072319992,-2.871475855,69.908580897,36.934912458,-59.918417458,-0.038180305,2.038249687,2.962117228,-123.054079404,-0.615112206,-0.951204354,-0.308568181,-1.658917369,0.776283287,17.318132927,18.289318701,-67.458650686,-1.435289278,1.253029237,4.617597949,-140.435324247,69.908717526,140.521610404,69.908580897,140.521610404,0
457,280,45,27,0.634949132,0.553808290,-26.224914541,-5.321457148,-1.929547127,18.503700804,-58.211991875,1.251224494,-44.728615345,52.890534726,-3.180771621,69.341005202,36.668168300,-60.156756160,-0.039468979,1.970406501,3.302923771,-129.820923911,-0.236295630,-1.452142499,0.022815339,-2.075003312,4.263231163,13.948535778,21.610206078,-65.882267625,-0.837610539,2.820900517,7.967372256,-143.763082462,69.341010849,144.060840058,69.341005202,144.060840058,0
458,408,45,40,0.812182741,0.537484012,-25.968578929,-5.057855988,-1.947812961,-25.075350631,-28.378136698,-0.895313721,-0.893228298,23.320280709,-1.052499240,23.361102367,25.433347065,-1.110326402,0.030117945,1.231953864,-0.531072782,-40.866031541,2.078887032,-0.783372892,-0.420882913,4.363579504,-2.817375451,38.396541266,18.100919684,-14.752404304,0.685191220,-2.351540354,-4.292616720,-79.218996606,23.361211723,79.433270635,23.361102367,79.433270635,0
459,395,45,39,0.800228964,0.540576439,-25.684549932,-4.828611689,-1.970724392,-25.201413060,-34.919396667,-0.715874527,-0.483136873,30.090784979,-1.254849865,30.120813569,32.674852075,-3.943390147,0.582659287,2.618767046,0.005226712,-52.041908972,2.778528410,-0.471260822,-0.607953717,3.510522642,-5.368226033,33.206900187,23.122750306,-19.301966443,0.205370584,-3.020817624,-3.049419087,-85.263467708,30.120917439,85.431199696,30.120813569,85.431199696,0
460,35,45,3,0.782079646,0.513361191,-25.301587479,-4.460293026,-1.975242750,20.408307331,1.906853128,-0.414127482,-45.709894811,-6.367146154,-1.561115268,46.177614865,-44.085604339,-1.763934394,-3.739996434,-2.510545033,0.531620830,39.702191585,1.928837855,0.117436601,-0.348290753,1.063114774,-4.752471498,37.220397994,-37.931286982,26.326065062,-0.738511579,-3.370847631,5.324922401,2.393760353,46.177804551,6.795840244,46.177614865,6.795840244,0
461,280,45,27,0.659346847,0.561531661,-24.929613363,-4.097176645,-1.975067747,18.360936728,-59.671846913,1.132884848,-43.290550091,55.574670268,-3.107952595,70.514360749,35.214773820,-61.188965657,-0.069933027,1.242111628,1.682473721,-141.440578713,0.112407894,-0.032666395,-0.147642954,2.324009112,-3.764760312,16.153287007,16.671514462,-68.492909187,1.759711864,1.958071506,-2.682671866,-157.676501848,70.514640956,157.640125582,70.514360749,157.640125582,0
462,394,45,39,0.817910448,0.525547488,-24.584453747,-3.918542243,-1.986290319,-24.705908604,-37.001841270,0.178219107,0.121454856,33.083299028,-2.164509426,33.154253526,34.219342732,-4.010357333,0.579340566,2.824375177,-0.093124148,-56.984598528,1.237300457,-0.666396947,0.123991084,-0.307852695,2.430885214,23.156604482,28.964488736,-16.053401564,1.599121473,5.272064502,-0.205797438,-80.154091555,33.154343591,80.288951535,33.154253526,80.288951535,0
463,394,45,39,0.824876238,0.518698309,-24.272395276,-3.754252952,-1.990194454,-24.771630793,-37.112806819,0.206498722,0.499235518,33.358553867,-2.196693176,33.434530251,34.352339137,-4.336937668,0.585969632,3.276493773,-0.689360755,-63.456431212,1.131348450,-0.590179934,0.143931873,0.174919220,1.710876020,17.711083653,30.479866194,-13.671229170,1.394347679,4.940486871,-1.124481207,-81.191209982,33.434547337,81.273225103,33.434530251,81.273225103,0
464,281,45,27,0.710743802,0.540345039,-23.826443981,-3.457721265,-2.002440867,18.173475905,-59.717029752,0.971000168,-41.999919886,56.259308487,-2.973441035,70.270508846,31.011800440,-62.932336358,-0.823626628,1.035538288,1.585039651,-155.000512359,-0.285897462,-0.018558570,-0.318568284,3.083014402,-3.256779171,6.215950467,24.233776130,-65.938521713,1.663821738,2.908375213,-2.488707818,-161.318761463,70.270426596,161.266148396,70.270508846,161.266148396,0
465,417,46,41,0.862944162,0.505824810,-23.345013306,-3.188375558,-2.010999184,-25.813395549,-25.567145308,-0.521630012,2.468382243,22.378769750,-1.489369172,22.563697989,21.521573970,-6.566020569,0.231177665,2.616739578,-0.020964042,-66.819740844,-0.198813177,-0.456485338,0.093961190,-2.440859285,1.136432285,17.077811313,18.962070693,-12.229596166,-0.007458476,4.006288180,2.285334490,-83.894304538,22.563758618,84.077316721,22.563697989,84.077316721,0
466,417,46,41,0.841584158,0.510968228,-22.868454102,-2.963702103,-2.011260682,-26.652051174,-25.656660549,-0.584957719,3.783597073,22.692958446,-1.426302963,23.050386330,21.664579329,-7.072755219,0.250055361,2.047449248,-0.900242567,-71.068719067,-0.145045630,0.384269759,0.019084277,-1.001408481,3.218178920,16.059237140,18.852975826,-13.219879037,1.060499429,5.311347651,-0.059783373,-87.183442649,23.050478483,87.310043119,23.050386330,87.310043119,0
467,35,46,3,0.691301504,0.564424802,-22.382361319,-2.727831194,-2.015594906,18.615077391,1.599096468,0.132746292,-40.997438709,-4.326927662,-2.148341199,41.281081062,-41.012651823,-0.323689929,-3.652862104,-1.996869394,-0.725638055,22.850677226,0.093975426,-0.016537150,0.125829072,-1.171772457,8.714314857,8.803249625,-39.627421033,6.188731695,-9.772319216,-2.980311265,-9.463160970,14.045702945,41.281123053,16.979024503,41.281081062,16.979024503,0
468,383,46,38,0.809274984,0.511494515,-21.874691216,-2.522808946,-2.021790103,-25.139908248,-43.206690804,0.326964488,3.265217032,40.683881858,-2.348754591,40.882227599,40.463429091,-11.474462762,0.710791982,2.334234296,-0.867255649,-76.805364166,1.358295953,0.421292188,-0.086772967,0.764371257,0.524666881,-4.049592377,39.838582678,-9.088150187,1.283761830,2.608826878,-1.752727221,-72.758567782,40.882211144,72.777101473,40.882227599,72.777101473,0
469,38,46,3,0.812089356,0.491460039,-21.406620745,-2.295403124,-2.018577049,18.257596990,3.224659259,0.505620112,-39.664217735,-5.520062384,-2.524197162,40.125962027,-41.745402324,1.690515968,-3.171572228,-2.358598657,0.093041652,19.154267895,-1.783569174,1.677419018,0.453968880,5.880202481,9.916643891,19.818872707,-36.404538347,12.460835212,-11.381542878,-8.210288134,-9.839843650,0.345451151,40.126080605,12.794452432,40.125962027,12.794452432,0
470,383,46,38,0.789888378,0.534301378,-20.925937735,-2.037668129,-2.034185403,-25.106173494,-43.184593996,0.098230906,4.180235760,41.146925867,-2.132416309,41.413658117,40.734085109,-12.504725197,0.741663628,2.371223973,-0.838106163,-73.110362347,1.389426116,0.378470843,-0.312920264,1.981558154,-1.270861191,-26.572420027,40.965108280,6.079035067,-0.064168931,0.085371875,-1.401816491,-46.515297477,41.413752322,46.534276859,41.413658117,46.534276859,0
471,383,46,38,0.829220779,0.534437380,-20.436352741,-1.805428004,-2.038042897,-24.996696698,-42.393033880,0.035397124,4.560343957,40.587605876,-2.073440020,40.895594399,40.855926850,-13.032462716,0.758737680,1.638634103,-1.116119876,-74.438832314,2.141706244,0.101751389,-0.314194734,0.564517451,-2.101765180,29.500630692,27.248346317,-30.493342736,0.374076653,-0.266445283,-2.169562124,-103.895219619,40.895675341,103.916584895,40.895594399,103.916584895,0
472,383,46,38,0.888496824,0.510406747,-19.928453729,-1.643913292,-2.032558354,-25.006310766,-43.579080929,0.341410525,5.077857037,41.935167636,-2.373968879,42.308139229,40.904272114,-13.562836831,0.779821374,1.771215629,-0.350441519,-81.180148830,0.965923453,0.370316190,-0.100063910,0.466921571,-0.776912653,24.137922136,30.757692507,-29.042358221,0.699543146,1.145155947,-1.005968941,-105.313815773,42.308197551,105.311488820,42.308139229,105.311488820,0
473,383,46,38,0.865168539,0.531460083,-19.412384968,-1.470078304,-2.041612902,-25.331078284,-43.527093440,0.227918769,5.918693316,42.057015135,-2.269531672,42.532037650,40.963941032,-14.104140494,0.787405475,0.240388979,-0.757764787,-81.358019299,1.094341842,0.673946961,-0.211302798,2.882852278,-2.035728492,27.140343683,28.755730635,-31.299902369,1.553338117,-0.775779575,-4.137253129,-108.506142514,42.532208877,108.589981663,42.532037650,108.589981663,0
474,390,46,38,0.856402665,0.523470456,-18.898608728,-1.327940373,-2.035713627,-24.883108220,-41.663848528,0.148015849,5.984499492,40.335908155,-2.183729476,40.835871428,37.828921679,-12.834364557,1.118814146,-0.618385888,-0.853887183,-82.106716728,-0.892102067,0.068406751,-0.211301624,-2.086619054,1.019549317,29.262861850,27.444633526,-30.229964919,0.718437460,-0.429827536,1.460807249,-111.387133879,40.835950347,111.388522683,40.835871428,111.388522683,0
475,390,47,38,0.847058824,0.535047980,-18.518350677,-1.290024937,-2.050392378,-24.744541295,-41.468989905,0.034092050,6.226190618,40.178964968,-2.084484428,40.711911658,37.801099346,-13.215745321,1.113929240,0.520765761,-0.966573735,-87.327700802,-0.715857899,-0.105153719,-0.305980366,-1.772642518,0.154650587,27.389621202,28.163841274,-29.392430046,0.586994372,-0.079991603,0.708329986,-114.718352964,40.711932670,114.719271852,40.711911658,114.719271852,0
476,391,47,38,0.815593220,0.545456163,-17.980034887,-1.262225686,-2.043693328,-25.395509019,-41.687878828,0.326238515,7.415474132,40.425653142,-2.369931843,41.168425589,37.014390840,-14.059034549,0.234680581,0.804840553,-0.366917259,-93.823128566,-1.446771856,0.621035786,-0.036915803,4.175991056,1.837425321,16.915599147,32.500441436,-25.073156625,3.148570048,4.003883547,-3.621231687,-110.783177198,41.168621182,110.744526461,41.168425589,110.744526461,0
477,403,47,40,0.818652850,0.535973134,-17.447975540,-1.233166832,-2.022849825,-27.592316988,-34.209378312,0.038608648,10.144341448,32.976211480,-2.061458473,34.562809464,31.636144752,-9.160805730,0.494036292,1.641736102,-1.291896705,-85.691980576,-1.097053174,1.928613331,0.106303836,1.448683618,4.849290035,7.233468668,30.932492268,-15.041762932,3.394719292,6.561912065,-2.486710100,-93.026421122,34.562954577,93.087975758,34.562809464,93.087975758,0
478,403,47,40,0.799293286,0.522728730,-16.926024680,-1.187603251,-2.019933342,-26.870020707,-33.972740917,-0.581942931,9.943996026,32.785137666,-1.437990411,34.290175345,31.666331822,-9.683800370,0.503124364,1.982053819,-1.710847802,-83.841956695,-0.837111162,1.195219043,-0.491489110,-1.650210525,-1.988899407,1.596118719,32.203036149,-11.771757467,-0.462301272,0.131572920,0.093235394,-85.383300144,34.290283369,85.383554116,34.290175345,85.383554116,0
479,383,47,38,0.840486409,0.531158191,-16.383945875,-1.191549788,-2.005401456,-25.210919522,-44.080812374,0.297467489,8.826973647,42.889262586,-2.302868945,43.848688855,40.585141955,-17.120919352,0.864147435,1.933614081,-0.848529447,-98.811362947,0.524157054,0.675910306,-0.183639396,0.852372504,0.390172729,6.070912462,37.946220064,-21.912015103,1.632256641,2.529653729,-1.571984433,-104.891949457,43.848788863,104.886940516,43.848688855,104.886940516,0
480,401,47,39,0.839400428,0.542640609,-15.862543002,-1.208632644,-1.984356539,-26.400146938,-34.763417153,-0.246906429,10.537603936,33.554784509,-1.737450110,35.213397919,31.391848939,-14.007312647,0.661352009,1.807851103,-0.075767998,-97.031662231,-0.556814460,0.775718471,-0.192047654,-0.330279952,1.588386636,5.600779853,30.318050514,-17.840021940,1.591584750,3.285507365,0.593913432,-102.630317472,35.213402446,102.686225586,35.213397919,102.686225586,0
481,381,47,37,0.808257523,0.530801331,-15.335637941,-1.236284061,-1.981578284,-23.545270367,-45.781134862,0.471171312,8.209632425,44.544850801,-2.452749596,45.361412875,41.611016930,-17.659294730,1.196693615,2.827312223,0.064250467,-102.490116584,-0.411752086,-0.628142221,-0.101191772,2.987902477,1.892899189,18.113490720,34.583527371,-29.085072094,3.962960552,5.977137348,-1.544454552,-120.594899829,45.361512767,120.609208483,45.361412875,120.609208483,0
482,396,47,39,0.860027855,0.513700455,-14.815100284,-1.239483943,-1.968130742,-26.266155487,-37.508984274,-0.251591682,11.451055202,36.269500331,-1.716539060,38.072953994,33.582352975,-16.397426132,0.809613326,2.293575380,-0.094162962,-98.845000641,-0.295055649,0.936648327,-0.373971656,-2.316201056,-3.353687856,3.826050465,32.658668684,-19.510624410,-1.518103669,-1.485970951,1.430915550,-102.647337180,38.073057979,102.643558161,38.072953994,102.643558161,0
483,399,47,39,0.866851595,0.516924872,-14.275935717,-1.241217110,-1.967815169,-27.534245578,-36.223077909,-0.358931572,13.258309861,34.981860799,-1.608883598,37.444650776,32.584760482,-15.068403583,1.086605964,3.662703820,0.553614827,-94.419042328,-0.707959132,2.003955452,-0.407130763,1.254123876,-0.103906560,-5.958078011,34.887593979,-13.489742769,1.726079685,3.525071567,-0.697284399,-88.461935655,37.444582047,88.498288686,37.444650776,88.498288686,0
484,398,47,39,0.837441706,0.514775693,-13.748543688,-1.217988514,-1.959371249,-27.863087208,-36.466114876,-0.134453787,14.114543519,35.248126362,-1.824917461,38.012906684,31.183670086,-19.095204876,0.787963498,3.107081599,-0.335941825,-98.175568027,-0.189020851,2.347666032,-0.180863221,4.059623128,0.687681896,-5.215711883,33.178103537,-18.358985356,2.673509828,4.004094602,-4.354597918,-92.972209107,38.012978737,92.965067362,38.012906684,92.965067362,0
485,403,48,40,0.826822917,0.536401133,-13.215588367,-1.174817737,-1.942472132,-28.709500997,-32.986164613,-0.660735609,15.493912630,31.811346876,-1.281736523,35.407145708,31.566653769,-13.392416359,0.601780704,2.554504835,-1.416218817,-85.462677455,0.205131387,3.005373756,-0.508786900,2.579756922,-2.063124968,3.393755652,30.356149584,-18.206310401,0.838012553,0.437277100,-3.953286672,-88.803689272,35.407171887,88.859062690,35.407145708,88.859062690,0
486,383,48,38,0.857702350,0.525705300,-12.697855874,-1.117709826,-1.917406814,-24.219578892,-44.664239082,0.198772245,11.521723017,43.546529255,-2.116179058,45.094661827,39.862546673,-20.735425173,0.981017526,2.902449207,-1.648931305,-94.176520894,-0.248847183,-0.170630264,-0.320450333,-1.146216723,-3.338641847,11.047264106,35.443278491,-27.849052564,-1.321327357,-0.620871771,-1.415944166,-105.096102556,45.094807072,105.111912322,45.094661827,105.111912322,0
487,383,48,38,0.834235453,0.546556164,-12.180744924,-1.039776081,-1.909600907,-24.269394568,-44.215502772,0.365037679,12.088649645,43.175726691,-2.274638586,44.893794740,39.827334897,-21.256968807,0.998067595,2.818195383,-1.739888288,-92.011655970,0.186696137,-0.213652687,-0.120597487,1.065398622,-0.417643289,23.474897427,27.984655763,-35.069375420,1.567067011,2.899790566,-2.881348886,-115.493690397,44.893849796,115.466837842,44.893794740,115.466837842,0
488,393,48,39,0.864903503,0.522770382,-11.664852449,-0.974352435,-1.889897004,-25.863218291,-38.336762259,-0.349587818,14.198365842,37.362409824,-1.540309185,39.998947647,35.089195632,-19.942205038,0.120194388,1.783186411,-0.409459764,-90.868052646,0.725488521,0.518900648,-0.507977993,2.539119447,-6.839011087,1.529339585,33.639659651,-21.500678664,-2.451712908,-4.946889484,-3.229051194,-92.335167295,39.998959745,92.620325679,39.998947647,92.620325679,0
489,383,48,38,0.870664740,0.539453603,-11.103703653,-0.963089655,-1.890792631,-24.044998918,-44.424247029,0.407145959,12.941295265,43.461157374,-2.297938590,45.405174212,39.670390972,-22.324971344,1.029557921,2.209790143,-0.196586832,-97.544825087,-0.067713252,-0.387506486,-0.093185816,-1.097504563,4.018823630,14.044264684,33.066327143,-30.985552883,2.855698386,5.543670105,2.302113374,-111.566189031,45.405302460,111.784467929,45.405174212,111.784467929,0
490,398,48,39,0.831586826,0.515251322,-10.579909457,-0.914032939,-1.880879547,-26.811944586,-36.602459674,-0.320173766,16.232035129,35.688426735,-1.560705780,39.237463855,30.785252404,-22.253454805,0.862216910,2.921845602,0.763022445,-95.841017972,-0.534352438,1.349525368,-0.386882486,-1.034951401,-3.388432781,-4.067909681,32.931447045,-21.305767147,-1.083431661,-0.497942474,1.691106169,-91.815755271,39.237606226,91.821705167,39.237463855,91.821705167,0
491,403,48,40,0.817117776,0.526407652,-10.033546064,-0.855079170,-1.887922830,-27.716195009,-32.470573550,-0.556495839,17.682648945,31.615494379,-1.331426991,36.248975936,31.789867805,-16.581731355,0.696896145,2.393126823,-0.288571189,-82.870583007,0.683034209,1.998685275,-0.362007968,2.622260146,-2.679026920,5.198836287,29.312858672,-21.314716126,0.664302097,-0.373330814,-2.818722950,-88.055710632,36.249166946,88.101434497,36.248975936,88.101434497,0
492,401,48,39,0.803374908,0.523124190,-9.506019680,-0.761562499,-1.886355888,-27.208686264,-35.869884914,-0.290081368,17.702666584,35.108322415,-1.596274521,39.351325255,31.006904048,-20.367908622,0.758824338,3.016273806,0.391721020,-86.561051357,-1.542980988,1.719932547,-0.317770298,-0.262916085,-0.602925367,-4.490863788,34.188793589,-19.474479069,0.627503109,2.455310357,0.735262710,-82.074354585,39.351273197,82.122928973,39.351325255,82.122928973,0
493,404,48,40,0.823407202,0.546186725,-8.957269783,-0.751308529,-1.874463702,-28.405183457,-32.069010876,-0.840467614,19.447913674,31.317702347,-1.033996088,36.879384139,31.567225464,-17.227858783,0.953862696,2.889173075,0.488977538,-85.241007131,0.581887320,2.710445530,-0.615154718,-0.632485895,-1.306790564,3.682085777,29.669108900,-21.895619635,0.650904771,1.594297473,1.145913478,-88.934350786,36.879504595,88.967455149,36.879384139,88.967455149,0
494,390,48,38,0.828592814,0.544256736,-8.408794644,-0.698588529,-1.875887029,-25.348935226,-41.834059435,-0.030764332,16.940140582,41.135470907,-1.845122697,44.525271559,36.607314849,-23.265627414,1.511573322,2.968755289,-0.722012999,-93.277284073,-0.963727262,0.550696326,-0.411789785,1.506493951,-1.567457726,-2.995620663,38.802559553,-21.790181378,1.435635380,1.408075453,-2.235870967,-90.261985577,44.525404898,90.264869092,44.525271559,90.264869092,0
495,403,49,40,0.792170819,0.553484941,-7.880913059,-0.627891851,-1.870271220,-27.682343528,-33.178318208,-0.641347379,19.801430470,32.550426357,-1.228923841,38.120036181,31.953114205,-18.739738594,0.742829583,2.389831731,-0.037840696,-82.941403823,-0.017414611,1.984246125,-0.497695734,1.360707036,-1.782882856,-7.542765426,34.436205057,-16.339425679,0.557360327,0.321566164,-0.905208571,-75.402819262,38.120069528,75.405459212,38.120036181,75.405459212,0
496,412,49,40,0.796946565,0.570607361,-7.329164445,-0.546482017,-1.888897058,-27.666910149,-28.854671825,-0.825931215,20.337745704,28.308189808,-1.062965843,34.872731566,25.365445811,-21.781631803,1.251423251,2.472268223,-0.656103898,-86.655464667,-0.188695671,1.887094931,-0.446998025,-1.247771365,1.468870426,-5.471351915,27.641879143,-21.171794495,1.947221125,4.114703426,0.352020021,-81.204489121,34.872769245,81.303910034,34.872731566,81.303910034,0
497,407,49,40,0.823975721,0.553033212,-6.811049341,-0.444373468,-1.878310720,-27.751321363,-31.256443924,-0.759143324,20.940272022,30.812070456,-1.119167396,37.271050613,28.732958293,-21.617139057,1.004698031,2.229607108,-0.539618830,-82.757876965,-0.049624538,2.013467425,-0.508106206,-1.028205433,-0.529027077,-9.662992323,32.353546604,-18.483051704,0.882671477,2.022507365,0.597880430,-73.090223033,37.271360146,73.127169617,37.271050613,73.127169617,0
498,276,49,27,0.663656885,0.593583187,-6.268223144,-0.406325412,-1.878735020,21.725190186,-59.750242171,0.088644795,-27.993413329,59.343916759,-1.967379815,65.644514085,16.692432085,-62.905974976,-0.874830604,-0.050445800,2.699842983,178.386233599,-0.438739117,0.462752401,-1.234821287,-5.414744160,-7.561090647,6.496953943,9.812687795,-64.522003713,-7.059426008,-4.368266569,-5.529265795,172.354233113,65.644598411,172.158061576,65.644514085,172.158061576,0
499,276,49,27,0.664952241,0.567033011,-5.723536541,-0.401704892,-1.871393435,20.970990228,-59.490692600,0.097532157,-26.694526768,59.088987707,-1.968925591,64.868967123,16.155474426,-62.814674786,-0.884805138,-0.495124529,2.630417469,174.401042129,0.257334917,0.075193125,-1.195562031,-0.529234615,-9.890693805,9.002957956,5.827207823,-64.593832254,-1.297373737,1.489184808,-7.074379738,165.366685316,64.869119733,165.487812219,64.868967123,165.487812219,0
500,406,49,40,0.810752688,0.546511913,-5.183257932,-0.366607453,-1.877683903,-25.961462486,-31.843690912,-0.880268202,20.778204554,31.477083459,-0.997415701,37.729768163,29.467605219,-22.919214810,1.044944337,2.296521993,0.907268281,-89.146712025,-0.254647958,0.260206648,-0.639541529,-5.150427837,0.933566241,-6.258667320,32.040370288,-19.919154450,0.420324318,3.864407071,5.902091347,-82.836825794,37.729759007,83.280713204,37.729768163,83.280713204,0
501,275,49,27,0.640591966,0.596722110,-4.636906469,-0.306917581,-1.883697053,19.264592086,-60.786242461,0.017102146,-23.901498555,60.479324880,-1.900799199,65.058768884,15.331260610,-62.812114026,-1.366081452,-0.425068796,0.582822712,176.775619221,2.701326488,1.008938535,-1.328360292,3.444769473,-14.739086655,6.517582230,5.119979836,-64.808425040,2.512695118,5.602966568,-13.314542580,169.138443011,65.058894753,169.873899737,65.058768884,169.873899737,0
502,286,49,28,0.623839009,0.588333878,-4.126334780,-0.234658291,-1.875980681,15.959101478,-61.399558188,1.168278363,-20.085436257,61.164899897,-3.044259044,64.450269527,16.077660012,-60.821612984,-1.219183322,-0.484558825,1.408331396,-174.233153080,-0.579534326,1.430288129,-0.181914404,9.462539750,-2.662864740,-11.533281479,28.688164957,-57.270181548,7.139871963,7.775936911,-3.921997787,-163.101973075,64.450463728,162.885177868,64.450269527,162.885177868,0
503,273,49,27,0.603571429,0.595089506,-3.613512054,-0.153348004,-1.889845436,22.210386746,-60.478351793,1.052850646,-25.823898800,60.325003789,-2.942696082,65.685913951,16.466842198,-62.562343788,-0.772291947,-0.127937834,0.776985845,-178.734901138,0.930842230,1.257753232,-0.255365424,7.579216607,-5.578899504,-10.900538515,27.144714094,-59.627094316,4.735144864,6.145464414,-6.235130278,-168.503807250,65.685976256,168.203302450,65.685913951,168.203302450,0
504,440,49,43,0.681241185,0.543211553,-3.115192410,-0.062313647,-1.886785208,-27.302989764,-14.222565297,-1.857122951,24.187797355,14.160251650,-0.029662257,28.027899449,9.999911201,-25.973883802,0.541783384,2.131842404,-0.003582912,-84.877157494,-0.937762960,-0.189506428,-0.505267194,-9.711435331,-1.329217719,-2.514279401,12.079297254,-25.046930061,-3.508293547,2.117536745,9.797479731,-82.251203511,28.027954818,82.931293853,28.027899449,82.931293853,0
505,408,50,40,0.767019667,0.511958380,-2.532628123,0.073496345,-1.892235096,-27.089969710,-30.823220864,-0.912212116,24.557341587,30.896717208,-0.980022980,39.479496009,29.314618935,-24.776781413,0.672217403,1.723248306,0.537949053,-78.415580517,-0.251070860,1.354347567,-0.618011383,-7.505884423,-1.089472072,-16.104162444,35.671891969,-16.839712255,-1.601439009,4.268219763,7.685219377,-62.057115461,39.479417326,62.897966103,39.479496009,62.897966103,0
506,239,50,23,0.635220126,0.612620700,-1.869752164,0.188433407,-1.901638214,42.265500182,-59.748819266,1.746359863,-44.135252346,59.937252673,-3.647998078,74.523168529,35.878304414,-62.840375979,-0.684801443,-0.325392541,1.507801584,-176.452331661,0.507370925,2.741919907,0.565069786,11.479503923,-0.622702460,-11.836196238,48.054420196,-56.146735356,9.593846558,10.580262443,-2.135230369,-164.738675781,74.523319057,164.609836395,74.523168529,164.609836395,0
507,238,50,23,0.609006433,0.625158425,-1.537987902,0.179884416,-1.907418257,41.871403621,-59.440425500,1.397422340,-43.409391523,59.620309917,-3.304840597,73.823293061,37.935801941,-61.740516729,-0.369019691,-0.450370172,1.258760862,179.905451459,1.380531631,2.393872515,0.240018275,9.291211845,-3.419899267,-15.648971260,52.370489327,-51.819737841,4.688213249,7.608146338,-4.493322769,-164.951874685,73.823659661,164.698626045,73.823293061,164.698626045,0
508,237,50,23,0.589337176,0.599650501,-0.918811666,0.226545753,-1.902479511,43.251969066,-58.117509329,1.254674320,-44.170780732,58.344055082,-3.157153831,73.246530663,33.694610805,-64.207770039,-0.729475346,-0.100517100,1.656723357,176.079847016,0.638390575,1.149438384,0.151356885,12.727751991,-5.432378430,-11.996212728,45.628995119,-56.808199526,7.475553022,11.792090681,-5.408526149,-172.921675488,73.246574131,172.411594563,73.246530663,172.411594563,0
509,235,50,23,0.612645349,0.600742347,-0.336802721,0.288792956,-1.907609624,43.740900964,-57.217936795,1.222995666,-44.077703685,57.506729752,-3.130605290,72.523572846,38.703731443,-61.676275418,-0.418249446,-0.008527383,1.359063994,-177.726479399,1.170542207,0.376949518,0.152363416,10.751128366,-2.563206292,-8.175127939,45.904195018,-55.590895078,7.882350684,10.112971768,-3.080465110,-169.945183267,72.523611246,169.716527900,72.523572846,169.716527900,0
510,233,50,23,0.569784173,0.599702511,0.009336253,0.265260263,-1.896253184,44.047659871,-57.149049307,0.872609303,-44.038323618,57.414309570,-2.768862487,72.411625379,36.663857912,-63.414588340,0.000952547,0.360163631,0.126094143,173.966272866,2.072766585,0.200380715,-0.187735018,10.478561712,-5.813597914,-10.762801197,45.645645957,-55.912675168,5.807787393,10.388472511,-6.436642057,-176.358909920,72.411895664,175.797052267,72.411625379,175.797052267,0
511,227,50,22,0.620253165,0.570764305,0.540610545,0.243027054,-1.888771098,48.242391253,-55.362251509,-0.304824257,-47.701780708,55.605278563,-1.583946841,73.279709159,42.416584198,-61.504838812,0.117722068,0.393416786,1.527143712,175.151824094,1.061193272,-1.025765105,-1.271183737,-1.787845419,-12.208369223,12.547335633,26.906793735,-67.848600096,-6.520493065,2.342172749,-10.656182356,162.639647180,73.279771520,162.936321817,73.279709159,162.936321817,0
512,1,50,0,0.856823266,0.472086514,1.078516269,0.249976840,-1.881119128,1.171972036,0.132779375,0.118232042,-0.093455767,0.117197466,-1.999351169,2.004962425,0.586002592,0.200385006,-1.880435658,-1.940072636,0.432669784,0.041030067,0.656540016,0.071247464,0.119119866,2.152218806,2.530206527,7.822762362,0.036019394,0.062333987,-2.003669492,-3.731559114,-2.364337836,-7.704026684,2.004962433,8.945460792,2.004962425,8.945460792,1
513,21,50,1,0.631297710,0.585984037,1.447076637,0.202776010,-1.883483446,10.979364418,3.553398442,-0.715577950,-9.532287782,-3.350622433,-1.167905496,10.171292164,-9.400049221,0.821407908,-2.116389150,-2.366584313,-0.364695414,-9.088370203,0.443109828,3.022683266,-0.804218799,9.952960256,-0.366528625,-13.148800000,-9.092592536,-4.533456927,-0.477662676,-12.269106906,0.702070324,3.999096663,10.171314191,12.944325507,10.171292164,12.944325507,1
514,3,50,0,0.951834862,0.338589145,2.035024599,0.191304212,-1.875424838,1.779396653,0.159639984,-0.001138417,0.255627946,0.031664228,-1.874286421,1.891903237,0.500656094,0.035042990,-1.883649030,-1.564913704,0.793413271,-4.252588189,0.232873983,0.017959295,-0.010870680,0.710108705,0.944165784,-0.010374346,0.298602476,-0.006021122,-1.868182982,-2.203241053,-0.200665643,-4.239609622,1.891905744,4.785345038,1.891903237,4.785345038,1
515,6,51,0,0.962857143,0.268518075,2.546654934,0.216176405,-1.883225325,2.294764757,0.415322781,-0.049162518,0.251890176,-0.199146376,-1.834062807,1.861959806,-0.595163701,-0.007981686,-1.901663348,-1.385441296,1.234007898,-1.220082796,-0.825330205,0.195930178,-0.065270783,0.537969628,0.677454441,1.152843265,0.247714185,-0.225708378,-1.831554615,-1.894922275,0.534843646,-2.377572592,1.861961035,3.080111903,1.861959806,3.080111903,1
516,5,51,0,0.985207101,0.237455274,3.051101892,0.255435669,-1.891464478,2.721280575,0.556799650,-0.070515573,0.329821317,-0.301363981,-1.820948905,1.874955270,0.455129009,-0.053509123,-1.910030316,-1.514672321,0.744769017,-1.260541167,0.137841611,0.278768430,-0.092235608,-0.475052354,0.089920246,-0.548142654,0.323304478,-0.314148570,-1.819959000,-1.038502044,0.660751810,-0.706899440,1.874957565,1.416442791,1.874955270,1.416442791,1
517,6,51,0,0.990008326,0.241788879,3.565184426,0.332606906,-1.886795288,3.185896158,0.646860838,-0.025561947,0.379288268,-0.314253932,-1.861233341,1.925306384,0.429571694,0.021321045,-1.907127217,-1.438583909,1.365093585,4.426424588,0.082331581,0.350530083,-0.042227652,-0.235022968,0.669467672,5.313187507,0.337031955,-0.352312173,-1.862552147,-1.193211157,0.699356627,-0.883737229,1.925309042,1.637340501,1.925306384,1.637340501,1
