kf_id,prev_kf,timestamp,world_x,world_y,world_z,world_roll_deg,world_pitch_deg,world_yaw_deg,world_dx,world_dy,world_dz,horizontal_step_m,local_dx,local_dy,local_dz,local_translation_m,local_roll_deg,local_pitch_deg,local_yaw_deg,effective_world_slope_deg,icp_correspondences,icp_rmse
0,-1,1782712600.439100981,0.000000000,0.000000000,0.000000000,0.000000000,-0.000000000,0.000000000,0.000000000,0.000000000,0.000000000,0.000000000,0.000000000,0.000000000,0.000000000,0.000000000,0.000000000,-0.000000000,0.000000000,0.000000000,0,0.000000000
1,0,1782712634.539945602,0.518862230,0.028265026,0.004940967,-0.212262283,0.485202390,2.869457247,0.518862230,0.028265026,0.004940967,0.519631528,0.518862230,0.028265026,0.004940967,0.519655019,-0.212262283,0.485202390,2.869457247,0.544786038,2240,0.132657799
2,1,1782712635.238994122,1.032030785,0.072276622,0.008075626,-0.290135169,0.913722727,3.926416288,0.513168555,0.044011595,0.003134659,0.515052412,0.514683380,0.018239030,0.007561031,0.515061951,-0.086853530,0.424684873,1.058434536,0.348703409,2258,0.123322057
3,2,1782712636.039057016,1.549531291,0.118618310,0.011114642,-0.338633017,0.314090890,5.723119997,0.517500505,0.046341689,0.003039016,0.519571289,0.519344579,0.010739459,0.011376865,0.519580177,-0.077272694,-0.608271950,1.793719204,0.335123992,2261,0.096840264
4,3,1782712636.838798761,2.097216246,0.182950444,0.011655931,-0.342037863,0.638717984,7.471176677,0.547684955,0.064332134,0.000541289,0.551450300,0.551359001,0.009374400,0.003619301,0.551450566,-0.013138654,0.314438256,1.749864219,0.056239966,2459,0.108442469
5,4,1782712637.639343262,2.622574906,0.263083745,0.025441252,-0.304423939,0.936907598,7.518932080,0.525358660,0.080133300,0.013785321,0.531434914,0.531131415,0.011024126,0.019773496,0.531613678,0.037086068,0.297899474,0.049528919,1.485908501,2456,0.108423416
6,5,1782712638.538799286,3.133593369,0.290963096,0.019540359,-0.498375715,-0.120132421,4.886090804,0.511018463,0.027879351,-0.005900893,0.511778397,0.510300948,-0.039241494,0.002235100,0.511812415,-0.151180143,-1.042049855,-2.638851632,-0.660600908,2272,0.102374911
7,6,1782712639.338845491,3.674852338,0.357152251,0.021095029,-0.105270930,0.318800959,6.865518987,0.541258970,0.066189155,0.001554670,0.545291002,0.544931762,0.019842531,0.000584726,0.545293218,0.396970444,0.421630861,1.983195886,0.163354610,2379,0.096457337
8,7,1782712639.939899445,4.171180746,0.430762362,0.034335753,-0.232052727,0.084746866,8.332961444,0.496328408,0.073610111,0.013240724,0.501757249,0.501487335,0.013722025,0.016056536,0.501931922,-0.134979593,-0.236645035,1.467020908,1.511610599,2274,0.091521547
9,8,1782712640.539434671,4.680441916,0.457350634,0.048258752,-0.238010121,0.352728780,4.573342130,0.509261169,0.026588272,0.013922999,0.509954777,0.507716853,-0.047556370,0.014481497,0.510144808,-0.000896984,0.283377791,-3.758474702,1.563924871,2033,0.091373033
10,9,1782712641.239309788,5.250305098,0.481401128,0.054417206,-0.074226321,0.930815200,4.178168240,0.569863182,0.024050494,0.006158454,0.570370470,0.569917742,-0.021504178,0.009577940,0.570403716,0.166223214,0.579731247,-0.392736987,0.618614938,2370,0.098583715
11,10,1782712641.839092731,5.755708788,0.491849075,0.054717258,-0.280341483,1.009859948,2.089776180,0.505403690,0.010447947,0.000300052,0.505511671,0.504750212,-0.026413604,0.008466668,0.505511760,-0.172245762,0.082367290,-2.087964675,0.034008546,2317,0.094193134
12,11,1782712642.439341307,6.258127963,0.522151478,0.053318554,-0.119926477,0.925268743,4.368819898,0.502419175,0.030302404,-0.001398704,0.503332160,0.503136507,0.011924647,0.007528405,0.503334103,0.120037308,-0.094938221,2.278311920,-0.159218212,2191,0.092584143
13,12,1782712643.039483547,6.820562145,0.551597532,0.057840299,-0.191440293,0.555995157,2.613790150,0.562434182,0.029446053,0.004521746,0.563204473,0.562896608,-0.013512197,0.013585082,0.563222625,-0.043230760,-0.365165972,-1.755751294,0.459995223,2469,0.087501642
14,13,1782712643.639455795,7.381504769,0.519586356,0.060786084,0.074506460,0.573244914,-2.282868626,0.560942624,-0.032011176,0.002945784,0.561855269,0.558844313,-0.057586418,0.008176723,0.561862991,0.312706508,0.035619017,-4.896322000,0.300396701,2378,0.086382556
15,14,1782712643.938721895,7.657704175,0.447887753,0.052915289,0.271495296,0.381870760,-7.702126119,0.276199405,-0.071698602,-0.007870795,0.285353817,0.278900963,-0.060646394,-0.005001829,0.285462345,0.251459739,-0.195848324,-5.418917295,-1.579964931,2526,0.087113491
16,15,1782712644.538558722,8.200440660,0.411182792,0.066733266,0.172170896,0.608993317,-4.573799890,0.542736486,-0.036704961,0.013817977,0.543976238,0.542655198,0.036447539,0.017262569,0.544151710,-0.119761927,0.242504429,3.127061711,1.455103164,2577,0.086964288
17,16,1782712645.138848543,8.797500342,0.385515074,0.068149528,-0.039367925,0.636073284,-1.758143776,0.597059682,-0.025667718,0.001416262,0.597611157,0.597156350,0.022048649,0.007697499,0.597612835,-0.241245860,0.036271954,2.815386628,0.135783407,2496,0.088544070
18,17,1782712645.639762640,9.323703583,0.402427076,0.060314119,-1.490565153,1.816608127,0.967981461,0.526203241,0.016912003,-0.007835408,0.526474944,0.525491261,0.033049631,-0.001979164,0.526533247,-1.481492095,1.179382320,2.726143903,-0.852657260,2451,0.091353681
19,18,1782712646.139462471,9.842175397,0.383688174,0.051668777,-0.139212115,0.312008043,-0.135260213,0.518471815,-0.018738903,-0.008645343,0.518810340,0.518094937,-0.027688251,0.007064582,0.518882367,1.386553781,-1.475048756,-1.142362971,-0.954676040,2591,0.093805615
20,19,1782712646.638562202,10.353116699,0.420324532,0.057705461,0.619117260,0.402566469,3.676226114,0.510941301,0.036636358,0.006036684,0.512253098,0.510812941,0.037820915,0.008910387,0.512288666,0.737281290,0.081994499,3.811606950,0.675175001,2659,0.087310487
21,20,1782712647.239434004,10.917373825,0.489614221,0.051958196,0.841800183,1.025972578,6.896609989,0.564257126,0.069289689,-0.005747265,0.568495528,0.567565164,0.032947004,-0.002115695,0.568524578,0.201003567,0.658781222,3.213137938,-0.579217909,2651,0.086754010
22,21,1782712647.839647532,11.459763593,0.582001772,0.060438851,1.041192069,1.127080346,10.082539842,0.542389769,0.092387550,0.008480655,0.550201891,0.549319045,0.026856216,0.017926875,0.550267246,0.143672841,0.149455528,3.183468465,0.883070907,2488,0.094579582
23,22,1782712648.439162493,11.982245352,0.702887307,0.055851246,0.942373586,1.095130625,12.737012927,0.522481758,0.120885535,-0.004587605,0.536283974,0.535562501,0.027653025,0.005446467,0.536303596,-0.149896416,0.017473405,2.654108676,-0.490120927,2739,0.090496716
24,23,1782712654.639194965,12.544541172,0.857370386,0.054842652,0.557494626,0.709208096,15.482563071,0.562295821,0.154483079,-0.001008594,0.583130870,0.582431765,0.026871589,0.009684324,0.583131742,-0.436269120,-0.339477929,2.751350121,-0.099099777,3026,0.086485058
25,24,1782712655.238844872,13.143663249,0.967486234,0.056693161,0.618957364,0.998510611,11.408812704,0.599122077,0.110115848,0.001850509,0.609157420,0.606706475,-0.053719140,0.009884010,0.609160231,0.113247426,0.251481817,-4.075816407,0.174053582,3020,0.092560894
26,25,1782712655.739614010,13.685525152,1.033495979,0.053317775,0.384868643,1.135757452,9.342520464,0.541861903,0.066009745,-0.003375385,0.545867757,0.544188569,-0.042410769,0.006567330,0.545878193,-0.197687291,0.115575658,-2.067260331,-0.354285201,3024,0.105390640
27,26,1782712656.239113331,14.208510795,1.099511349,0.052332184,0.414932248,1.599262404,7.774913419,0.522985643,0.066015370,-0.000985591,0.527135667,0.526681234,-0.019695800,0.009588347,0.527136589,0.061264822,0.453394561,-1.570127513,-0.107126421,3046,0.095510956
28,27,1782712656.739402771,14.759142135,1.157921665,0.042383901,0.165553900,1.177263019,6.664845126,0.550631340,0.058410316,-0.009948283,0.553720722,0.553533383,-0.016576738,0.005622490,0.553810081,-0.218332627,-0.429725270,-1.106781535,-1.029279396,2938,0.096593782
29,28,1782712657.139227390,15.273131057,1.216960859,0.029207229,0.006603612,1.231677493,7.045839626,0.513988922,0.059039193,-0.013176672,0.517368571,0.517529092,-0.001021379,-0.002541286,0.517536340,-0.166774440,0.055540872,0.380747752,-1.458929961,3159,0.088592669
30,29,1782712657.539804459,15.827592970,1.303324980,0.025066196,0.433385897,1.250800909,8.871564153,0.554461914,0.086364121,-0.004141033,0.561147730,0.560827943,0.017700660,0.007913849,0.561163010,0.387548008,0.019958809,1.825287172,-0.422810988,3117,0.091717519
31,30,1782712657.939166069,16.375129989,1.397695633,0.026806158,1.105880463,0.990396286,10.864971157,0.547537019,0.094370653,0.001739962,0.555610122,0.555370066,0.008905102,0.013799399,0.555612846,0.629247345,-0.244567561,1.995035368,0.179428280,3111,0.090688058
32,31,1782712658.339301348,16.936653394,1.487473786,0.033126115,0.308038099,1.507032230,9.283861310,0.561523405,0.089778153,0.006319957,0.568655125,0.568186200,-0.017360731,0.016481496,0.568690243,-0.770134529,0.486414332,-1.590307720,0.636751456,3328,0.099824530
33,32,1782712658.739610195,17.508497225,1.554679800,0.026031765,-0.125191306,1.446529130,9.297350908,0.571843831,0.067206014,-0.007094351,0.575779485,0.575183050,-0.025883917,0.008174813,0.575823189,-0.433584340,-0.060429684,0.013810392,-0.705922660,3400,0.094093202
34,33,1782712658.938752174,17.790299136,1.534090444,0.028188318,0.229356482,1.254564565,2.635820226,0.281801910,-0.020589355,0.002156554,0.282553071,0.274631547,-0.065865994,0.008948358,0.282561301,0.521489775,-0.167682339,-6.660340085,0.437294932,3340,0.092016915
35,34,1782712659.439399004,18.515106061,1.605436721,0.010667024,-0.233166608,2.267120351,5.576511734,0.724806925,0.071346277,-0.017521294,0.728309941,0.727530400,0.037932043,-0.001744594,0.728520669,-0.526625071,1.025957654,2.934770016,-1.378125640,3113,0.105560521
36,35,1782712659.839411020,19.098729068,1.688319217,-0.001032885,0.017856423,1.479930111,8.684216095,0.583623007,0.082882496,-0.011699909,0.589478857,0.588916867,0.025729289,0.011710581,0.589594955,0.127815689,-0.796488998,3.103746640,-1.137050807,3279,0.098548826
37,36,1782712660.239317894,19.680382712,1.737389598,0.002725768,0.224928885,1.429973280,6.647181429,0.581653644,0.049070380,0.003758653,0.583719850,0.582103009,-0.039309339,0.018811023,0.583731952,0.259682725,-0.049656514,-2.036385387,0.368930385,3349,0.094523409
38,37,1782712660.639229059,20.242894430,1.811817968,-0.007619464,0.354152377,1.577080502,7.973754380,0.562511718,0.074428370,-0.010345233,0.567414324,0.567427336,0.008829345,0.003781558,0.567508625,0.096180952,0.152694524,1.325485685,-1.044514525,3341,0.092762728
39,38,1782712661.038847446,20.800396920,1.901157508,-0.018004776,0.158640829,1.356824867,10.152891488,0.557502490,0.089339540,-0.010385312,0.564615427,0.564577522,0.011170979,0.005085863,0.564710930,-0.255217557,-0.205648902,2.179853581,-1.053757001,3301,0.092869581
40,39,1782712661.539364576,21.498273961,2.055347163,-0.014765755,0.446898897,1.568350080,12.671566930,0.697877041,0.154189655,0.003239021,0.714707502,0.713851825,0.028812247,0.020068161,0.714714842,0.228789495,0.219803457,2.517150314,0.259660038,3058,0.101730847
41,40,1782712661.939587831,22.050871748,2.191973007,-0.025491121,-0.323325767,1.778289171,14.717397268,0.552597787,0.136625844,-0.010725366,0.569237152,0.569189331,0.012116626,0.004760492,0.569338185,-0.825925325,0.226877820,2.043152111,-1.079419213,3085,0.099194803
42,41,1782712662.339728117,22.623101313,2.266156380,-0.035072260,-0.849664481,1.903973222,9.156741985,0.572229564,0.074183374,-0.009581138,0.577018065,0.572323192,-0.073671396,0.007767538,0.577097605,-0.355568903,0.165357029,-5.556750100,-0.951284487,2916,0.094074719
43,42,1782712662.539548874,22.892846566,2.243718015,-0.033987048,-0.745283989,1.882291216,2.832515707,0.269745254,-0.022438366,0.001085212,0.270676896,0.262555950,-0.065216943,0.008847794,0.270679072,0.308909184,0.083437942,-6.320259551,0.229711977,3058,0.093813775
44,43,1782712662.939966440,23.460476384,2.280895488,-0.051473463,-0.876120773,1.782749169,3.781200426,0.567629818,0.037177473,-0.017486415,0.568846002,0.569040964,0.009065278,0.001323135,0.569114706,-0.162096816,-0.111609108,0.946855463,-1.760726758,2993,0.093437586
45,44,1782712663.343846321,23.996671661,2.349785466,-0.056865857,-1.120647196,0.236999172,7.002105997,0.536195277,0.068889978,-0.005392394,0.540602631,0.539477708,0.033201655,0.011905242,0.540629524,-0.345759103,-1.591994507,3.198110217,-0.571494054,2986,0.099330641
46,45,1782712663.739183187,24.565589696,2.354408920,-0.060909522,-1.006016307,1.697446023,2.812996466,0.568918035,0.004623454,-0.004043664,0.568936821,0.565250374,-0.064719708,-0.002971914,0.568951191,0.129360572,1.542649150,-4.159327569,-0.407217450,2784,0.104875710
47,46,1782712664.139466047,25.138286359,2.397046328,-0.076860636,-0.147738578,2.000398197,5.649434450,0.572696663,0.042637409,-0.015951115,0.574281652,0.574319642,0.014459310,0.001315739,0.574503137,0.773069551,0.255232826,2.839660976,-1.591025287,2603,0.103020238
48,47,1782712664.540501833,25.713884873,2.490772280,-0.080962750,-0.673217468,1.495789100,8.482731359,0.575598514,0.093725951,-0.004102113,0.583179392,0.581817757,0.036565968,0.016311298,0.583193819,-0.624517405,-0.509463874,2.831136843,-0.403014765,2687,0.102687270
49,48,1782712664.840461016,26.143828008,2.474677682,-0.088475030,-0.348221218,1.685518894,2.943261153,0.429943135,-0.016094598,-0.007512280,0.430244274,0.422917583,-0.079375991,0.002596086,0.430309853,0.466237098,0.261655435,-5.534418306,-1.000311327,2712,0.095731464
50,49,1782712665.238614798,26.704071760,2.508820522,-0.086011361,0.005439687,1.263883459,3.859806117,0.560243752,0.034142840,0.002463669,0.561283168,0.560942545,0.005215564,0.019003273,0.561288575,0.326667561,-0.426981001,0.913768899,0.251489713,2710,0.098914572
51,50,1782712665.639548063,27.265892020,2.572295262,-0.098109412,-0.544556412,1.313347247,6.241702217,0.561820260,0.063474740,-0.012098051,0.565394594,0.564948171,0.025511651,0.000360755,0.565524014,-0.602514113,0.050781406,2.381266130,-1.225801476,2657,0.096062868
52,51,1782712666.039734364,27.812895385,2.595164034,-0.119753276,-0.829377165,1.264743762,4.940251052,0.547003365,0.022868772,-0.021643864,0.547481197,0.546599721,-0.036650271,-0.009466827,0.547908860,-0.255134057,-0.035897493,-1.301534365,-2.263925397,2631,0.095467214
53,52,1782712666.446994066,28.347848043,2.582490300,-0.122275385,-0.302822999,1.499253299,1.446431265,0.534952658,-0.012673735,-0.002522109,0.535102765,0.531800003,-0.058822370,0.008367537,0.535108709,0.602093017,0.287358861,-3.488864955,-0.270051224,2958,0.100423463
54,53,1782712666.839567900,28.915571549,2.619274026,-0.124125674,-0.072306026,1.730094632,4.250825177,0.567723506,0.036783727,-0.001850289,0.568913897,0.568324918,0.022372208,0.013142203,0.568916906,0.156811545,0.217823278,2.804326585,-0.186343459,2455,0.097249206
55,54,1782712667.239580631,29.482452672,2.686762857,-0.136313018,0.055557188,1.823535508,7.131950479,0.566881123,0.067488831,-0.012187344,0.570884358,0.570432128,0.025277954,0.005068921,0.571014432,0.040823701,0.091993706,2.879787244,-1.222975004,2603,0.102740535
56,55,1782712667.639422417,30.033467188,2.737927789,-0.142552971,-0.027909797,1.460965367,5.006473657,0.551014516,0.051164932,-0.006239953,0.553384900,0.553022069,-0.017631021,0.011380799,0.553420079,-0.015808562,-0.363375855,-2.124476724,-0.646038247,2636,0.104391241
57,56,1782712668.039617777,30.593370277,2.799882567,-0.152130594,0.009463686,2.109155633,7.425782158,0.559903089,0.061954778,-0.009577624,0.563320391,0.563234777,0.012854289,0.004790367,0.563401805,-0.024317655,0.648314049,2.418139767,-0.974054121,2688,0.100223126
58,57,1782712668.438651800,31.149012316,2.891005697,-0.169473264,-0.247524255,2.298877532,9.321664975,0.555642039,0.091123130,-0.017342669,0.563064383,0.563015861,0.018547261,0.003377453,0.563331402,-0.326745422,0.191188114,1.894335398,-1.764181426,2542,0.096044536
59,58,1782712668.839269161,31.741118319,2.917040919,-0.180467801,-0.642233309,2.097838917,5.140820019,0.592106004,0.026035222,-0.010994538,0.592678119,0.588471453,-0.070269984,0.012317056,0.592780088,-0.227810303,-0.176891328,-4.178863111,-1.062749479,2419,0.095331104
60,59,1782712669.239379883,32.340653830,2.955478950,-0.190234014,-0.222632071,2.207445917,4.602721419,0.599535511,0.038438031,-0.009766212,0.600766437,0.600523052,-0.015573361,0.012050935,0.600845812,0.439271659,0.115719449,-0.536436932,-0.931332758,2552,0.098549070
61,60,1782712669.639446497,32.907999928,3.018919575,-0.199501288,0.153837062,0.917024358,7.016910853,0.567346098,0.063440625,-0.009267274,0.570882044,0.570540836,0.017659074,0.012786780,0.570957258,0.283343570,-1.297831918,2.409469750,-0.930015373,2667,0.104430974
62,61,1782712670.139783859,33.647493087,3.107410990,-0.206388496,-0.048577092,1.792406256,7.896104852,0.739493159,0.088491415,-0.006887207,0.744769000,0.744779609,-0.002496027,0.005039916,0.744800843,-0.216486185,0.877846287,0.876512665,-0.529824245,2280,0.100427260
63,62,1782712670.539589405,34.213384780,3.152610920,-0.222971569,0.129340860,1.667182683,5.717363238,0.565891693,0.045199930,-0.016583073,0.567693968,0.566977198,-0.032970205,0.001123614,0.567936123,0.246014036,-0.122082558,-2.177928192,-1.673207851,2224,0.096219991
64,63,1782712670.939438820,34.797890690,3.233049628,-0.226592285,0.071203065,2.017760617,7.405943347,0.584505910,0.080438708,-0.003620716,0.590014868,0.589467400,0.021839824,0.013485546,0.590025977,-0.107205077,0.355109466,1.686767552,-0.351599852,2331,0.095062520
65,64,1782712671.339800119,35.347223235,3.324071340,-0.248996474,-0.391457327,1.875251234,10.454763857,0.549332546,0.091021712,-0.022404189,0.556822412,0.556926256,0.019450779,-0.002821121,0.557272954,-0.569856444,-0.135870355,3.047366174,-2.304098013,2492,0.103537715
66,65,1782712671.639396667,35.796869316,3.323390302,-0.239522767,-0.592321515,1.968079987,3.879520621,0.449646080,-0.000681038,0.009473707,0.449646596,0.441510932,-0.082423739,0.023371706,0.449746387,0.011258908,0.149949899,-6.570492868,1.206999300,2498,0.105074066
67,66,1782712672.039561033,36.358674702,3.391012737,-0.251938595,-1.052423748,1.711576130,6.762274521,0.561805386,0.067622435,-0.012415828,0.565860482,0.565186322,0.029382547,0.007302477,0.565996677,-0.559804779,-0.283777065,2.878718634,-1.256953708,2465,0.098194957
68,67,1782712672.439809561,36.939662220,3.452701845,-0.259089101,-0.513150868,1.527307455,7.488739269,0.580987518,0.061689108,-0.007150506,0.584253406,0.584162562,-0.007339422,0.010168882,0.584297161,0.517496862,-0.197438225,0.722706183,-0.701191272,2302,0.101667885
69,68,1782712672.839502811,37.524059087,3.486090542,-0.267182285,-0.311282549,1.247856857,5.022442093,0.584396867,0.033388698,-0.008093184,0.585349898,0.583772165,-0.043126480,0.007083016,0.585405845,0.267113971,-0.255948729,-2.468130011,-0.792134317,2417,0.098747220
70,69,1782712673.239539146,38.088799997,3.555715667,-0.263131731,-0.586811700,1.320124611,6.913465656,0.564740910,0.069625124,0.004050554,0.569016655,0.568444900,0.019827450,0.016541718,0.569031071,-0.316872707,0.062676912,1.890891212,0.407854027,2403,0.097670928
71,70,1782712673.639250994,38.658210392,3.586125966,-0.270097999,-0.036878014,1.288024127,5.388685687,0.569410395,0.030410299,-0.006966267,0.570221873,0.568940236,-0.038411730,0.005749786,0.570264424,0.584850500,-0.016021116,-1.524638791,-0.699934336,2367,0.102119531
72,71,1782712674.039761543,39.237011605,3.644321873,-0.297667584,0.281858208,3.025188471,7.022085886,0.578801213,0.058195907,-0.027569586,0.581719527,0.582181234,0.003591821,-0.014484453,0.582372467,0.282010114,1.736636614,1.632991978,-2.713403528,2388,0.091581646
73,72,1782712674.438639164,39.820976211,3.676115920,-0.312922412,0.168284568,1.937008081,4.284725835,0.583964606,0.031794047,-0.015254828,0.584829481,0.583463195,-0.039758216,0.015754883,0.585028403,0.031131185,-1.098173932,-2.730921656,-1.494177569,2348,0.098183695
74,73,1782712674.839473248,40.420044790,3.702568146,-0.323243186,-0.407691028,2.485886756,3.287642602,0.599068579,0.026452226,-0.010320774,0.599652302,0.599376921,-0.018350564,0.009998226,0.599741112,-0.542255818,0.546243506,-0.997799072,-0.986035456,2063,0.098233196
75,74,1782712675.239468575,41.026452194,3.751912748,-0.344242009,-0.445850843,2.377861358,5.696995152,0.606407404,0.049344602,-0.020998823,0.608411726,0.608577629,0.014447904,0.005505223,0.608773997,-0.142989676,-0.122951676,2.406467588,-1.976731320,2283,0.097452057
76,75,1782712675.739576101,41.784429888,3.767271368,-0.361345215,-0.441273117,2.556212479,3.044985864,0.757977693,0.015358620,-0.017103206,0.758133280,0.755817334,-0.060069047,0.013800628,0.758326177,0.114096030,0.201497922,-2.647895496,-1.292352323,2312,0.104798138
77,76,1782712676.138749838,42.376328204,3.820649757,-0.387074840,-0.565682123,1.836455567,5.520898955,0.591898317,0.053378390,-0.025729625,0.594300320,0.594454666,0.021854696,0.000951895,0.594857028,-0.235183086,-0.736405448,2.469241326,-2.479014131,2509,0.097069177
78,77,1782712676.539356232,42.970417173,3.894960985,-0.401880833,-0.602590665,2.047428006,8.003376315,0.594088968,0.074311228,-0.014805993,0.598718516,0.598649574,0.016765839,0.004546753,0.598901560,-0.116966637,0.188198195,2.482885827,-1.416605713,2349,0.096247020
79,78,1782712676.938895702,43.545123569,3.986637607,-0.406701898,-0.558762289,1.859402955,10.036304161,0.574706396,0.091676622,-0.004821065,0.581972546,0.581673719,0.010597915,0.016082793,0.581992515,-0.029161620,-0.208091711,2.029792800,-0.474627815,2372,0.094658488
80,79,1782712677.339470387,44.141630194,4.115376763,-0.417822791,-0.287591706,1.953363731,12.076321636,0.596506625,0.128739156,-0.011120893,0.610240874,0.609853993,0.022728989,0.008893689,0.610342197,0.204638741,0.075255148,2.039664678,-1.044029847,2533,0.091551311
81,80,1782712677.738912821,44.731958907,4.256933714,-0.419268966,0.107749399,2.182521234,14.341433686,0.590328713,0.141556951,-0.001446175,0.607063720,0.606577009,0.014822196,0.019315447,0.607065443,0.317929616,0.219321087,2.264614898,-0.136492360,2308,0.090622429
82,81,1782712678.138872147,45.326444440,4.317301627,-0.442126242,-0.202282181,2.150934363,7.601549052,0.594485533,0.060367913,-0.022857276,0.597542747,0.591354424,-0.088767703,-0.000170053,0.597979756,-0.053203871,-0.029154904,-6.735071500,-2.190616917,2551,0.094004108
83,82,1782712678.239664793,45.485304951,4.264884232,-0.452968178,-0.832425339,1.881316310,2.003416545,0.158860511,-0.052417395,-0.010841936,0.167284922,0.150831359,-0.072952565,-0.005442168,0.167635893,-0.421327172,-0.239643326,-5.596039535,-3.708221784,2235,0.097094626
84,83,1782712678.338595629,45.624423763,4.227040501,-0.443547186,-0.527386723,1.966517751,-3.457271178,0.139118812,-0.037843731,0.009420992,0.144174172,0.137327279,-0.042882036,0.013315271,0.144481650,0.480268415,0.172889599,-5.455541134,3.738650067,2550,0.084357547
85,84,1782712678.738782167,46.195245337,4.158143472,-0.456272352,-0.329669835,1.833936589,-5.266273123,0.570821574,-0.068897030,-0.012725166,0.574964408,0.574036134,-0.034411495,0.006660805,0.575105208,0.259521984,-0.114956480,-1.809213986,-1.267868595,2775,0.087132067
86,85,1782712679.139583588,46.811097964,4.102027600,-0.472218766,-0.192298043,2.425264408,-4.477938896,0.615852627,-0.056115872,-0.015946414,0.618403953,0.618597186,0.000624513,0.003856038,0.618609519,0.112128512,0.586959495,0.791060157,-1.477124772,2727,0.085283191
87,86,1782712679.538746119,47.425582729,4.034909649,-0.478153444,0.139831879,2.202175199,-4.807978173,0.614484765,-0.067117951,-0.005934678,0.618139422,0.617546987,-0.019004769,0.020152007,0.618167911,0.346094219,-0.221940886,-0.330544763,-0.550072554,2614,0.089334340
88,87,1782712680.039416313,48.203087746,3.962438374,-0.494739590,0.374392029,1.433930905,-4.199161525,0.777505017,-0.072471275,-0.016586146,0.780875238,0.780904076,-0.007015637,0.013447756,0.781051367,0.211159627,-0.766632272,0.610553495,-1.216805522,2655,0.095452910
89,88,1782712680.239670277,48.513235343,3.881863452,-0.498121391,0.360054223,2.307430789,-10.234267615,0.310147597,-0.080574922,-0.003381801,0.320443209,0.315200923,-0.057617816,0.004883860,0.320461053,0.138456755,0.842087042,-6.036511193,-0.604649244,2580,0.080459621
90,89,1782712680.639591455,49.129624977,3.790305550,-0.515747454,0.741785527,2.114730790,-7.520521450,0.616389634,-0.091557902,-0.017626063,0.623152494,0.623054610,0.019461360,0.007342876,0.623401724,0.272913922,-0.173075484,2.713051395,-1.620197005,2719,0.087951171
91,90,1782712680.938731432,49.557329847,3.628237660,-0.507101576,0.867426963,2.062798979,-14.769699873,0.427704870,-0.162067889,0.008645877,0.457381084,0.444615155,-0.104361895,0.026422841,0.457462794,0.398348665,-0.128578959,-7.243406199,1.082933485,2712,0.081697848
92,91,1782712681.338546515,50.143570025,3.487154635,-0.517329897,0.685064264,1.168189724,-14.376627481,0.586240178,-0.141083025,-0.010228320,0.602977583,0.602814265,0.013203658,0.011278735,0.603064329,-0.196596801,-0.888508091,0.406536963,-0.971816181,2708,0.072594091
93,92,1782712681.739124537,50.717099881,3.260465147,-0.515169193,0.900073200,1.990541445,-18.121263887,0.573529857,-0.226689488,0.002160704,0.616704646,0.611684088,-0.077005654,0.015556178,0.616708431,0.292703544,0.780067698,-3.752336863,0.200742287,2269,0.079049547
94,93,1782712682.139890909,51.280596019,3.019788286,-0.526012794,0.787234135,2.079225434,-21.175763215,0.563496138,-0.240676861,-0.010843601,0.612742400,0.610412774,-0.053306223,0.011203793,0.612838341,-0.005515672,0.043570604,-3.053549800,-1.013848117,2164,0.073132232
95,94,1782712682.339569807,51.503384321,2.826627173,-0.535790742,0.750810831,1.969400689,-30.988900552,0.222788301,-0.193161113,-0.009777949,0.294865805,0.277692558,-0.099626893,0.001666283,0.295027882,0.329375004,-0.213509971,-9.805310071,-1.899270653,2219,0.077002275
96,95,1782712682.738672733,52.034901396,2.491386419,-0.556692379,0.725207689,2.169087248,-30.949350677,0.531517075,-0.335240753,-0.020901636,0.628408119,0.628605364,-0.013717220,0.000881101,0.628755630,-0.026966717,0.200187766,0.036901725,-1.905026643,2179,0.072500361
97,96,1782712683.139584064,52.566534631,2.147554254,-0.572254605,1.150058896,2.440703808,-30.162812955,0.531633236,-0.343832165,-0.015562226,0.633130678,0.632902171,-0.021361687,0.008669365,0.633321907,0.395141843,0.281744854,0.782329939,-1.408035373,2074,0.071181074
98,97,1782712683.539482832,53.088191626,1.806582965,-0.586599543,0.235346840,0.680916090,-32.812861725,0.521656995,-0.340971289,-0.014344938,0.623207381,0.622395576,-0.032442082,0.012824818,0.623372455,-0.801188162,-1.810015295,-2.615333192,-1.318596825,2303,0.074886983
99,98,1782712683.939690351,53.571996861,1.443247216,-0.582234414,-0.520740190,0.673537788,-35.596165781,0.483805235,-0.363335750,0.004365128,0.605045760,0.603407700,-0.043143404,0.011714122,0.605061506,-0.722745811,-0.018002384,-2.783061194,0.413355677,2421,0.074956223
100,99,1782712684.139353514,53.758222455,1.192019328,-0.580950103,-0.410586713,-0.089858987,-44.051262598,0.186225595,-0.251227888,0.001284312,0.312722599,0.297623617,-0.095926823,0.003911592,0.312725236,0.203568377,-0.679473149,-8.462280951,0.235305086,2321,0.068898042
101,100,1782712684.339598656,53.906792684,0.914346619,-0.581940459,-0.770667007,0.119454512,-50.305336045,0.148570229,-0.277672709,-0.000990356,0.314921016,0.299844479,-0.096254305,-0.002150431,0.314922573,-0.372309009,0.253501543,-6.252454956,-0.180181786,2130,0.070561131
102,101,1782712684.438906670,53.954682182,0.779839735,-0.571653841,-0.774226076,-0.121459083,-55.777887212,0.047889498,-0.134506884,0.010286618,0.142777820,0.134062639,-0.049197702,0.009905318,0.143147896,0.004323563,-0.166851642,-5.475313399,4.120830408,1928,0.068353340
103,102,1782712684.539843082,53.994366629,0.644009454,-0.576773512,-0.284362331,-0.616110065,-61.602646087,0.039684446,-0.135830281,-0.005119671,0.141508729,0.134620590,-0.043500658,-0.005993405,0.141601312,0.473559793,-0.416664028,-5.830769144,-2.072011196,1810,0.074046570
104,103,1782712684.639396191,54.011875912,0.507946488,-0.569221448,-0.534525330,-0.904144147,-66.896917373,0.017509283,-0.136062967,0.007552064,0.137184933,0.128091516,-0.049336952,0.005930272,0.137392647,-0.308221587,-0.264423189,-5.295050144,3.150966097,1751,0.080349451
105,104,1782712685.039595127,54.227491682,-0.040830944,-0.549622381,-0.761002437,-0.905491562,-67.755746852,0.215615770,-0.548777432,0.019599067,0.589615833,0.589606320,-0.017104762,0.010137444,0.589941483,-0.240088649,0.006561893,-0.858698375,1.903833736,1763,0.079561226
106,105,1782712685.438571215,54.346035810,-0.602844890,-0.537375760,-0.648344630,-0.005134528,-75.240663677,0.118544128,-0.562013945,0.012246622,0.574380001,0.565186549,-0.103066680,0.001946588,0.574510544,-0.011678986,0.991704772,-7.473421706,1.221444753,1505,0.077547791
107,106,1782712685.540051937,54.342192831,-0.765401747,-0.533936228,-0.766844713,0.154975609,-80.595019902,-0.003842978,-0.162556857,0.003439532,0.162602277,0.156214475,-0.045164957,0.002914655,0.162638651,-0.121803526,0.220576707,-5.352213155,1.211798942,1497,0.092114083
108,107,1782712685.938590527,54.411419894,-1.371997644,-0.534134319,-0.142834359,-0.304880993,-81.653764489,0.069227063,-0.606595897,-0.000198092,0.610533348,0.609752830,-0.030845026,0.001038469,0.610533380,0.626766269,-0.445619745,-1.064822128,-0.018589993,1449,0.089006127
109,108,1782712686.339574575,54.523695257,-1.947648698,-0.528055772,-0.075963760,-0.231441628,-77.896813724,0.112275363,-0.575651054,0.006078548,0.586497990,0.585875663,0.027520350,0.003029672,0.586529489,0.086540736,0.063424927,3.757092521,0.593800270,1313,0.092789194
110,109,1782712686.639676094,54.534768402,-2.439118619,-0.534558150,0.258186850,-1.544273011,-84.513146493,0.011073144,-0.491469921,-0.006502378,0.491594648,0.482836854,-0.092209649,-0.008575083,0.491637650,0.306990662,-1.305619805,-6.617392972,-0.757813570,1433,0.102182661
111,110,1782712687.038865089,54.620338979,-3.026890144,-0.506967858,0.139334168,-1.378716563,-81.487101866,0.085570577,-0.587771525,0.027590291,0.593967751,0.593788553,0.029029290,0.011461570,0.594608201,-0.036981616,0.177028118,3.024414111,2.659524472,1730,0.082308950
112,111,1782712687.439465284,54.664855753,-3.657675662,-0.496073864,0.017633246,-1.387857208,-85.341895986,0.044516774,-0.630785518,0.010893994,0.632354420,0.630505396,-0.049360416,-0.004157698,0.632448252,-0.214065492,-0.021622973,-3.853620573,0.986975232,1756,0.080470902
113,112,1782712687.839948893,54.728934833,-4.255218894,-0.466363838,0.209921175,-1.416617408,-83.363689577,0.064079080,-0.597543233,0.029710026,0.600969253,0.601316759,0.015345771,0.015145671,0.601703190,0.240201694,-0.028978485,1.977610824,2.830218597,1868,0.079605130
114,113,1782712688.239463329,54.826547956,-4.858133264,-0.444465955,0.431568360,-1.057822817,-80.199352467,0.097613123,-0.602914370,0.021897883,0.610765143,0.610510377,0.027307042,0.006706851,0.611157571,0.300153720,0.368218735,3.162532763,2.053357376,2153,0.080642949
115,114,1782712688.639564276,54.948223861,-5.462507073,-0.434146938,0.121676496,-1.075301373,-77.285780121,0.121675906,-0.604373809,0.010319016,0.616500386,0.616350788,0.017014804,-0.001188082,0.616586740,-0.255568602,0.003087238,2.913118238,0.958930260,2251,0.079714127
116,115,1782712688.838654757,54.951252781,-5.779457952,-0.418739055,0.415616397,-0.736722068,-82.851780536,0.003028920,-0.316950879,0.015407883,0.316965351,0.310080443,-0.066782015,0.009732307,0.317339624,0.190219940,0.321708385,-5.566325886,2.782992842,2185,0.075047485
117,116,1782712689.039744616,54.937601866,-6.078543156,-0.398855727,0.715134957,-1.198246893,-88.038254878,-0.013650916,-0.299085205,0.019883328,0.299396572,0.295293177,-0.050643918,0.016455610,0.300056085,0.234605504,-0.502091739,-5.182016306,3.799510226,1945,0.073823615
118,117,1782712689.439481258,54.980645497,-6.680326138,-0.378156808,0.415783491,-1.417673805,-85.504579438,0.043043631,-0.601782982,0.020698920,0.603320405,0.603204771,0.022517218,0.007806141,0.603675374,-0.245689705,-0.188977319,2.535471769,1.964952199,1755,0.085454211
119,118,1782712689.839011431,55.044599415,-7.293478090,-0.359273722,0.298618141,-1.824270200,-82.593188508,0.063953918,-0.613151952,0.018883085,0.616478239,0.616556862,0.015724608,0.003516223,0.616767372,-0.044638414,-0.387306510,2.912871623,1.754454328,1881,0.083282945
120,119,1782712690.239758015,55.045047678,-7.888180896,-0.319671855,0.607576373,-1.175531629,-86.967949573,0.000448263,-0.594702806,0.039601867,0.594702975,0.590760062,-0.076111217,0.021203041,0.596020081,0.170670156,0.620641383,-4.377399500,3.809758761,1838,0.098533357
121,120,1782712690.638715267,55.035178358,-8.495919799,-0.305935017,0.565516693,-0.487693726,-89.105221049,-0.009869320,-0.607738903,0.013736838,0.607819034,0.606520297,-0.041985506,0.001739381,0.607974242,-0.085517877,0.664322392,-2.144508094,1.294676278,2136,0.091802664
122,121,1782712691.139780521,55.100228910,-9.248784641,-0.293581938,0.411381846,-0.293645825,-85.079130656,0.065050552,-0.752864842,0.012353079,0.755669931,0.753866720,0.053341727,0.005410345,0.755770893,-0.118502766,0.232539434,4.023966127,0.936541531,2115,0.094964237
123,122,1782712691.538776398,55.130570001,-9.862549015,-0.272827472,0.421108546,-0.364767305,-84.811107693,0.030341091,-0.613764373,0.020754465,0.614513863,0.614203067,-0.022292350,0.017767381,0.614864242,0.011104532,-0.069198524,0.268521493,1.934360654,2351,0.087610057
124,123,1782712691.939865828,55.154823635,-10.475605519,-0.249381337,0.709931806,-0.832584508,-85.981131007,0.024253634,-0.613056504,0.023446135,0.613536076,0.612874504,-0.031145796,0.019774205,0.613983907,0.281447984,-0.476478678,-1.166468972,2.188479682,2461,0.087627787
125,124,1782712692.340049267,55.213426140,-11.086091067,-0.230501272,0.513028470,-1.083907966,-83.988224667,0.058602505,-0.610485547,0.018880065,0.613291821,0.613301148,0.015794848,0.009774390,0.613582361,-0.167526601,-0.227124033,1.995534364,1.763282141,2480,0.085187412
126,125,1782712692.739838600,55.247825464,-11.698094642,-0.219044801,0.493817445,-0.429055160,-85.109456279,0.034399324,-0.612003575,0.011456471,0.612969567,0.612347701,-0.029886680,0.000140499,0.613076619,-0.040355207,0.644579893,-1.127089192,1.070739946,2463,0.083398703
127,126,1782712693.138802767,55.313042758,-12.301173701,-0.205311648,0.645270379,-0.386633197,-83.463634150,0.065217294,-0.603079059,0.013733153,0.606595126,0.606529249,0.013644590,0.009074244,0.606750564,0.163979217,0.056425869,1.645360057,1.296939735,2483,0.084081479
128,127,1782712693.539766312,55.378239074,-12.889719555,-0.173690836,0.726556383,-1.785022602,-82.686499004,0.065196316,-0.588545854,0.031620813,0.592145913,0.592341631,-0.001912650,0.027647631,0.592989593,0.086401014,-1.389586204,0.792690651,3.056712692,2390,0.084844781
129,128,1782712693.938546896,55.433840927,-13.498898660,-0.159898702,0.480171346,-0.758579993,-83.111299316,0.055601852,-0.609179104,0.013792134,0.611711327,0.611434111,-0.022462833,-0.004971833,0.611866791,-0.259714734,1.020924019,-0.437813246,1.291617734,1978,0.086263250
130,129,1782712694.338838816,55.444620067,-14.093193734,-0.157274717,0.629713400,0.385511712,-86.073641581,0.010779140,-0.594295074,0.002623985,0.594392821,0.591280645,-0.060620542,-0.004696768,0.594398612,0.110882831,1.118218692,-2.972329353,0.252934201,2013,0.086912118
131,130,1782712694.739439249,55.500312298,-14.693026424,-0.145680926,0.552095802,-1.052783026,-83.620050621,0.055692231,-0.599832690,0.011593791,0.602412550,0.602146657,0.014659491,0.015485449,0.602524104,-0.093739793,-1.410893033,2.469593857,1.102555504,2056,0.103360058
132,131,1782712695.138872147,55.577618712,-15.291119816,-0.131302187,0.190281370,-1.250293414,-81.543730796,0.077306415,-0.598093392,0.014378739,0.603068808,0.603142099,0.010398108,0.003197422,0.603240197,-0.323313646,-0.178194343,2.077649978,1.365822634,1951,0.100640556
133,132,1782712695.539425611,55.665443954,-15.901556488,-0.114349193,0.185730194,-0.932143208,-80.440365668,0.087825241,-0.610436672,0.016952994,0.616722145,0.616938425,-0.002885409,0.003501828,0.616955110,0.019555417,0.321580327,1.102174365,1.574599598,1972,0.093747847
134,133,1782712695.939038038,55.733570802,-16.505020024,-0.102559913,0.813074315,-0.385263406,-80.800015745,0.068126848,-0.603463536,0.011789280,0.607296885,0.606509053,-0.033032442,0.002029782,0.607411306,0.621488250,0.545692706,-0.361429162,1.112126805,2070,0.098393006
135,134,1782712696.338893175,55.838747114,-17.093272630,-0.085452307,0.974311487,-0.539632873,-78.438276060,0.105176312,-0.588252605,0.017107607,0.597581111,0.597602716,0.009957753,0.012949583,0.597825940,0.177802045,-0.121178100,2.363599308,1.639820930,2137,0.085845141
136,135,1782712696.739500761,55.956952395,-17.694931498,-0.081803894,0.949693496,-0.789338904,-76.808444281,0.118205281,-0.601658869,0.003648413,0.613160569,0.613149106,-0.004815210,-0.002044879,0.613171423,-0.008882969,-0.222180458,1.633705131,0.340915912,2386,0.085590905
137,136,1782712697.138746500,56.039733327,-18.291711931,-0.056748452,1.317173833,-0.758533181,-79.548999223,0.082780931,-0.596780433,0.025055442,0.602494454,0.600212373,-0.055307249,0.017707556,0.603015209,0.330826547,-0.015503144,-2.740434177,2.381340351,2535,0.085963193
138,137,1782712697.538947821,56.163264636,-18.885637136,-0.051577955,1.376674917,-0.433631851,-77.322948816,0.123531309,-0.593925205,0.005170497,0.606635915,0.606495433,0.013677811,-0.003174103,0.606657949,0.089929631,0.375400062,2.217984855,0.488333224,2501,0.076921529
139,138,1782712697.938608646,56.298485222,-19.479148850,-0.031829232,1.027844678,-0.788839918,-75.555131965,0.135220586,-0.593511714,0.019748723,0.608720594,0.608850320,0.002038155,0.015096627,0.609040864,-0.334818113,-0.312849738,1.775708273,1.858195310,2693,0.073672165
140,139,1782712698.338645935,56.381450987,-20.080362125,-0.009820877,0.555472601,-1.133658731,-78.703530234,0.082965765,-0.601213275,0.022008355,0.606910801,0.603149318,-0.069371507,0.014952659,0.607309713,-0.514170683,-0.402392226,-3.141135787,2.076802034,2680,0.076561651
141,140,1782712698.739882469,56.469788282,-20.660922192,0.010908774,0.232421009,-0.826941812,-80.576830142,0.088337295,-0.580560068,0.020729650,0.587242258,0.586912044,-0.027007833,0.009381779,0.587608023,-0.359818547,0.287940603,-1.876009595,2.021701430,2438,0.082089939
142,141,1782712698.938921213,56.458971614,-20.970173391,0.016289896,0.496177188,-1.164853659,-85.731765729,-0.010816668,-0.309251198,0.005381122,0.309440308,0.303353287,-0.061298259,0.001251790,0.309487093,0.190392386,-0.362131838,-5.152538155,0.996264804,2557,0.073744434
143,142,1782712699.439542055,56.502835000,-21.718900753,0.041129149,0.023778051,-0.922133301,-84.891090828,0.043863386,-0.748727362,0.024839253,0.750011106,0.750265359,-0.011899456,0.009692403,0.750422313,-0.455260728,0.249864854,0.838441422,1.896857763,2683,0.082039002
144,143,1782712699.939616203,56.574591730,-22.491114445,0.068007776,0.401765783,-0.595683945,-83.685517265,0.071756730,-0.772213692,0.026878627,0.775540466,0.775867877,0.002712639,0.014392885,0.776006105,0.397393472,0.326745486,1.205392476,1.984958624,2669,0.093961399
145,144,1782712700.339651585,56.643135631,-23.091940303,0.085225870,0.281935769,-0.881418776,-82.593996606,0.068543901,-0.600825857,0.017218094,0.604723058,0.604865923,0.002122488,0.010915606,0.604968132,-0.108414456,-0.278183329,1.093382251,1.630924486,2414,0.079969374
146,145,1782712700.739036083,56.726175478,-23.684478456,0.104891714,0.229941799,-0.918660360,-80.735963199,0.083039847,-0.592538153,0.019665844,0.598328571,0.598530521,0.006020625,0.010430356,0.598651672,-0.023268584,-0.028564445,1.857957862,1.882518143,2434,0.081758400
147,146,1782712701.138877392,56.776096503,-24.284956764,0.127319689,1.094863343,-0.554396678,-83.199931295,0.049921025,-0.600478308,0.022427975,0.602549837,0.600965125,-0.047345987,0.012984484,0.602967098,0.825636425,0.353526317,-2.465339591,2.131666564,2502,0.078133679
148,147,1782712701.539219856,56.865197956,-24.879376502,0.143566468,0.735440911,0.104153924,-81.011402754,0.089101453,-0.594419738,0.016246779,0.601060641,0.600917362,0.018288339,0.010085244,0.601280177,-0.337533024,0.699836712,2.175702966,1.548338353,2513,0.078022413
149,148,1782712701.938851357,56.974514921,-25.467739733,0.151073662,0.065596303,0.111253036,-78.978287297,0.109316965,-0.588363231,0.007507195,0.598432528,0.598202627,0.016158854,0.008387922,0.598479614,-0.673076818,0.033254644,2.032852390,0.718724310,2558,0.082912380
150,149,1782712702.339507580,57.096768131,-26.076781570,0.157706244,-0.296217185,0.085527992,-77.341627384,0.122253209,-0.609041837,0.006632581,0.621190637,0.621166380,0.003569983,0.007834652,0.621226044,-0.364964254,-0.023806133,1.636686570,0.611735688,2408,0.080026970
151,150,1782712702.739017725,57.231059987,-26.645357708,0.167469600,-0.326339825,0.192065268,-74.811877905,0.134291857,-0.568576137,0.009763356,0.584220101,0.584169474,0.006376401,0.010668492,0.584301677,-0.034185977,0.093544847,2.530256560,0.957425177,2582,0.087011743
152,151,1782712703.139890194,57.340567889,-27.238045287,0.180745680,-0.314230795,-0.777047440,-77.427972995,0.109507902,-0.592687580,0.013276080,0.602719294,0.600627493,-0.049681094,0.015006844,0.602865493,0.020581861,-0.954000833,-2.621699655,1.261848352,2455,0.091336127
153,152,1782712703.538974047,57.473139104,-27.821436726,0.195320127,-0.386324417,-0.522755104,-75.871123528,0.132571215,-0.583391439,0.014574447,0.598264739,0.598402530,0.002372191,0.006472841,0.598442238,-0.051095717,0.245464736,1.558169098,1.395517955,2376,0.083364914
154,153,1782712703.939687729,57.527393649,-28.415487820,0.208063018,-0.429852802,-0.175793560,-81.577142455,0.054254546,-0.594051094,0.012742891,0.596523476,0.589415994,-0.092444386,0.006742399,0.596659567,-0.097408848,0.382773863,-5.703656052,1.223762097,2453,0.082737163
155,154,1782712704.339961529,57.608683438,-28.988773078,0.226130552,-0.701500907,-0.212570326,-80.734743606,0.081289789,-0.573285258,0.018067535,0.579019876,0.579061638,-0.003682617,0.016263781,0.579301694,-0.269109910,-0.043114369,0.842093499,1.787257641,2324,0.082876429
156,155,1782712704.739619255,57.711375036,-29.581651351,0.227561669,-0.748821536,0.104067351,-79.149465461,0.102691598,-0.592878272,0.001431117,0.601706083,0.601678371,0.005904616,-0.000728905,0.601707785,-0.041698926,0.297125950,1.589055183,0.136273840,2218,0.084038433
157,156,1782712705.138809919,57.808850560,-30.161547806,0.246041305,-1.044929252,-0.921967871,-79.195538454,0.097475524,-0.579896455,0.018479636,0.588031782,0.587843834,-0.013685624,0.019370175,0.588322083,-0.295904332,-1.025345404,-0.059481192,1.799999259,2124,0.085951163
158,157,1782712705.539065123,57.931255673,-30.739772130,0.246782730,-1.129215383,-0.147534238,-77.453693953,0.122405112,-0.578224325,0.000741425,0.591038392,0.590855165,0.012000442,-0.008549548,0.591038857,-0.056655772,0.742116041,1.755817591,0.071874377,2334,0.083332643
159,158,1782712705.939686298,58.013916546,-31.322995377,0.262941980,-0.763215829,-0.171088284,-80.726037965,0.082660873,-0.583223246,0.016159250,0.589051929,0.587292287,-0.046285481,0.013737555,0.589273533,0.355736854,0.040663585,-3.272163724,1.571380412,2415,0.089890978
160,159,1782712706.339186430,58.113355621,-31.892309105,0.273182081,-0.527446492,-0.650522897,-78.306204042,0.099439075,-0.569313728,0.010240101,0.577932739,0.577925398,0.006277390,0.008598805,0.578023452,0.242343027,-0.511766927,2.413165561,1.015089045,2457,0.086059072
161,160,1782712706.638967991,58.118480932,-32.340404512,0.279515393,-0.253113379,-0.595863450,-84.650972134,0.005125311,-0.448095407,0.006333312,0.448124717,0.439877441,-0.085810302,0.000549332,0.448169469,0.199215282,0.108957764,-6.343695796,0.809702930,2363,0.085003329
162,161,1782712707.038378000,58.158569057,-32.894831315,0.294564609,-0.773481891,-0.227391373,-84.640468823,0.040088125,-0.554426803,0.015049216,0.555874211,0.555876008,-0.011812383,0.009216741,0.556077888,-0.520254051,0.368422071,0.012131146,1.550793321,2269,0.081006390
163,162,1782712707.439794064,58.228733440,-33.467083138,0.302236202,-0.928032817,-0.379831719,-81.910441597,0.070164384,-0.572251823,0.007671592,0.576537240,0.576329664,0.016332213,0.005605331,0.576588278,-0.144593936,-0.189523634,2.727669505,0.762351313,2352,0.085933222
164,163,1782712707.839098215,58.334659112,-34.044807956,0.317773612,-0.892219533,-0.339209992,-78.752884182,0.105925671,-0.577724818,0.015537410,0.587355270,0.586972114,0.023382011,0.012026757,0.587560741,0.055326023,-0.011074823,3.157737062,1.515301736,2277,0.082450923
165,164,1782712708.238997459,58.475992941,-34.612097442,0.325018530,-0.823649981,0.031574385,-75.931272453,0.141333829,-0.567289486,0.007244918,0.584630321,0.583993291,0.027912477,0.004222723,0.584675210,0.084200567,0.326408333,2.827089087,0.709990528,2308,0.087267530
166,165,1782712708.638886929,58.535456572,-35.175583379,0.335472398,-0.793844386,-0.206958245,-80.568788181,0.059463631,-0.563485937,0.010453868,0.566614794,0.561032992,-0.079441839,0.009622067,0.566711221,0.029665447,-0.171813527,-4.640464757,1.056969511,2497,0.085534581
167,166,1782712709.039153814,58.649315886,-35.742618565,0.348022680,-0.625119946,-0.198503177,-77.867090766,0.113859313,-0.567035186,0.012550282,0.578353565,0.578069529,0.019257169,0.010730141,0.578489719,0.177597294,-0.029193021,2.701536119,1.243124248,2511,0.079930688
168,167,1782712709.438718796,58.760927168,-36.301511152,0.362257572,-0.895343863,0.037416624,-77.186089809,0.111611282,-0.558892587,0.014234892,0.569928068,0.569912795,-0.008483206,0.012168658,0.570105810,-0.267903795,0.228462008,0.683539663,1.430758999,2416,0.082903931
169,168,1782712709.839157343,58.830194532,-36.882821336,0.373882941,-0.571885474,0.261746310,-80.276249552,0.069267364,-0.581310183,0.011625369,0.585422494,0.582187729,-0.061563824,0.011044914,0.585537912,0.324183576,0.272620270,-3.086273453,1.137634888,2274,0.081127197
170,169,1782712710.240016937,58.883875608,-37.485558803,0.373838670,-0.211928168,0.428314592,-83.982322351,0.053681077,-0.602737468,-0.000044271,0.605123221,0.603138798,-0.048915885,0.002222963,0.605123223,0.375683792,0.204071439,-3.704136275,-0.004191775,2378,0.078841658
171,170,1782712710.638970137,58.952414727,-38.063418039,0.380854981,-0.408124230,0.271014956,-82.295843263,0.068539119,-0.577859236,0.007016311,0.581909707,0.581791610,0.007539302,0.011393736,0.581952005,-0.208892384,-0.163350096,1.685874139,0.690803953,2295,0.080853556
172,171,1782712711.038772345,59.045107998,-38.651074678,0.385793475,-0.632246701,0.144760458,-80.048377741,0.092693271,-0.587656639,0.004938494,0.594922153,0.594748411,0.013020904,0.007844740,0.594942650,-0.235063167,-0.142047529,2.246509684,0.475605734,2311,0.083873319
173,172,1782712711.439472437,59.158776508,-39.214885469,0.393877610,-0.630914892,0.432829839,-77.365614916,0.113668510,-0.563810790,0.008084135,0.575154881,0.574949250,0.014416278,0.009696468,0.575211692,-0.006130432,0.258618696,2.685734102,0.805272338,1973,0.081976827
174,173,1782712711.839026690,59.223422849,-39.789664887,0.403319146,-0.709569444,0.050271548,-82.215196711,0.064646341,-0.574779418,0.009441536,0.578403430,0.574913811,-0.062787879,0.013094379,0.578480485,-0.044311130,-0.327648115,-4.853575220,0.935181398,2060,0.077055552
175,174,1782712712.239212513,59.304869251,-40.362464565,0.424621147,-0.853725966,-0.173179780,-80.975184231,0.081446402,-0.572799679,0.021302001,0.578561136,0.578533873,0.002838133,0.021846440,0.578953162,-0.145404457,-0.238777600,1.237154738,2.108616705,2061,0.075205986
176,175,1782712712.638984919,59.390860930,-40.917582543,0.436324668,-0.850221643,-0.050456092,-79.800133282,0.085991679,-0.555117978,0.011703521,0.561738852,0.561767546,-0.002298744,0.009972451,0.561860757,0.006877628,0.105166852,1.176750415,1.193553483,2004,0.070595483
177,176,1782712713.038928032,59.461738067,-41.479255918,0.448794286,-0.777252032,-0.328329172,-80.247966424,0.070877136,-0.561673375,0.012469618,0.566127678,0.565358559,-0.029879876,0.011529647,0.566264991,0.072558790,-0.271198901,-0.451904934,1.261801881,2071,0.078889180
178,177,1782712713.439787149,59.563111216,-42.040977755,0.455124851,-1.002628514,-0.465691440,-78.603951146,0.101373149,-0.561721837,0.006330564,0.570795881,0.570802927,0.004719405,0.003123996,0.570830985,-0.216273812,-0.159782422,1.641950098,0.635428115,2210,0.072540304
179,178,1782712713.638890982,59.545849241,-42.307545670,0.469456638,-1.143641627,-0.359523624,-84.568126989,-0.017261974,-0.266567915,0.014331787,0.267126242,0.258009654,-0.069796175,0.011015524,0.267510428,-0.194822052,0.207804029,-5.961357394,3.071073647,2223,0.075200457
180,179,1782712714.039111614,59.606842164,-42.860496640,0.474898901,-0.824013673,-0.044723527,-83.220459799,0.060992923,-0.552950971,0.005442264,0.556304694,0.556264840,0.008334896,0.002118613,0.556331314,0.327781709,0.287742004,1.353698168,0.560500022,2325,0.076752808
181,180,1782712714.439039946,59.694877306,-43.420301329,0.482142364,-0.908493615,-0.163019775,-80.296396903,0.088035142,-0.559804689,0.007243463,0.566684635,0.566288356,0.021234959,0.007107556,0.566730927,-0.083268178,-0.160375638,2.922055549,0.732324839,2146,0.077772172
182,181,1782712714.838957548,59.807272127,-43.976340043,0.489543447,-0.499496070,-0.786715842,-77.483370861,0.112394821,-0.556038714,0.007401084,0.567284449,0.567046459,0.016971776,0.006057589,0.567332727,0.415965512,-0.668396832,2.802693803,0.747467689,2185,0.070476148
183,182,1782712715.239110708,59.950801218,-44.516791655,0.505555680,-1.044530563,-0.072971546,-74.330108275,0.143529091,-0.540451613,0.016012232,0.559185609,0.558880014,0.022916010,0.008539500,0.559414817,-0.502478331,0.685048578,3.159587276,1.640211561,2302,0.068346521
184,183,1782712715.639476299,60.025623440,-45.076817785,0.507407987,-0.938430410,-0.465185375,-80.202598527,0.074822222,-0.560026130,0.001852308,0.565002329,0.559423071,-0.079226241,-0.000304473,0.565005365,0.093164681,-0.285668017,-5.878584679,0.187838229,2293,0.075244235
185,184,1782712716.039161682,60.080718673,-45.616096779,0.524645889,-1.002498987,-0.430584911,-81.709584311,0.055095233,-0.539278994,0.017237902,0.542086080,0.540911341,-0.037679980,0.012231224,0.542360086,-0.076626366,0.059112787,-1.506177607,1.821346000,2212,0.072096697
186,185,1782712716.438745737,60.168062859,-46.174451947,0.535423107,-1.212925528,-0.197028601,-80.543531595,0.087344187,-0.558355168,0.010777218,0.565145557,0.565179563,0.005806669,0.006632657,0.565248307,-0.201864819,0.213031505,1.169960983,1.092487201,2061,0.072364194
187,186,1782712716.839182377,60.274086430,-46.723545336,0.542773018,-1.108554674,0.066895207,-78.536567862,0.106023570,-0.549093389,0.007349911,0.559235682,0.559073055,0.014249619,0.005730327,0.559283979,0.110535924,0.221268836,2.012115085,0.752982371,2189,0.076448497
188,187,1782712717.240053415,60.390737450,-47.266190858,0.549688911,-1.088194430,-0.064322421,-77.138210443,0.116651020,-0.542645522,0.006915893,0.555042001,0.554995752,0.006329773,0.007687778,0.555085086,0.018401807,-0.158224166,1.395561086,0.713875688,2352,0.073670478
189,188,1782712717.739845037,60.538117739,-47.853103484,0.558840008,-1.772836883,0.294209334,-74.857901824,0.147380289,-0.586912627,0.009151097,0.605134184,0.605003653,0.012872502,0.008717942,0.605203374,-0.682928495,0.315121089,2.286715100,0.866385122,2106,0.074071593
190,189,1782712718.939767599,60.661354232,-48.352659064,0.582689020,-2.893013736,0.232216559,-75.343311521,0.123236493,-0.499555579,0.023849012,0.514531836,0.514273322,-0.012346983,0.026120628,0.515084251,-1.117747398,-0.046935772,-0.487091130,2.653811374,2486,0.070581293
191,190,1782712720.139731646,60.794486394,-48.883523234,0.594458937,-2.259488163,-0.292216374,-75.043891271,0.133132162,-0.530864170,0.011769917,0.547303335,0.547223271,-0.006221800,0.013691319,0.547429878,0.632400523,-0.538873839,0.272578268,1.231972474,2431,0.068670947
192,191,1782712725.239378691,60.903353106,-49.413640409,0.595079156,-2.075172025,0.356796380,-76.231607702,0.108866712,-0.530117175,0.000620219,0.541180359,0.540251177,-0.031524627,-0.003380648,0.541180714,0.177939364,0.695270423,-1.161265506,0.065663702,2437,0.057865843
193,192,1782712725.638966799,60.917331392,-49.733428929,0.602208749,-1.579939318,-0.228231511,-81.362877696,0.013978286,-0.319788520,0.007129593,0.320093877,0.313875943,-0.062820239,0.006814053,0.320173267,0.518874268,-0.397651358,-5.149196712,1.275963287,2218,0.057735330
194,193,1782712726.439018965,61.016950131,-50.235876328,0.611630556,-1.455209422,0.000971366,-78.389031988,0.099618739,-0.502447399,0.009421807,0.512227764,0.511743096,0.022821155,0.008015662,0.512314408,0.134447572,0.146851034,2.979043450,1.053767388,2397,0.061533918
195,194,1782712727.138766050,61.111229353,-50.751851468,0.608343970,-1.470479561,0.272645075,-78.572060178,0.094279222,-0.515975140,-0.003286586,0.524517794,0.524391810,-0.011411053,-0.003568635,0.524528091,-0.015257547,0.276234173,-0.176069846,-0.359005965,2289,0.069276137
196,195,1782712727.438822031,61.109483670,-50.984558198,0.617344566,-1.433396772,-0.072284645,-83.693185333,-0.001745683,-0.232706730,0.009000596,0.232713278,0.227701953,-0.048061534,0.008853804,0.232887269,0.055558616,-0.212483808,-5.128324403,2.214911113,2224,0.070054028
197,196,1782712728.239881992,61.109422628,-51.541293912,0.632908600,-1.338082278,-0.438099486,-88.788918108,-0.000061042,-0.556735714,0.015564034,0.556735718,0.553378782,-0.061572212,0.013329850,0.556953228,0.083240113,-0.238686705,-5.103223367,1.601336592,2113,0.067142304
198,197,1782712728.539883137,61.038698135,-51.734662298,0.643096178,-0.924640325,-1.020643329,-96.062178328,-0.070724493,-0.193368386,0.010187578,0.205896301,0.191902661,-0.074978931,0.006971512,0.206148183,0.347244203,-0.416540986,-7.284096466,2.832637395,1961,0.061536281
199,198,1782712729.139116287,60.938993847,-52.045787554,0.656580162,-0.835468946,-0.854708299,-102.042093621,-0.099704288,-0.311125256,0.013483984,0.326710682,0.320104370,-0.066406484,0.006712565,0.326988819,-0.022175500,0.256675805,-5.975923998,2.363366757,2181,0.079105573
200,199,1782712729.439221859,60.848772903,-52.198144885,0.661844796,-0.397310095,-0.737349409,-108.230368616,-0.090220945,-0.152357331,0.005264635,0.177066584,0.167887323,-0.056483499,0.001937190,0.177144832,0.341165383,0.202417019,-6.185490703,1.703045808,2131,0.076821389
201,200,1782712729.738869190,60.733599343,-52.338188589,0.668399206,-0.016164931,-1.144541691,-115.555176683,-0.115173560,-0.140043704,0.006554410,0.181320677,0.169115462,-0.065610319,0.003923588,0.181439103,0.283904247,-0.362553068,-7.326197957,2.070236021,2240,0.080616720
202,201,1782712730.040002823,60.571335575,-52.483129748,0.690018069,-0.010625694,-1.432252033,-123.036467927,-0.162263768,-0.144941160,0.021618862,0.217571759,0.201150743,-0.083869780,0.017580789,0.218643192,-0.143612469,-0.295345674,-7.479124833,5.674527769,2032,0.079498178
203,202,1782712730.238995552,60.427458287,-52.599404836,0.699450840,0.231612244,-1.492269655,-129.063707770,-0.143877288,-0.116275088,0.009432771,0.184988027,0.176094952,-0.057226672,0.005022253,0.185228365,0.091806346,-0.066816146,-6.025204797,2.919055343,1923,0.071021138
204,203,1782712730.739165306,60.070239354,-53.033162565,0.715893272,0.438420875,-1.233263581,-127.883746155,-0.357218933,-0.433757729,0.016442433,0.561917372,0.562140661,-0.004006560,0.001819946,0.562157884,0.237582066,0.263456092,1.178645127,1.676070712,2091,0.082173959
205,204,1782712730.940007448,59.872325143,-53.151089031,0.725661539,0.727224488,-1.429963183,-133.985294185,-0.197914211,-0.117926466,0.009768267,0.230383781,0.214766436,-0.083749518,0.005788079,0.230590775,0.160206043,-0.250262880,-6.097952378,2.427885429,2103,0.081139229
206,205,1782712731.139161348,59.669638106,-53.243130298,0.727454186,1.412475850,-1.209033260,-143.324098236,-0.202687036,-0.092041267,0.001792647,0.222606445,0.206966449,-0.081952960,-0.002333277,0.222613663,0.462864328,0.083987817,-9.338555697,0.461392243,2173,0.084233079
207,206,1782712731.639526844,59.242260721,-53.520092240,0.745257823,1.618609000,-1.027962362,-145.333925456,-0.427377386,-0.276961942,0.017803637,0.509273352,0.508456700,-0.032951883,0.007891410,0.509584455,0.164599333,0.130748503,-2.013345796,2.002182138,2085,0.084665453
208,207,1782712732.140126228,58.800751966,-53.796462861,0.761529934,2.294129480,-0.041110847,-145.674308068,-0.441508755,-0.276370621,0.016272111,0.520874938,0.520538306,-0.023611967,0.007604565,0.521129046,0.669206280,0.976823681,-0.368173760,1.789335798,1986,0.086269162
209,208,1782712732.439378023,58.503144365,-53.919260613,0.758821413,2.503169775,0.183697826,-152.322433357,-0.297607601,-0.122797752,-0.002708521,0.321946536,0.315021093,-0.066472130,-0.000273935,0.321957929,0.219714466,-0.041170759,-6.651788945,-0.482015320,1926,0.088833335
210,209,1782712732.939017773,58.052004968,-54.160576988,0.764488154,2.163816617,0.007081137,-150.364705529,-0.451139397,-0.241316375,0.005666741,0.511625203,0.511587560,0.004466902,0.007118695,0.511656585,-0.344169802,-0.090854344,1.963574996,0.634579846,2004,0.085782045
211,210,1782712733.239175797,57.742984261,-54.268311091,0.766131632,2.569117535,0.095192910,-155.623598591,-0.309020706,-0.107734103,0.001643479,0.327262026,0.321869733,-0.059056553,0.003915834,0.327266153,0.415058387,-0.110201123,-5.258477180,0.287731533,1828,0.096748999
212,211,1782712733.739217997,57.227185630,-54.466658613,0.783100661,2.379407949,-0.936382412,-156.473533449,-0.515798632,-0.198347522,0.016969028,0.552620999,0.551651989,-0.031385534,0.019311836,0.552881467,-0.188461596,-1.068625728,-0.802865034,1.758797267,2081,0.095745516
213,212,1782712734.239113808,56.739796279,-54.635457755,0.811032502,2.691960166,-1.920217733,-157.668558481,-0.487389351,-0.168799142,0.027931841,0.515792138,0.514643285,-0.038939777,0.021158919,0.516547885,0.293152031,-1.032779943,-1.152650778,3.099727224,2023,0.093276507
214,213,1782712734.839904785,56.196740325,-54.865289635,0.832780366,2.603925780,-1.547758208,-155.856382658,-0.543055954,-0.229831880,0.021747865,0.589688445,0.590052895,0.006339164,0.001681701,0.590089343,-0.026060032,0.456157851,1.792115085,2.112126117,2012,0.091233854
215,214,1782712735.438747644,55.645056789,-55.069583881,0.844040403,2.651702062,-0.345012816,-157.165617154,-0.551683536,-0.204294246,0.011260037,0.588294878,0.587075435,-0.039397703,-0.002811670,0.588402627,0.012572232,1.141613071,-1.362764177,1.096514457,2076,0.102395484
216,215,1782712736.038881302,55.096214692,-55.303055876,0.863468308,2.241045699,-1.383634359,-155.530296377,-0.548842096,-0.233471994,0.019427905,0.596436768,0.596538934,0.002916753,0.015717977,0.596753100,-0.400102311,-0.962013298,1.681405073,1.865652091,2196,0.107921114
217,216,1782712736.639180660,54.532492866,-55.489181435,0.881920093,2.485283684,-2.155677976,-159.845741107,-0.563721826,-0.186125559,0.018451785,0.593653957,0.590457481,-0.063879440,0.006698494,0.593940645,0.146169035,-0.943859920,-4.279234660,1.780278129,2203,0.107115233
218,217,1782712736.839186668,54.330943305,-55.505908313,0.890564004,2.431261995,-1.728598744,-164.848395691,-0.201549561,-0.016726878,0.008643911,0.202242464,0.195158743,-0.053633914,0.003633110,0.202427101,-0.232512226,0.201920758,-5.013920932,2.447351540,2133,0.091754346
219,218,1782712737.439913988,53.768128877,-55.653650625,0.908648908,2.727391082,-1.637636169,-163.266882634,-0.562814428,-0.147742312,0.018084903,0.581883039,0.582146393,-0.004472301,0.000714963,0.582164011,0.344746468,0.157276464,1.575617231,1.780177664,2203,0.095641986
220,219,1782712738.039867401,53.206993573,-55.773908082,0.929654105,2.873560526,-0.409953681,-167.473956719,-0.561135304,-0.120257457,0.021005197,0.573876891,0.572365206,-0.046119649,0.006852218,0.574261181,0.032943868,1.021840771,-4.261233764,2.096219864,2238,0.101050740
221,220,1782712738.639093161,52.619371397,-55.911306012,0.942074218,2.284009331,-0.444162581,-165.629830429,-0.587622176,-0.137397930,0.012420113,0.603471634,0.603508058,0.007079828,0.007757059,0.603599430,-0.574870804,0.058053204,1.843478767,1.179043976,2392,0.102260329
222,221,1782712739.239270210,52.020403118,-55.992948800,0.972990835,2.774055270,-0.847985681,-170.044267987,-0.598968279,-0.081642788,0.030916617,0.604506861,0.600712249,-0.068465063,0.029012254,0.605296937,0.462519338,-0.580560332,-4.394471900,2.927757774,2382,0.102723587
223,222,1782712739.739506006,51.490277390,-56.076180084,0.985076214,2.276732503,-0.348447455,-168.924091041,-0.530125728,-0.083231284,0.012085378,0.536619729,0.536652620,-0.009462143,0.004606929,0.536755801,-0.480343725,0.553002539,1.094721654,1.290157797,2316,0.105554743
224,223,1782712740.039554834,51.155389823,-56.083358240,0.992751519,2.263981490,0.324024362,-174.973470542,-0.334887567,-0.007178157,0.007675305,0.334964488,0.330069358,-0.057020184,0.007939540,0.335052412,-0.036852378,0.430123105,-6.071447601,1.312633620,2417,0.097619527
225,224,1782712740.539161682,50.574579821,-56.145036157,0.998889575,2.311184553,-0.264530039,-172.665814192,-0.580810002,-0.061677917,0.006138057,0.584075700,0.583936327,0.010916588,0.009016313,0.584107952,0.035907601,-0.496693071,2.329175339,0.602099688,2445,0.102078004
226,225,1782712741.038999319,49.992127730,-56.156666989,1.003336167,2.510834207,-0.050711993,-175.885789632,-0.582452091,-0.011630832,0.004446591,0.582568206,0.579185839,-0.062695484,0.004304377,0.582585176,0.188439434,0.083443313,-3.225974898,0.437315253,2235,0.100195376
227,226,1782712741.539435625,49.395418620,-56.208608967,1.017461737,2.594985853,0.323123912,-173.733354461,-0.596709110,-0.051941978,0.014125571,0.598965551,0.598910238,0.009584291,0.013188276,0.599132091,0.087745382,0.467714652,2.134017806,1.350971844,2035,0.101984192
228,227,1782712742.039353371,48.765099697,-56.301718683,1.026004644,2.576598931,-0.027834190,-171.001357296,-0.630318923,-0.093109716,0.008542907,0.637158822,0.636657708,0.024275473,0.011045802,0.637216090,-0.030857326,-0.226583893,2.745105866,0.768165096,2342,0.104518394
229,228,1782712742.439362288,48.255608506,-56.382515563,1.036301888,1.931166258,-0.300242976,-169.142289924,-0.509491190,-0.080796880,0.010297244,0.515857935,0.515862864,0.000563908,0.010031431,0.515960698,-0.643186541,-0.188588811,1.869425066,1.143551829,2211,0.102729997
230,229,1782712742.738797426,47.876623402,-56.388625057,1.044667855,1.964945738,0.033328128,-174.688235231,-0.378985104,-0.006109494,0.008365967,0.379034345,0.373390081,-0.065136404,0.008609325,0.379126660,0.013799727,0.145375170,-5.554048742,1.264415158,2338,0.108885801
231,230,1782712743.239228010,47.278586961,-56.454873693,1.053965307,2.470817074,0.500567049,-171.310910616,-0.598036441,-0.066248636,0.009297453,0.601694663,0.601595760,0.010925453,0.009278237,0.601766491,0.507220341,0.582757312,3.359331188,0.885270277,2374,0.105578983
232,231,1782712743.739233732,46.678615701,-56.554591352,1.061846174,2.523292629,0.353787835,-169.866031377,-0.599971260,-0.099717659,0.007880867,0.608201549,0.608057738,0.008495368,0.012839322,0.608252606,0.040637163,-0.084201902,1.449832581,0.742377483,2338,0.096267567
233,232,1782712744.240104437,46.062085675,-56.621064184,1.059902054,2.535088220,0.237891612,-171.058874949,-0.616530026,-0.066472832,-0.001944120,0.620103145,0.618607695,-0.042918585,0.003768815,0.620106192,0.019696838,-0.168218743,-1.186581561,-0.179630626,2454,0.113421470
234,233,1782712744.739802361,45.466815480,-56.669570480,1.060841492,2.514494181,0.968182570,-173.543592041,-0.595270195,-0.048506297,0.000939438,0.597243222,0.595566597,-0.044405127,0.005381607,0.597243961,-0.008043599,0.619940098,-2.514417894,0.090123743,2530,0.117127789
235,234,1782712745.239875078,44.864823668,-56.720828083,1.064391462,2.136584293,0.377051627,-173.711409438,-0.601991812,-0.051257603,0.003549970,0.604170079,0.603791366,-0.016140243,0.014476344,0.604180508,-0.375200321,-0.597920338,-0.141726283,0.336653502,2746,0.111372716
236,235,1782712745.739173889,44.275791443,-56.785576059,1.073251896,2.082801033,0.215659333,-171.610409910,-0.589032225,-0.064747975,0.008860433,0.592580174,0.592509012,0.000313739,0.012757032,0.592646412,-0.066171619,-0.082715704,2.105537141,0.856639521,2679,0.114922377
237,236,1782712746.239989042,43.676411791,-56.878189500,1.066008566,1.933471981,0.124346442,-169.719762777,-0.599379652,-0.092613441,-0.007243330,0.606492553,0.606501178,0.003987870,-0.005108830,0.606535805,-0.155309900,-0.022434665,1.892709504,-0.684249934,2610,0.110996659
238,237,1782712746.839257717,42.981442863,-56.918984524,1.074544257,2.199974422,0.367339426,-173.637363409,-0.694968928,-0.040795024,0.008535691,0.696165242,0.691072594,-0.083499652,0.012860037,0.696217568,0.279513929,0.111073933,-3.923520931,0.702469084,2648,0.103829184
239,238,1782712747.339367628,42.389507096,-56.985516415,1.080301661,2.113052447,-0.030990030,-172.007728202,-0.591935767,-0.066531890,0.005757404,0.595663030,0.595613646,0.000890471,0.009549078,0.595690853,-0.096516200,-0.335337150,1.643752881,0.553777355,2541,0.111402033
240,239,1782712747.839389563,41.779600530,-57.075183704,1.092184510,2.055001528,-0.085217780,-170.336065780,-0.609906566,-0.089667289,0.011882849,0.616462685,0.616456076,0.004418340,0.011394260,0.616577201,-0.056247199,0.007423611,1.672524357,1.104288687,2504,0.110163067
241,240,1782712748.339452028,41.143631149,-57.131496305,1.095871619,2.139661708,-0.023205878,-173.229847677,-0.635969381,-0.056312602,0.003687109,0.638457644,0.636402464,-0.051114747,0.004576431,0.638468290,0.082979025,-0.041860173,-2.894142368,0.330880930,2630,0.107012876
242,241,1782712748.839469910,40.523378760,-57.201982416,1.116051528,2.421058357,-0.065389915,-171.067679312,-0.620252389,-0.070486110,0.020179908,0.624244598,0.624244898,-0.002378713,0.020029854,0.624570690,0.283795725,0.038535216,2.162235942,1.851551572,2495,0.110014542
243,242,1782712749.240041494,40.002522790,-57.281523238,1.116144650,2.067057045,-0.063171813,-169.851061731,-0.520855970,-0.079540822,0.000093123,0.526894376,0.526889137,-0.002315327,-0.000410761,0.526894385,-0.352067878,0.053590922,1.215438126,0.010126381,2445,0.103152366
244,243,1782712749.639061928,39.467781399,-57.290044824,1.111396687,2.205905338,0.196851520,-175.615713101,-0.534741391,-0.008521586,-0.004747963,0.534809286,0.527870323,-0.085973619,-0.002230431,0.534830361,0.142960228,0.051959903,-5.770270752,-0.508650623,2461,0.098428465
245,244,1782712750.038989067,38.940837340,-57.342348525,1.122932734,2.567999307,-0.319699602,-173.701133468,-0.526944059,-0.052303700,0.011536047,0.529533491,0.529357719,0.012373342,0.012888131,0.529659134,0.356683380,-0.442377086,1.933077330,1.248008429,2678,0.100935148
246,245,1782712750.440222263,38.403835829,-57.395625288,1.130191069,2.418478299,0.468946693,-172.100078396,-0.537001511,-0.053276763,0.007258335,0.539637875,0.539637042,-0.005765504,0.004510197,0.539686686,-0.139873472,0.859460567,1.564227147,0.770603601,2732,0.105039248
247,246,1782712750.839049339,37.877472636,-57.450411341,1.139533440,2.759794949,0.119485557,-171.879346597,-0.526363193,-0.054786053,0.009342370,0.529206692,0.528803615,-0.017485938,0.014421575,0.529289149,0.339485419,-0.339831843,0.235285240,1.011368156,2627,0.103934652
248,247,1782712751.239197493,37.358428011,-57.528599540,1.149897435,2.783444300,0.136231757,-169.776332021,-0.519044625,-0.078188199,0.010363995,0.524900674,0.524862024,0.004631914,0.011248600,0.525002980,0.021119067,0.118042032,2.099762130,1.131139756,2748,0.102745785
249,248,1782712751.539199114,36.950609392,-57.510910717,1.153017900,2.801742310,0.522593548,-175.586463616,-0.407818619,0.017688822,0.003120466,0.408202059,0.398195271,-0.089488768,0.008422878,0.408213986,0.046394385,0.104950381,-5.821914048,0.437984131,2785,0.101474758
250,249,1782712751.940724373,36.418126235,-57.524404481,1.156887592,2.603902884,0.631844360,-176.517489067,-0.532483156,-0.013493763,0.003869692,0.532654103,0.531885116,-0.027064073,0.010056217,0.532668159,-0.188979635,0.063685184,-0.935200755,0.416242227,2991,0.103504066
251,250,1782712752.339972258,35.872835192,-57.571812479,1.148194572,2.735860104,0.851570833,-173.863081046,-0.545291043,-0.047407998,-0.008693020,0.547348006,0.547226439,0.014061926,-0.003300876,0.547417034,0.105445079,0.340714283,2.641395118,-0.909899191,2764,0.090981732
252,251,1782712752.739382982,35.328524874,-57.643717864,1.158098151,2.786205941,-0.212862993,-171.554084095,-0.544310318,-0.071905385,0.009903579,0.549039258,0.548670237,0.014150821,0.017404399,0.549128571,0.017878292,-0.952331100,2.357486931,1.033390137,2738,0.097499277
253,252,1782712753.139682531,34.773222873,-57.711196520,1.164384905,2.454546393,0.858472975,-170.806532141,-0.555302001,-0.067478656,0.006286753,0.559386880,0.559210198,-0.014591442,0.004924333,0.559422206,-0.329164421,1.106390690,0.694636795,0.643900110,2671,0.093791380
254,253,1782712753.539552212,34.228707160,-57.766352641,1.162552505,2.574405229,1.147508816,-171.851756714,-0.544515713,-0.055156121,-0.001832400,0.547302073,0.546299478,-0.032246970,0.007741448,0.547305141,0.135904585,0.244160667,-1.056452256,-0.191828927,2673,0.095341830
255,254,1782712753.939624310,33.665430967,-57.827973098,1.165199480,2.591091512,0.003999494,-170.851196191,-0.563276193,-0.061620457,0.002646975,0.566636700,0.566156909,-0.018190150,0.014819902,0.566642883,-0.003433807,-1.097232044,1.051102995,0.267648337,2319,0.100773162
256,255,1782712754.440112352,32.963820494,-57.917787387,1.166317603,2.279589153,0.401286451,-170.139588101,-0.701610473,-0.089814289,0.001118123,0.707335749,0.706965407,-0.022807505,0.002200797,0.707336633,-0.311424749,0.429050438,0.692920872,0.090570402,2234,0.105428699
257,256,1782712754.839377403,32.397437260,-57.951503112,1.173120169,2.216027102,0.070058215,-174.623602317,-0.566383234,-0.033715725,0.006802567,0.567385864,0.563728849,-0.063296453,0.013279203,0.567426641,-0.025296888,-0.507916933,-4.467464907,0.686904109,2357,0.098987263
258,257,1782712755.339371204,31.722330160,-58.027039496,1.172143870,2.367937958,-0.289085479,-171.342452010,-0.675107099,-0.075536384,-0.000976299,0.679319763,0.679215374,0.011933183,-0.000607670,0.679320465,0.151517407,-0.231956266,3.292584465,-0.082343820,2119,0.102427629
259,258,1782712755.738689423,31.187456042,-58.114349919,1.189235787,2.429477302,-0.099556303,-169.278280738,-0.534874118,-0.087310423,0.017091917,0.541953348,0.542001631,0.006390094,0.014105473,0.542222801,0.073462115,0.274446478,2.054600416,1.806373597,2007,0.093214925
260,259,1782712756.139328718,30.642293485,-58.189617217,1.184762889,2.354264200,-0.079731332,-169.131934951,-0.545162557,-0.075267298,-0.004472898,0.550333881,0.549639355,-0.027673634,-0.004258702,0.550352057,-0.074951135,0.026010364,0.145373754,-0.465667359,2036,0.096345223
261,260,1782712756.539719343,30.083311435,-58.243837976,1.173891212,2.674208553,0.239105237,-170.801417520,-0.558982050,-0.054220759,-0.010871677,0.561605576,0.559163675,-0.052581287,-0.009497884,0.561710795,0.318598945,0.249963914,-1.681175838,-1.109005077,2076,0.114002506
262,261,1782712756.938709497,29.562115365,-58.340595342,1.191187803,2.012860144,-0.283547493,-168.760532426,-0.521196070,-0.096757365,0.017296591,0.530101246,0.529884126,0.013093270,0.018917765,0.530383355,-0.668240418,-0.426728883,2.063087371,1.868832025,2242,0.111965695
263,262,1782712757.338569164,29.015875820,-58.446915002,1.191440333,1.587207715,-0.601941103,-167.341557856,-0.546239545,-0.106319660,0.000252531,0.556490351,0.556480489,-0.002273505,-0.002423061,0.556490408,-0.418035428,-0.268451439,1.429225902,0.026000346,2466,0.105831078
264,263,1782712757.738634586,28.446034275,-58.527177053,1.212173060,2.338577955,0.870731701,-169.687141707,-0.569841545,-0.080262051,0.020732727,0.575466231,0.573765500,-0.046137888,0.015989836,0.575839586,0.727579664,1.406639506,-2.385938977,2.063342968,2860,0.115638950
265,264,1782712758.139319181,27.869417779,-58.608381629,1.217192956,2.270572066,0.241679923,-169.484294362,-0.576616496,-0.081204576,0.005019895,0.582306420,0.581695206,-0.022749879,0.014801883,0.582328057,-0.071211091,-0.620244901,0.228357600,0.493918130,2825,0.098014141
266,265,1782712758.639528275,27.131198228,-58.734507996,1.227355870,2.460171218,-0.296533949,-167.462386366,-0.738219551,-0.126126366,0.010162914,0.748916528,0.748790261,-0.010184532,0.013735784,0.748985481,0.182414009,-0.457550475,2.041688346,0.777464905,2628,0.108647552
267,266,1782712758.839997292,26.819555625,-58.731633341,1.228346781,2.647013412,0.457742141,-172.544338208,-0.311642603,0.002874655,0.000990912,0.311655861,0.303588114,-0.070417603,0.002444614,0.311657437,0.170144044,0.534552926,-5.109770435,0.182171630,2643,0.092630013
268,267,1782712759.339589596,26.078893831,-58.776930959,1.237559190,2.135516560,1.534276111,-173.949387617,-0.740661793,-0.045297618,0.009212409,0.742045663,0.740180469,-0.050439635,0.017474292,0.742102846,-0.499886897,1.010652722,-1.453008817,0.711283808,2737,0.108702839
269,268,1782712759.739132881,25.482381413,-58.835541518,1.237655422,2.780228515,-0.248519409,-171.896443560,-0.596512419,-0.058610559,0.000096231,0.599384904,0.599149852,-0.003987722,0.016304157,0.599384912,0.590157558,-1.704055019,2.118864988,0.009198847,3135,0.101862482
270,269,1782712760.139804840,24.880548902,-58.891614006,1.242783557,2.424269484,0.464721229,-172.622346868,-0.601832511,-0.056072489,0.005128135,0.604438992,0.603743851,-0.029167090,0.003928816,0.604460745,-0.359078776,0.677170639,-0.759674889,0.486092801,2983,0.102035671
271,270,1782712760.538786888,24.284074046,-58.917805180,1.250491048,2.556770922,0.420212003,-174.357803102,-0.596474856,-0.026191174,0.007707491,0.597049605,0.594817927,-0.050042872,0.014662247,0.597099352,0.147682754,-0.117651128,-1.731985007,0.739607159,2727,0.106852543
272,271,1782712760.938685417,23.671791296,-58.972046135,1.260034801,2.125327726,0.532498729,-172.954451698,-0.612282750,-0.054240955,0.009543753,0.614680606,0.614562622,-0.005585906,0.014314777,0.614754692,-0.440978979,0.174894561,1.396883912,0.889523514,2711,0.100005545
273,272,1782712761.440529108,22.918425816,-59.076088254,1.267232529,2.099616568,0.324481663,-170.505698684,-0.753365479,-0.104042119,0.007197728,0.760515817,0.760338683,0.011371478,0.013852533,0.760549877,-0.046525185,-0.116603653,2.454736712,0.542246580,3185,0.111776732
274,273,1782712761.839419365,22.329788405,-59.178221923,1.279144508,2.439007738,-0.678860787,-168.653421092,-0.588637412,-0.102133669,0.011911980,0.597432246,0.597344121,0.004197116,0.015151532,0.597550989,0.329719880,-0.934644281,1.887925873,1.142247914,3246,0.106968769
275,274,1782712762.239513636,21.743981121,-59.266607236,1.291072956,1.767761167,-0.479099417,-169.649499390,-0.585807284,-0.088385313,0.011928448,0.592437455,0.591846714,-0.028360686,0.006129012,0.592557529,-0.682688068,0.157092359,-1.003642754,1.153467555,3264,0.112324573
276,275,1782712762.639526129,21.172752767,-59.342496387,1.296937675,1.682972677,1.561033905,-169.837822575,-0.571228354,-0.075889151,0.005864719,0.576247339,0.575596660,-0.027932252,0.001914327,0.576277182,-0.087468772,2.033348412,-0.251243747,0.583103848,3100,0.100405485
277,276,1782712763.140227795,20.429446852,-59.451575422,1.286201489,2.253130680,0.567353269,-170.150501296,-0.743305914,-0.109079035,-0.010736186,0.751266875,0.750904306,-0.023481523,0.010417543,0.751343586,0.578444577,-1.002412734,-0.283390043,-0.818745390,3075,0.107313793
278,277,1782712763.539192200,19.838999740,-59.549722768,1.291714990,1.964061802,1.272716075,-168.531924675,-0.590447112,-0.098147346,0.005513501,0.598548823,0.598449427,-0.003848541,0.011600192,0.598574216,-0.304398804,0.768658102,1.589318922,0.527762163,3113,0.098213988
279,278,1782712764.039121866,19.072709460,-59.617301012,1.292179102,2.060273464,0.796795761,-173.785901162,-0.766290280,-0.067578244,0.000464112,0.769264332,0.764228926,-0.085477789,0.020384426,0.769264472,0.220877706,-0.650104041,-5.234514565,0.034567624,3038,0.104454170
280,279,1782712764.441289186,18.473153886,-59.682732025,1.283848067,2.363831626,1.083298571,-171.920384054,-0.599555574,-0.065431013,-0.008331034,0.603115332,0.603172848,0.000150228,0.000051483,0.603172869,0.278672853,0.353783618,1.853692180,-0.791395478,3009,0.104097011
281,280,1782712764.839481592,17.889351099,-59.777056790,1.286019819,1.854758369,0.792016531,-169.696153035,-0.583802788,-0.094324765,0.002171752,0.591373703,0.591118313,0.011876538,0.012870926,0.591377690,-0.549347094,-0.198511500,2.234127646,0.210411200,2157,0.095199045
282,281,1782712765.239099026,17.267157618,-59.892163997,1.295624369,1.674568238,0.535791814,-167.254111236,-0.622193480,-0.115107207,0.009604549,0.632751449,0.632555197,0.002553091,0.018276964,0.632824338,-0.212260120,-0.176359341,2.448943619,0.869627223,2244,0.095903395
283,282,1782712765.640185595,16.670522705,-60.027003604,1.295916177,0.980798825,0.434564006,-164.726416247,-0.596634914,-0.134839607,0.000291809,0.611682058,0.611652573,0.000058600,0.006012609,0.611682127,-0.715769240,-0.026823797,2.529488112,0.027333499,2091,0.093351779
284,283,1782712765.940175295,16.193096289,-60.026670363,1.292410364,1.174128003,0.552265118,-172.930412585,-0.477426416,0.000333241,-0.003505814,0.477426532,0.460488785,-0.126070859,0.002145074,0.477439404,0.265377385,-0.017814575,-8.204515263,-0.420723833,2365,0.104055008
285,284,1782712766.139400005,15.900679027,-59.987418742,1.290309758,1.625084861,0.357557622,-179.694102617,-0.292417262,0.039251621,-0.002100605,0.295039904,0.285370241,-0.074913328,0.002185527,0.295047382,0.524152264,-0.329095588,-6.758304633,-0.407923712,2287,0.091888023
286,285,1782712766.539118052,15.299668196,-59.998954114,1.302937156,1.766759852,0.303531663,-176.801381039,-0.601010831,-0.011535372,0.012627398,0.601121522,0.600973346,0.008787598,0.016135381,0.601254135,0.125701592,0.028450695,2.893038023,1.203400957,2397,0.097540643
287,286,1782712766.940158606,14.668033846,-60.053882306,1.297606351,1.362456257,0.854881782,-173.474615577,-0.631634350,-0.054928192,-0.005330805,0.634018185,0.633734533,0.019528877,-0.002576877,0.634040595,-0.419055503,0.654103031,3.307984795,-0.481729790,2191,0.105246256
288,287,1782712767.340101242,14.070868533,-60.146149332,1.311589237,1.734578305,0.829675456,-169.738845956,-0.597165313,-0.092267026,0.013982886,0.604251285,0.603506348,0.024345288,0.022417205,0.604413051,0.319318114,0.065370115,3.734879621,1.325636213,2287,0.105552487
289,288,1782712767.739125013,13.435221836,-60.232825515,1.294887939,1.543213257,0.563037546,-169.056817188,-0.635646696,-0.086676183,-0.016701298,0.641529020,0.641094899,-0.028152872,-0.006569819,0.641746380,-0.201133789,-0.245813603,0.689759422,-1.491277469,2424,0.117235202
290,289,1782712768.140195847,12.825358668,-60.352125243,1.314207672,1.456955718,-0.321783274,-166.976102327,-0.609863168,-0.119299728,0.019319733,0.621422166,0.621200832,0.002040942,0.025379556,0.621722415,-0.105845231,-0.828100170,2.103980835,1.780726160,2385,0.110014868
291,290,1782712768.639242172,12.072832792,-60.468006142,1.322683239,1.346689518,0.532604321,-167.848338788,-0.752525876,-0.115880899,0.008475567,0.761395808,0.759318265,-0.056561907,0.005651156,0.761442980,-0.115149882,0.831896070,-0.893735416,0.637768353,2759,0.125604466
292,291,1782712769.039841175,11.481866858,-60.608772260,1.320938900,1.443401657,0.550268366,-165.497828686,-0.590965934,-0.140766117,-0.001744339,0.607499659,0.607345910,0.013301740,0.003589827,0.607502163,0.076001015,0.073330805,2.349327966,-0.164515267,3041,0.116384265
293,292,1782712769.439325333,10.857670370,-60.705429805,1.319007474,1.361925243,1.083590278,-169.721464589,-0.624196488,-0.096657545,-0.001931426,0.631635921,0.628502660,-0.062608061,0.005683673,0.631638874,-0.037068677,0.428366932,-4.235163723,-0.175199373,2847,0.113554513
294,293,1782712769.839364052,10.241505630,-60.830978109,1.331217157,1.414189560,1.140322430,-167.046969194,-0.616164740,-0.125548305,0.012209683,0.628825384,0.628335212,0.014157883,0.023766708,0.628943909,0.003185146,0.121427191,2.671837467,1.112352347,2505,0.101390503
295,294,1782712770.239529610,9.621335618,-60.897819608,1.327295059,1.623407427,0.325982612,-170.909574045,-0.620170012,-0.066841499,-0.003922098,0.623761677,0.619327316,-0.073641896,0.010225420,0.623774008,0.289074174,-0.906767351,-3.841767330,-0.360260524,2430,0.100509824
296,295,1782712770.639376402,9.006201401,-60.978080727,1.337512665,2.085345718,-0.313001512,-170.277922066,-0.615134216,-0.080261119,0.010217606,0.620348250,0.620020798,-0.017537280,0.014247950,0.620432390,0.458347762,-0.620812678,0.649529770,0.943619640,2368,0.101327715
297,296,1782712771.039586782,8.396168895,-61.073360969,1.345855346,2.483149390,0.447327217,-168.308479015,-0.610032506,-0.095280242,0.008342681,0.617428525,0.617397767,-0.008916946,0.005297965,0.617484885,0.409574360,0.831295314,1.940607079,0.774132277,2145,0.107171057
298,297,1782712771.439753294,7.764313177,-61.135441754,1.356760429,1.785670190,0.943781713,-172.178499182,-0.631855718,-0.062080785,0.010905083,0.634898159,0.631222306,-0.066498816,0.018732366,0.634991806,-0.661663119,0.329482235,-3.887522294,0.984022054,1795,0.103784014
299,298,1782712771.839297533,7.129710673,-61.239481019,1.357919067,2.008536188,1.073390176,-169.916071426,-0.634602504,-0.104039265,0.001158637,0.643074262,0.642750829,0.017067935,0.011220806,0.643075306,0.186991284,0.200749310,2.256880577,0.103230638,1904,0.105233304
300,299,1782712772.239315748,6.499862234,-61.249206179,1.363540990,2.077856748,0.630281370,-175.854472712,-0.629848439,-0.009725160,0.005621923,0.629923515,0.621607100,-0.100038448,0.020788538,0.629948602,0.191024982,-0.644836258,-5.919344964,0.511338133,1958,0.100251173
301,300,1782712772.639946222,5.870454041,-61.320788102,1.355986127,1.937011491,0.523247423,-172.737343762,-0.629408193,-0.071581923,-0.007554862,0.633465583,0.632980911,0.025856240,-0.001530430,0.633510632,-0.172042286,0.006927175,3.118800023,-0.683290804,1861,0.113254418
302,301,1782712773.039292097,5.251015545,-61.412186697,1.359238554,1.953754580,0.404823527,-169.577882293,-0.619438495,-0.091398595,0.003252427,0.626145153,0.625967400,0.012653184,0.008546496,0.626153600,-0.009150198,-0.010825786,3.161557440,0.297612543,1971,0.116416020
303,302,1782712773.339500666,4.753450297,-61.474349472,1.346550071,1.371283682,1.765164611,-170.371190509,-0.497565248,-0.062162774,-0.012688484,0.501433333,0.500678601,-0.029166976,-0.008161555,0.501593844,-0.577205821,1.332549006,-0.839077258,-1.449527596,2097,0.123260655
304,303,1782712773.740228415,4.127426434,-61.561420356,1.335558259,1.774639313,1.692365977,-170.500965798,-0.626023863,-0.087070885,-0.010991812,0.632050011,0.631807134,-0.018659145,0.008922893,0.632145582,0.407355420,-0.075877576,-0.127939595,-0.996315070,2327,0.107386485
305,304,1782712774.239697695,3.324343459,-61.568610310,1.342504535,1.562847673,1.825132996,-176.607845442,-0.803082974,-0.007189954,0.006946276,0.803115159,0.792706813,-0.124441510,0.034240755,0.803145199,-0.021714020,-0.046370109,-6.105266997,0.495548323,2283,0.113230350
306,305,1782712774.640416861,2.684050072,-61.601597764,1.345803797,2.034878578,0.645162525,-175.519484675,-0.640293387,-0.032987454,0.003299263,0.641142569,0.640693081,-0.004307616,0.023843205,0.641151058,0.437329721,-1.149516510,1.120288961,0.294836400,2262,0.093316332
307,306,1782712775.139833450,1.857576410,-61.678703527,1.313634923,1.648053652,1.761883229,-172.498123356,-0.826473663,-0.077105763,-0.032168875,0.830062657,0.830281036,0.011487847,-0.023243947,0.830685771,-0.418471970,1.224116443,2.978969857,-2.219373206,2383,0.111020152
308,307,1782712775.539469957,1.220962634,-61.762033038,1.320624377,1.524286300,1.051540719,-170.507655867,-0.636613776,-0.083329511,0.006989454,0.642044319,0.641525693,0.000269670,0.026729623,0.642082362,-0.184070396,-0.651757555,2.009849460,0.623711495,2509,0.101423391
309,308,1782712775.938917875,0.593819423,-61.872396463,1.316839699,1.643830801,0.611428338,-168.808333474,-0.627143211,-0.110363425,-0.003784678,0.636779940,0.636719039,0.005634722,0.007754461,0.636791187,0.088996896,-0.394299263,1.710364702,-0.340531345,2382,0.092044199
310,309,1782712776.338372231,-0.049621984,-61.970955644,1.313696208,1.541096356,0.806261346,-169.597727039,-0.643441407,-0.098559181,-0.003143491,0.650946047,0.650331368,-0.028081183,0.004604005,0.650953637,-0.094162254,0.172168868,-0.794585368,-0.276685542,2274,0.092836843
311,310,1782712776.839383125,-0.856136911,-62.059237111,1.323746255,1.377034955,0.754644636,-171.496935801,-0.806514927,-0.088281467,0.010050047,0.811332204,0.808977700,-0.058194599,0.023009065,0.811394447,-0.136497490,-0.102218866,-1.896982817,0.709691806,2453,0.097622035
312,311,1782712777.238628387,-1.502695588,-62.101917831,1.319261630,1.283439208,0.574602072,-173.190485944,-0.646558677,-0.042680721,-0.004484625,0.647965868,0.645765600,-0.053278037,0.005302760,0.647981387,-0.070702345,-0.220351847,-1.688667592,-0.396542447,2602,0.087983322
313,312,1782712777.638588667,-2.124084641,-62.178222929,1.327093944,1.481954705,1.307618996,-171.118085086,-0.621389054,-0.076305098,0.007832314,0.626056566,0.625943050,0.002404967,0.014059972,0.626105557,0.178455730,0.779608914,2.055094249,0.716764513,2352,0.084547059
314,313,1782712778.039006948,-2.758387007,-62.275546172,1.325306854,1.491228348,0.357662492,-169.065536756,-0.634302366,-0.097323243,-0.001787090,0.641725256,0.641596457,-0.001446028,0.012899378,0.641727745,-0.036792267,-0.895722307,2.076636366,-0.159558102,2498,0.093559656
315,314,1782712778.338846445,-3.217867641,-62.266611080,1.324944068,1.773008603,1.050135209,-175.299850355,-0.459480634,0.008935092,-0.000362786,0.459567502,0.449437315,-0.095833881,0.004938450,0.459567646,0.329378359,0.532449050,-6.249597009,-0.045229747,2563,0.093548728
316,315,1782712778.739526272,-3.865923646,-62.290703902,1.322388999,1.608111166,1.128892706,-175.349190506,-0.648056004,-0.024092822,-0.002555068,0.648503700,0.647788912,-0.028788381,0.010214312,0.648508733,-0.163994117,0.077193897,-0.051743765,-0.225741015,2536,0.086458036
317,316,1782712779.039016008,-4.368489595,-62.327124526,1.323568220,1.332221464,0.581394111,-173.470699609,-0.502565950,-0.036420624,0.001179221,0.503883911,0.503743241,-0.004135345,0.011226407,0.503885291,-0.312089395,-0.493970174,1.893080056,0.134086959,2374,0.098946835
318,317,1782712779.440380335,-5.006551452,-62.395278081,1.326946399,1.577302548,1.070846000,-171.437763178,-0.638061857,-0.068153555,0.003378179,0.641691390,0.641605798,-0.004612117,0.009999037,0.641700283,0.225236260,0.536933954,2.020725314,0.301630328,2226,0.086603735
319,318,1782712779.838838100,-5.653333564,-62.411621881,1.321910607,1.068804137,0.830805609,-175.628516951,-0.646782112,-0.016343800,-0.005035792,0.646988578,0.641988857,-0.079911591,0.009166453,0.647008175,-0.426060033,-0.352327633,-4.182255174,-0.445948816,2305,0.090912086
320,319,1782712780.239000559,-6.307513951,-62.415487828,1.323737092,1.770439794,1.195770048,-176.698190743,-0.654180387,-0.003865948,0.001826485,0.654191810,0.652476840,-0.045790172,0.012144686,0.654194359,0.717311931,0.345098084,-1.076085808,0.159967794,2531,0.091055815
321,320,1782712780.638586283,-6.936449441,-62.462455872,1.326333182,1.705729532,0.374764076,-174.419350972,-0.628935490,-0.046968044,0.002596090,0.630686806,0.630405102,0.011147856,0.015418145,0.630692149,-0.111009317,-0.749277303,2.303254881,0.235844687,2498,0.094875398
322,321,1782712781.039582491,-7.577629167,-62.521098940,1.328208053,1.766923677,1.315976715,-172.123190763,-0.641179727,-0.058643068,0.001874872,0.643855924,0.643817540,-0.003804612,0.006202094,0.643858654,0.047282363,1.009417817,2.266842266,0.166841553,2318,0.092863168
323,322,1782712781.438648224,-8.202473474,-62.577233941,1.329861263,1.830528597,1.383055282,-172.764468727,-0.624844306,-0.056135002,0.001653210,0.627360778,0.626438605,-0.029516576,0.016962470,0.627362956,0.078442319,0.047362188,-0.642857473,0.150984457,2291,0.096028666
324,323,1782712781.838947773,-8.857532297,-62.606533674,1.323797150,1.960140248,1.430605213,-174.628762892,-0.655058824,-0.029299733,-0.006064113,0.655713761,0.653488681,-0.053099742,0.011413668,0.655741801,0.175569932,-0.011265609,-1.864304561,-0.529862542,2453,0.090659920
325,324,1782712782.238773584,-9.495157826,-62.663797122,1.313197108,2.186456786,1.660408902,-172.886230766,-0.637625529,-0.057263448,-0.010600043,0.640191704,0.640251209,-0.002489376,0.005474612,0.640279454,0.183699483,0.289898432,1.732916455,-0.948594325,2426,0.097782419
326,325,1782712782.640007973,-10.134429980,-62.728885548,1.319211366,1.516628267,0.823644254,-171.873666747,-0.639272154,-0.065088425,0.006014258,0.642577147,0.641967714,-0.013629908,0.025164287,0.642605292,-0.699039884,-0.797267482,1.043741287,0.536249296,2468,0.098691493
327,326,1782712782.838827610,-10.446780897,-62.696457261,1.328586218,1.419980218,0.876026270,-178.035821777,-0.312350916,0.032428286,0.009374852,0.314029758,0.304464359,-0.075864705,0.015766329,0.314169662,0.000521536,-0.105640741,-6.160796829,1.709965192,2542,0.087875592
328,327,1782712783.238712549,-11.085896066,-62.654550679,1.318716396,1.702234555,1.437969169,179.360124163,-0.639115169,0.041906583,-0.009869822,0.640487596,0.637379733,-0.063770926,0.001455770,0.640563638,0.323468016,0.498183631,-2.616494474,-0.882849837,2657,0.096038181
329,328,1782712783.639538527,-11.732228735,-62.664231343,1.311540495,1.942439851,1.308458573,-177.726905503,-0.646332670,-0.009680664,-0.007175901,0.646405163,0.646160833,0.017159257,0.008536182,0.646444993,0.169335141,-0.041126185,2.914721484,-0.636028244,2556,0.090386305
330,329,1782712784.038818836,-12.388307090,-62.706887844,1.309012518,2.109412103,0.902832829,-174.586006479,-0.656078354,-0.042656502,-0.002527977,0.657463599,0.657140320,0.017014689,0.011911151,0.657468459,0.098176546,-0.297030857,3.152447512,-0.220303759,2346,0.093681120
331,330,1782712784.338840723,-12.888570275,-62.749054770,1.308530306,1.778791555,0.953908225,-172.057717663,-0.500263185,-0.042166926,-0.000482212,0.502037154,0.501955273,-0.004944801,0.007615064,0.502037385,-0.368398271,0.144936865,2.524317959,-0.055033132,2384,0.094772857
332,331,1782712784.738907337,-13.545912743,-62.866269351,1.310983325,1.916521044,0.542391780,-168.852688145,-0.657342469,-0.117214580,0.002453018,0.667711299,0.667099956,0.025670391,0.012770149,0.667715805,0.087155375,-0.310394641,3.216134387,0.210490628,2581,0.089483897
333,332,1782712785.138847589,-14.182416152,-62.983277428,1.309183497,2.150854911,0.749137180,-166.981211462,-0.636503409,-0.117008078,-0.001799828,0.647168819,0.647104197,-0.008106780,0.004599792,0.647171322,0.217622091,0.269491417,1.863362521,-0.159343698,2620,0.085187537
334,333,1782712785.438786745,-14.688532504,-63.043625899,1.310907353,2.746460069,1.147453314,-169.478657096,-0.506116351,-0.060348471,0.001723856,0.509701578,0.506636146,-0.054863595,0.010415009,0.509704493,0.630261281,0.305062264,-2.510209788,0.193778679,2416,0.092724888
335,334,1782712785.838604212,-15.352404553,-63.066504512,1.298295154,1.616005762,0.915190496,-174.789488429,-0.663872049,-0.022878613,-0.012612200,0.664266158,0.657008854,-0.098590750,0.005275015,0.664385879,-1.012553987,-0.481161244,-5.293282138,-1.087725123,2119,0.094393570
336,335,1782712786.239428043,-16.007075573,-63.061145877,1.302001299,1.542297208,0.453835956,-177.376652435,-0.654671020,0.005358635,0.003706145,0.654692951,0.651336810,-0.064366906,0.015932903,0.654703441,-0.030820315,-0.533174581,-2.573167302,0.324341659,2160,0.088384819
337,336,1782712786.639731407,-16.661718010,-63.112704346,1.295466815,1.819938211,1.146627147,-174.026103915,-0.654642436,-0.051558469,-0.006534484,0.656669624,0.656347376,0.021497661,-0.001914999,0.656702135,0.253607319,0.783433361,3.330274967,-0.570128395,2277,0.093824311
338,337,1782712787.038759232,-17.321726589,-63.109589199,1.290527746,2.143269792,0.965573720,-177.093680195,-0.660008579,0.003115147,-0.004939068,0.660015931,0.656067594,-0.071492500,0.010466975,0.660034411,0.387274823,-0.276682540,-3.059921373,-0.428750992,2352,0.100051865
339,338,1782712787.338634729,-17.815202114,-63.059715718,1.289044069,1.943165545,1.024581515,177.176311718,-0.493475525,0.049873481,-0.001483678,0.495989373,0.490267441,-0.074524195,0.009572879,0.495991592,-0.093001725,-0.150115320,-5.727486504,-0.171391208,2375,0.085695906
340,339,1782712787.738823175,-18.477815637,-63.037480361,1.285217272,2.095764685,0.945439224,179.712126947,-0.662613523,0.022235357,-0.003826796,0.662986494,0.662866828,0.010699974,0.007669047,0.662997538,0.109173070,0.007850785,2.536662989,-0.330710871,2432,0.095000593
341,340,1782712788.038812637,-18.955659287,-62.924673652,1.291586111,1.651758523,1.380890360,173.413402771,-0.477843650,0.112806709,0.006368838,0.490978521,0.478234178,-0.109809050,0.018289710,0.491019826,-0.327645409,0.211044779,-6.308932388,0.743183430,2343,0.094842290
342,341,1782712788.239033222,-19.255312844,-62.804612661,1.279000777,1.283406198,1.103707327,166.915691460,-0.299653557,0.120060991,-0.012585334,0.322810929,0.311660141,-0.085007893,-0.002626958,0.323056166,-0.201541434,-0.455065685,-6.486211083,-2.232642809,2386,0.085988515
343,342,1782712788.639814138,-19.848213374,-62.541732432,1.289755166,1.333496952,1.428835396,160.412338838,-0.592900530,0.262880230,0.010754389,0.648565381,0.636694333,-0.121285588,0.025745741,0.648654538,0.183340744,0.186839796,-6.507207888,0.949980795,2204,0.079911115
344,343,1782712788.839694738,-20.098587934,-62.334237173,1.283966836,1.569945039,1.288122220,150.838894584,-0.250374560,0.207495259,-0.005788330,0.325179493,0.305497175,-0.111476902,0.004425369,0.325231006,0.492598488,-0.342490505,-9.565706880,-1.019781039,2282,0.076528945
345,344,1782712789.038717270,-20.334690421,-62.093940695,1.280704721,1.946976748,0.978406839,142.737010168,-0.236102487,0.240296478,-0.003262115,0.336877993,0.323257396,-0.094649359,0.006601362,0.336893787,0.574164859,-0.517954102,-8.089751800,-0.554799084,2351,0.078563874
346,345,1782712789.539548635,-20.882398523,-61.471005121,1.287433987,1.753451934,0.821727900,134.265022474,-0.547708102,0.622935574,0.006729266,0.829477483,0.812839689,-0.163354163,0.026176996,0.829504778,-0.028192324,-0.432679142,-8.461411676,0.464810799,2177,0.087277167
347,346,1782712789.739472389,-21.026157124,-61.161396078,1.295492433,1.437800126,1.126712626,126.499767921,-0.143758601,0.309609042,0.008058446,0.341356551,0.321908592,-0.112711251,0.016132734,0.341451656,-0.188549444,0.075536120,-7.769744036,1.352337308,2280,0.087870799
348,347,1782712789.939541578,-21.177479486,-60.871769593,1.291256992,1.555858367,1.497879198,120.158212213,-0.151322361,0.289626485,-0.004235441,0.326775088,0.322849297,-0.050564638,0.003383158,0.326802535,0.251287751,0.219195366,-6.346966862,-0.742588147,2414,0.079936014
349,348,1782712790.239512444,-21.443538490,-60.440657416,1.280995201,1.860203926,1.741191255,123.562394564,-0.266059004,0.431112177,-0.010261791,0.506601523,0.506517890,0.013535362,0.002613035,0.506705444,0.218128346,0.338195789,3.394722238,-1.160432573,2344,0.084834764
350,349,1782712790.540221691,-21.626469892,-59.964964753,1.264814067,1.718483928,3.176544131,117.024658637,-0.182931402,0.475692663,-0.016181134,0.509654204,0.497781824,-0.110526371,0.002532530,0.509911008,0.068203149,1.234403889,-6.572987637,-1.818486645,2237,0.088393729
351,350,1782712790.640566826,-21.617108429,-59.791220673,1.271449443,1.851383632,2.905510452,109.862873183,0.009361462,0.173744080,0.006635376,0.173996099,0.149920590,-0.086796009,0.017576689,0.174122574,0.542050281,-0.460126681,-7.142084635,2.183927795,2210,0.086859624
352,351,1782712790.738773823,-21.610047204,-59.623535174,1.264052996,1.547975560,2.194082041,102.880692902,0.007061225,0.167685499,-0.007396447,0.167834107,0.155485707,-0.063566780,0.002540577,0.167997009,0.063146343,-0.914417854,-6.951811670,-2.523391390,2183,0.086643808
353,352,1782712790.839714050,-21.570349521,-59.458879454,1.251600869,1.648524652,2.507261301,96.370310812,0.039697683,0.164655720,-0.012452127,0.169373588,0.152028449,-0.075555831,-0.004597259,0.169830703,0.359225833,0.151865203,-6.510661019,-4.204746977,2166,0.087877939
354,353,1782712790.939573050,-21.545452290,-59.291527164,1.251506197,1.384058093,2.640192220,90.960779949,0.024897231,0.167352290,-0.000094672,0.169194152,0.163404100,-0.043090865,0.008303447,0.169194178,-0.020842775,-0.011204138,-5.405691929,-0.032059650,2159,0.084549196
355,354,1782712791.339533567,-21.625353045,-58.659685839,1.229047156,1.885769663,3.298595927,97.530200198,-0.079900755,0.631841325,-0.022459041,0.636873293,0.633454790,0.069437091,0.005051686,0.637269174,0.208654736,0.833590386,6.540833996,-2.019672133,2043,0.086450566
356,355,1782712791.439454794,-21.710810493,-58.543094319,1.225609706,2.473355052,3.337196934,105.845261801,-0.085457448,0.116591519,-0.003437450,0.144556418,0.126772853,0.069530808,0.001576212,0.144597282,0.130541365,0.345362464,8.294051891,-1.362196743,2043,0.080334710
357,356,1782712791.538614035,-21.801695210,-58.429352551,1.218805284,3.309666987,3.331167101,113.561601990,-0.090884717,0.113741769,-0.006804421,0.145592657,0.134403535,0.056366801,-0.001412584,0.145751576,0.410766091,0.355530688,7.695101963,-2.675829644,2040,0.077371775
358,357,1782712791.639027834,-21.900841415,-58.321894952,1.216936833,4.773589812,3.249311017,120.375903052,-0.099146205,0.107457598,-0.001868451,0.146209115,0.138006316,0.048201683,0.003383946,0.146221053,1.092167432,0.333572404,6.795403168,-0.732160505,2011,0.078099902
359,358,1782712792.039763212,-22.091934747,-57.753288039,1.207159568,4.891171630,3.333513610,113.367114273,-0.191093332,0.568606913,-0.009777265,0.599858720,0.586792756,-0.120283919,0.033646978,0.599938396,0.549329160,-0.472775290,-6.981809268,-0.933797279,2019,0.085393345
360,359,1782712792.238818407,-22.123226323,-57.428892464,1.188900863,3.937904497,3.960453552,103.555415961,-0.031291576,0.324395575,-0.018258705,0.325901292,0.310737174,-0.099589301,0.008331370,0.326412365,-0.314112266,-0.157425682,-9.810530196,-3.206658830,2049,0.092373035
361,360,1782712792.738647223,-22.266710886,-56.912109077,1.161867655,3.132135785,3.592073096,106.938057796,-0.143484563,0.516783386,-0.027033208,0.536332815,0.536605529,0.019008009,0.008768349,0.537013671,-1.032435434,-0.128930587,3.392886691,-2.885482665,1931,0.090222177
362,361,1782712793.138700962,-22.432764993,-56.361664495,1.128126643,3.438504242,3.986012653,109.409588460,-0.166054107,0.550444582,-0.033741011,0.574946262,0.575928692,-0.001384023,0.002426184,0.575935465,0.154332974,0.531354987,2.440241979,-3.358579609,2118,0.091890591
363,362,1782712793.539571047,-22.556492988,-55.721615084,1.088438182,4.048360473,3.830033297,104.341880716,-0.123727995,0.640049411,-0.039688462,0.651898662,0.645989826,-0.095517952,0.010977501,0.653105688,0.974966174,-0.443069628,-5.038928416,-3.483943423,2011,0.089925883
364,363,1782712793.938858271,-22.730929240,-55.092686935,1.059426030,3.685284362,3.461222628,107.839184659,-0.174436252,0.628928149,-0.029012152,0.652670378,0.653017224,0.014210474,0.013670958,0.653314876,-0.589028912,-0.114490415,3.507784923,-2.545205615,2114,0.096273725
365,364,1782712794.238734007,-22.814042094,-54.599277168,1.046112346,3.390290874,3.279365185,105.200082081,-0.083112855,0.493409767,-0.013313684,0.500360815,0.495048582,-0.070821295,0.021200118,0.500537910,-0.131884668,-0.347121296,-2.617908260,-1.524175968,2053,0.102757408
366,365,1782712794.438934088,-22.811143808,-54.260736064,1.025651208,2.892749208,3.372111166,97.680532188,0.002898286,0.338541104,-0.020461138,0.338553510,0.326574459,-0.091504348,0.003635137,0.339171250,-0.039583769,-0.321971899,-7.500571947,-3.458574778,2112,0.097492005
367,366,1782712794.839531183,-22.874934555,-53.634410980,1.004405594,3.414860930,3.167924275,98.990622363,-0.063790747,0.626325084,-0.021245614,0.629565223,0.629391924,-0.019665927,0.016816778,0.629923604,0.445804038,-0.137038959,1.316687356,-1.932797704,2153,0.099715649
368,367,1782712795.238792658,-22.966538225,-53.021287503,0.961100774,2.902483493,3.573503792,102.058783985,-0.091603670,0.613123477,-0.043304820,0.619928731,0.621351593,-0.005861791,-0.008647271,0.621439408,-0.677155510,0.591701765,3.032447265,-3.995877776,2138,0.111909609
369,368,1782712795.638625383,-23.076762741,-52.408693456,0.941119110,2.852393407,3.401233549,103.130818192,-0.110224516,0.612594047,-0.019981664,0.622431450,0.622139832,-0.019208397,0.019830373,0.622752099,-0.116404690,-0.117240893,1.077467959,-1.838711641,2133,0.104922769
370,369,1782712796.039038897,-23.122912263,-51.792676294,0.896644011,2.732011274,3.899062622,99.409066852,-0.046149522,0.616017162,-0.044475099,0.617743411,0.611958184,-0.095290429,-0.003445663,0.619342358,0.106224071,0.319703790,-3.733758451,-4.117965780,2162,0.109097055
371,370,1782712796.438634634,-23.226750161,-51.190981637,0.872331144,2.919846623,4.696135015,101.749919005,-0.103837898,0.601694657,-0.024312868,0.610588871,0.610815283,0.004892749,0.017048062,0.611072733,0.030609992,0.910585752,2.292449521,-2.280240001,2276,0.111315503
372,371,1782712796.838616133,-23.351354411,-50.568673169,0.821882427,2.830727804,3.903767636,104.191888484,-0.124604249,0.622308468,-0.050448717,0.634660577,0.636642671,-0.004642157,0.001918628,0.636662486,-0.286558236,-0.663018821,2.473482506,-4.544844478,2224,0.115316799
373,372,1782712797.238859177,-23.430609985,-49.925757238,0.778256565,2.617355161,3.936092263,100.937165804,-0.079255575,0.642915932,-0.043625862,0.647782634,0.644204121,-0.080677019,0.004222092,0.649249996,0.012635003,-0.121715974,-3.244987781,-3.852849587,2468,0.123362134
374,373,1782712797.639045954,-23.532293472,-49.315373934,0.746451259,1.910954680,3.428970151,101.828538255,-0.101683487,0.610383304,-0.031805305,0.618795046,0.619312987,-0.015466231,0.011450192,0.619611884,-0.767358145,-0.465486455,0.912017192,-2.942343461,2650,0.114322909
375,374,1782712802.838887453,-23.623523139,-48.769268802,0.742906574,1.979530062,4.096121314,101.855065178,-0.091229667,0.546105131,-0.003544685,0.553672888,0.552431006,-0.021652177,0.030288588,0.553684234,0.066859074,0.667662856,0.004198221,-0.366809913,2862,0.112326871
376,375,1782712803.339744329,-23.733135586,-48.223083980,0.709008729,1.427571175,4.097661146,104.709662682,-0.109612447,0.546184822,-0.033897845,0.557075173,0.558051736,-0.004722485,0.006145813,0.558105557,-0.753337212,0.104913402,2.845370035,-3.482136218,3005,0.114762278
377,376,1782712804.038874865,-23.882078836,-47.691959982,0.687283715,1.317865441,3.262566276,106.197449786,-0.148943250,0.531123998,-0.021725014,0.551612901,0.551678715,0.009637197,0.017506834,0.552040550,-0.215675518,-0.796452847,1.505836483,-2.255401619,3196,0.107359213
378,377,1782712804.538934946,-23.991542327,-47.109757032,0.653708097,1.061162842,3.150173128,104.187822803,-0.109463491,0.582202949,-0.033575618,0.592404026,0.590582893,-0.057270131,0.001353066,0.593354744,-0.141551022,-0.156501776,-2.003525112,-3.243876218,3133,0.105180570
379,378,1782712805.038591385,-24.105178223,-46.507604367,0.630024045,1.147566800,3.701513310,103.420066074,-0.113635895,0.602152665,-0.023684052,0.612781322,0.612015079,-0.037227781,0.010654464,0.613238846,0.128643563,0.537338468,-0.776274420,-2.213385229,3453,0.107194792
380,379,1782712805.439058065,-24.153664914,-45.997284686,0.590975690,1.342752251,4.513224854,99.961698479,-0.048486692,0.510319681,-0.039048355,0.512617924,0.509100366,-0.071386384,-0.004765704,0.514103015,0.420320457,0.749251173,-3.463655411,-4.356058364,3251,0.100415842
381,380,1782712805.838987827,-24.242375178,-45.496674074,0.557595532,1.611158868,4.461323548,101.684598871,-0.088710264,0.500610612,-0.033380157,0.508409772,0.509459367,0.000929787,0.006709714,0.509504397,0.133456663,-0.009610713,1.718375895,-3.756420855,3476,0.095926856
382,381,1782712806.239725113,-24.339308547,-44.974298474,0.527649175,0.929566439,3.515179625,102.990992560,-0.096933369,0.522375600,-0.029946358,0.531293088,0.531901866,-0.010542394,0.011764025,0.532136382,-0.783001688,-0.907950370,1.330162238,-3.226065555,3285,0.095001210
383,382,1782712806.638896465,-24.437420983,-44.433562532,0.503831544,1.298037917,4.216485053,102.378652731,-0.098112436,0.540735942,-0.023817631,0.549564745,0.549379025,-0.025791216,0.010304805,0.550080620,0.406003064,0.691505379,-0.622028414,-2.481593505,3249,0.103099808
384,383,1782712806.938945532,-24.434047978,-44.035925631,0.477995526,1.074862486,3.913778454,96.505885213,0.003373005,0.397636901,-0.025836018,0.397651207,0.388519965,-0.088451849,0.004742301,0.398489626,0.214622777,-0.413072160,-5.851276577,-3.717371122,3500,0.102954387
385,384,1782712807.339001417,-24.491541267,-43.492070073,0.448460907,1.040748662,4.381548629,97.420090020,-0.057493289,0.543855558,-0.029534619,0.546886045,0.547608080,-0.004350404,0.007943825,0.547682974,-0.096415022,0.485283266,0.902619586,-3.091259608,3436,0.098537996
386,385,1782712807.738949537,-24.565116046,-42.943470211,0.412616340,1.152479882,4.033575311,99.810338096,-0.073574779,0.548599861,-0.035844567,0.553511568,0.554628318,0.002229229,0.006507609,0.554670974,-0.069942613,-0.300821583,2.390220204,-3.705213782,3509,0.098951241
387,386,1782712808.138632298,-24.666057009,-42.367652053,0.386876359,0.970680574,4.384054420,102.040016568,-0.100940963,0.575818159,-0.025739981,0.584598691,0.584959657,0.001663195,0.015414609,0.585165085,-0.337761011,0.398154487,2.215639124,-2.521114703,3545,0.102634444
388,387,1782712808.539062738,-24.788186998,-41.801602974,0.354425468,1.162950101,3.997550144,104.238796168,-0.122129989,0.566049078,-0.032450891,0.579074515,0.579859164,0.001570055,0.011884391,0.579983063,0.024922282,-0.346082354,2.199650552,-3.207456741,3845,0.101387209
389,388,1782712808.938710451,-24.925160587,-41.216676239,0.315169447,1.381367820,4.792087672,106.479121785,-0.136973588,0.584926735,-0.039256021,0.600750406,0.601923085,-0.011047805,0.002937767,0.602031631,0.063017795,0.842719506,2.216070806,-3.738676079,3811,0.106704216
390,389,1782712809.239456892,-24.967455192,-40.758686696,0.284915826,1.815016561,4.594312964,100.060126264,-0.042294605,0.457989543,-0.030253621,0.459938316,0.452124592,-0.089150940,0.009695327,0.460932247,0.977366390,-0.321740185,-6.392445866,-3.763355298,3692,0.108616279
391,390,1782712809.638883352,-25.048768805,-40.152978758,0.262598700,0.946873341,3.575887621,100.536208357,-0.081313614,0.605707938,-0.022317126,0.611141563,0.610424801,-0.024885157,0.027465527,0.611548906,-0.906498581,-1.002704648,0.507245230,-2.091347232,3753,0.098905070
392,391,1782712810.039699554,-25.145549597,-39.546594948,0.230273821,0.406709481,3.600926102,101.300644903,-0.096780791,0.606383810,-0.032324878,0.614058504,0.614677915,-0.015630710,0.006283783,0.614908729,-0.587757007,0.037959682,0.762404170,-3.013346696,4068,0.094764341
393,392,1782712810.439904928,-25.229137333,-38.929693437,0.198141197,0.307080956,3.433227071,99.989324615,-0.083587736,0.616901511,-0.032132625,0.622538661,0.622112398,-0.038868765,0.007229987,0.623367379,-0.017171487,-0.176044830,-1.307755582,-2.954726402,4048,0.095042267
394,393,1782712810.839024067,-25.247998727,-38.304093797,0.152768079,-0.008485358,4.554323665,95.590692841,-0.018861395,0.625599640,-0.045373117,0.625883905,0.620992938,-0.089986640,-0.007717330,0.627526399,-0.051517635,1.107674967,-4.391555013,-4.146373228,3762,0.103072874
395,394,1782712811.238581896,-25.305946887,-37.677190513,0.118128106,0.441078797,4.633152201,97.562404415,-0.057948160,0.626903284,-0.034639973,0.629575823,0.630329338,-0.003403466,0.015459175,0.630528068,0.293027412,0.081222354,1.965280127,-3.149303087,3770,0.095333144
396,395,1782712811.639109135,-25.389072380,-37.034751211,0.080147597,1.160727992,4.310690642,99.625694800,-0.083125493,0.642439302,-0.037980509,0.647794801,0.648742364,-0.002034913,0.014485461,0.648907254,0.553296917,-0.303624475,2.059879942,-3.355436795,3879,0.095313893
397,396,1782712812.038697243,-25.501582778,-36.401514082,0.046173303,0.759688134,4.006115436,101.841041778,-0.112510398,0.633237129,-0.033974294,0.643154609,0.643869167,0.005334168,0.014357800,0.644051321,-0.566665184,-0.256546087,2.215609137,-3.023808064,3797,0.094835291
398,397,1782712812.438682318,-25.614137149,-35.757854993,0.008960831,0.518537791,4.748295450,102.576222828,-0.112554371,0.643659089,-0.037212472,0.653425978,0.654062373,-0.021803074,0.008792882,0.654484741,-0.292518509,0.752157786,0.722810434,-3.259461879,3701,0.100396726
399,398,1782712812.738744974,-25.623844101,-35.262664273,-0.026108962,0.237548703,5.214742437,96.405734995,-0.009706952,0.495190720,-0.035069793,0.495285851,0.486660322,-0.098296506,0.006123049,0.496525895,0.231798370,0.438285350,-6.149272696,-4.050192686,3810,0.100871066
400,399,1782712813.039587021,-25.652073790,-34.749348525,-0.064967947,0.174177055,5.650134561,95.203028900,-0.028229689,0.513315749,-0.038858984,0.514091405,0.514668020,-0.029183156,0.008072559,0.515557944,0.045981196,0.431568123,-1.198696021,-4.322635957,3829,0.101530545
401,400,1782712813.438744545,-25.703735643,-34.097866330,-0.102971717,0.266789913,4.523204338,97.427464549,-0.051661852,0.651482194,-0.038003770,0.653527349,0.654049550,-0.007550174,0.026541740,0.654631410,-0.126281154,-1.115945994,2.221330684,-3.328102716,3940,0.097946768
402,401,1782712813.739078522,-25.712490484,-33.585848568,-0.133418598,0.573263294,3.807006949,94.827257988,-0.008754841,0.512017762,-0.030446882,0.512092605,0.509669619,-0.057461482,0.010045230,0.512996929,0.511731163,-0.723624898,-2.591327006,-3.402561516,3777,0.097895797
403,402,1782712814.038853884,-25.696705396,-33.068730067,-0.161275881,0.435787973,4.141596791,91.654203080,0.015785088,0.517118501,-0.027857283,0.517359366,0.514671397,-0.059179320,0.006921211,0.518108813,0.073965141,0.308741523,-3.168058875,-3.082122413,3764,0.101758647
404,403,1782712814.338934898,-25.683159187,-32.557367043,-0.195785302,0.321737043,4.602484442,90.917313292,0.013546208,0.511363023,-0.034509420,0.511542414,0.511917407,-0.028282629,0.002683695,0.512705121,-0.060809296,0.455628810,-0.738023866,-3.859411722,3765,0.096950174
405,404,1782712814.638971806,-25.694335852,-32.034181638,-0.236988286,0.274726274,4.548935317,92.717429555,-0.011176664,0.523185406,-0.041202984,0.523304774,0.524916078,0.002804444,0.000904643,0.524924349,-0.191274712,-0.041211792,1.794704268,-4.501959233,3907,0.093088631
406,405,1782712814.939396858,-25.718121937,-31.518584304,-0.266543899,0.722632281,4.602413464,94.528907617,-0.023786085,0.515597334,-0.029555613,0.516145705,0.516863443,-0.000630273,0.011476388,0.516991222,0.304396701,0.064397476,1.805347983,-3.277300681,3887,0.095824239
407,406,1782712815.238796711,-25.742402296,-30.989689023,-0.303323633,1.348252573,4.130289666,95.225862560,-0.024280359,0.528895281,-0.036779734,0.529452315,0.530406056,-0.017483580,0.006020212,0.530728276,0.569725065,-0.462979787,0.701062863,-3.973811181,4028,0.096905468
408,407,1782712815.538970232,-25.744027261,-30.463051780,-0.330878191,0.815642130,3.677294340,93.011921777,-0.001624965,0.526637242,-0.027554558,0.526639749,0.525218373,-0.046093811,0.011388617,0.527360104,-0.372235663,-0.501770637,-2.198258587,-2.995067479,3842,0.100446479
409,408,1782712815.838822603,-25.718765607,-29.945005480,-0.366441295,0.382518244,4.302686255,90.834065999,0.025261654,0.518046300,-0.035563104,0.518661855,0.517221854,-0.052475630,-0.001648228,0.519879654,-0.292926512,0.597066248,-2.180559606,-3.922462175,3661,0.101479533
410,409,1782712816.139105558,-25.725762290,-29.410735744,-0.403261339,0.892256207,4.707274185,92.316384703,-0.006996683,0.534269736,-0.036820043,0.534315548,0.535571514,-0.000758732,0.003376107,0.535582692,0.398652917,0.415874543,1.474612080,-3.942058682,3793,0.097564769
411,410,1782712816.439127922,-25.759587721,-28.905839167,-0.432294980,0.947197717,3.497600794,94.871335021,-0.033825431,0.504896577,-0.029033641,0.506028372,0.506527554,0.013585347,0.012366931,0.506860597,-0.154008170,-1.165153453,2.569192286,-3.283774960,3831,0.096930662
412,411,1782712816.739932537,-25.807878349,-28.401496453,-0.458271834,1.927407828,4.402745089,97.171120878,-0.048290629,0.504342714,-0.025976854,0.506649344,0.507262852,0.005369784,0.004890775,0.507314848,0.840557313,0.945727946,2.277972074,-2.935091069,4447,0.103511489
413,412,1782712817.038641453,-25.886499877,-27.861949773,-0.486610871,1.754423847,3.476004168,99.644407473,-0.078621527,0.539546680,-0.028339037,0.545244866,0.545707611,0.011104375,0.013227309,0.545980829,-0.361232864,-0.839112839,2.498663744,-2.975264100,3852,0.094943973
414,413,1782712817.338906288,-25.983756821,-27.348396127,-0.516744399,2.293617475,4.068311664,101.801327404,-0.097256944,0.513553646,-0.030133528,0.522681797,0.523454659,0.009889807,0.001304579,0.523549702,0.409562998,0.660341441,2.132393502,-3.299550460,3999,0.092317739
415,414,1782712817.738947868,-26.140092038,-26.663745645,-0.559079833,2.415175878,4.289577059,104.764465612,-0.156335217,0.684650482,-0.042335434,0.702272727,0.703386484,0.013300032,0.007059368,0.703547633,-0.085562576,0.344706198,2.943430303,-3.449813254,4047,0.092651896
416,415,1782712818.138907433,-26.238159565,-25.966851675,-0.599209278,1.812277160,4.461467410,100.029212652,-0.098067527,0.696893970,-0.040129445,0.703760218,0.699919645,-0.082181169,0.015734121,0.704903410,-0.240914997,-0.012406178,-4.724553798,-3.263555746,3887,0.089822395
417,416,1782712818.438902378,-26.296872502,-25.452667871,-0.621024182,1.032170441,4.003447172,99.454842827,-0.058712936,0.514183805,-0.021814904,0.517525066,0.516683217,-0.031130683,0.019427253,0.517984637,-0.735398420,-0.475688218,-0.558222523,-2.413723576,3737,0.095687362
418,417,1782712818.740428448,-26.370351587,-24.933335708,-0.657746998,1.455764941,5.033632966,100.763949645,-0.073479086,0.519332163,-0.036722816,0.524504596,0.525632029,-0.012828280,0.000206026,0.525788586,0.332282985,1.054551562,1.285483291,-4.004987601,3480,0.094700507
419,418,1782712819.039699793,-26.392220664,-24.406909567,-0.679952018,0.621599424,3.677744739,96.079064520,-0.021869077,0.526426141,-0.022205020,0.526880193,0.521186006,-0.076208008,0.025559502,0.527347894,-0.419075736,-1.457368156,-4.641077664,-2.413264971,3649,0.098486428
420,419,1782712819.338833570,-26.408944331,-23.864613881,-0.709268298,0.849022399,3.465646313,94.384427193,-0.016723667,0.542295685,-0.029316279,0.542553492,0.541783563,-0.040738390,0.005889783,0.543344951,0.336375836,-0.228830070,-1.689166629,-3.092906464,3797,0.101129158
421,420,1782712819.638920069,-26.452654460,-23.338627623,-0.737770193,1.009749230,4.518344016,96.031003176,-0.043710128,0.525986259,-0.028501896,0.527799318,0.528546282,0.003422427,0.003404740,0.528568328,0.061386219,1.078331390,1.625939909,-3.091049288,3838,0.092007153
422,421,1782712819.938918114,-26.509139090,-22.805351779,-0.772720251,1.289863295,4.590765145,97.577173607,-0.056484630,0.533275844,-0.034950058,0.536258929,0.537345610,0.000272980,0.007400448,0.537396637,0.158687777,0.101204517,1.539666224,-3.728912706,3855,0.095772878
423,422,1782712820.239526510,-26.583402289,-22.269211712,-0.805649051,0.920943544,4.137895799,99.285350386,-0.074263199,0.536140067,-0.032928800,0.541258897,0.542150147,0.003154087,0.010429278,0.542259624,-0.505086422,-0.412375455,1.713488225,-3.481436980,3673,0.094382697
424,423,1782712820.539199114,-26.672999342,-21.733218576,-0.852942504,1.282121356,5.529080047,101.217993540,-0.089597053,0.535993136,-0.047293453,0.543430100,0.545422635,0.001811612,-0.007988208,0.545484137,0.221943738,1.424267648,1.901578983,-4.973786357,3445,0.096337212
425,424,1782712820.838845015,-26.780409522,-21.202223041,-0.886557659,1.454406591,5.354896245,102.943102020,-0.107410181,0.530995536,-0.033615155,0.541750132,0.542464564,0.002475641,0.018688289,0.542792027,0.006666211,-0.133223819,1.720995318,-3.550604500,3553,0.093770646
426,425,1782712821.139133692,-26.884323988,-20.676299892,-0.922219254,0.945475021,4.387754413,103.648328772,-0.103914465,0.525923149,-0.035661595,0.536090827,0.536825689,-0.016150342,0.014915440,0.537275650,-0.574844067,-0.948577187,0.727570855,-3.805797191,3702,0.097956643
427,426,1782712821.439131498,-26.986631589,-20.158654230,-0.952099799,0.875474097,4.650812756,103.441199473,-0.102307602,0.517645662,-0.029880545,0.527658864,0.527910212,-0.022548979,0.010912168,0.528504232,-0.054157743,0.259644479,-0.210762536,-3.241114156,3621,0.094640392
428,427,1782712821.739178896,-27.042705948,-19.635811162,-0.976402433,0.851968426,4.937882257,99.745683910,-0.056074359,0.522843068,-0.024302634,0.525841428,0.521809433,-0.066711185,0.019088197,0.526402722,0.277734456,0.240442125,-3.685925848,-2.646136498,3707,0.099773204
429,428,1782712822.039108038,-27.066502064,-19.108615024,-1.013364498,0.147355995,4.442351244,96.290868582,-0.023796116,0.527196138,-0.036962065,0.527732909,0.524854353,-0.065658674,0.009223027,0.529025725,-0.405903237,-0.537727678,-3.436945827,-4.006416040,3536,0.094794743
430,429,1782712822.339357615,-27.114610012,-18.570804324,-1.054977138,0.227328747,5.107781476,96.283786005,-0.048107948,0.537810699,-0.041612639,0.539958075,0.541445042,-0.011111952,0.000355087,0.541559170,0.080511440,0.665409920,-0.008766365,-4.406870266,3577,0.089656623
431,430,1782712822.638967752,-27.170991564,-18.040339210,-1.083713568,0.964412636,4.635072562,97.856151978,-0.056381552,0.530465114,-0.028736431,0.533453013,0.533889252,-0.001943316,0.018878294,0.534226450,0.597187102,-0.464573133,1.569130291,-3.083470025,3574,0.095914091
432,431,1782712822.939332485,-27.240050072,-17.515173499,-1.125358057,0.948811244,4.746671653,99.536843930,-0.069058508,0.525165711,-0.041644488,0.529686796,0.531309057,-0.003350438,0.001350919,0.531321339,-0.150988323,0.141755378,1.672781252,-4.495402442,3447,0.090314228
433,432,1782712823.239072323,-27.328926098,-16.983298693,-1.159070099,0.943587737,4.826633500,101.196748542,-0.088876026,0.531874806,-0.033712042,0.539249254,0.540189271,-0.000291626,0.011032951,0.540302008,-0.142168562,0.109318401,1.652435379,-3.577283038,3602,0.093985974
434,433,1782712823.538915873,-27.405860698,-16.450172690,-1.201505363,0.799995475,4.971007996,100.746449386,-0.076934600,0.533126002,-0.042435265,0.538648556,0.539580649,-0.027998649,0.003437717,0.540317516,-0.105677664,0.137115658,-0.450925922,-4.504514399,3311,0.091773034
435,434,1782712823.839017630,-27.429239635,-15.924460571,-1.234029384,0.397798898,4.539539488,96.566276854,-0.023378937,0.525712120,-0.032524020,0.526231705,0.521710634,-0.074871956,0.013777666,0.527235829,-0.038199429,-0.476392398,-4.160917327,-3.536696311,3596,0.092395303
436,435,1782712824.139373064,-27.447881598,-15.405570618,-1.273406634,0.529521287,4.281407457,94.338298098,-0.018641963,0.518889953,-0.039377250,0.519224716,0.519110716,-0.040803777,0.001997548,0.520715732,0.308312537,-0.270128975,-2.219959612,-4.336927040,3608,0.091904732
437,436,1782712824.439039946,-27.482965745,-14.880333327,-1.308773282,0.574761245,4.483190510,96.303068527,-0.035084147,0.525237291,-0.035366648,0.526407740,0.527557701,-0.004710644,0.004073197,0.527594455,-0.101107160,0.222380315,1.956798456,-3.843634644,3787,0.093111350
438,437,1782712824.739055157,-27.528717623,-14.351447241,-1.344312251,0.413116886,5.165647837,97.198440696,-0.045751878,0.528886086,-0.035538969,0.530861306,0.531866143,-0.012528433,0.006179718,0.532049570,-0.231606999,0.691913182,0.884902966,-3.830000575,3657,0.093118170
439,438,1782712825.039158344,-27.557163365,-13.812835196,-1.393198080,0.454520462,4.884686923,95.941617249,-0.028445742,0.538612045,-0.048885830,0.539362675,0.540147877,-0.039270724,0.000028757,0.541573558,0.154648042,-0.288745485,-1.250224033,-5.178926084,3595,0.091938679
440,439,1782712825.339937210,-27.610353991,-13.279997629,-1.423878888,0.515756804,4.415891311,97.309135884,-0.053190626,0.532837567,-0.030680808,0.535485868,0.536148804,-0.002132533,0.015044570,0.536364081,-0.055087363,-0.456580044,1.367167689,-3.279192074,3654,0.096381158
441,440,1782712825.638785839,-27.598132575,-12.763382144,-1.461539744,0.508914886,4.688276909,93.403685758,0.012221416,0.516615485,-0.037660856,0.516760024,0.512245903,-0.077828135,0.002485779,0.518130546,0.294817583,0.247573742,-3.894790975,-4.168278985,3521,0.094545774
442,441,1782712825.939392567,-27.638369721,-12.246185708,-1.493961384,0.518008977,4.492482583,95.964791419,-0.040237146,0.517196436,-0.032421640,0.518759271,0.519587568,0.009549073,0.009995942,0.519771435,-0.199665714,-0.168452666,2.554841348,-3.576244761,3355,0.087033972
443,442,1782712826.238772869,-27.699417725,-11.708850179,-1.545734779,0.301697616,5.378015605,97.775013757,-0.061048004,0.537335529,-0.051773395,0.540792316,0.543164176,0.004795139,-0.009300443,0.543264958,-0.357904708,0.904020033,1.794371090,-5.468612842,3390,0.085833687
444,443,1782712826.538813591,-27.743711671,-11.179998561,-1.590048016,0.516195236,5.450615976,97.862118104,-0.044293946,0.528851618,-0.044313237,0.530703295,0.531802424,-0.027628516,0.005700654,0.532550139,0.206333748,0.073062124,0.086327050,-4.773072675,3399,0.091737384
445,444,1782712826.738749743,-27.689883964,-10.820328070,-1.613906250,-0.042673498,5.374709363,88.763342056,0.053827706,0.359670492,-0.023858234,0.363676071,0.349615108,-0.102432137,0.010316648,0.364457816,0.308245454,-0.088996265,-9.058004812,-3.753395420,3215,0.080750636
446,445,1782712827.038949966,-27.660123921,-10.287480511,-1.656812249,-0.057258825,4.335867267,88.464857770,0.029760044,0.532847559,-0.042905999,0.533677975,0.535039696,-0.018258544,0.007228804,0.535399950,0.013384260,-1.038547470,-0.298452598,-4.596510652,3342,0.089323683
447,446,1782712827.338836908,-27.662210007,-9.767329549,-1.692804775,0.273952994,4.519866110,92.227391522,-0.002086086,0.520150961,-0.035992526,0.520155145,0.521141547,0.016016801,0.003433101,0.521398922,0.046832444,0.189560665,3.751028043,-3.958314991,3300,0.092611042
448,447,1782712827.638945580,-27.650489586,-9.251475892,-1.711438157,0.391718587,4.047288763,91.259726027,0.011720422,0.515853657,-0.018633383,0.515986786,0.514875142,-0.031654890,0.022161280,0.516323122,0.194050619,-0.476544765,-0.963017533,-2.068174003,3490,0.091858629
449,448,1782712827.838516712,-27.576735296,-8.911116154,-1.736364460,0.330443532,5.220011347,85.391768351,0.073754289,0.340359738,-0.024926303,0.348259166,0.339570750,-0.081223813,-0.000406576,0.349150064,0.354211241,1.153911058,-5.852794475,-4.093907120,3856,0.086025566
450,449,1782712828.138872385,-27.463624149,-8.392917676,-1.771963817,0.602083818,4.375403328,81.765579398,0.113111147,0.518198478,-0.035599357,0.530399655,0.526669881,-0.071039812,0.012778497,0.531592991,0.601990119,-0.855027734,-3.611128614,-3.839818363,3605,0.093994286
451,450,1782712828.439075708,-27.371872975,-7.879475375,-1.794327114,0.178080715,4.009125619,82.001969631,0.091751175,0.513442301,-0.022363296,0.521575761,0.521476694,-0.017083693,0.017652091,0.522054969,-0.442044900,-0.363742386,0.239652094,-2.455133603,3558,0.087447640
452,451,1782712828.739196539,-27.263902256,-7.377255630,-1.814352878,0.009193923,5.276662568,80.787451576,0.107970719,0.502219745,-0.020025765,0.513694801,0.512503856,-0.036992662,0.015959953,0.514084993,-0.083962536,1.264667691,-1.213603240,-2.232475538,3657,0.087865477
453,452,1782712828.940024137,-27.136897310,-7.047819794,-1.825405060,-0.025031100,3.858331346,75.432985204,0.127004947,0.329435836,-0.011052182,0.353069719,0.345071861,-0.072621591,0.020782027,0.353242660,0.457671200,-1.396240156,-5.343661294,-1.792950890,3875,0.083841653
454,453,1782712829.239994287,-26.911359076,-6.570686226,-1.855898059,-0.502245578,4.327631052,69.835662138,0.225538234,0.477133569,-0.030492999,0.527753671,0.519397938,-0.098285136,0.004424320,0.528633862,-0.101272531,0.490065243,-5.581303790,-3.306807605,3788,0.084093734
455,454,1782712829.539664745,-26.749747848,-6.070678970,-1.880788333,-0.585070439,3.962222945,71.941994062,0.161611228,0.500007256,-0.024890274,0.525476398,0.525451505,0.020523238,0.014982774,0.526065557,-0.242062097,-0.380895506,2.098081143,-2.711905852,3817,0.084650298
456,455,1782712829.839839220,-26.455709535,-5.594690081,-1.923474336,-0.165267036,4.349584986,64.862654912,0.294038313,0.475988889,-0.042686003,0.559485435,0.545339130,-0.131949938,-0.006363453,0.561111439,0.903338114,0.489335787,-7.054439242,-4.362935466,3623,0.078718470
457,456,1782712830.039094925,-26.224914541,-5.321457148,-1.929547127,-0.382306074,4.421228702,58.077845098,0.230794994,0.273232933,-0.006072790,0.357662641,0.344860717,-0.092928093,0.019872069,0.357714192,0.295188156,0.121450930,-6.764216261,-0.972737382,3596,0.077222151
458,457,1782712830.239068270,-25.968578929,-5.057855988,-1.947812961,-0.559292840,2.782599047,52.084496260,0.256335612,0.263601160,-0.018265834,0.367686712,0.359616712,-0.078247347,0.008962779,0.368140134,0.282434391,-1.574584278,-5.999226707,-2.843985219,3724,0.077874630
459,458,1782712830.439052343,-25.684549932,-4.828611689,-1.970724392,-0.767147930,3.200183947,45.407887503,0.284028996,0.229244300,-0.022911431,0.365000575,0.356083602,-0.083146283,-0.006443411,0.365718954,0.111788228,0.501324905,-6.661798030,-3.591797699,3571,0.078273959
460,459,1782712830.739641666,-25.301587479,-4.460293026,-1.975242750,-1.240703793,2.424474745,45.316076996,0.382962453,0.368318663,-0.004518358,0.531336878,0.530572750,-0.014471615,0.024948394,0.531356089,-0.468361003,-0.774407316,-0.102114930,-0.487217467,3777,0.080531739
461,460,1782712831.038684845,-24.929613363,-4.097176645,-1.975067747,-1.283531931,2.306561617,46.528769072,0.371974116,0.363116380,0.000175003,0.519825210,0.519272361,-0.009608418,0.021958429,0.519825239,-0.094397849,-0.143578038,1.208887115,0.019289062,3874,0.077611899
462,461,1782712831.238965034,-24.584453747,-3.918542243,-1.986290319,-1.001262197,2.379634785,38.530055536,0.345159616,0.178634403,-0.011222572,0.388645610,0.367259235,-0.127638231,0.000702191,0.388807608,0.590692054,0.273900553,-7.987684407,-1.654019452,3537,0.074940304
463,462,1782712831.438930511,-24.272395276,-3.754252952,-1.990194454,-0.801825977,1.338326065,32.111489088,0.312058472,0.164289291,-0.003904135,0.352663382,0.346320823,-0.066041727,0.009331711,0.352684991,0.459276354,-0.914329866,-6.434695168,-0.634262958,3483,0.072198096
464,463,1782712831.738940001,-23.826443981,-3.457721265,-2.002440867,-0.980952178,1.649895721,35.233589724,0.445951294,0.296531687,-0.012246412,0.535540473,0.535494464,0.014108227,0.000458182,0.535680477,-0.253191605,0.269872741,3.124928206,-1.309976580,3395,0.079832176
465,464,1782712832.038917542,-23.345013306,-3.188375558,-2.010999184,-0.660150110,2.500938011,32.528076790,0.481430675,0.269345707,-0.008558317,0.551654425,0.548643398,-0.057854880,0.006251739,0.551720808,0.397708214,0.899017058,-2.688251835,-0.888810252,3355,0.075841075
466,465,1782712832.338644743,-22.868454102,-2.963702103,-2.011260682,-1.405409719,1.373688891,28.335774596,0.476559204,0.224673455,-0.000261498,0.526865103,0.522123861,-0.067078805,0.021771831,0.526865168,-0.564104092,-1.072232107,-4.204498516,-0.028437500,3461,0.079074819
467,466,1782712832.639066696,-22.382361319,-2.727831194,-2.015594906,-1.331176026,1.454062996,28.436035022,0.486092783,0.235870909,-0.004334225,0.540297399,0.539751748,-0.023313080,0.008038398,0.540314783,0.071829287,0.077893775,0.102169440,-0.459612539,3311,0.079985512
468,467,1782712832.939027548,-21.874691216,-2.522808946,-2.021790103,-1.475644548,1.357045924,25.509209340,0.507670102,0.205022248,-0.006195196,0.547506215,0.544028301,-0.061615099,0.006182494,0.547541264,-0.071966771,-0.027149975,-2.927426701,-0.648291188,3209,0.083144624
469,468,1782712833.239227772,-21.406620745,-2.295403124,-2.018577049,-1.506476074,1.466588714,27.134746254,0.468070471,0.227405822,0.003213053,0.520387715,0.520152798,0.003258677,0.015625135,0.520397634,-0.069916088,0.068210599,1.627302518,0.353759406,3217,0.085017276
470,469,1782712833.538846970,-20.925937735,-2.037668129,-2.034185403,-1.287642253,1.626848890,29.195306010,0.480683010,0.257734995,-0.015608354,0.545420466,0.545547124,0.010175366,-0.001379123,0.545643753,0.165136056,0.107013667,2.063261085,-1.639191881,3250,0.078723223
471,470,1782712833.839195251,-20.436352741,-1.805428004,-2.038042897,-2.075884865,1.263998182,27.887238268,0.489584994,0.232240125,-0.003857493,0.541875393,0.540564676,-0.036326116,0.010680187,0.541889124,-0.751422698,-0.332950040,-1.315587747,-0.407869321,3183,0.081988344
472,471,1782712834.139188290,-19.928453729,-1.643913292,-2.032558354,-2.197854307,1.575792081,21.108253753,0.507899012,0.161514712,0.005484543,0.532961920,0.524213765,-0.095358600,0.013607143,0.532990139,0.012814871,0.565314511,-6.760575953,0.589591946,2959,0.086616079
473,472,1782712834.439091206,-19.412384968,-1.470078304,-2.041612902,-3.733960649,1.157127688,20.958989050,0.516068761,0.173834988,-0.009054549,0.544559978,0.544088058,-0.023890732,0.004997181,0.544635249,-1.531951998,-0.412627721,-0.165184417,-0.952584905,2809,0.094717689
474,473,1782712834.739078999,-18.898608728,-1.327940373,-2.035713627,-4.921544983,1.571240769,17.853638386,0.513776239,0.142137931,0.005899275,0.533075244,0.530398451,-0.052017541,0.013254254,0.533107885,-1.130173246,0.616994272,-3.070645861,0.634037660,2703,0.099939125
475,474,1782712834.939193010,-18.518350677,-1.290024937,-2.050392378,-3.984706896,1.057722072,12.656024862,0.380258051,0.037915436,-0.014678751,0.382143646,0.373832277,-0.079815637,-0.011319219,0.382425459,1.058888269,-0.059959394,-5.221196724,-2.199741443,2895,0.092168493
476,475,1782712835.239491701,-17.980034887,-1.262225686,-2.043693328,-2.826275660,0.338447467,6.684424316,0.538315790,0.027799251,0.006699050,0.539033104,0.531112872,-0.091747244,0.010155052,0.539074730,1.246867842,-0.297583345,-6.006943581,0.712029575,2852,0.098416521
477,476,1782712835.538878441,-17.447975540,-1.233166832,-2.022849825,-2.455589841,-0.544317408,6.012147296,0.532059348,0.029058854,0.020843504,0.532852293,0.531692655,-0.034213185,0.022324803,0.533259804,0.374772782,-0.848517719,-0.715034879,2.240088412,2937,0.098282975
478,477,1782712835.838936806,-16.926024680,-1.187603251,-2.019933342,-2.089287774,-0.830471228,7.886813268,0.521950860,0.045563581,0.002916483,0.523935816,0.523856345,-0.009258942,-0.002459197,0.523943934,0.382843807,-0.366480706,1.860505966,0.318932999,2756,0.097165298
479,478,1782712836.139064550,-16.383945875,-1.191549788,-2.005401456,-2.431881333,-0.212223492,3.559934058,0.542078805,-0.003946537,0.014531886,0.542093171,0.536564068,-0.078485648,0.003896912,0.542287914,-0.411019454,0.773076411,-4.301843534,1.535559597,2789,0.104502656
480,479,1782712836.439477444,-15.862543002,-1.208632644,-1.984356539,-2.714013324,-0.364721539,0.402657058,0.521402873,-0.017082856,0.021044917,0.521682643,0.519410439,-0.050191982,0.017006748,0.522106951,-0.297513925,-0.018784566,-3.160861048,2.310085429,2785,0.101810237
481,480,1782712836.738876343,-15.335637941,-1.236284061,-1.981578284,-1.876975547,0.668219360,-0.898366770,0.526905060,-0.027651417,0.002778256,0.527630120,0.526704739,-0.031291257,-0.002058494,0.527637434,0.828549507,1.093293796,-1.250788050,0.301690215,2808,0.100481488
482,481,1782712837.039371014,-14.815100284,-1.239483943,-1.968130742,-2.144331285,0.387531735,0.725640572,0.520537657,-0.003199882,0.013447541,0.520547492,0.520331613,0.004320007,0.019669214,0.520721161,-0.287015589,-0.333453194,1.613937612,1.479818936,2801,0.096191246
483,482,1782712837.339493990,-14.275935717,-1.241217110,-1.967815169,-1.554915152,0.385938850,1.933065797,0.539164567,-0.001733167,0.000315573,0.539167353,0.539084912,-0.008703511,0.003638736,0.539167445,0.580774518,-0.046679536,1.206496221,0.033535031,2859,0.096425673
484,483,1782712837.638945818,-13.748543688,-1.217988514,-1.959371249,-1.666765604,-0.497744893,4.413906808,0.527392029,0.023228596,0.008443921,0.527903325,0.527806592,0.005097806,0.012142221,0.527970851,-0.129801985,-0.950299519,2.456181041,0.916379483,2981,0.092042341
485,484,1782712837.938997984,-13.215588367,-1.174817737,-1.942472132,-1.539882333,-0.651948507,6.249693587,0.532955321,0.043170778,0.016899116,0.534700936,0.534823727,0.001668680,0.012307213,0.534967915,0.141983755,-0.207777901,1.830408040,1.810219130,3077,0.100311381
486,485,1782712838.239057779,-12.697855874,-1.117709826,-1.917406814,-1.397636069,-0.660072436,8.241030070,0.517732493,0.057107910,0.025065319,0.520872583,0.521123908,-0.000107065,0.019141035,0.521475328,0.163970786,-0.062012973,1.990257032,2.755049879,3075,0.096817703
487,486,1782712838.539502621,-12.180744924,-1.039776081,-1.909600907,-1.441474141,-0.589266558,10.405829940,0.517110951,0.077933745,0.007805906,0.522950671,0.522997246,0.002963167,0.001853826,0.523008925,-0.019902600,0.017527751,2.165757879,0.855171022,3048,0.090355697
488,487,1782712838.839080811,-11.664852449,-0.974352435,-1.889897004,-1.654310841,-0.154210622,9.128982808,0.515892474,0.065423647,0.019703903,0.520024325,0.519399594,-0.029184655,0.013633069,0.520397485,-0.226277836,0.466890336,-1.265537304,2.169919080,2996,0.092319568
489,488,1782712839.139244080,-11.103703653,-0.963089655,-1.890792631,-2.140745560,0.534074281,4.773222416,0.561148796,0.011262779,-0.000895627,0.561261812,0.555823605,-0.077808841,-0.004639834,0.561262526,-0.502761275,0.813184170,-4.334275176,-0.091429043,2927,0.100244074
490,489,1782712839.439199686,-10.579909457,-0.914032939,-1.880879547,-1.854968434,0.791766721,6.648858073,0.523794197,0.049056716,0.009913085,0.526086421,0.525944461,0.004743409,0.015003831,0.526179809,0.267161056,0.187753994,1.883799020,1.079500812,2666,0.093531349
491,490,1782712839.739573956,-10.033546064,-0.855079170,-1.887922830,-1.662578935,0.657049571,8.754815459,0.546363393,0.058953769,-0.007043283,0.549534807,0.549559542,-0.004718342,0.000398334,0.549579941,0.162053194,-0.202261682,2.100381565,-0.734308897,2678,0.097772368
492,491,1782712840.039000988,-9.506019680,-0.761562499,-1.886355888,-1.483355817,0.927043167,10.804067326,0.527526384,0.093516672,0.001566941,0.535751298,0.535560681,0.011905392,0.008057759,0.535753589,0.154676143,0.210864064,2.055985136,0.167575625,2771,0.102359008
493,492,1782712840.339067221,-8.957269783,-0.751308529,-1.874463702,-1.671701899,1.188472017,5.596578309,0.548749897,0.010253970,0.011892187,0.548845692,0.540681632,-0.093294807,0.018233741,0.548974515,-0.110293208,0.399757090,-5.197848117,1.241269646,2892,0.103749208
494,493,1782712840.638858557,-8.408794644,-0.698588529,-1.875887029,-1.722264616,0.824149363,6.705843877,0.548475139,0.052720000,-0.001423327,0.551003064,0.550913107,-0.001311951,0.009971430,0.551004902,-0.073842643,-0.396300459,1.098081319,-0.148003605,2691,0.109965112
495,494,1782712840.939410210,-7.880913059,-0.627891851,-1.870271220,-1.667278372,0.902142228,8.666427865,0.527881585,0.070696677,0.005615809,0.532594581,0.532389742,0.008168373,0.013526484,0.532624188,0.025783246,0.019533885,1.961814993,0.604118432,2734,0.108052578
496,495,1782712841.239049911,-7.329164445,-0.546482017,-1.888897058,-1.812061209,1.520941382,10.409204454,0.551748614,0.081409834,-0.018625837,0.557722238,0.557940030,-0.002370539,-0.009915628,0.558033168,-0.172908705,0.568270346,1.759535583,-1.912753920,2564,0.100245358
497,496,1782712841.539206743,-6.811049341,-0.444373468,-1.878310720,-1.698790066,1.316097085,12.392733713,0.518115104,0.102108550,0.010586338,0.528080881,0.527569866,0.006035309,0.024801177,0.528186981,0.059567898,-0.266524298,1.975582682,1.148443865,2574,0.092708393
498,497,1782712841.839068890,-6.268223144,-0.406325412,-1.878735020,-1.688448687,1.090936052,8.471295939,0.542826197,0.038048056,-0.000424300,0.544158005,0.538211354,-0.079654319,0.009583449,0.544158171,0.096366028,-0.105842675,-3.925605700,-0.044675642,2543,0.102301035
499,498,1782712842.139318466,-5.723536541,-0.401704892,-1.871393435,-2.017294287,0.911723320,4.493237672,0.544686603,0.004620520,0.007341585,0.544706200,0.539187068,-0.076155842,0.015373273,0.544755673,-0.257233977,-0.059404459,-3.981041802,0.772189476,2646,0.110486196
500,499,1782712842.439088583,-5.183257932,-0.366607453,-1.877683903,-2.296628265,1.693049833,5.248878701,0.540278609,0.035097439,-0.006290469,0.541417404,0.541399248,-0.007413909,0.002064819,0.541453946,-0.291358922,0.754332024,0.782418822,-0.665662184,2585,0.108111795
501,500,1782712842.739150524,-4.636906469,-0.306917581,-1.883697053,-2.217181517,0.961464947,7.109358658,0.546351463,0.059689873,-0.006013150,0.549602403,0.549458780,0.009040834,0.010595875,0.549635297,0.023499379,-0.804643709,1.829608251,-0.626842900,2680,0.103052256
502,501,1782712843.038978338,-4.126334780,-0.234658291,-1.875980681,-2.273311854,1.283145675,8.918772650,0.510571690,0.072259289,0.007716372,0.515659631,0.515387275,0.007874005,0.016683960,0.515717362,-0.087571747,0.251945480,1.820092740,0.857314678,2524,0.096627945
503,502,1782712843.339267731,-3.613512054,-0.153348004,-1.889845436,-2.234257236,0.498403920,10.730008848,0.512822726,0.081310288,-0.013864755,0.519228766,0.519408390,0.000910147,-0.002199705,0.519413845,-0.002385061,-0.855321376,1.778823304,-1.529582478,2021,0.102184031
504,503,1782712843.638848782,-3.115192410,-0.062313647,-1.886785208,-2.220866588,0.902540790,12.377929588,0.498319644,0.091034357,0.003060228,0.506566602,0.506509838,-0.003623655,0.007330781,0.506575845,-0.001827516,0.339806434,1.662262374,0.346126266,2798,0.102891675
505,504,1782712844.039806366,-2.532628123,0.073496345,-1.892235096,-1.717535939,2.072455052,14.491752392,0.582564287,0.135809991,-0.005449888,0.598185174,0.598146279,0.007615346,0.004270715,0.598209999,0.468924630,1.087790751,2.156629228,-0.521990451,2688,0.090852343
506,505,1782712845.339418650,-1.869752164,0.188433407,-1.901638214,-2.433368675,1.668436411,11.482083809,0.662875959,0.114937062,-0.009403118,0.672766724,0.670449043,-0.055018941,0.013209129,0.672832434,-0.609383150,-0.310853278,-3.019123363,-0.800758855,2839,0.095813001
507,506,1782712845.638965130,-1.537987902,0.179884416,-1.907418257,-2.649953365,0.886865174,6.219846705,0.331764261,-0.008548990,-0.005780042,0.331874390,0.323454062,-0.074506792,0.000476113,0.331924719,-0.073721978,-0.550746168,-5.290115990,-0.997782773,2718,0.103438652
508,507,1782712846.139024734,-0.918811666,0.226545753,-1.902479511,-2.021526492,1.399577647,6.306751388,0.619176236,0.046661337,0.004938746,0.620931954,0.620436130,-0.021347466,0.013571196,0.620951595,0.627182948,0.508148300,0.110494673,0.455707485,2746,0.096327717
509,508,1782712846.639868975,-0.336802721,0.288792956,-1.907609624,-2.158723176,1.066090799,8.509572424,0.582008946,0.062247203,-0.005130114,0.585328222,0.585275265,-0.002386144,0.009089344,0.585350703,-0.192430115,-0.409919454,2.189388409,-0.502156430,2722,0.097596383
510,509,1782712846.939077139,0.009336253,0.265260263,-1.896253184,-2.135874290,-0.376988712,2.907600125,0.346138973,-0.023532693,0.011356440,0.346938001,0.338576192,-0.075105725,0.014840407,0.347123818,0.117115937,-1.226234926,-5.653583671,1.874812935,2708,0.097296261
511,510,1782712847.739108324,0.540610545,0.243027054,-1.888771098,-2.165278588,0.984408773,1.355065570,0.531274292,-0.022233210,0.007482086,0.531739306,0.529500329,-0.049268560,0.002163540,0.531791943,-0.039751202,1.418176601,-1.500939956,0.806153780,2204,0.100728893
512,511,1782712848.239169598,1.078516269,0.249976840,-1.881119128,-2.152007000,0.918021093,2.908888041,0.537905724,0.006949787,0.007651970,0.537950618,0.537708789,-0.006406747,0.016662313,0.538005038,-0.014211576,-0.124670884,1.550021568,0.814937343,2684,0.101049762
513,512,1782712848.538972616,1.447076637,0.202776010,-1.883483446,-1.697489465,0.781386812,-2.196864255,0.368560368,-0.047200831,-0.002364318,0.371570536,0.365681076,-0.065928467,0.001020055,0.371578058,0.527672728,0.058555259,-5.106682553,-0.364570445,2656,0.095354309
514,513,1782712849.039199114,2.035024599,0.191304212,-1.875424838,-1.925964912,1.081513001,1.465552764,0.587947963,-0.011471798,0.008058608,0.588059869,0.587791006,0.010593443,0.016397014,0.588115082,-0.281844766,0.193191669,3.669131455,0.785116154,2721,0.096061642
515,514,1782712849.438899755,2.546654934,0.216176405,-1.883225325,-1.881236777,1.103244816,3.655373730,0.511630334,0.024872193,-0.007800487,0.512234541,0.512155105,0.011709244,0.002261495,0.512293932,0.001999930,-0.051055465,2.188935723,-0.872452732,2909,0.090784323
516,515,1782712849.839390516,3.051101892,0.255435669,-1.891464478,-1.839731004,1.674740949,6.254016872,0.504446959,0.039259264,-0.008239153,0.505972355,0.505988527,0.006965222,0.001733049,0.506039433,-0.010379905,0.487075601,2.615043301,-0.932910561,2754,0.086868555
517,516,1782712850.439450741,3.565184426,0.332606906,-1.886795288,-1.944871078,1.283729771,9.300290876,0.514082534,0.077171237,0.004669190,0.519842525,0.519071507,0.020061716,0.020502461,0.519863494,-0.196662540,-0.486174578,3.031552144,0.514612904,2373,0.088944807
