kf_id,timestamp,ground_valid,candidate_points,inlier_points,inlier_ratio,normal_l_x,normal_l_y,normal_l_z,sensor_height_m,ground_roll_deg,ground_pitch_deg,predicted_roll_deg,predicted_pitch_deg,roll_error_deg,pitch_error_deg,reference_tilt_error_deg,relative_normal_error_deg,world_z
0,1782712600.439100981,1,738,249,0.337398374,-0.011573055,0.014889244,0.999822172,0.309022299,0.853179482,0.663101982,0.853179482,0.663101982,0.000000000,0.000000000,0.000000000,nan,0.000000000
1,1782712634.539945602,1,746,261,0.349865952,0.009445359,0.023743808,0.999673455,0.178089136,1.360608527,-0.541187237,0.690190770,1.107457505,0.670417757,-1.648644742,1.779732414,1.779732414,0.004802455
2,1782712635.238994122,1,730,314,0.430136986,-0.000948949,0.028772361,0.999585539,0.168589602,1.648763120,0.054370770,0.609183959,1.493524496,1.039579161,-1.439153726,1.775284273,0.457855218,0.002994601
3,1782712636.039057016,1,690,284,0.411594203,-0.011202732,0.008588568,0.999900363,0.282931155,0.492125660,0.641882709,0.572793230,0.895061216,-0.080667570,-0.253178507,0.265716827,1.624281091,0.010386413
4,1782712636.838798761,1,735,287,0.390476190,-0.004743803,0.018147059,0.999824075,0.221692419,1.039818685,0.271800934,0.612479052,1.161294429,0.427339634,-0.889493494,0.986805760,0.821181700,0.007715229
5,1782712637.639343262,1,780,321,0.411538462,-0.006033697,0.005610669,0.999966057,0.242326357,0.321475212,0.345707497,0.672756030,1.484391823,-0.351280818,-1.138684326,1.191622705,0.816607090,0.024713528
6,1782712638.538799286,1,726,282,0.388429752,0.032639768,0.065561176,0.997314583,0.013537653,3.761081751,-1.870453186,0.440572048,0.485824659,3.320509703,-2.356277844,4.071199488,3.812490071,0.019703931
7,1782712639.439227819,1,737,301,0.408412483,0.000251557,0.010262541,0.999947307,0.235423326,0.588010599,-0.014413168,0.735196485,1.229274129,-0.147185886,-1.243687297,1.252365159,3.588977943,0.026905436
8,1782712640.039221048,1,729,288,0.395061728,0.029993059,0.030059614,0.999098011,0.132767902,1.723324011,-1.718733473,0.769399275,0.666919706,0.953924736,-2.385653179,2.569261632,1.579580097,0.031987292
9,1782712640.638701916,1,675,376,0.557037037,0.014871647,0.028565834,0.999481279,0.151878091,1.637105489,-0.852114015,0.536813687,0.764993579,1.100291803,-1.617107594,1.955913586,0.706719888,0.041648149
10,1782712641.339142799,1,733,290,0.395634379,-0.006225220,0.024642138,0.999676954,0.245766791,1.412060807,0.356681163,0.966486183,1.460024009,0.445574624,-1.103342846,1.189893335,0.820904846,0.048726368
11,1782712641.939330339,1,680,352,0.517647059,0.011205556,0.051852137,0.998591904,0.077858016,2.972428302,-0.642044498,0.866564723,1.924809369,2.105863579,-2.566853867,3.319955195,2.193442576,0.050338591
12,1782712642.539551735,1,671,290,0.432190760,-0.003815932,0.018346027,0.999824416,0.251352074,1.051216532,0.218637330,0.622771236,1.321696512,0.428445296,-1.103059182,1.183328396,2.204381369,0.045230856
13,1782712643.139410019,1,684,329,0.480994152,0.012814102,0.039141130,0.999151525,0.158208489,2.243378838,-0.734214042,0.682529915,0.837462059,1.560848923,-1.571676100,2.215007986,1.182072121,0.047340665
14,1782712643.739411354,1,725,271,0.373793103,0.007645030,0.069149176,0.997577037,0.069022613,3.965236215,-0.438032207,1.232116387,1.131754500,2.733119827,-1.569786707,3.151734942,1.018633598,0.053996815
15,1782712644.338730097,1,768,320,0.416666667,-0.000324067,0.062102465,0.998069726,0.093809018,3.560500447,0.018567678,1.193740117,1.397752026,2.366760331,-1.379184348,2.739083346,0.414822572,0.056507181
16,1782712644.939053297,1,713,337,0.472650771,0.007466824,0.027688203,0.999588720,0.159045919,1.586664198,-0.427821462,0.741895722,1.309972993,0.844768476,-1.737794455,1.932217984,1.474191164,0.063276746
17,1782712645.439392090,1,720,321,0.445833333,-0.018080410,0.009130772,0.999794843,0.291090698,0.523247516,1.035987614,0.402201262,1.526075327,0.121046254,-0.490087712,0.504807635,1.436574804,0.054953996
18,1782712645.939478397,1,795,372,0.467924528,-0.007521503,0.023333801,0.999699435,0.137121144,1.337087521,0.430954458,-0.762430896,2.226085219,2.099518417,-1.795130761,2.761836582,2.368104599,0.052169110
19,1782712646.439604282,1,781,342,0.437900128,0.025800206,0.074071088,0.996919166,0.084540547,4.249268189,-1.478406965,1.447488747,0.076673996,2.801779441,-1.555080961,3.204151680,0.827884858,0.057880987
20,1782712647.039523125,1,752,303,0.402925532,0.002292030,0.077389648,0.996998289,0.052577129,4.438549975,-0.131323786,1.794423199,1.236073853,2.644126775,-1.367397639,2.976608958,0.391536875,0.057705729
21,1782712647.639162302,1,858,330,0.384615385,-0.018885757,0.022003461,0.999579500,0.317522927,1.261032171,1.082138495,1.828876397,1.543998750,-0.567844227,-0.461860256,0.731840755,3.305922843,0.050934842
22,1782712648.239159346,1,882,316,0.358276644,-0.013018076,0.025775739,0.999582984,0.302991729,1.477129839,0.745901873,2.122442324,1.402289305,-0.645312485,-0.656387431,0.920392186,0.230330606,0.052501335
23,1782712654.339290619,1,1048,343,0.327290076,0.027699441,0.054445405,0.998132476,0.040181846,3.122234364,-1.587264079,1.521940465,1.499299606,1.600293899,-3.086563685,3.476664359,3.355167075,0.071067215
24,1782712654.939694643,1,1028,339,0.329766537,-0.016682977,0.007044700,0.999836012,0.349162275,0.403691092,0.955908494,1.365022567,1.307354482,-0.961331476,-0.351445989,1.023381221,3.710692229,0.066843489
25,1782712655.238844872,1,930,368,0.395698925,0.020579333,0.068648393,0.997428639,0.075945932,3.937194221,-1.179192190,1.617897580,1.347688708,2.319296640,-2.526880898,3.429778479,3.855592113,0.058160417
26,1782712655.739614010,1,981,323,0.329255861,0.034469971,0.048947328,0.998206382,0.085507552,2.807265958,-1.975375196,1.367800070,1.641457565,1.439465888,-3.616832761,3.892664323,1.521647402,0.058220611
27,1782712656.239113331,1,1035,358,0.345893720,0.016566186,0.067831026,0.997559278,0.093307285,3.889952598,-0.949215940,1.295700295,1.887642532,2.594252304,-2.836858472,3.843967272,1.292127562,0.059263280
28,1782712656.739402771,1,922,388,0.420824295,0.017798769,0.065701575,0.997680564,0.083645777,3.767734270,-1.019848179,1.093631593,1.645824362,2.674102677,-2.665672540,3.775596875,0.120807822,0.049469414
29,1782712657.139227390,1,991,358,0.361251261,-0.015068635,0.053531593,0.998452455,0.114439812,3.068949897,0.863401859,0.939263867,1.690185225,2.129686030,-0.826783366,2.284032037,1.929174535,0.039944846
30,1782712657.539804459,1,1003,349,0.347956132,0.013890996,0.062703698,0.997935512,0.076769395,3.595362997,-0.795921058,1.344325165,1.685253429,2.251037832,-2.481174487,3.349970285,1.593194453,0.035169553
31,1782712657.939166069,1,1107,350,0.316169828,0.010383986,0.062104552,0.998015630,0.137415646,3.560812336,-0.594969254,2.046284802,1.422086941,1.514527534,-2.017056195,2.522291202,0.844749494,0.039485895
32,1782712658.339301348,1,1173,385,0.328218244,0.001554178,0.034173424,0.999414710,0.217423328,1.958376642,-0.089047884,1.220869054,2.009087666,0.737507588,-2.098135550,2.223932715,0.842040962,0.053020123
33,1782712658.739610195,1,1156,402,0.347750865,0.007111485,0.040624521,0.999149176,0.126707416,2.328313186,-0.407461533,0.788678828,1.935805867,1.539634359,-2.343267400,2.803680413,0.839263949,0.046160894
34,1782712658.938752174,1,1188,359,0.302188552,-0.000542123,0.024432538,0.999701334,0.240624043,1.400020829,0.031061373,1.128042249,1.812135805,0.271978580,-1.781074432,1.801714013,1.572167196,0.043197700
35,1782712659.439399004,1,1196,320,0.267558528,-0.028428219,0.025840349,0.999261784,0.240944964,1.481306587,1.629036434,0.637647045,2.836469658,0.843659542,-1.207433224,1.472599626,0.884328296,0.026558914
36,1782712659.839411020,1,1182,335,0.283417936,0.004521900,0.046014837,0.998930522,0.178130013,2.637414234,-0.259086678,0.954278484,2.016009535,1.683135750,-2.275096213,2.829835749,1.367339519,0.015096824
37,1782712660.239317894,1,1163,363,0.312123818,-0.009434933,0.041668031,0.999086962,0.174597514,2.388200049,0.540589845,1.131932272,1.929718663,1.256267776,-1.389128818,1.872719111,0.968002100,0.016653923
38,1782712660.639229059,1,1317,368,0.279422931,0.005485199,0.037592874,0.999278084,0.180465552,2.154453070,-0.314280329,1.289847031,2.088070847,0.864606040,-2.402351176,2.553144355,1.047382480,0.010696660
39,1782712661.038847446,1,1207,363,0.300745650,0.015823544,0.043511405,0.998927612,0.166579468,2.494119663,-0.906660144,1.109927495,1.873687170,1.384192168,-2.780347314,3.105769895,0.701521295,0.002499331
40,1782712661.438846588,1,1140,334,0.292982456,-0.002107289,0.051471769,0.998672227,0.158646014,2.950425429,0.120738835,1.122789552,2.148097306,1.827635877,-2.027358471,2.729244787,0.969427137,-0.001651550
41,1782712661.839269876,1,1149,344,0.299390775,0.004878414,0.046508132,0.998905999,0.124349264,2.665712971,-0.279513619,0.802174925,2.231095800,1.863538046,-2.510609419,3.126398956,0.434549870,-0.005507355
42,1782712662.239300251,1,1144,332,0.290209790,0.014131790,0.060093370,0.998092721,0.049894698,3.445516621,-0.809718886,0.499947895,2.021233755,2.945568726,-2.830952641,4.085086572,1.068564524,-0.013254997
43,1782712662.438988209,1,1073,367,0.342031687,0.013958328,0.027317285,0.999529355,0.126279778,1.565512427,-0.799779268,0.044474184,2.460974613,1.521038244,-3.260753881,3.597910820,1.875130436,-0.017444214
44,1782712662.839632988,1,1103,357,0.323662738,0.017923484,0.037241639,0.999145539,0.129351799,2.134625340,-1.026994991,-0.079578080,2.431945071,2.214203420,-3.458940061,4.106669761,0.597213765,-0.026132322
45,1782712663.238767147,1,1052,327,0.310836502,-0.003962278,-0.000663586,0.999991930,0.300156348,-0.038020989,0.227022390,0.093380093,1.607465872,-0.131401081,-1.380443482,1.386681359,3.078595627,-0.040040821
46,1782712663.639386654,1,969,362,0.373581011,0.009054737,0.017339759,0.999808654,0.230728982,0.993585545,-0.518805328,-0.025173441,1.710097457,1.018758985,-2.228902786,2.450639592,1.354661995,-0.030075128
47,1782712664.039479256,1,921,305,0.331161781,-0.007674784,0.013363392,0.999881252,0.262514571,0.765711306,0.439737039,0.503619922,2.453717793,0.262091384,-2.013980755,2.030950395,0.702750548,-0.051777740
48,1782712664.439466953,1,880,299,0.339772727,0.011748402,0.048320989,0.998762763,0.140556898,2.769858576,-0.673149343,0.543598014,2.224920215,2.226260562,-2.898069557,3.654186255,2.255632641,-0.069965245
49,1782712664.840461016,1,972,329,0.338477366,-0.001051720,0.041194002,0.999150613,0.115837154,2.360911820,0.060259154,0.552850227,2.291042568,1.808061593,-2.230783414,2.871182985,0.811624950,-0.071639109
50,1782712665.238614798,1,914,353,0.386214442,0.003841368,0.052626503,0.998606877,0.139654362,3.016692367,-0.220094733,0.973990280,1.861822584,2.042702087,-2.081917318,2.916452593,0.322906504,-0.076985695
51,1782712665.639548063,1,915,372,0.406557377,0.024848289,0.061635349,0.997789380,0.077511769,3.534777932,-1.423848655,0.392563463,1.954706831,3.142214469,-3.378555486,4.613575146,1.698134354,-0.084052753
52,1782712666.039734364,1,958,326,0.340292276,-0.006955307,0.003630850,0.999969220,0.280162864,0.208037852,0.398512939,0.126029418,2.112865025,0.082008433,-1.714352087,1.716311373,3.514782259,-0.103468367
53,1782712666.538878679,1,845,384,0.454437870,-0.008440633,0.041664019,0.999096024,0.148102013,2.387948730,0.483618402,0.424773944,2.714907462,1.963174787,-2.231289061,2.971399676,1.866486647,-0.118692348
54,1782712666.939158201,1,794,317,0.399244332,0.005517302,0.059441854,0.998216522,0.018474045,3.407828108,-0.316119731,0.785642764,2.349815970,2.622185344,-2.665935701,3.738938611,0.847198846,-0.124930238
55,1782712667.339446068,1,810,375,0.462962963,0.013735597,0.057633570,0.998243310,0.029031310,3.304303217,-0.787016469,0.982102189,2.460904057,2.322201028,-3.247920527,3.992368951,0.498291177,-0.139646518
56,1782712667.739691973,1,932,364,0.390557940,0.009770126,0.060961704,0.998092288,0.105499952,3.495182454,-0.559795893,0.914513204,2.377028960,2.580669251,-2.936824853,3.909176386,0.277295447,-0.146990519
57,1782712668.140029907,1,823,386,0.469015796,-0.006752329,0.033331938,0.999421527,0.196249751,1.910176729,0.386882913,0.833337121,2.430404421,1.076839608,-2.043521508,2.309705573,1.709895840,-0.158050441
58,1782712668.640009880,1,862,304,0.352668213,0.008527497,0.030577538,0.999496021,0.161328357,1.752300726,-0.488595489,0.693526695,2.500279768,1.058774032,-2.988875258,3.170769295,0.906682520,-0.173855191
59,1782712668.939781189,1,791,310,0.391908976,0.013993218,0.042172216,0.999012359,0.117902161,2.417243616,-0.801778485,0.629540516,2.856694670,1.787703100,-3.658473155,4.071632828,0.901328135,-0.181667533
60,1782712669.338615417,1,810,320,0.395061728,0.000283291,0.021334458,0.999772354,0.215565246,1.222467188,-0.016231383,0.494820384,1.984434858,0.727646804,-2.000666241,2.128831901,1.952684005,-0.201605192
61,1782712669.839627028,1,835,285,0.341317365,-0.010482350,0.009723386,0.999897783,0.291162790,0.557148362,0.600605438,0.607141246,2.086996500,-0.049992884,-1.486391062,1.487231039,0.863857257,-0.205453464
62,1782712670.239568949,1,721,331,0.459084605,0.003630980,0.034480170,0.999398786,0.180679787,1.975972914,-0.208040272,1.286768559,2.195174064,0.689204355,-2.403214336,2.500045855,1.180907469,-0.214475533
63,1782712670.639630556,1,698,281,0.402578797,-0.011514413,0.021526916,0.999701961,0.244889211,1.233578482,0.659741846,0.639454123,2.546938295,0.594124358,-1.887196449,1.978430156,0.524164480,-0.227622211
64,1782712671.040380478,1,776,318,0.409793814,-0.001505015,0.034342733,0.999408981,0.213885595,1.968082883,0.086231019,1.112653860,2.264200846,0.855429023,-2.177969827,2.339853705,0.432936214,-0.234088858
65,1782712671.439032793,1,771,341,0.442282750,0.005960392,0.026912676,0.999620019,0.200919687,1.542196360,-0.341507345,1.091333269,2.160596921,0.450863091,-2.502104265,2.542384655,0.487975774,-0.237622291
66,1782712671.639396667,1,808,329,0.407178218,0.001517438,0.018510375,0.999827517,0.211113515,1.060628183,-0.086942846,0.304625724,2.444010051,0.756002459,-2.530952898,2.641387416,0.114088511,-0.244490756
67,1782712672.039561033,1,729,379,0.519890261,-0.007801024,0.017594045,0.999814780,0.257579349,1.008147190,0.446970286,-0.139742573,2.236284006,1.147889763,-1.789313721,2.125668114,0.935015046,-0.249289077
68,1782712672.439809561,1,700,315,0.450000000,-0.000862273,0.013684308,0.999905994,0.265706209,0.784077859,0.049404592,0.327507808,2.017354071,0.456570051,-1.967949480,2.020196292,0.691346401,-0.249133123
69,1782712672.839502811,1,730,303,0.415068493,0.003776250,0.037447404,0.999291465,0.189463762,2.146095264,-0.216363722,0.601273512,1.832940039,1.544821752,-2.049303760,2.566201605,1.010722252,-0.257652022
70,1782712673.239539146,1,781,318,0.407170294,0.020846583,0.037895651,0.999064232,0.195199629,2.172253149,-1.194507779,0.293452301,1.785068697,1.878800848,-2.979576476,3.522340024,0.967608812,-0.256970955
71,1782712673.739480019,1,724,308,0.425414365,0.002135072,0.032081362,0.999482980,0.219223020,1.838446261,-0.122330728,0.782861297,2.127423016,1.055584964,-2.249753743,2.484988358,1.120472648,-0.285741641
72,1782712674.139422655,1,691,335,0.484804631,-0.007233531,0.046706987,0.998882442,0.160329883,2.677157289,0.414454436,1.214662201,3.118742648,1.462495089,-2.704288212,3.074026012,0.640747542,-0.316903683
73,1782712674.538852453,1,731,318,0.435020520,-0.019930627,0.014365973,0.999698149,0.307609912,0.823301470,1.142016422,0.578946702,2.981153417,0.244354768,-1.839136995,1.855276726,1.632817946,-0.304757103
74,1782712674.939309359,1,701,338,0.482168331,-0.007437210,0.034153286,0.999388934,0.176430538,1.957273943,0.426124677,0.315024915,3.495288285,1.642249028,-3.069163608,3.480365406,1.899533550,-0.322721246
75,1782712675.339492083,1,709,340,0.479548660,-0.010109855,0.010826038,0.999890288,0.235739132,0.620330131,0.579261895,-0.423069080,2.883977288,1.043399211,-2.304715394,2.529674637,0.958207322,-0.345593734
76,1782712675.739576101,1,653,319,0.488514548,-0.019329522,0.011670017,0.999745058,0.280711439,0.668782828,1.107568982,0.425730557,2.864426584,0.243052271,-1.756857602,1.773569128,1.027289524,-0.374048161
77,1782712676.138749838,1,720,283,0.393055556,0.000589955,0.059302079,0.998239909,0.087283823,3.399754081,-0.033801919,0.323674792,2.364607623,3.076079289,-2.398409542,3.899914620,2.976356086,-0.377454180
78,1782712676.539356232,1,670,323,0.482089552,-0.004952790,0.021373862,0.999759285,0.227683328,1.224740356,0.283775127,0.197044519,2.544852653,1.027695837,-2.261077525,2.483515582,1.964579720,-0.393052972
79,1782712676.938895702,1,679,307,0.452135493,-0.019713420,0.006040904,0.999787422,0.320616147,0.346187686,1.129568928,0.375701281,2.262400866,-0.029513595,-1.132831938,1.133215981,1.518357555,-0.403656421
80,1782712677.339470387,1,737,372,0.504748982,-0.011348802,0.023107703,0.999668564,0.258723012,1.324177002,0.650252428,0.576067943,2.201464217,0.748109059,-1.551211789,1.722075611,0.919928090,-0.418683467
81,1782712677.738912821,1,713,355,0.497896213,0.010652970,0.035903191,0.999298492,0.139034366,2.057660313,-0.610381765,0.957897436,2.413002541,1.099762877,-3.023384307,3.217102885,1.501842852,-0.417278808
82,1782712678.138872147,1,708,326,0.460451977,-0.003457275,0.026039269,0.999654942,0.237397729,1.492117767,0.198087645,0.601129305,2.575872394,0.890988462,-2.377784748,2.539122202,0.745092909,-0.443217992
83,1782712678.239664793,1,692,353,0.510115607,-0.014494619,0.001965089,0.999893017,0.303971591,0.112603222,0.830509548,-0.118973368,2.352291236,0.231576590,-1.521781688,1.539286427,1.166805532,-0.446124290
84,1782712678.338595629,1,698,351,0.502865330,0.001643935,0.031626527,0.999498404,0.189895592,1.812371211,-0.094190556,0.203109339,2.577201795,1.609261872,-2.671392351,3.118393088,1.707193984,-0.438273449
85,1782712678.738782167,1,730,304,0.416438356,-0.001395077,0.023768950,0.999716505,0.239868324,1.361990104,0.079932061,0.357780027,2.390260161,1.004210077,-2.310328100,2.519017367,0.756047876,-0.449224843
86,1782712679.139583588,1,751,355,0.472703063,-0.008768684,0.031223611,0.999473960,0.212534570,1.789340757,0.502415022,0.478282245,2.959764899,1.311058512,-2.457349876,2.784889624,0.363562908,-0.463610280
87,1782712679.639608145,1,749,373,0.497997330,-0.012665376,0.021411117,0.999690528,0.301781027,1.226958823,0.725691994,0.802085657,2.233841006,0.424873166,-1.508149012,1.566811996,1.292361453,-0.477979572
88,1782712680.039416313,1,770,417,0.541558442,-0.008372564,0.032880377,0.999424225,0.279129209,1.884312533,0.479718181,1.047074806,1.875565765,0.837237726,-1.395847584,1.627583085,0.422607560,-0.486166949
89,1782712680.239670277,1,719,304,0.422809458,-0.016033404,0.036743253,0.999196109,0.262061297,2.105978162,0.918685717,1.023390958,2.873376427,1.082587204,-1.954690710,2.234147243,0.662356004,-0.489614806
90,1782712680.639591455,1,800,318,0.397500000,-0.028847392,0.036936305,0.998901165,0.302161031,2.117657579,1.653063136,1.353908146,2.709953577,0.763749433,-1.056890441,1.303636759,0.972907755,-0.498501853
91,1782712680.938731432,1,822,370,0.450121655,0.000129102,0.056388207,0.998408911,0.167933374,3.232520864,-0.007396977,1.440584288,2.637644428,1.791936576,-2.645041405,3.194529424,1.917588303,-0.492808689
92,1782712681.338546515,1,855,404,0.472514620,-0.012920175,0.039119855,0.999150993,0.317244739,2.242161898,0.740292082,1.234912793,1.729619982,1.007249106,-0.989327901,1.411674165,1.835386061,-0.500134021
93,1782712681.739124537,1,766,332,0.433420366,-0.039596744,0.032714464,0.998680060,0.388842734,1.876207172,2.269319593,1.394833425,2.589663424,0.481373747,-0.320343831,0.577861459,0.841201649,-0.496870856
94,1782712682.139890909,1,738,376,0.509485095,-0.046094019,0.030286396,0.998477879,0.392643125,1.737395297,2.641928853,1.295417478,2.731819967,0.441977819,-0.089891114,0.450550209,0.211688883,-0.505446537
95,1782712682.339569807,1,784,354,0.451530612,-0.056817761,0.023959395,0.998097034,0.414898409,1.375125455,3.257171989,1.150271846,2.658010071,0.224853609,0.599161919,0.639858646,0.652660774,-0.523575320
96,1782712682.738672733,1,751,334,0.444740346,-0.045721293,0.037795064,0.998238998,0.340974873,2.168282123,2.620550696,1.121184109,2.964497801,1.047098014,-0.343947105,1.100957787,1.249676393,-0.533839253
97,1782712683.139584064,1,748,332,0.443850267,-0.069788193,0.040995950,0.996719088,0.376013326,2.355299223,4.001821808,1.585421868,3.157088310,0.769877355,0.844733499,1.141912729,1.233259765,-0.551221576
98,1782712683.539482832,1,826,377,0.456416465,-0.015919280,0.028587215,0.999464530,0.292472308,1.638357622,0.912146063,0.656621617,1.482515386,0.981736006,-0.570369323,1.135208325,1.471692489,-0.558771733
99,1782712683.939690351,1,833,351,0.421368547,0.015834876,0.040985812,0.999034244,0.206876445,2.349266737,-0.907309466,-0.148568131,1.458919695,2.497834869,-2.366229160,3.440521473,2.370533193,-0.552419080
100,1782712684.139353514,1,788,290,0.368020305,-0.030600956,0.007591315,0.999502853,0.355785575,0.435158295,1.753579390,-0.187356113,0.717247086,0.622514409,1.036332303,1.208849914,3.725169334,-0.553957288
101,1782712684.339598656,1,742,265,0.357142857,0.007942483,0.037382783,0.999269455,0.222966886,2.142442461,-0.455075543,-0.624789363,0.949206227,2.767231824,-1.404281770,3.103071620,3.372382613,-0.550508888
102,1782712684.438906670,1,692,285,0.411849711,0.015296224,0.002733879,0.999879268,0.189259192,0.156658244,-0.876443257,-0.715738017,0.651288674,0.872396261,-1.527731931,1.759258951,2.053755085,-0.545587345
103,1782712684.539843082,1,593,248,0.418212479,0.018855850,0.045289276,0.998795944,0.183277465,2.596234162,-1.080424674,-0.378092239,0.266522592,2.974326401,-1.346947266,3.264970230,1.952794145,-0.542362954
104,1782712684.639396191,1,620,227,0.366129032,-0.007500020,-0.008727257,0.999933790,0.316143308,-0.500055419,0.429723517,-0.658020684,-0.077187841,0.157965265,0.506911358,0.530953624,3.323684615,-0.537781653
105,1782712685.039595127,1,593,244,0.411467116,0.056490221,0.053829965,0.996950946,0.044027274,3.090661384,-3.238375183,-0.884883917,-0.082111014,3.975545301,-3.156264169,5.074415007,5.296498795,-0.524194364
106,1782712685.438571215,1,461,198,0.429501085,0.006598017,0.041528288,0.999115543,0.189628854,2.380131902,-0.378041256,-0.925852711,0.741794081,3.305984613,-1.119835337,3.490430823,1.822041931,-0.508104274
107,1782712685.540051937,1,451,232,0.514412417,0.014289451,0.053606095,0.998459913,0.102624653,3.073190008,-0.818753071,-1.169225818,0.904407004,4.242415826,-1.723160075,4.578865130,1.246603193,-0.503912359
108,1782712685.938590527,1,462,191,0.413419913,-0.007208372,0.051371549,0.998653595,0.194233865,2.944745645,0.413012871,-0.560680743,0.408720101,3.505426388,0.004292771,3.505338858,1.819941363,-0.504837751
109,1782712686.339574575,1,449,210,0.467706013,0.019155815,0.067380361,0.997543454,0.080693282,3.864247698,-1.097614500,-0.363732098,0.577329755,4.227979796,-1.674944255,4.547483867,1.625552438,-0.490772208
110,1782712686.639676094,1,489,206,0.421267894,0.012938846,0.078122957,0.996859764,0.069388760,4.481057228,-0.741361930,-0.049213704,-0.786946414,4.530270932,0.045584484,4.530097050,1.226727278,-0.501853555
111,1782712687.038865089,1,555,229,0.412612613,-0.018674436,0.017163797,0.999678283,0.323826203,0.983632956,1.070028545,-0.138946999,-0.525165070,1.122579955,1.595193615,1.950568770,3.845925947,-0.468713444
112,1782712687.439465284,1,660,274,0.415151515,-0.020525121,-0.012463196,0.999711653,0.337279088,-0.714257518,1.176085371,-0.342183202,-0.446819906,-0.372074316,1.622905277,1.665006298,1.384813454,-0.450047754
113,1782712687.839948893,1,662,296,0.447129909,-0.011464320,-0.012298666,0.999858646,0.319076439,-0.704725764,0.656871527,-0.153947627,-0.532782988,-0.550778137,1.189654515,1.310962687,0.503438267,-0.423463912
114,1782712688.239463329,1,738,315,0.426829268,-0.020771066,0.001271276,0.999783450,0.280698089,0.072854488,1.190179986,0.124921368,-0.196084242,-0.052066879,1.386264228,1.387241555,0.463935716,-0.401320788
115,1782712688.639564276,1,787,295,0.374841169,0.014686356,0.021367648,0.999663811,0.135214132,1.224501325,-0.841496468,-0.129265100,-0.205639317,1.353766426,-0.635857151,1.495602220,2.423822201,-0.394124207
116,1782712688.939755440,1,708,254,0.358757062,0.022630054,0.078764481,0.996636362,0.008770551,4.518711218,-1.296717270,0.287313042,0.067244228,4.231398176,-1.363961499,4.445471143,2.950348530,-0.360952354
117,1782712689.339641571,1,630,205,0.325396825,0.053237813,0.046700718,0.997489237,0.005620301,2.680531751,-3.051744702,0.060679720,-0.695260177,2.619852031,-2.356484525,3.522546950,1.918447884,-0.342644289
118,1782712689.738769770,1,601,282,0.469217970,0.009537791,0.035819201,0.999312772,0.179790682,2.052821563,-0.546483478,-0.182013289,-0.562522923,2.234834852,0.016039444,2.234787733,2.491069697,-0.317131432
119,1782712690.139707804,1,623,208,0.333868379,0.023315103,0.077296499,0.996735500,0.054382930,4.434393021,-1.335978055,0.001714433,-0.637158491,4.432678588,-0.698819564,4.486748996,2.300299096,-0.290316668
120,1782712690.339567423,1,618,230,0.372168285,0.030462861,0.042375240,0.998637248,0.032605178,2.429777955,-1.745663414,0.107583938,-0.473402399,2.322194016,-1.272261015,2.647449552,2.443195368,-0.272985593
121,1782712690.738687038,1,701,271,0.386590585,-0.002262882,0.039324870,0.999223916,0.179242556,2.253735963,0.129653713,-0.057947374,0.040846219,2.311683336,0.088807495,2.313385769,1.443563562,-0.266954571
122,1782712691.139780521,1,689,284,0.412191582,-0.010875945,0.056816722,0.998325385,0.146108415,3.257305239,0.623158017,-0.015795410,0.407080725,3.273100649,0.216077292,3.280091218,0.992537994,-0.241687427
123,1782712691.538776398,1,790,310,0.392405063,-0.004372321,0.029462612,0.999556320,0.183856650,1.688343765,0.250516335,0.052630067,0.404554060,1.635713698,-0.154037725,1.642923574,1.676044564,-0.217067050
124,1782712691.939865828,1,826,340,0.411622276,-0.012035344,0.008627493,0.999890352,0.289447804,0.494360854,0.689591082,0.352066717,0.130734978,0.142294137,0.558856105,0.576685850,1.642623200,-0.189364459
125,1782712692.340049267,1,821,411,0.500609013,0.015006306,0.031367187,0.999395272,0.130315664,1.797704770,-0.859830271,0.171913320,-0.274634174,1.625791450,-0.585196097,1.727822403,1.854333665,-0.177807467
126,1782712692.739838600,1,819,368,0.449328449,0.003331096,0.030771393,0.999520898,0.141420947,1.763359105,-0.190858099,0.172958991,0.475792169,1.590400114,-0.666650268,1.724456705,0.123279201,-0.156418327
127,1782712693.138802767,1,863,402,0.465816918,0.012639902,0.044835504,0.998914416,0.126589730,2.569952042,-0.724232297,0.251578328,0.469124570,2.318373714,-1.193356867,2.607438654,0.889256072,-0.146181830
128,1782712693.539766312,1,828,322,0.388888889,0.021915192,0.055975033,0.998191625,0.183510577,3.209581911,-1.255748565,0.325757037,-1.012259604,2.883824874,-0.243488961,2.893520729,1.139791986,-0.113392755
129,1782712693.938546896,1,688,408,0.593023256,0.014280174,0.039612401,0.999113074,0.144066765,2.270449001,-0.818221500,-0.005347587,0.066791444,2.275796588,-0.885012944,2.441755986,0.899911276,-0.101711842
130,1782712694.338838816,1,705,459,0.651063830,-0.007480353,0.038849658,0.999217068,0.146382701,2.226544091,0.428596649,0.116069049,1.181687075,2.110475042,-0.753090426,2.240604014,0.208782610,-0.097017217
131,1782712694.739439249,1,735,419,0.570068027,0.006333019,0.045639767,0.998937888,0.192821947,2.615927226,-0.362857687,0.043521762,-0.339060862,2.572405464,-0.023796824,2.572467248,0.955397550,-0.089460845
132,1782712695.138872147,1,705,422,0.598581560,-0.007330529,0.044862939,0.998966256,0.230608085,2.571389227,0.420012120,-0.315459883,-0.535801421,2.886849110,0.955813541,3.040933330,1.121131249,-0.078938668
133,1782712695.539425611,1,678,385,0.567846608,0.000198994,0.046039747,0.998939589,0.214689901,2.638816030,-0.011401500,-0.284989542,-0.183890556,2.923805573,0.172489057,2.928883782,0.728502898,-0.057807216
134,1782712695.939038038,1,723,393,0.543568465,-0.018716877,0.074894964,0.997015759,0.263096775,4.295941143,1.072460684,0.382789458,0.345548892,3.913151685,0.726911792,3.979774591,1.126032427,-0.048909466
135,1782712696.338893175,1,814,432,0.530712531,-0.009794312,0.063340231,0.997943930,0.243857426,3.631733415,0.561181739,0.557084840,0.173882839,3.074648575,0.387298900,3.098877090,0.883096872,-0.024693684
136,1782712696.739500761,1,882,492,0.557823129,-0.003676815,0.044906840,0.998984413,0.177303645,2.573855411,0.210666484,0.609582542,0.054895318,1.964272869,0.155771166,1.970433825,1.129246814,-0.016885053
137,1782712697.138746500,1,895,504,0.563128492,-0.001557437,0.049789126,0.998758538,0.195005518,2.853890197,0.089234608,0.916857983,0.062574134,1.937032215,0.026660475,1.937213961,0.224353578,0.011859476
138,1782712697.538947821,1,873,490,0.561282932,-0.008520129,0.042398501,0.999064450,0.175593198,2.430071850,0.488173349,1.025598252,0.319880028,1.404473599,0.168293321,1.414485498,0.575062398,0.014704268
139,1782712697.938608646,1,886,529,0.597065463,-0.005617914,0.045684000,0.998940144,0.191955573,2.618453072,0.321884454,0.699252679,0.144944546,1.919200393,0.176939908,1.927322966,0.512856154,0.041440271
140,1782712698.338645935,1,968,520,0.537190083,0.007222372,0.038362289,0.999237796,0.186095618,2.198594110,-0.413815021,0.230432202,-0.308805255,1.968161908,-0.105009766,1.970921919,0.391609339,0.061713835
141,1782712698.739882469,1,886,422,0.476297968,0.005741068,0.028164258,0.999586822,0.193264861,1.613933160,-0.328940763,-0.186828550,-0.044785493,1.800761710,-0.284155271,1.823032039,0.295921869,0.083043212
142,1782712698.938921213,1,907,509,0.561190739,0.001519623,0.025953322,0.999662001,0.206084526,1.487184496,-0.087068000,0.029844430,-0.285813934,1.457340065,0.198745934,1.470821333,0.482600623,0.099000581
143,1782712699.439542055,1,956,471,0.492677824,-0.005186419,0.029943630,0.999538133,0.214903893,1.715923214,0.297161255,-0.418147095,-0.193345241,2.134070308,0.490506496,2.189708005,0.742983811,0.117782153
144,1782712699.838690042,1,984,570,0.579268293,-0.006870385,0.028959152,0.999556985,0.204527234,1.659508374,0.393647133,-0.380190166,0.011592710,2.039698541,0.382054423,2.075154998,0.118872310,0.132085260
145,1782712700.238860607,1,885,410,0.463276836,-0.000952365,0.033959369,0.999422761,0.205850834,1.946103586,0.054566485,-0.106733198,-0.468830732,2.052836784,0.523397217,2.118489820,0.158095992,0.152315938
146,1782712700.639799833,1,878,528,0.601366743,0.009929274,0.036067066,0.999300043,0.199753933,2.067040909,-0.568914824,-0.006751745,-0.355549558,2.073792654,-0.213365266,2.084671632,0.670216407,0.187801073
147,1782712701.038919687,1,901,546,0.605993341,0.000139312,0.045881319,0.998946888,0.220615309,2.629729152,-0.007981982,0.583268652,-0.044327264,2.046460501,0.036345282,2.046782975,0.187357326,0.212671582
148,1782712701.439393282,1,849,556,0.654888104,-0.014492921,0.041802218,0.999020785,0.219256020,2.396040529,0.830412281,0.357311588,0.734051269,2.038728941,0.096361011,2.040814888,0.115062260,0.229091862
149,1782712701.839774370,1,886,556,0.627539503,-0.019831286,0.031459426,0.999308273,0.211883301,1.803144513,1.136323467,-0.300062322,1.078865834,2.103206835,0.057457633,2.103598581,0.068333972,0.235755182
150,1782712702.238636732,1,856,511,0.596962617,-0.027653843,0.025288316,0.999297636,0.199596957,1.449622741,1.584650533,-0.601721488,1.452899269,2.051344229,0.131751264,2.054851158,0.147225027,0.247294127
151,1782712702.640464306,1,830,407,0.490361446,-0.017524587,0.022457484,0.999594193,0.207810756,1.287024896,1.004136255,-0.691427773,1.512352645,1.978452670,-0.508216390,2.042215850,0.563717320,0.255303603
152,1782712703.038702726,1,777,378,0.486486486,-0.004811994,0.019077557,0.999806427,0.200375043,1.093142493,0.275708016,-0.731179846,0.664837645,1.824322339,-0.389129629,1.865298058,0.176979379,0.275651202
153,1782712703.439749241,1,794,375,0.472292191,0.002569548,0.011053774,0.999935604,0.208585287,0.633349601,-0.147224446,-1.038043935,0.432575213,1.671393536,-0.579799659,1.769090963,0.194550433,0.280005972
154,1782712703.838937998,1,784,408,0.520408163,-0.006371246,0.012956432,0.999895764,0.183869588,0.742384724,0.365047991,-0.744183122,0.597438388,1.486567846,-0.232390397,1.504569812,0.292386104,0.301718228
155,1782712704.339961529,1,747,365,0.488621151,0.012385857,-0.010062118,0.999872664,0.127839697,-0.576570844,-0.709675480,-1.134432221,0.417022361,0.557861377,-1.126697841,1.257237163,1.266752593,0.307108055
156,1782712704.739619255,1,731,370,0.506155951,-0.026095322,0.025928890,0.999323134,0.255640419,1.486288762,1.495321532,-1.125496578,0.730612126,2.611785340,0.764709405,2.720942439,2.825981716,0.316552857
157,1782712705.138809919,1,680,374,0.550000000,0.014238950,-0.005677306,0.999882503,0.154264412,-0.325320421,-0.815859285,-1.415451707,-0.345652350,1.090131286,-0.470206935,1.187161327,1.961056672,0.333599548
158,1782712705.539065123,1,755,332,0.439735099,-0.014872538,0.021497573,0.999658273,0.273846980,1.231951396,0.852165059,-1.470146286,0.552044092,2.702097682,0.300120967,2.718509012,1.815473809,0.343192658
159,1782712705.939686298,1,768,392,0.510416667,0.001893232,0.003820298,0.999990910,0.178789521,0.218887884,-0.108474291,-1.226514892,0.458415111,1.445402775,-0.566889402,1.552583734,1.601713647,0.359356192
160,1782712706.339186430,1,771,357,0.463035019,0.018425345,-0.011775909,0.999760889,0.145644346,-0.674840075,-1.055754232,-0.897746374,-0.001696295,0.222906298,-1.054057938,1.077367032,1.271410858,0.374399736
161,1782712706.638967991,1,735,433,0.589115646,0.001750064,0.007302030,0.999971808,0.165291781,0.418379831,-0.100271356,-0.724281269,0.042183222,1.142661100,-0.142454579,1.151506269,1.191810047,0.383780632
162,1782712707.038378000,1,722,426,0.590027701,0.004083959,0.004344074,0.999982225,0.155878858,0.248899941,-0.233994258,-1.195666403,0.364700862,1.444566344,-0.598695120,1.563709073,0.546000150,0.400479408
163,1782712707.439794064,1,783,448,0.572158365,0.017831875,-0.001152582,0.999840335,0.156746241,-0.066048615,-1.021745349,-1.385073352,0.238192176,1.319024737,-1.259937525,1.824038749,0.601486904,0.412733208
164,1782712707.839098215,1,788,413,0.524111675,0.004784624,0.009321554,0.999945106,0.204447642,0.534099531,-0.274139814,-1.303303823,0.262029527,1.837403354,-0.536169341,1.914028206,0.990313612,0.428918023
165,1782712708.238997459,1,766,446,0.582245431,-0.000725224,-0.005013829,0.999987168,0.134857518,-0.287272494,0.041552279,-1.202689508,0.680405301,0.915417014,-0.638853022,1.116279332,0.894007459,0.441873972
166,1782712708.638886929,1,833,406,0.487394958,-0.030905803,0.038690174,0.998773198,0.347024813,2.218397351,1.771054097,-1.229941332,0.467495862,3.448338683,1.303558235,3.685817653,3.106076193,0.457814136
167,1782712709.039153814,1,825,388,0.470303030,0.008673783,0.006967170,0.999938110,0.175822076,0.399207658,-0.496977402,-1.034650709,0.473433127,1.433858367,-0.970410529,1.731357033,2.955941188,0.474806661
168,1782712709.438718796,1,840,450,0.535714286,-0.014984619,-0.003973999,0.999879827,0.140939726,-0.227719512,0.858587544,-1.250013497,0.750621434,1.022293985,0.107966110,1.027879018,1.166309334,0.492752865
169,1782712709.839157343,1,774,430,0.555555556,-0.010251350,0.010905564,0.999887983,0.226528357,0.624887991,0.587369406,-0.956736246,0.939359981,1.581624237,-0.351990575,1.620179212,0.765288626,0.505245024
170,1782712710.240016937,1,829,409,0.493365501,-0.004614121,0.000248583,0.999989324,0.112677051,0.014242881,0.264370601,-0.650221613,1.104217195,0.664464494,-0.839846594,1.070880238,1.107323101,0.508993293
171,1782712710.638970137,1,777,411,0.528957529,-0.010957405,0.025657027,0.999610750,0.224575900,1.470288989,0.627825603,-0.847144665,0.998203121,2.317433654,-0.370377518,2.346609920,1.747830345,0.519104019
172,1782712711.038772345,1,758,336,0.443271768,-0.022324848,0.045985808,0.998692599,0.302832731,2.636379759,1.279225824,-1.062370324,0.825794821,3.698750082,0.453431004,3.725810349,1.668496702,0.524349187
173,1782712711.439472437,1,691,376,0.544138929,-0.013298670,0.029777084,0.999468094,0.204552801,1.706504403,0.761980120,-0.969833217,1.125962538,2.676337620,-0.363982419,2.700610619,1.223185067,0.535785474
174,1782712711.839026690,1,678,365,0.538348083,-0.015061649,0.004691119,0.999875562,0.158621990,0.268812778,0.863001543,-1.147852255,0.698973890,1.416665032,0.164027653,1.425998117,1.315641418,0.549754770
175,1782712712.239212513,1,694,325,0.468299712,-0.006223607,0.002209810,0.999978191,0.118555346,0.126615366,0.356588744,-1.263053807,0.472353554,1.389669173,-0.115764810,1.394446192,0.251369173,0.571794091
176,1782712712.638984919,1,633,343,0.541864139,0.003338513,-0.003683909,0.999987641,0.155809736,-0.211074077,-0.191283039,-1.236228703,0.616744030,1.025154625,-0.808027069,1.305303736,0.755697531,0.584344605
177,1782712713.038928032,1,653,312,0.477794793,-0.002916250,-0.016881003,0.999853253,0.204397452,-0.967260289,0.167089032,-1.216733817,0.406622575,0.249473528,-0.239533543,0.345849257,0.962094642,0.603645888
178,1782712713.439787149,1,718,368,0.512534819,0.007611562,-0.007449166,0.999943285,0.154848347,-0.426822067,-0.436114578,-1.391486437,0.254442778,0.964664370,-0.690557355,1.186352900,0.847742576,0.612715678
179,1782712713.638890982,1,773,384,0.496765847,0.011485286,-0.002860834,0.999929949,0.141033835,-0.163924764,-0.658072862,-1.613053049,0.319058071,1.449128285,-0.977130933,1.747766680,0.571874266,0.627542256
180,1782712714.039111614,1,794,404,0.508816121,-0.000925500,-0.001631497,0.999998241,0.158102692,-0.093478002,0.053027250,-1.284160205,0.580015618,1.190682203,-0.526988368,1.302070499,0.537845826,0.635271886
181,1782712714.539898396,1,679,396,0.583210604,0.003080578,0.002919616,0.999990993,0.158209362,0.167282712,-0.176504423,-1.117955753,0.318790310,1.285238464,-0.495294732,1.377367761,0.166193565,0.653308777
182,1782712714.939617395,1,758,412,0.543535620,0.004358870,0.005711951,0.999974187,0.139237052,0.327275596,-0.249745628,-0.839730458,0.221714939,1.167006054,-0.471460567,1.258638324,0.127580425,0.659900383
183,1782712715.339133978,1,797,392,0.491844417,-0.002135390,-0.007829665,0.999967068,0.189747879,-0.448612364,0.122348921,-1.083570832,0.570299329,0.634958468,-0.447950408,0.777055365,0.514641939,0.673590813
184,1782712715.639476299,1,789,381,0.482889734,0.001084866,-0.011711519,0.999930829,0.184926177,-0.671036338,-0.062158234,-1.349111720,0.262149226,0.678075382,-0.324307459,0.751637495,0.052563105,0.682417254
185,1782712716.039161682,1,722,381,0.527700831,0.012479805,0.000707061,0.999921874,0.166965905,0.040514785,-0.715058698,-1.343652918,0.112651209,1.384167703,-0.827709907,1.612742276,0.870875332,0.693928637
186,1782712716.438745737,1,675,383,0.567407407,0.000477167,0.008242278,0.999965918,0.198358613,0.472253170,-0.027339683,-1.542878497,0.345738047,2.015131667,-0.373077730,2.049365006,0.808025659,0.703215391
187,1782712716.839182377,1,707,390,0.551626591,0.004914126,0.009255882,0.999945089,0.174543859,0.530336931,-0.281559812,-1.447298966,0.599447433,1.977635897,-0.881007245,2.164973520,0.437769869,0.715262228
188,1782712717.240053415,1,780,445,0.570512821,-0.002352552,0.006848025,0.999973785,0.194889100,0.392367095,0.134791414,-1.539896822,0.547153222,1.932263917,-0.412361808,1.975737267,0.516292371,0.731484259
189,1782712717.739845037,1,711,393,0.552742616,-0.006536845,-0.003166790,0.999973620,0.218400365,-0.181447906,0.374536287,-2.094997146,0.929573652,1.913549239,-0.555037365,1.992293718,0.065926358,0.749262067
190,1782712718.939767599,1,822,459,0.558394161,-0.010629575,-0.017806210,0.999784952,0.249030264,-1.020332237,0.609041245,-3.257081321,0.816243378,2.236749084,-0.207202133,2.246152197,0.460077053,0.769026470
191,1782712720.139731646,1,770,393,0.510389610,-0.014553115,-0.011528963,0.999827630,0.307692202,-0.660645540,0.833861497,-2.638856862,0.351597275,1.978211322,0.482264222,2.036039506,0.745874096,0.788862110
192,1782712725.239378691,1,814,422,0.518427518,-0.013884230,-0.009074038,0.999862436,0.251272873,-0.519961354,0.795533326,-2.432511239,1.007296399,1.912549885,-0.211763073,1.924001327,0.735863540,0.794535009
193,1782712725.638966799,1,761,430,0.565045992,-0.001453389,-0.001252861,0.999998159,0.239020991,-0.071783725,0.083273084,-1.937381642,0.337988799,1.865597917,-0.254715715,1.882892166,0.222871640,0.801633506
194,1782712726.439018965,1,821,507,0.617539586,-0.012759937,0.001102350,0.999917981,0.266027182,0.063165182,0.731110374,-1.808005755,0.557013774,1.871170937,0.174096600,1.879134153,0.526414512,0.810756912
195,1782712727.138766050,1,807,455,0.563816605,-0.019152736,-0.001241062,0.999815799,0.264646196,-0.071120668,1.097438033,-1.854925441,0.884334933,1.783804773,0.213103100,1.796222997,0.093327386,0.813925685
196,1782712727.438822031,1,711,440,0.618846695,0.006026134,0.010807688,0.999923437,0.195962584,0.619258193,-0.345274112,-1.858112361,0.452978709,2.477370554,-0.798252821,2.602780768,1.374244588,0.822359011
197,1782712728.239881992,1,737,390,0.529172320,-0.003558745,0.009733571,0.999946295,0.252750381,0.557704881,0.203901522,-1.842952776,0.094711116,2.400657656,0.109190405,2.403131050,0.698668725,0.841529483
198,1782712728.438848019,1,724,383,0.529005525,-0.021195177,0.007161991,0.999749704,0.309809769,0.410447550,1.214485111,-1.294935304,-0.018519166,1.705382853,1.233004277,2.104329145,1.138928024,0.853604048
199,1782712729.039318085,1,721,472,0.654646325,-0.013561549,0.007316377,0.999881270,0.301242573,0.419239822,0.777043331,-1.369482260,-0.565278213,1.788722082,1.342321544,2.236335516,0.233579681,0.860856144
200,1782712729.338676691,1,758,425,0.560686016,-0.027318346,0.002047428,0.999624688,0.321276283,0.117352888,1.565420673,-1.196665282,-0.582067525,1.314018170,2.147488199,2.517542451,0.703111897,0.866828475
201,1782712729.638991356,1,703,390,0.554765292,-0.002660904,0.006301985,0.999976602,0.244112409,0.361080833,0.152458762,-0.560713135,-0.751429302,0.921793968,0.903888064,1.290998417,1.396279824,0.885427552
202,1782712730.040002823,1,698,398,0.570200573,0.004119494,0.029465725,0.999557302,0.181993061,1.688520417,-0.236030298,-0.600968887,-1.234011554,2.289489304,0.997981256,2.497345106,1.538596426,0.902961179
203,1782712730.238995552,1,749,465,0.620827770,-0.004285866,0.019912657,0.999792537,0.260707205,1.140997086,0.245562786,-0.412032236,-1.470824303,1.553029322,1.716387089,2.314611964,0.787334093,0.911518141
204,1782712730.739165306,1,689,435,0.631349782,-0.004022820,0.008963275,0.999951737,0.282822465,0.513568856,0.230491202,-0.195071315,-1.209519938,0.708640171,1.440011141,1.604911176,0.912282787,0.927840189
205,1782712730.940007448,1,684,397,0.580409357,-0.003041188,0.012012534,0.999923222,0.297591911,0.688287210,0.174247515,0.080927280,-1.417893486,0.607359931,1.592141001,1.704033997,0.101837867,0.942744954
206,1782712731.139161348,1,721,495,0.686546463,-0.016562106,0.028019597,0.999470159,0.294447388,1.605835127,0.948982152,0.733151077,-1.199791701,0.872684050,2.148773853,2.319205383,0.715155368,0.949498540
207,1782712731.639526844,1,747,516,0.690763052,-0.018252388,0.025034547,0.999519946,0.302725375,1.434762813,1.045842855,0.983007086,-1.073973673,0.451755727,2.119816529,2.167413680,0.348499497,0.964882355
208,1782712732.140126228,1,758,477,0.629287599,-0.030350464,0.034173688,0.998954958,0.290597483,1.959292359,1.739220561,1.615532337,-0.187304921,0.343760023,1.926525481,1.956946237,0.218121877,0.976945814
209,1782712732.439378023,1,691,496,0.717800289,-0.035379127,0.037615262,0.998665815,0.282190265,2.157055360,2.027497765,1.888089693,0.025322256,0.268965667,2.002175509,2.020153143,0.156295234,0.974953009
210,1782712732.939017773,1,743,512,0.689098250,-0.034882389,0.023338840,0.999118871,0.280105682,1.338152948,1.999019216,1.543459499,-0.083444677,-0.205306552,2.082463893,2.092555908,0.549309225,0.985825401
211,1782712733.239175797,1,623,452,0.725521669,-0.035424206,0.033801652,0.998800568,0.260699598,1.938277991,2.030082237,2.007286167,-0.047995251,-0.069008176,2.078077488,2.079222505,0.325615893,0.987379990
212,1782712733.739217997,1,705,464,0.658156028,-0.015197873,0.033166889,0.999334269,0.263780950,1.900890954,0.870807506,1.822115420,-1.037756042,0.078775534,1.908563548,1.910188424,0.246034647,1.003142802
213,1782712734.239113808,1,660,421,0.637878788,0.011513925,0.032710396,0.999398549,0.276102965,1.874626346,-0.659713907,2.136955353,-2.136957091,-0.262329007,1.477243185,1.500339674,0.527190281,1.021415652
214,1782712734.839904785,1,675,354,0.524444444,-0.016756846,0.011655224,0.999791660,0.343795659,0.667904074,0.960141499,2.014229271,-1.637434748,-1.346325197,2.597576247,2.925682839,1.586634221,1.048255441
215,1782712735.438747644,1,644,384,0.596273292,-0.022887454,0.035754984,0.999098466,0.267410291,2.049583552,1.311469062,2.104201822,-0.509755470,-0.054618270,1.821224533,1.822043237,1.542550460,1.056552168
216,1782712736.038881302,1,666,370,0.555555556,-0.004402229,0.022980736,0.999726216,0.279587906,1.316827845,0.252229972,1.671004562,-1.544875282,-0.354176717,1.797105254,1.831666507,0.353064184,1.073497436
217,1782712736.639180660,1,659,289,0.438543247,0.012019550,0.066388062,0.997721482,0.117935537,3.806830838,-0.688686086,1.955796239,-2.315593355,1.851034598,1.626907269,2.463852892,2.345218892,1.094535271
218,1782712736.939674616,1,705,291,0.412765957,-0.012314549,0.022310457,0.999675245,0.320196172,1.278498084,0.705589535,2.183024920,-1.506265017,-0.904526836,2.211854552,2.389629216,2.600510478,1.111993057
219,1782712737.538978815,1,741,308,0.415654521,0.025042203,0.030625925,0.999217164,0.159849114,1.755561387,-1.434962547,2.365108898,-1.550479406,-0.609547510,0.115516859,0.620193559,2.147940196,1.126859877
220,1782712738.139690399,1,704,328,0.465909091,0.013089317,0.047784525,0.998771900,0.101993544,2.739129421,-0.749984019,2.044881859,-0.707602368,0.694247562,-0.042381651,0.695483919,1.315127730,1.146834238
221,1782712738.639093161,1,732,298,0.407103825,-0.001402471,0.041203487,0.999149791,0.056607432,2.361456755,0.080355707,1.766774889,-0.636523428,0.594681866,0.716879135,0.931423251,0.781626678,1.145917585
222,1782712739.139473200,1,811,300,0.369913687,0.027805692,0.054009864,0.998153184,0.127090466,3.097242432,-1.593354180,2.344605099,-1.297106493,0.752637333,-0.296247687,0.808618601,1.068465840,1.168287130
223,1782712739.639418602,1,704,376,0.534090909,0.030030521,0.039371058,0.998773291,0.098093957,2.257397270,-1.720880834,1.804263422,-0.854358245,0.453133847,-0.866522589,0.977795520,0.632713855,1.178322956
224,1782712740.039554834,1,798,359,0.449874687,0.007075681,0.053952331,0.998518443,0.061865962,3.092820035,-0.405410052,1.827710342,-0.064174390,1.265109693,-0.341235662,1.310310155,0.854797692,1.178113221
225,1782712740.539161682,1,822,359,0.436739659,0.004239050,0.054479180,0.998505909,0.120037819,3.123001266,-0.242880403,1.815647102,-0.511345950,1.307354165,0.268465547,1.334605368,0.664543069,1.186558653
226,1782712741.038999319,1,779,243,0.311938383,0.026004182,0.049979534,0.998411653,0.094302878,2.865779810,-1.490097855,2.004150612,-0.356171289,0.861629198,-1.133926566,1.424070708,1.538089566,1.189026950
227,1782712741.539435625,1,793,215,0.271122320,0.013476354,0.054869439,0.998402590,0.111329078,3.145652851,-0.772161581,2.256415529,0.129770872,0.889237322,-0.901932453,1.266563849,0.275232710,1.203885870
228,1782712741.939157724,1,712,237,0.332865169,0.028875873,0.074138344,0.996829820,0.077501156,4.253492177,-1.654695650,2.208640257,-0.288780808,2.044851920,-1.365914843,2.458809022,1.266460515,1.204875018
229,1782712742.439362288,1,785,217,0.276433121,0.021013244,0.061194367,0.997904651,0.113030969,3.509146759,-1.204058829,1.465384639,-0.682724896,2.043762121,-0.521333934,2.108931347,0.921461914,1.212012884
230,1782712742.738797426,1,862,212,0.245939675,0.002601655,0.079082277,0.996864697,0.125044818,4.535832351,-0.149064025,1.592438805,-0.110520948,2.943393546,-0.038543077,2.943638282,0.907205194,1.226433382
231,1782712743.138864517,1,805,226,0.280745342,0.010936904,0.077967895,0.996895878,0.144643451,4.472037785,-0.626650954,2.218547436,-0.252138089,2.253490348,-0.374512864,2.284329631,0.717360363,1.220354588
232,1782712743.640141964,1,917,208,0.226826609,-0.014632465,0.102437378,0.994631829,0.171351900,5.880174689,0.838408431,2.187635986,0.051249421,3.692538703,0.787159010,3.775370811,1.934708285,1.220769492
233,1782712744.139630318,1,961,196,0.203954214,0.003627938,0.094393148,0.995528388,0.182384548,5.416428544,-0.207866015,2.519191296,-0.233753319,2.897237248,0.025887304,2.897331356,1.170289140,1.222775956
234,1782712744.639386654,1,867,249,0.287197232,0.007897091,0.056679329,0.998361202,0.118006517,3.249329081,-0.452474681,1.892346360,0.272033191,1.356982721,-0.724507872,1.538273272,1.725209991,1.207981828
235,1782712745.139078140,1,992,262,0.264112903,0.021956723,0.057346501,0.998112860,0.069379375,3.288309645,-1.258128678,1.761353640,-0.097510229,1.526956005,-1.160618449,1.917869588,0.504760964,1.216503055
236,1782712745.639407635,1,992,304,0.306451613,0.011338821,0.061204661,0.998060830,0.101820857,3.509187744,-0.649680497,1.853459789,-0.199706290,1.655727955,-0.449974207,1.715735156,0.774472385,1.205737153
237,1782712746.140045404,1,945,268,0.283597884,0.013871338,0.070384926,0.997423455,0.107602610,4.036485388,-0.794794614,1.435286160,-0.167490232,2.601199229,-0.627304381,2.675668776,0.970214870,1.216911178
238,1782712746.638871670,1,889,309,0.347581552,0.009722061,0.046020199,0.998893199,0.152561113,2.637819502,-0.557041864,1.391320464,0.155429084,1.246499038,-0.712470947,1.435735211,1.410001675,1.223373549
239,1782712747.139101028,1,897,253,0.282051282,0.015302085,0.052337385,0.998512215,0.127828651,3.000433625,-0.876779131,1.436830119,-0.440391135,1.563603506,-0.436387995,1.623254619,0.439605540,1.224677283
240,1782712747.739578724,1,881,229,0.259931896,0.015071606,0.046918860,0.998784995,0.141656604,2.689545685,-0.863572105,1.628720100,-0.473434955,1.060825585,-0.390137150,1.130221382,0.497224814,1.228247465
241,1782712748.339452028,1,918,253,0.275599129,0.010173012,0.053140451,0.998535228,0.144616963,3.046316172,-0.582880689,1.663371879,-0.372517454,1.382944293,-0.210363236,1.398803957,0.336578749,1.232736866
242,1782712748.839469910,1,877,238,0.271379704,0.020202422,0.059547901,0.998020997,0.073973461,3.414560680,-1.157592286,1.972815276,-0.377020239,1.441745404,-0.780572048,1.639364992,0.523257620,1.247333330
243,1782712749.240041494,1,830,234,0.281927711,0.011553619,0.066855121,0.997695799,0.122318804,3.833631789,-0.661988321,1.620539391,-0.451179090,2.213092399,-0.210809232,2.223004891,0.988924737,1.244898243
244,1782712749.639061928,1,867,198,0.228373702,-0.007343469,0.397667621,0.917500156,0.582868506,23.433120515,0.420753555,1.814953886,-0.140875198,21.618166629,0.561628753,21.625308849,19.402809048,1.245034962
245,1782712750.038989067,1,905,244,0.269613260,-0.006216266,0.051757068,0.998640358,0.256022170,2.966844508,0.356168116,2.104410910,-0.700600105,0.862433598,1.056768222,1.364009889,20.797516995,1.246656180
246,1782712750.440222263,1,909,217,0.238723872,-0.020670848,0.038609013,0.999040570,0.286745275,2.213156536,1.184436701,2.002940246,0.074121197,0.210216289,1.110315504,1.130037474,0.686647900,1.249834872
247,1782712750.839049339,1,898,234,0.260579065,0.023909325,0.080430904,0.996473388,0.018701703,4.614656570,-1.370033976,2.261196558,-0.182026263,2.353460012,-1.188007713,2.636080743,3.140051982,1.261332346
248,1782712751.239197493,1,942,282,0.299363057,-0.006479104,0.031819523,0.999472631,0.256559673,1.823470435,0.371227892,2.300117557,-0.146457560,-0.476647122,0.517685452,0.703696160,3.311190658,1.267546685
249,1782712751.539199114,1,998,266,0.266533066,0.002315051,0.062756857,0.998026161,0.171641642,3.598077110,-0.132642788,2.369793309,0.222074918,1.228283801,-0.354717706,1.278475658,1.937763305,1.266667088
250,1782712751.940724373,1,955,252,0.263874346,-0.009850938,0.027551497,0.999571845,0.223103338,1.578860932,0.564426299,2.192832344,0.311343960,-0.613971412,0.253082340,0.664069978,1.939067983,1.275226405
251,1782712752.339972258,1,964,258,0.267634855,-0.023334076,0.028720655,0.999315088,0.301678826,1.646246964,1.337065442,2.302471909,0.568690977,-0.656224945,0.768374465,1.010398408,0.490207495,1.263390533
252,1782712752.739382982,1,963,226,0.234683281,0.028246603,0.035429242,0.998972922,0.115113232,2.031181759,-1.618626431,2.361610824,-0.499751229,-0.330429065,-1.118875202,1.166629463,1.935609558,1.269153444
253,1782712753.139682531,1,929,300,0.322927879,-0.011427638,0.051652852,0.998599716,0.173912850,2.961001527,0.654769676,1.991490005,0.596444723,0.969511521,0.058324954,0.971206593,1.761590207,1.269505526
254,1782712753.539552212,1,898,236,0.262806236,0.009984624,0.065468741,0.997804666,0.099884253,3.753954752,-0.572086333,2.106444848,0.823406826,1.647509904,-1.395493160,2.159060630,1.619922037,1.266032252
255,1782712753.939624310,1,774,190,0.245478036,0.009499946,0.053233658,0.998536894,0.204609247,3.051644138,-0.544314986,2.112295215,-0.255678007,0.939348923,-0.288636979,0.982671274,1.325348965,1.263769405
256,1782712754.340375900,1,796,184,0.231155779,-0.004843143,0.056188943,0.998408407,0.233171605,3.221123561,0.277492746,2.044977819,-0.030458333,1.176145742,0.307951079,1.215789009,0.644020166,1.267733923
257,1782712754.839377403,1,844,168,0.199052133,0.040485590,0.065312733,0.997043211,0.001684226,3.747886795,-2.320287598,1.725963128,-0.197264476,2.021923667,-2.123023122,2.931375298,2.658259031,1.264046127
258,1782712755.339371204,1,735,174,0.236734694,-0.012193447,0.035552841,0.999293408,0.317684836,2.037608689,0.698650378,1.922174496,-0.482298336,0.115434193,1.180948714,1.186576756,3.852778071,1.261430584
259,1782712755.738689423,1,654,199,0.304281346,0.017411384,0.060566510,0.998012295,0.124813407,3.472857655,-0.997649216,1.999755140,-0.284932957,1.473102514,-0.712716259,1.636366597,2.301674953,1.274826572
260,1782712756.139328718,1,680,200,0.294117647,-0.027789046,0.024227083,0.999320178,0.359803925,1.388781896,1.592400042,1.886713869,-0.305376139,-0.497931973,1.897776181,1.961998149,3.272954207,1.264245958
261,1782712756.539719343,1,629,254,0.403815580,0.006236540,0.051236867,0.998667056,0.133616157,2.936999375,-0.357329739,2.137299918,0.075936406,0.799699458,-0.433266145,0.909522881,2.682292459,1.254066843
262,1782712756.938709497,1,652,243,0.372699387,-0.016406846,0.032276726,0.999344299,0.321505829,1.849890491,0.940085230,1.569558936,-0.400071742,0.280331555,1.340156973,1.369160752,1.871144931,1.268865128
263,1782712757.338569164,1,730,284,0.389041096,0.006064013,0.037930655,0.999261974,0.228678225,2.173827881,-0.347444481,1.165699850,-0.803716100,1.008128031,0.456271619,1.106525183,1.118312242,1.266649523
264,1782712757.738634586,1,784,316,0.403061224,-0.003160704,0.044545570,0.999002353,0.208387336,2.553130773,0.181095289,1.965787080,0.631505790,0.587343693,-0.450410501,0.740150734,1.028736733,1.280035896
265,1782712758.139319181,1,904,294,0.325221239,0.001333120,0.049342561,0.998781024,0.199985206,2.828271489,-0.076382181,1.869708836,0.018445759,0.958562653,-0.094827941,0.963241534,0.517232193,1.282413906
266,1782712758.539417028,1,937,269,0.287086446,0.006176546,0.053616602,0.998542493,0.230670155,3.073537482,-0.353892256,1.981918563,-0.416988011,1.091618920,0.063095756,1.093416156,0.232191506,1.287180510
267,1782712758.839997292,1,740,239,0.322972973,0.000874504,0.031629375,0.999499284,0.157732794,1.812532686,-0.050105382,2.302086086,0.340686911,-0.489553400,-0.390792293,0.626401371,1.664322819,1.298535968
268,1782712759.238664865,1,904,353,0.390486726,-0.026659560,0.049526972,0.998416920,0.249645775,2.839858038,1.527661267,2.105635373,1.161100435,0.734222666,0.366560832,0.820457910,1.436291854,1.289034429
269,1782712759.639307976,1,884,248,0.280542986,0.031814192,0.059099586,0.997745006,0.057111883,3.389849097,-1.823126585,1.906526223,0.002325626,1.483322874,-1.825452211,2.351973812,2.291646333,1.290138166
270,1782712760.039169312,1,939,289,0.307774228,-0.007948915,0.044567760,0.998974739,0.242268935,2.554471410,0.455444051,1.769458251,0.035547693,0.785013159,0.419896357,0.890249706,2.384238924,1.283172163
271,1782712760.439882278,1,926,343,0.370410367,-0.007783236,0.039976953,0.999170288,0.239701952,2.291190632,0.445951095,1.814677121,0.228175783,0.476513511,0.217775312,0.523911329,0.376440541,1.291059954
272,1782712760.938685417,1,799,333,0.416770964,-0.001023903,0.050752598,0.998710732,0.194780018,2.909161006,0.058665331,1.733428930,0.420393265,1.175732075,-0.361727934,1.230107418,0.896821787,1.297732358
273,1782712761.339366674,1,966,312,0.322981366,0.002690231,0.046304990,0.998923726,0.218027146,2.654039122,-0.154139054,1.601775822,-0.353233657,1.052263300,0.199094603,1.070921982,0.614364684,1.299713702
274,1782712761.738630295,1,940,305,0.324468085,0.024930131,0.057733250,0.998020721,0.081866201,3.310742052,-1.428539313,2.029743881,-0.015399454,1.280998171,-1.413139859,1.907243251,1.595463975,1.299495344
275,1782712762.340457439,1,899,325,0.361512792,0.011314224,0.040321050,0.999122716,0.150507932,2.311000431,-0.648271111,1.573443099,0.432435217,0.737557332,-1.080706328,1.308395555,0.659732802,1.326379804
276,1782712762.739249468,1,1047,366,0.349570201,0.011931680,0.047819132,0.998784744,0.132700438,2.741074981,-0.683651112,1.408750926,0.786294145,1.332324055,-1.469945257,1.983866844,0.728135305,1.313458876
277,1782712763.140227795,1,1073,335,0.312208760,0.015834654,0.059013461,0.998131592,0.128096315,3.383612614,-0.907296765,1.874073514,0.446241341,1.509539100,-1.353538107,2.027469070,0.186318939,1.308940819
278,1782712763.539192200,1,1031,334,0.323957323,0.000411651,0.050183770,0.998739916,0.182197574,2.876526719,-0.023585870,1.536077395,1.206762974,1.340449324,-1.230348844,1.819423549,0.210535102,1.308578078
279,1782712764.039121866,1,967,324,0.335056877,0.003091170,0.049702153,0.998759301,0.198619605,2.848910967,-0.177111263,1.647135710,0.571266850,1.201775257,-0.748378113,1.415731594,0.430805810,1.293087042
280,1782712764.441289186,1,989,279,0.282103134,-0.015496807,0.049372884,0.998660186,0.235553558,2.830348620,0.887937171,1.947805816,0.853918460,0.882542804,0.034018710,0.883096311,0.872714392,1.283198091
281,1782712764.839481592,1,649,282,0.434514638,0.012456963,0.050982302,0.998621865,0.137040204,2.922564607,-0.713749888,1.396121734,0.528816766,1.526442873,-1.242566654,1.968223143,1.398346194,1.273736366
282,1782712765.239099026,1,806,247,0.306451613,0.009462868,0.044167279,0.998979332,0.185033720,2.531535594,-0.542190516,1.259858989,0.318608767,1.271676606,-0.860799283,1.535610699,0.488285541,1.280967028
283,1782712765.640185595,1,777,222,0.285714286,0.018388032,0.052949712,0.998427868,0.150814316,3.035728203,-1.053615997,0.550865948,0.314273051,2.484862255,-1.367889049,2.836390398,1.331338628,1.287026101
284,1782712765.940175295,1,795,203,0.255345912,0.038309120,0.042719994,0.998352349,0.081396461,2.450220170,-2.195488109,0.666427906,0.254331908,1.783792264,-2.449820018,3.030203762,1.692901164,1.265437260
285,1782712766.139400005,1,764,171,0.223821990,-0.026827609,0.102125719,0.994409683,0.191234142,5.863709937,1.537293224,1.168453461,0.050805759,4.695256476,1.486487466,4.924388785,4.551436270,1.275871151
286,1782712766.539118052,1,903,189,0.209302326,0.006652910,0.057959410,0.998296772,0.170100968,3.322765275,-0.381186455,1.269347892,0.070734701,2.053417383,-0.451921157,2.102546757,3.201354701,1.272911222
287,1782712766.940158606,1,795,174,0.218867925,0.009534193,0.032223825,0.999435203,0.071760566,1.846692805,-0.546277317,0.965214840,0.680057233,0.881477966,-1.226334550,1.510254651,1.315973762,1.267031133
288,1782712767.340101242,1,892,207,0.232062780,0.007605839,0.061765729,0.998061694,0.141751867,3.541272188,-0.435786670,1.244077951,0.646683079,2.297194236,-1.082469749,2.539422625,1.510558998,1.281263009
289,1782712767.739125013,1,859,206,0.239813737,0.011604801,0.013442259,0.999842305,0.068571383,0.770259752,-0.664921046,1.140737941,0.609100938,-0.370478188,-1.274021984,1.326793283,2.660892342,1.270909416
290,1782712768.140195847,1,890,234,0.262921348,0.019007237,0.042582849,0.998912121,0.168701419,2.440996750,-1.089100043,1.077759045,-0.354702154,1.363237705,-0.734397889,1.548365857,1.854710076,1.279959673
291,1782712768.538706064,1,988,285,0.288461538,0.026381319,0.014575550,0.999545686,0.145842954,0.835437878,-1.511713635,1.356478213,-0.297220608,-0.521040335,-1.214493027,1.321513725,1.973814477,1.289401229
292,1782712768.939429760,1,1040,326,0.313461538,-0.027883265,0.017152379,0.999464016,0.302295303,0.983189427,1.597800482,1.346156903,0.811488350,-0.362967476,0.786312132,0.866009156,1.988481364,1.279120123
293,1782712769.338507652,1,1018,346,0.339882122,-0.015285233,0.021209110,0.999658209,0.268110436,1.215425654,0.875813431,1.355257385,0.753445968,-0.139831731,0.122367463,0.185802985,0.699520442,1.278486058
294,1782712769.739564896,1,906,276,0.304635762,-0.009069505,0.016378124,0.999824735,0.239045419,0.938477933,0.519651455,1.133887988,0.475286925,-0.195410055,0.044364530,0.200375699,0.092156406,1.269769192
295,1782712770.139338017,1,837,344,0.410991637,0.012106115,0.023678374,0.999646326,0.197604302,1.356897156,-0.693646253,1.114769691,0.012623126,0.242127466,-0.706269380,0.746618599,0.869237435,1.267236701
296,1782712770.539533854,1,898,269,0.299554566,0.036687609,0.059090701,0.997578222,0.100292811,3.389905972,-2.102517021,1.434938775,-0.687057505,1.954967197,-1.415459516,2.413081659,1.821377839,1.272686235
297,1782712770.938734055,1,795,255,0.320754717,0.034566110,0.052805523,0.998006393,0.116755886,3.028753088,-1.980886808,1.930115062,-0.217949696,1.098638026,-1.762937112,2.077116535,0.841622546,1.273472027
298,1782712771.338552237,1,617,314,0.508914100,0.020186286,0.030839510,0.999320488,0.158133951,1.767614245,-1.156667558,1.868849109,0.309959413,-0.101234864,-1.466626971,1.470116339,1.327389727,1.288973520
299,1782712771.739390612,1,600,344,0.573333333,-0.007714301,0.031318552,0.999479684,0.239091122,1.794767741,0.442001254,1.640000626,0.946930259,0.154767115,-0.504929005,0.528112191,1.005341223,1.279302623
300,1782712772.139577627,1,610,302,0.495081967,0.008378700,0.031488534,0.999468994,0.222794640,1.804521768,-0.480069737,1.780232820,0.530452505,0.024288948,-1.010522242,1.010814097,0.543025023,1.284414065
301,1782712772.639946222,1,672,333,0.495535714,-0.008893091,0.023911970,0.999674512,0.312893961,1.370239755,0.509543318,1.636655222,0.359943123,-0.266415467,0.149600195,0.305537711,1.188609824,1.272835835
302,1782712773.039292097,1,646,365,0.565015480,-0.002879383,0.018336238,0.999827731,0.294143375,1.050652293,0.164976722,1.688015786,0.251650961,-0.637363493,-0.086674239,0.643225621,0.454680215,1.264685582
303,1782712773.439678907,1,741,457,0.616734143,-0.010525582,0.033605045,0.999379764,0.184182262,1.925896551,0.603082552,1.186322685,1.609621097,0.739573866,-1.006538545,1.248948098,1.635707119,1.256744467
304,1782712773.838675022,1,763,432,0.566186107,-0.030379934,0.011628699,0.999470776,0.292749168,0.666598070,1.740909887,0.790646543,1.344896535,-0.124048473,0.396013352,0.414973952,1.650548313,1.240903774
305,1782712774.239697695,1,703,386,0.549075391,-0.033027613,0.018766164,0.999278243,0.303146015,1.075872113,1.892687054,1.529247523,1.480363835,-0.453375410,0.412323219,0.612683249,0.287090987,1.226103521
306,1782712774.640416861,1,714,455,0.637254902,-0.005024191,0.029038898,0.999565656,0.280729531,1.664061259,0.287866176,1.940916139,0.238855937,-0.276854880,0.049010238,0.281156547,0.407795003,1.221041388
307,1782712775.038775444,1,681,372,0.546255507,-0.018209957,0.021087968,0.999611772,0.272998313,1.208541538,1.043411368,1.431465484,1.083653718,-0.222923946,-0.040242350,0.226489315,0.114870174,1.213522051
308,1782712775.439769030,1,775,419,0.540645161,-0.015949954,0.027687805,0.999489362,0.230641052,1.586799030,0.913903810,1.300629713,1.016162755,0.286169317,-0.102258945,0.303852790,0.514875650,1.196874076
309,1782712775.839475870,1,761,433,0.568988173,-0.008025902,0.024186510,0.999675246,0.245583498,1.385964734,0.459855254,1.451518648,0.512792172,-0.065553914,-0.052936918,0.084257481,0.353223773,1.192956563
310,1782712776.239446878,1,759,409,0.538866930,-0.019686346,0.016206306,0.999674849,0.292449728,0.928773612,1.128017411,1.473509657,0.739200324,-0.544736045,0.388817087,0.669205623,0.652611825,1.186222865
311,1782712776.638623953,1,803,470,0.585305106,-0.014296247,0.026098873,0.999557135,0.251870065,1.495677996,0.819142501,1.630376956,0.819149255,-0.134698960,-0.000006754,0.134685194,0.566940260,1.177514543
312,1782712777.039452553,1,760,390,0.513157895,-0.013519696,0.012946197,0.999824792,0.301079520,0.741850988,0.774645141,1.435834591,0.462850408,-0.693983603,0.311794733,0.760770558,0.647706950,1.173392738
313,1782712777.438618898,1,746,413,0.553619303,-0.007024524,0.018650168,0.999801394,0.256369665,1.068664225,0.402478873,1.249974412,0.405352199,-0.181310188,-0.002873327,0.181328449,0.605499259,1.172228274
314,1782712777.839170456,1,700,394,0.562857143,-0.010486143,0.018585859,0.999772277,0.273714073,1.065011180,0.600822748,1.403454154,0.341050073,-0.338442974,0.259772675,0.426635154,0.299152280,1.165105093
315,1782712778.238766432,1,697,404,0.579626973,-0.007328051,0.025224120,0.999654962,0.250400636,1.445427724,0.419870139,1.564324791,0.636472407,-0.118897067,-0.216602268,0.247086699,0.509932967,1.170359776
316,1782712778.739526272,1,777,433,0.557271557,-0.023481188,0.011895087,0.999653510,0.303483126,0.681742307,1.345496642,1.459508783,0.979213438,-0.777766476,0.366283205,0.859554003,0.885415926,1.158443800
317,1782712779.138708830,1,685,394,0.575182482,-0.012488958,0.013729574,0.999827748,0.270076664,0.786732735,0.715583161,1.285040624,0.723439349,-0.498307889,-0.007856188,0.498330528,0.483580337,1.158854914
318,1782712779.639683723,1,719,457,0.635605007,-0.027720430,0.013700943,0.999521817,0.273922940,0.785332579,1.588467119,1.174609490,1.283382043,-0.389276911,0.305085077,0.494487513,0.318519020,1.142344071
319,1782712780.039258242,1,744,381,0.512096774,-0.017197672,0.006996035,0.999827633,0.311144135,0.400905821,0.985402578,1.333946371,0.795636575,-0.933040551,0.189766003,0.952031890,0.515567328,1.133590687
320,1782712780.438906431,1,724,356,0.491712707,-0.017855580,0.023150912,0.999572515,0.277114136,1.326779626,1.023103735,1.766338474,1.170778616,-0.439558848,-0.147674882,0.463625854,0.614098052,1.144884305
321,1782712780.838776588,1,716,364,0.508379888,-0.008165543,0.028446702,0.999561959,0.242455407,1.630150242,0.467856371,1.833854249,0.822257520,-0.203704007,-0.354401149,0.408766565,0.328916073,1.132761255
322,1782712781.238838673,1,710,377,0.530985915,-0.006793843,0.026321061,0.999630454,0.263073878,1.508294698,0.389261530,1.928606591,0.558683758,-0.420311893,-0.169422229,0.453159753,0.268459221,1.131471812
323,1782712781.639393806,1,699,418,0.597997139,-0.018370903,0.018722773,0.999655925,0.280157572,1.072979654,1.052634398,1.655821734,1.040821538,-0.582842080,0.011812860,0.582864536,0.277853359,1.125809845
324,1782712782.038588047,1,727,434,0.596973865,-0.010823514,0.030735845,0.999468939,0.240282480,1.761414812,0.620153808,1.918781225,0.933088918,-0.157366413,-0.312935110,0.350268411,0.547047453,1.110729218
325,1782712782.438659668,1,707,415,0.586987270,-0.015403414,0.026571914,0.999528223,0.267818390,1.522818473,0.882585518,2.189820055,1.178451234,-0.667001582,-0.295865715,0.729577095,0.499300372,1.109779165
326,1782712782.838827610,1,729,422,0.578875171,-0.003828850,0.007547995,0.999964183,0.291109993,0.432475542,0.219377502,1.323459375,0.638992981,-0.890983833,-0.419615479,0.984825491,0.265625416,1.110391213
327,1782712783.238712549,1,722,426,0.590027701,-0.008138577,0.025684319,0.999636974,0.233722306,1.471813656,0.466311271,1.600002991,1.233142266,-0.128189335,-0.766830994,0.777469240,0.802911399,1.097050729
328,1782712783.639538527,1,722,405,0.560941828,-0.016997595,0.029616804,0.999416793,0.245234749,1.697411323,0.973937346,1.842418498,1.068544882,-0.145007174,-0.094607536,0.173121293,0.665109158,1.081068214
329,1782712784.038818836,1,690,391,0.566666667,-0.008713880,0.026926402,0.999599438,0.264448787,1.543014248,0.499274888,2.000218347,0.734292378,-0.457204099,-0.235017489,0.514046975,0.341239015,1.074866938
330,1782712784.338840723,1,739,447,0.604871448,-0.004020623,0.021632549,0.999757904,0.242682804,1.239560459,0.230365323,1.734193985,0.736935521,-0.494633526,-0.506570198,0.707994819,0.293587548,1.064110559
331,1782712784.738907337,1,815,464,0.569325153,-0.004501337,0.027504477,0.999611545,0.255393025,1.576105201,0.257908464,1.876451500,0.299311620,-0.300346298,-0.041403156,0.303183086,0.490039150,1.060393069
332,1782712785.138847589,1,818,466,0.569682152,-0.009727736,0.027299388,0.999579969,0.283412947,1.564408084,0.557367030,2.097698354,0.534761955,-0.533290270,0.022605075,0.533744944,0.237908375,1.054074453
333,1782712785.438786745,1,765,450,0.588235294,-0.022903229,0.039226847,0.998967816,0.301600560,2.248699730,1.312373129,2.686495212,0.905395403,-0.437795483,0.406977726,0.597681491,0.418892065,1.055599717
334,1782712785.838604212,1,762,504,0.661417323,-0.020734178,0.013274276,0.999696898,0.316759433,0.760745854,1.188066007,1.574708402,0.696766402,-0.813962548,0.491299605,0.950645590,0.363023420,1.040117956
335,1782712786.239428043,1,795,515,0.647798742,-0.020599429,0.013321644,0.999699053,0.341893583,0.763458544,1.180343801,1.519346524,0.198419705,-0.755887980,0.981924096,1.239130690,0.533548248,1.035951472
336,1782712786.639731407,1,811,528,0.651048089,-0.025098664,0.017764233,0.999527133,0.318447433,1.018189880,1.438198548,1.764511127,0.898478350,-0.746321247,0.539720198,0.920900429,0.487655484,1.024533621
337,1782712787.038759232,1,893,530,0.593505039,-0.023335042,0.026713652,0.999370730,0.319866997,1.531178633,1.337120808,2.141706072,0.713955868,-0.610527439,0.623164940,0.872327469,0.204959547,1.017855378
338,1782712787.338634729,1,901,544,0.603773585,-0.040320843,0.018565215,0.999014295,0.368960223,1.064635443,2.310840542,1.928872428,0.795455978,-0.864236986,1.515384565,1.744334723,0.975939072,1.013441521
339,1782712787.738823175,1,885,534,0.603389831,-0.023537513,0.022234090,0.999475678,0.318255729,1.274377629,1.348724730,2.059386595,0.731131788,-0.785008966,0.617592941,0.998724767,0.934727983,1.005908411
340,1782712788.038812637,1,856,493,0.575934579,-0.038122749,0.017239203,0.999124350,0.345906029,0.988501134,2.184802028,1.649549869,1.260893768,-0.661048735,0.923908259,1.135864174,0.438416678,1.007835985
341,1782712788.239033222,1,903,498,0.551495017,-0.037880045,0.008702308,0.999244401,0.345831338,0.498969938,2.170886070,1.368573024,0.914385238,-0.869603086,1.256500832,1.527882671,0.427460356,0.988256389
342,1782712788.539187908,1,878,515,0.586560364,-0.040201021,0.010935722,0.999131767,0.324911156,0.627090171,2.303969681,1.512310600,1.438483433,-0.885220429,0.865486247,1.237671679,0.337663876,0.974613999
343,1782712788.739305496,1,898,480,0.534521158,-0.019059000,0.011915152,0.999747360,0.351662474,0.682828138,1.092066375,1.910511869,0.643668757,-1.227683731,0.448397618,1.306871944,0.379489005,0.984234430
344,1782712788.938672066,1,859,368,0.428405122,-0.018665743,0.008765658,0.999787354,0.346723416,0.502329137,1.069530382,1.760417697,0.855382653,-1.258088559,0.214147730,1.276008477,0.036856406,0.976353741
345,1782712789.238732815,1,800,350,0.437500000,-0.041670357,-0.007401914,0.999103995,0.441285088,-0.424470981,2.388227103,2.098207827,1.039949461,-2.522678808,1.348277642,2.859330668,1.780317982,0.970091993
346,1782712789.539548635,1,808,315,0.389851485,0.003912012,0.020372539,0.999784805,0.271366382,1.167350212,-0.224142349,1.941059274,0.691425348,-0.773709062,-0.915567697,1.198693967,2.741130284,0.965409510
347,1782712789.739472389,1,820,339,0.413414634,-0.025626274,0.002517636,0.999668423,0.398896243,0.144297463,1.468438073,1.657428304,0.958204650,-1.513130841,0.510233423,1.596515362,1.753084456,0.962810702
348,1782712789.939541578,1,835,380,0.455089820,-0.019057028,0.003264049,0.999813070,0.377213326,0.187050535,1.091953365,1.821328974,1.341089466,-1.634278439,-0.249136101,1.652793588,0.594164680,0.951862555
349,1782712790.239512444,1,813,343,0.421894219,-0.020356829,0.015234019,0.999676710,0.370370517,0.873059677,1.166440964,2.043997632,1.579043161,-1.170937955,-0.412602197,1.241186292,0.541417224,0.933116217
350,1782712790.540221691,1,741,356,0.480431849,-0.018617664,0.025982542,0.999489014,0.249491022,1.489115730,1.066775227,2.009917970,3.023697348,-0.520802240,-1.956922121,2.024946236,1.536151803,0.908439421
351,1782712790.640566826,1,791,275,0.347661188,-0.030807996,0.027705656,0.999141263,0.269973139,1.588374486,1.765447484,2.126915449,2.760169467,-0.538540963,-0.994721983,1.130945955,1.047031021,0.905315091
352,1782712790.738773823,1,736,277,0.376358696,-0.007536495,0.015094682,0.999857666,0.314915628,0.864918964,0.431813450,1.794490091,2.069015887,-0.929571126,-1.637202436,1.882568443,0.779920469,0.898609662
353,1782712790.839714050,1,758,276,0.364116095,-0.013029504,0.025233046,0.999596681,0.292832919,1.446023272,0.746556712,1.937068831,2.456079478,-0.491045559,-1.709522767,1.778591470,0.250576769,0.889032112
354,1782712790.939573050,1,718,246,0.342618384,-0.005822121,0.020594366,0.999770961,0.286809689,1.180073703,0.333584863,1.633613941,2.607939322,-0.453540238,-2.274354460,2.319099911,0.541040234,0.883927828
355,1782712791.339533567,1,736,235,0.319293478,0.002779611,0.051763153,0.998655521,0.160520414,2.967147698,-0.159260174,2.212707839,3.196787540,0.754439860,-3.356047713,3.439719893,1.861270516,0.843368347
356,1782712791.439454794,1,689,187,0.271407837,-0.031064544,0.021513326,0.999285830,0.350460594,1.233313218,1.780153668,2.743296426,3.171716588,-1.509983208,-1.391562920,2.052347151,2.700600081,0.837767961
357,1782712791.538614035,1,725,236,0.325517241,0.018588800,0.060514857,0.997994193,0.120515675,3.469965879,-1.065121141,3.550119358,3.156162968,-0.080153480,-4.221284109,4.222044417,3.441012667,0.833328046
358,1782712791.739625216,1,745,183,0.245637584,-0.035765021,0.035689211,0.998722756,0.344025778,2.046585419,2.049621860,5.434734756,2.477840185,-3.388149338,-0.428218325,3.412470912,4.439785930,0.811774413
359,1782712791.939062119,1,670,173,0.258208955,-0.028793671,0.054574532,0.998094457,0.340607837,3.129743571,1.649983865,5.440411949,2.920477555,-2.310668378,-1.270493690,2.635267136,1.139753503,0.804214389
360,1782712792.039763212,1,702,158,0.225071225,-0.016079988,0.060994875,0.998008547,0.293308436,3.497372223,0.921355172,5.120143707,3.054345869,-1.622771483,-2.132990697,2.679470647,0.824900055,0.797256155
361,1782712792.138680458,1,719,152,0.211404729,-0.017933074,0.017289283,0.999689695,0.285538583,0.990811636,1.027544553,4.284377867,3.572667154,-3.293566231,-2.545122601,4.160043373,1.897102837,0.789887960
362,1782712792.639453888,1,690,187,0.271014493,-0.001311248,0.053865746,0.998547326,0.217955264,3.087777011,0.075129015,3.644677124,3.122914055,-0.556900113,-3.047785040,3.098195708,2.702739436,0.737112370
363,1782712793.038687706,1,687,210,0.305676856,0.007398999,0.070979030,0.997450366,0.077323438,4.070332990,-0.423935280,3.211692230,3.483510703,0.858640760,-3.907445983,4.000573261,1.777943850,0.707144165
364,1782712793.439028025,1,756,193,0.255291005,0.006104111,0.044226369,0.999002887,0.149627902,2.534858320,-0.349741965,3.935886667,3.818942375,-1.401028347,-4.168684340,4.397515592,2.500863138,0.678552524
365,1782712793.738503695,1,718,182,0.253481894,-0.002387373,0.061497835,0.998104362,0.214916342,3.525801275,0.136786523,3.856507589,3.278517743,-0.330706314,-3.141731220,3.159069033,1.511861012,0.628551019
366,1782712794.139419794,1,762,175,0.229658793,0.004217967,0.093954459,0.995567561,0.071426049,5.391193660,-0.241672420,3.486678969,3.104310154,1.904514691,-3.345982573,3.849607781,2.345952194,0.586919233
367,1782712794.338794947,1,714,198,0.277310924,0.032536905,0.083279460,0.995994920,0.028745092,4.779630910,-1.864556424,3.377922714,3.410556074,1.401708196,-5.275112498,5.458008017,2.393881891,0.581411559
368,1782712794.739615440,1,755,168,0.222516556,-0.011869344,0.161334232,0.986828447,0.188658327,9.285008127,0.680079282,3.477555932,2.793264192,5.807452195,-2.113184910,6.177152889,5.206112421,0.544937957
369,1782712795.138991117,1,779,205,0.263157895,0.029410353,0.066329518,0.997364239,0.089994864,3.804841969,-1.685332144,3.675487235,3.268327888,0.129354734,-4.953660032,4.955347287,6.114921264,0.506001282
370,1782712795.539533854,1,829,227,0.273823884,0.030051328,0.075881135,0.996663921,0.095703853,4.353822066,-1.722073523,3.165020496,2.977436006,1.188801570,-4.699509529,4.847440230,1.285753691,0.462265103
371,1782712795.939489126,1,839,242,0.288438617,0.004596461,0.074170032,0.997235017,0.123884069,4.253580827,-0.263358725,3.266627238,3.411179222,0.986953589,-3.674537948,3.804633656,1.082182271,0.426257736
372,1782712796.338918686,1,872,256,0.293577982,0.000373149,0.060614284,0.998161194,0.048812009,3.475073067,-0.021379892,3.430815432,4.439138689,0.044257635,-4.460518581,4.460737702,1.102351018,0.373367478
373,1782712796.738703966,1,915,210,0.229508197,-0.020840517,0.046309915,0.998709700,0.291366285,2.654889044,1.194160106,3.198478275,3.811520683,-0.543589230,-2.617360577,2.673097559,1.883768489,0.340784606
374,1782712797.138654947,1,909,207,0.227722772,0.003124145,0.067406931,0.997720675,0.105431074,3.865082276,-0.179000596,3.070982533,3.612814304,0.794099743,-3.791814900,3.873971860,1.746915144,0.285402969
375,1782712797.538991690,1,945,227,0.240211640,0.012222639,0.056401020,0.998333377,0.111963925,3.233497981,-0.700323060,2.230141630,3.870853616,1.003356351,-4.571176676,4.679858416,0.806637256,0.251810434
376,1782712798.839083433,1,1042,221,0.212092131,-0.021596571,0.010374284,0.999712940,0.298728423,0.594552025,1.237488566,1.944020325,3.696415565,-1.349468300,-2.458926999,2.804234666,3.097555407,0.218909297
377,1782712803.139016867,1,1079,244,0.226135310,-0.009946836,0.036687512,0.999277282,0.217799080,2.102615471,0.569921123,2.321891375,4.507031141,-0.219275904,-3.937110018,3.943197168,1.870030750,0.203451336
378,1782712803.838674784,1,1233,248,0.201135442,-0.013388623,-0.022769621,0.999651084,0.363916758,-1.304832907,0.767134493,1.795727686,2.773858408,-3.100560592,-2.006723915,3.691917286,3.327635376,0.158454812
379,1782712804.339623690,1,1127,263,0.233362910,0.033212101,0.049155448,0.998238798,0.108426929,2.819091625,-1.903263213,1.548870695,3.104824591,1.270220930,-5.008087804,5.166546202,5.368548318,0.125067489
380,1782712804.838779688,1,1097,268,0.244302644,-0.016466464,-0.002067130,0.999862282,0.283788732,-0.118453969,0.943501550,1.450880974,3.922463345,-1.569334943,-2.978961795,3.366308107,3.649837681,0.092154547
381,1782712805.238881826,1,1176,257,0.218537415,0.051729768,0.040102847,0.997855597,0.047060005,2.301423173,-2.965220869,1.254701474,3.867628979,1.046721699,-6.832849848,6.912459507,4.520020240,0.052667876
382,1782712805.640523195,1,1221,284,0.232596233,-0.014372948,-0.003830355,0.999889367,0.281642912,-0.219486364,0.823537589,1.450182302,4.056123622,-1.669668665,-3.232586033,3.637528176,4.531515196,0.012173660
383,1782712806.038836718,1,1175,272,0.231489362,-0.036926476,-0.004857810,0.999306178,0.308821957,-0.278523086,2.116212330,1.502630222,4.288803373,-1.781153308,-2.172591043,2.807556676,1.033724448,-0.028546251
384,1782712806.439156055,1,1148,289,0.251742160,-0.024077720,-0.016913470,0.999567005,0.355811906,-0.969397747,1.379685060,1.637411551,3.451324881,-2.606809299,-2.071639821,3.327811670,0.759981312,-0.064151546
385,1782712806.839652061,1,1228,280,0.228013029,0.025348201,0.065072095,0.997558565,0.073283938,3.732193563,-1.452500491,1.575739068,3.500129694,2.156454495,-4.952630185,5.401338639,5.315035999,-0.100761366
386,1782712807.238878965,1,1224,334,0.272875817,-0.000430135,0.040864100,0.999164621,0.117072021,2.341992820,0.024644948,1.387579591,4.074183243,0.954413229,-4.049538295,4.160302857,1.607261524,-0.138977736
387,1782712807.639765263,1,1220,342,0.280327869,-0.001236017,0.016919748,0.999856087,0.212134087,0.969477174,0.070818552,1.488420218,3.836330095,-0.518943044,-3.765511542,3.801048400,1.344867961,-0.172867919
388,1782712808.038763523,1,1327,341,0.256970610,-0.001702810,0.000604653,0.999998367,0.264408121,0.034644090,0.097563874,1.339382277,3.457643287,-1.304738186,-3.360079413,3.604212591,0.745802608,-0.207301460
389,1782712808.439014196,1,1312,392,0.298780488,-0.011166123,0.010825592,0.999879055,0.215244558,0.620311506,0.639785036,1.468344937,4.196273472,-0.848033431,-3.556488436,3.655989445,0.630898373,-0.254186928
390,1782712808.839569330,1,1366,421,0.308199122,-0.014367068,0.024637989,0.999593196,0.168454239,1.411941416,0.823200686,1.656547382,4.563338818,-0.244605966,-3.740138132,3.748107772,0.787436952,-0.298696968
391,1782712809.239456892,1,1327,489,0.368500377,0.007038617,0.048116807,0.998816916,0.108668395,2.758023268,-0.403286383,2.100631592,4.335233446,0.657391676,-4.738519830,4.783824666,1.117832038,-0.348002389
392,1782712809.638883352,1,1347,413,0.306607275,0.026226587,0.033724599,0.999086992,0.139827311,1.933308909,-1.502845050,1.290119977,3.363488802,0.643188932,-4.866333852,4.908618874,0.124978678,-0.377405646
393,1782712810.039699554,1,1559,469,0.300833868,0.021551643,0.023927684,0.999481362,0.153512440,1.371404749,-1.234913822,0.756304684,3.395283026,0.615100064,-4.630196848,4.670838298,0.246307018,-0.416667823
394,1782712810.439904928,1,1508,398,0.263925729,-0.003696748,0.009957905,0.999943585,0.187212510,0.570559257,0.211808565,0.670932936,3.330155481,-0.100373679,-3.118346916,3.119959976,1.706870361,-0.456616691
395,1782712810.839024067,1,1420,454,0.319718310,-0.002453113,0.013359295,0.999907751,0.180351082,0.765456267,0.140553191,0.366189806,4.445597123,0.399266461,-4.305043933,4.323480834,1.216763561,-0.511995304
396,1782712811.238581896,1,1417,470,0.331686662,-0.016025262,0.016660891,0.999732767,0.170873086,0.954765525,0.918219156,0.777372716,4.458625603,0.177392808,-3.540406446,3.544836629,0.779224464,-0.555472441
397,1782712811.639109135,1,1486,479,0.322341857,-0.005317907,0.030842081,0.999510123,0.159728196,1.767426356,0.304695050,1.555178120,4.118797750,0.212248236,-3.814102700,3.819992793,0.314145629,-0.604041051
398,1782712812.038697243,1,1419,523,0.368569415,-0.004400677,0.024396732,0.999692670,0.187069996,1.397982032,0.252141007,1.080042610,3.841229639,0.317939422,-3.589088632,3.603120954,0.342267704,-0.644181467
399,1782712812.438682318,1,1386,506,0.365079365,-0.012680648,0.020178984,0.999715965,0.184418556,1.156342108,0.726567065,0.868224908,4.557233460,0.288117200,-3.830666395,3.841459245,0.238338321,-0.689793246
400,1782712812.738744974,1,1399,450,0.321658327,-0.017499320,0.013744353,0.999752403,0.166684836,0.787638848,1.002688372,0.587266789,5.060121417,0.200372059,-4.057433045,4.062361717,0.571223611,-0.734990413
401,1782712813.039587021,1,1346,484,0.359583952,-0.029708212,0.016765475,0.999418001,0.160260510,0.961060201,1.702405626,0.577930358,5.545574437,0.383129844,-3.843168811,3.862135813,0.231180727,-0.779851597
402,1782712813.438744545,1,1487,436,0.293207801,-0.002212197,0.022099774,0.999753323,0.184118146,1.266329948,0.126749680,0.654307993,4.383855514,0.612021954,-4.257105833,4.300786906,0.550502461,-0.825282389
403,1782712813.739078522,1,1421,474,0.333567910,0.009260029,0.036521081,0.999289979,0.183754621,2.093058995,-0.530568134,0.953518139,3.685975600,1.139540856,-4.216543735,4.367633572,0.332647918,-0.861903649
404,1782712814.038853884,1,1432,454,0.317039106,0.020446473,0.028896699,0.999373265,0.147765271,1.656235738,-1.171578231,0.803978310,4.032693598,0.852257428,-5.204271829,5.273503124,1.174496592,-0.901045507
405,1782712814.338934898,1,1375,537,0.390545455,-0.004766597,0.025086869,0.999673911,0.161646293,1.437538847,0.273106924,0.696064250,4.525474208,0.741474597,-4.252367284,4.316386833,0.957168891,-0.940979177
406,1782712814.638971806,1,1462,432,0.295485636,-0.006199104,0.019371180,0.999793143,0.159791996,1.109977639,0.355184796,0.646574862,4.452641156,0.463402777,-4.097456361,4.123520476,0.225934827,-0.986165388
407,1782712814.939396858,1,1497,483,0.322645291,-0.004986130,0.034153033,0.999404177,0.167354745,1.957229577,0.285685394,1.111638832,4.505414393,0.845590746,-4.219728999,4.303436180,0.519537212,-1.021705203
408,1782712815.238796711,1,1516,485,0.319920844,0.006765591,0.036506670,0.999310507,0.151150801,2.092190896,-0.387642775,1.761039278,4.030101508,0.331151618,-4.417744284,4.430119721,0.497362696,-1.067756288
409,1782712815.538970232,1,1452,442,0.304407713,0.006697656,0.031288297,0.999487961,0.167251755,1.793020205,-0.383750280,1.222843878,3.606961113,0.570176327,-3.990711393,4.031189610,0.415687711,-1.101504068
410,1782712815.838822603,1,1310,501,0.382442748,-0.008203169,0.029044941,0.999544446,0.164285511,1.664442636,0.470012255,0.755109466,4.227115109,0.909333170,-3.757102855,3.865361921,0.281870870,-1.151723766
411,1782712816.139105558,1,1429,479,0.335199440,-0.017003818,0.033666146,0.999288477,0.150417706,1.929571734,0.974293967,1.290613199,4.598348997,0.638958535,-3.624055029,3.679801805,0.231279407,-1.190166191
412,1782712816.439127922,1,1434,479,0.334030683,0.015443259,0.033781734,0.999309912,0.153161796,1.936150089,-0.884868746,1.317719026,3.400351854,0.618431063,-4.285220600,4.329573862,0.651839694,-1.222133306
413,1782712816.739932537,1,1675,473,0.282388060,0.024212144,0.037564704,0.999000833,0.086506348,2.153437102,-1.387389216,2.323147383,4.268050052,-0.169710281,-5.655439267,5.657981378,1.481038316,-1.260714599
414,1782712817.038641453,1,1435,464,0.323344948,0.006344757,0.037053330,0.999293148,0.164505998,2.123528294,-0.363530261,2.123975225,3.332685622,-0.000446931,-3.696215883,3.696215910,1.989418425,-1.296283462
415,1782712817.338906288,1,1422,468,0.329113924,0.004775099,0.042433962,0.999087863,0.172961651,2.432044907,-0.273594057,2.649579590,3.942725269,-0.217534683,-4.216319326,4.221919006,0.528334609,-1.331699358
416,1782712817.738947868,1,1510,446,0.295364238,0.006123564,0.040017343,0.999180221,0.169482761,2.293480254,-0.350856538,2.783216992,4.148500460,-0.489736738,-4.499356998,4.525888709,0.304825724,-1.385355894
417,1782712818.038702965,1,1507,403,0.267418713,0.011698639,0.036506678,0.999264932,0.133700219,2.092286707,-0.670297916,2.448335597,3.852552857,-0.356048890,-4.522850773,4.536825569,0.027605159,-1.421436633
418,1782712818.339904785,1,1436,387,0.269498607,0.002605073,0.030678401,0.999525912,0.184511603,1.758024705,-0.149259867,1.770276831,3.846314441,-0.012252127,-3.995574308,3.995593066,0.542113021,-1.454610960
419,1782712818.638708830,1,1345,397,0.295167286,-0.001992956,0.026742426,0.999640371,0.182800823,1.532413863,0.114188028,1.840381397,4.699612539,-0.307967534,-4.585424511,4.595731049,0.630234502,-1.497303729
420,1782712818.939391613,1,1410,357,0.253191489,-0.013092654,0.000943656,0.999913842,0.299635193,0.054072122,0.750175272,1.579559228,3.916822263,-1.525487106,-3.166646991,3.514301014,1.994938909,-1.533961643
421,1782712819.238654375,1,1401,444,0.316916488,0.003187318,0.023150830,0.999726903,0.189550774,1.326570098,-0.182620160,1.185911222,3.780781002,0.140658877,-3.963401162,3.965892874,1.633550169,-1.567513747
422,1782712819.538903713,1,1373,430,0.313182811,0.004821346,0.026130036,0.999646926,0.175433004,1.497328635,-0.276243872,1.611903085,3.928423673,-0.114574450,-4.204667545,4.206226009,0.305645719,-1.606908389
423,1782712819.839079142,1,1514,383,0.252972259,-0.006768270,0.129962089,0.991495863,2.608465473,7.467573591,0.387796295,1.438867789,4.276927112,6.028705802,-3.889130817,7.169126697,6.295589588,-1.644460670
424,1782712820.139221668,1,1400,449,0.320714286,-0.014648198,0.004786262,0.999881254,0.286662170,0.274263109,0.839309940,1.485430277,4.415800631,-1.211167168,-3.576490691,3.775533099,7.136872974,-1.682790503
425,1782712820.439130783,1,1085,416,0.383410138,-0.004482319,0.003726684,0.999983010,0.177506983,0.213525918,0.256818800,1.563242890,4.980304045,-1.349716972,-4.723485245,4.912047427,1.179817046,-1.725942351
426,1782712820.739203215,1,1283,355,0.276695246,-0.025936960,0.015304747,0.999546417,0.253135981,0.877226795,1.486244985,2.044045026,5.441976472,-1.166818231,-3.955731487,4.123561658,0.799528581,-1.782423626
427,1782712821.038846970,1,1453,358,0.246386786,0.014971048,0.128264444,0.991626996,2.625532914,7.370143269,-0.857809906,1.544495882,3.925289015,5.825647387,-4.783098921,7.534727924,7.136370943,-1.817555763
428,1782712821.339027643,1,1477,416,0.281651997,0.007826922,0.134310946,0.990908325,2.683573963,7.719015010,-0.448454149,1.138296342,4.490679658,6.580718668,-4.939133807,8.223143165,0.757442223,-1.862242670
429,1782712821.639049768,1,1390,389,0.279856115,0.010301915,0.141680504,0.989858831,2.673815395,8.145536635,-0.590266671,1.333953032,4.075745610,6.811583603,-4.666012281,8.252313612,0.030752306,-1.904616054
430,1782712821.939051151,1,1411,408,0.289156627,0.000337462,0.007066276,0.999974977,0.210573765,0.404871157,-0.019335166,0.871009849,4.332992353,-0.466138692,-4.352327518,4.377171182,7.606537390,-1.938222026
431,1782712822.239912271,1,1335,358,0.268164794,-0.006111196,0.025811694,0.999648143,0.164704813,1.479093038,0.350147901,0.931296897,4.880465112,0.547796141,-4.530317210,4.563230526,0.931743484,-1.990227436
432,1782712822.539004564,1,1365,344,0.252014652,0.009827430,0.028992263,0.999531325,0.153776952,1.661447383,-0.563079325,1.061282375,4.566055880,0.600165008,-5.129135206,5.164062883,0.613917240,-2.025384391
433,1782712822.838533878,1,1449,412,0.284334023,-0.006520175,0.134556443,0.990884479,2.623780556,7.733137328,0.373581141,1.432725492,4.852367898,6.300411836,-4.478786756,7.723459860,5.883487014,-2.068465775
434,1782712823.139115334,1,1265,337,0.266403162,-0.013431854,0.020673814,0.999696043,0.198555910,1.184713601,0.769611694,1.404322887,5.291390377,-0.219609285,-4.521778683,4.527090758,6.364170190,-2.126003171
435,1782712823.438772917,1,1275,406,0.318431373,-0.023577152,0.002591234,0.999718662,0.256192072,0.148508234,1.350996499,1.449913616,5.193117273,-1.301405382,-3.842120775,4.055784923,1.233963482,-2.166831671
436,1782712823.739628792,1,1167,293,0.251071123,0.009330874,0.023638769,0.999677020,0.155728756,1.354586872,-0.534627474,0.893765693,4.300739018,0.460821179,-4.835366492,4.857238892,1.796278465,-2.210612227
437,1782712824.038990498,1,1248,378,0.302884615,-0.002098788,0.112180630,0.993685615,2.563618060,6.441048895,0.120251779,0.599751503,4.014916807,5.841297392,-3.894665028,7.016519344,5.167658555,-2.247241388
438,1782712824.338875771,1,1238,371,0.299676898,-0.015907440,0.124504446,0.992091526,2.593317482,7.153048870,0.911467628,0.742278172,4.862987930,6.410770699,-3.951520303,7.522747837,0.628082225,-2.286545140
439,1782712824.638889551,1,1181,305,0.258255715,-0.011818294,0.137237671,0.990467642,2.653224478,7.888587978,0.677154150,0.844668065,4.744781709,7.043919913,-4.067627559,8.125904628,0.733109336,-2.341118884
440,1782712824.938703060,1,1152,335,0.290798611,-0.019362964,0.122981512,0.992220048,2.599711905,7.065536914,1.109485441,0.706255893,5.101280516,6.359281021,-3.991795075,7.499308182,0.826496568,-2.387834263
441,1782712825.238703251,1,989,268,0.270980789,-0.011509749,-0.020886465,0.999715600,0.313641976,-1.196872597,0.659474630,0.940415671,4.418072549,-2.137288268,-3.758597918,4.322551430,8.401596538,-2.438745772
442,1782712825.539284229,1,1084,346,0.319188192,0.000845865,0.020379161,0.999791966,0.176522997,1.167721180,-0.048464509,1.073554224,4.282691039,0.094166957,-4.331155549,4.332177220,2.032796708,-2.478768094
443,1782712825.839037180,1,1141,309,0.270815074,-0.003846822,0.127479970,0.991833685,2.613497253,7.324048078,0.220407186,0.718233920,4.481684022,6.605814158,-4.261276836,7.855033999,6.680624903,-2.521793361
444,1782712826.238772869,1,1209,285,0.235732010,-0.023637991,0.108153291,0.993853164,2.564526266,6.210614003,1.354483291,0.579529520,5.260056125,5.631084483,-3.905572834,6.844313650,1.014072124,-2.584185299
445,1782712826.538813591,1,1151,255,0.221546481,-0.034538635,-0.019380236,0.999215437,0.292980317,-1.111138296,1.979311649,0.830028698,5.291326697,-1.941166994,-3.312015047,3.836843076,7.589550548,-2.640767843
446,1782712826.738749743,1,1030,239,0.232038835,-0.026555345,-0.009420876,0.999602952,0.279668640,-0.539974839,1.521688100,0.297350341,5.281195533,-0.837325180,-3.759507433,3.851270977,0.586106910,-2.670206145
447,1782712827.038949966,1,1203,335,0.278470490,-0.015936392,-0.012315649,0.999797158,0.289723322,-0.705742191,0.913126670,0.332281642,4.258614480,-1.038023833,-3.345487809,3.502467909,0.471096811,-2.719053137
448,1782712827.338836908,1,1116,382,0.342293907,-0.027180887,0.005276392,0.999616606,0.290741796,0.302428141,1.557541951,0.594265304,4.474347960,-0.291837163,-2.916806009,2.931325973,1.025563736,-2.756346790
449,1782712827.638945580,1,1141,426,0.373356705,0.007000308,0.001727747,0.999974005,0.231153352,0.098995080,-0.401091404,0.725915282,3.913103643,-0.626920202,-4.314195048,4.359444084,1.444843160,-2.786665592
450,1782712827.838516712,1,1375,391,0.284363636,-0.017769275,0.007886190,0.999811013,0.241592114,0.451921420,1.018158019,0.709129720,5.168901661,-0.257208299,-4.150743642,4.158678530,0.218610278,-2.818186609
451,1782712828.138872385,1,1272,492,0.386792453,-0.021993892,0.015825857,0.999632838,0.285002024,0.907012061,1.260258824,0.935033056,4.330823044,-0.028020996,-3.070564220,3.070691738,1.088549978,-2.857647730
452,1782712828.439075708,1,1164,378,0.324742268,-0.009537980,0.015504609,0.999834303,0.268204674,0.888424666,0.546494306,0.484051434,3.959131789,0.404373232,-3.412637483,3.436467829,0.559435871,-2.885790419
453,1782712828.739196539,1,1333,480,0.360090023,-0.027943744,0.021727451,0.999373336,0.242871826,1.245475660,1.601267041,0.425335315,5.233762678,0.820140345,-3.632495637,3.723578597,0.413318366,-2.917374557
454,1782712828.940024137,1,1349,493,0.365455893,-0.025602996,0.022830594,0.999411452,0.338247265,1.308639408,1.467103931,0.374993742,3.861763481,0.933645667,-2.394659551,2.569839955,1.166839518,-2.930475170
455,1782712829.239994287,1,1299,385,0.296381832,-0.020577164,-0.011297623,0.999724434,0.267922040,-0.647456954,1.179067873,-0.138202358,4.394296554,-0.509254596,-3.215228681,3.255204192,1.910551967,-2.959857656
456,1782712829.539664745,1,1300,543,0.417692308,-0.020023719,0.012600168,0.999720104,0.296426966,0.722100333,1.147351286,-0.247340147,3.943960693,0.969440479,-2.796609407,2.959526591,1.645185338,-2.996984087
457,1782712829.839839220,1,1266,414,0.327014218,-0.033101054,0.029452659,0.999017948,0.285754577,1.688682771,1.896897189,0.145583600,4.460152302,1.543099170,-2.563255114,2.990603812,0.251792929,-3.037021547
458,1782712830.039094925,1,1211,429,0.354252684,-0.065116031,0.012822119,0.997795318,0.400143375,0.736236046,3.733515359,-0.069294296,4.557897659,0.805530342,-0.824382301,1.151122370,1.851444213,-3.049960989
459,1782712830.239068270,1,1295,511,0.394594595,-0.039230544,0.018468397,0.999059499,0.374458731,1.059036705,2.248321567,-0.228783908,2.932405462,1.287820613,-0.684083895,1.457067325,0.404542195,-3.070199628
460,1782712830.439052343,1,1192,448,0.375838926,-0.041637172,0.025141133,0.998816434,0.313589436,1.441883300,2.386324102,-0.500623861,3.338499939,1.942507162,-0.952175838,2.161128147,0.719748982,-3.097515617
461,1782712830.739641666,1,1271,551,0.433516916,-0.052596338,-0.009848463,0.998567290,0.438514474,-0.565066670,3.014939378,-0.973860700,2.599174815,0.408794030,0.415764563,0.582727381,2.052286369,-3.104802109
462,1782712831.139030933,1,1173,389,0.331628303,-0.019907069,0.029816874,0.999357125,0.254375374,1.708973036,1.140666376,-0.710029514,2.654685551,2.419002551,-1.514019174,2.852554728,2.807732339,-3.114337438
463,1782712831.339711905,1,1113,354,0.318059299,-0.060762331,-0.044672604,0.997152094,0.669267518,-2.565146623,3.483570959,-0.510660472,1.687150806,-2.054486151,1.796420154,2.727471772,5.511373332,-3.111251517
464,1782712831.639604568,1,1105,437,0.395475113,-0.038465300,0.000118941,0.999259929,0.407934533,0.006819876,2.204443199,-0.415855550,1.960895847,0.422675426,0.243547352,0.487579335,2.922276353,-3.124612527
465,1782712831.938433409,1,1163,389,0.334479794,-0.039111478,0.007294587,0.999208227,0.324489996,0.418272828,2.241494362,-0.987977407,2.691791587,1.406250235,-0.450297226,1.475342001,1.191028238,-3.142748684
466,1782712832.138710737,1,1120,345,0.308035714,-0.044859466,-0.005917571,0.998975781,0.354854266,-0.339395477,2.571120931,-1.235133338,2.388838596,0.895737861,0.182282335,0.913274443,0.735304798,-3.148987283
467,1782712832.439176083,1,1114,459,0.412028725,-0.035338081,-0.010042676,0.999324955,0.351466946,-0.575772227,2.025144518,-1.024758294,1.736624701,0.448986067,0.288519816,0.533492812,0.451773736,-3.155341447
468,1782712832.739436150,1,1090,341,0.312844037,-0.039146280,-0.015328674,0.999115909,0.402603255,-0.878976523,2.243489900,-0.734742218,1.629817689,-0.144234305,0.613672211,0.630375411,0.650844818,-3.143749722
469,1782712833.038802624,1,1037,377,0.363548698,-0.038763642,-0.014239699,0.999146942,0.368332119,-0.816515940,2.221549705,-0.961520770,1.951297415,0.145004829,0.270252290,0.306650929,0.448755785,-3.146442705
470,1782712833.339119673,1,1088,346,0.318014706,-0.026316588,0.005062874,0.999640838,0.301256971,0.290183065,1.508003498,-0.661457208,1.393432157,0.951640273,0.114571341,0.958209280,0.811474329,-3.167262369
471,1782712833.638812065,1,1070,350,0.327102804,-0.028263156,-0.001810523,0.999598878,0.283109699,-0.103776861,1.619575216,-1.186457060,1.923732731,1.082680199,-0.304157516,1.124092974,0.404433031,-3.174988730
472,1782712833.938993931,1,1057,339,0.320719016,-0.058982194,-0.057615571,0.996594976,0.432173793,-3.308724955,3.381393313,-2.129205937,1.350934403,-1.179519018,2.030458910,2.347660729,3.204638143,-3.178786377
473,1782712834.238962173,1,961,280,0.291363163,0.007488779,0.024146575,0.999680379,0.165106169,1.383670098,-0.429079446,-2.041807307,1.425157973,3.425477405,-1.854237419,3.894891613,6.094289295,-3.172857600
474,1782712834.538968563,1,935,290,0.310160428,-0.031965074,-0.055007168,0.997974171,0.288081411,-3.154883936,1.831775842,-3.910358002,1.696147156,0.755474066,0.135628686,0.767199539,3.336435937,-3.174801063
475,1782712834.839680195,1,899,282,0.313681869,-0.026809768,-0.053081157,0.998230248,0.239553266,-3.043851451,1.536270640,-4.285727224,1.917574617,1.241875774,-0.381303977,1.298553721,0.770598572,-3.179403075
476,1782712835.038985729,1,901,289,0.320754717,0.009810441,-0.001287869,0.999951047,0.048726498,-0.073793019,-0.562105881,-3.977508450,1.543688317,3.903715431,-2.105794199,4.435147010,3.212041216,-3.168927983
477,1782712835.439040899,1,977,270,0.276356192,0.007900555,0.023501482,0.999692584,0.084733220,1.346701778,-0.452673160,-2.866737231,0.511102745,4.213439009,-0.963775904,4.322211126,0.883472461,-3.155526505
478,1782712835.738806725,1,1079,235,0.217794254,0.017753816,0.006951632,0.999818222,0.202293462,0.398365152,-1.017272193,-1.881310170,-0.504222241,2.279675322,-0.513049952,2.336490710,1.986814136,-3.142780047
479,1782712836.038920164,1,953,258,0.270724029,0.013709590,0.028611053,0.999496601,0.145379591,1.639670481,-0.785526262,-1.956634329,0.270788060,3.596304810,-1.056314322,3.748143650,1.440667200,-3.138141034
480,1782712836.339119434,1,1097,249,0.226982680,0.017127529,0.024341129,0.999556980,0.106195534,1.394986400,-0.981383120,-2.376348959,-0.014591433,3.771335359,-0.966791687,3.893102132,0.205639809,-3.128441587
481,1782712836.638959408,1,1014,256,0.252465483,0.003996571,0.059906860,0.998195970,0.094483601,3.434494107,-0.228987243,-2.450645947,0.315068901,5.885140054,-0.544056143,5.910210715,2.111684747,-3.109616266
482,1782712836.939107180,1,1011,234,0.231454006,-0.007908894,0.020722351,0.999753987,0.189529589,1.187425377,0.453150972,-1.928672778,0.378702496,3.116098156,0.074448476,3.116905054,2.844509283,-3.102354963
483,1782712837.239235640,1,1046,263,0.251434034,0.008207708,0.025582849,0.999639011,0.119506401,1.465998624,-0.470272331,-1.526600814,0.770269582,2.992599438,-1.240541913,3.239472852,1.246048784,-3.090353995
484,1782712837.538859367,1,1001,208,0.207792208,0.001153043,-0.011612854,0.999931904,0.218964913,-0.665382900,-0.066064531,-1.231540263,0.494232204,0.566157363,-0.560296735,0.796529699,2.504885339,-3.083192780
485,1782712837.839168072,1,1009,259,0.256689792,0.050571219,0.020275230,0.998514630,0.085439705,1.163253334,-2.898753898,-1.081590077,-0.513993182,2.244843411,-2.384760716,3.274325558,2.477807141,-3.059760398
486,1782712838.139007092,1,1044,248,0.237547893,0.013690345,0.033428396,0.999347345,0.173011415,1.915842489,-0.784423512,-1.235311446,-0.249526121,3.151153935,-0.534897391,3.196092241,2.177587919,-3.044579504
487,1782712838.439035892,1,1079,237,0.219647822,0.001101451,-0.006613747,0.999977522,0.297266678,-0.378942761,-0.063108529,-1.296284077,-0.153245320,0.917341315,0.090136791,0.921757320,2.330952803,-3.014607836
488,1782712838.739211082,1,1033,295,0.285575992,0.021319496,0.034485263,0.999177785,0.160623719,1.976701314,-1.221609705,-1.125267477,0.060097128,3.101968791,-1.281706833,3.356127623,2.563911965,-3.007181176
489,1782712839.139244080,1,992,290,0.292338710,0.014972503,0.038117414,0.999161092,0.110687363,2.184741143,-0.857893273,-1.879789513,0.861664748,4.064530656,-1.719558021,4.413167692,1.154271919,-2.991094633
490,1782712839.439199686,1,957,215,0.224660397,-0.026762034,-0.027359246,0.999267364,0.344950059,-1.568326819,1.533534665,-1.660896690,0.984126293,0.092569872,0.549408371,0.557148578,4.591014839,-2.980708711
491,1782712839.739573956,1,894,227,0.253914989,0.017507835,0.046941960,0.998744175,0.088213358,2.690977728,-1.003176317,-1.431812888,0.856945903,4.122790616,-1.860122220,4.522823936,4.676341894,-2.980714952
492,1782712840.039000988,1,997,254,0.254764293,-0.018228755,-0.002695231,0.999830210,0.243823504,-0.154451228,1.044488568,-1.198798692,1.239876560,1.044347464,-0.195387992,1.062263458,3.512513127,-2.971532292
493,1782712840.339067221,1,981,246,0.250764526,-0.094435358,-0.069407687,0.993108522,0.530472880,-3.997862781,5.418822081,-1.403314153,1.423406442,-2.594548628,3.995415639,4.761124384,5.482231614,-2.964778146
494,1782712840.638858557,1,910,210,0.230769231,0.014540321,0.025225007,0.999576049,0.084235173,1.445592601,-0.833128360,-1.550312049,1.124431094,2.995904650,-1.957559454,3.578624389,8.145980776,-2.961599309
495,1782712840.939410210,1,922,243,0.263557484,-0.009411027,0.002283307,0.999953108,0.251367439,0.130829771,0.539220102,-1.441963526,1.202204103,1.572793297,-0.662984000,1.706642217,1.946967306,-2.947213222
496,1782712841.239049911,1,867,227,0.261822376,0.015253847,0.040007897,0.999082924,0.110018067,2.293162533,-0.874014925,-1.514887736,1.851366088,3.808050269,-2.725381013,4.682430817,3.025198780,-2.957552727
497,1782712841.539206743,1,849,199,0.234393404,0.035531218,0.020308278,0.999162202,0.074470748,1.164393951,-2.036217410,-1.368899672,1.571166140,2.533293622,-3.607383550,4.407784783,1.391839533,-2.954721604
498,1782712841.839068890,1,797,228,0.286072773,-0.008465246,0.002693403,0.999960542,0.229110003,0.154326343,0.485028678,-1.465265087,1.441362280,1.619591431,-0.956333602,1.880650990,2.724860838,-2.950721484
499,1782712842.139318466,1,874,180,0.205949657,0.008954737,0.062698966,0.997992311,0.160111364,3.594888344,-0.513075500,-1.753658344,1.356268669,5.348546689,-1.869344169,5.665448881,3.808014522,-2.932108742
500,1782712842.439088583,1,971,194,0.199794027,0.016765804,0.046058705,0.998798029,0.030322204,2.640274719,-0.960654832,-1.996284778,2.092748900,4.636559496,-3.053403733,5.551015167,1.312192930,-2.940292351
501,1782712842.739150524,1,889,213,0.239595051,-0.007470440,0.045588918,0.998932352,0.265051422,2.613031175,0.428028667,-1.988912120,1.437560049,4.601943295,-1.009531382,4.710718815,2.193548363,-2.938933872
502,1782712843.038978338,1,863,221,0.256083430,0.009324174,0.016549753,0.999819566,0.097150854,0.948315510,-0.534243575,-1.993797627,1.776601091,2.942113136,-2.310844666,3.740834323,1.995798270,-2.928515594
503,1782712843.339267731,1,692,228,0.329479769,0.026119442,0.010133084,0.999607471,0.104860824,0.580791014,-1.496703993,-1.976932000,0.804704381,2.557723015,-2.301408373,3.440539090,0.326204038,-2.948426463
504,1782712843.739816904,1,1022,256,0.250489237,0.034556312,0.005426113,0.999388022,0.117282820,0.311080709,-1.980325102,-1.721170995,0.894260036,2.032251704,-2.874585139,3.520234248,0.651862881,-2.945738187
505,1782712844.139016390,1,1044,221,0.211685824,0.017495996,-0.022102195,0.999602613,0.040943960,-1.266659542,-1.002497901,-1.127405481,2.342749889,-0.139254061,-3.345247790,3.348143711,2.119456664,-2.957573655
506,1782712845.339418650,1,1001,256,0.255744256,0.002908335,0.020975500,0.999775760,0.162656038,1.201900862,-0.166635572,-2.107667242,2.094841983,3.309568104,-2.261477555,4.007866885,3.442417026,-2.963414843
507,1782712845.638965130,1,1106,233,0.210669078,0.002557614,0.004950619,0.999984475,0.183293814,0.283651671,-0.146540624,-2.257031602,1.345213183,2.540683273,-1.491753806,2.946070225,1.064618929,-2.967256259
508,1782712846.139024734,1,1084,274,0.252767528,-0.022275573,0.037521481,0.999047515,0.207587361,2.150861235,1.276401869,-1.840659056,1.846785723,3.991520291,-0.570383855,4.030583500,1.719362359,-2.959668447
509,1782712846.639868975,1,1028,239,0.232490272,0.011040392,-0.007165408,0.999913380,0.151701576,-0.410576152,-0.632580711,-1.852942872,1.536735610,1.442366720,-2.169316321,2.604990781,2.906094249,-2.965636341
510,1782712846.939077139,1,949,264,0.278187566,0.025959160,0.006568376,0.999641425,0.195210711,0.376469801,-1.487517427,-1.844374554,0.060842233,2.220844354,-1.548359660,2.707120695,0.738693677,-2.953806063
511,1782712847.739108324,0,781,110,0.140845070,nan,nan,nan,nan,nan,nan,nan,nan,nan,nan,nan,nan,-2.944883713
512,1782712848.239169598,1,931,263,0.282491944,0.003462663,0.021921212,0.999753705,0.128536894,1.256101056,-0.198396379,-1.907406329,1.433587382,3.163507384,-1.631983761,3.559397436,0.946859030,-2.936934289
513,1782712848.538972616,1,918,342,0.372549020,-0.006272498,0.014630700,0.999873291,0.226311865,0.838323746,0.359389999,-1.502276802,1.266248531,2.340600548,-0.906858532,2.509897662,1.050874384,-2.939725649
514,1782712849.039199114,1,939,320,0.340788072,-0.015097363,0.003513226,0.999879856,0.268971031,0.201316361,0.865048058,-1.709498750,1.502408135,1.910815111,-0.637360077,2.013913153,0.555781255,-2.935497764
515,1782712849.438899755,1,935,304,0.325133690,-0.016780339,-0.001902390,0.999857390,0.278749397,-0.109014325,0.961487706,-1.697913294,1.482196015,1.588898970,-0.520708309,1.671697250,0.351013902,-2.939201630
516,1782712849.939234018,1,991,291,0.293642785,-0.000918780,-0.006387384,0.999979178,0.244137044,-0.365972789,0.052642225,-1.565989596,1.623875519,1.200016807,-1.571233294,1.976971393,1.025747789,-2.943237805
