accepted_step,timestamp,dt_from_previous_s,previous_world_z,current_world_z,previous_roll_deg,previous_pitch_deg,previous_yaw_deg,local_dx,local_dy,local_dz,pitch_step_m,roll_step_m,local_z_step_m,world_z_step_m,reconstructed_step_m,step_closure_error_m,cumulative_pitch_m,cumulative_roll_m,cumulative_local_z_m,cumulative_world_z_m,cumulative_sum_m,cumulative_closure_error_m,max_abs_step_closure_error_m
0,1782712600.439100981,0.000000000,0.000000000,0.000000000,0.000000000,-0.000000000,0.000000000,0.000000000,0.000000000,0.000000000,0.000000000,0.000000000,0.000000000,0.000000000,0.000000000,0.000000000,0.000000000,0.000000000,0.000000000,0.000000000,0.000000000,0.000000000,0.000000000
1,1782712600.539184332,0.100083351,0.000000000,0.013125204,0.000000000,-0.000000000,0.000000000,-0.007208799,0.005793589,0.013125204,-0.000000000,0.000000000,0.013125204,0.013125204,0.013125204,0.000000000,0.000000000,0.000000000,0.013125204,0.013125204,0.013125204,0.000000000,0.000000000
2,1782712600.639870167,0.100685835,0.013125204,-0.005328582,0.024126598,0.139443182,-0.030241718,0.005407442,0.003407629,-0.018442117,-0.000013160,0.000001435,-0.018442061,-0.018453786,-0.018453786,-0.000000000,-0.000013160,0.000001435,-0.005316857,-0.005328582,-0.005328582,-0.000000000,0.000000000
3,1782712600.738898277,0.099028111,-0.005328582,0.006051756,0.094620059,-0.003710020,-0.021447082,-0.001055053,-0.005954447,0.011390255,-0.000000068,-0.000009833,0.011390240,0.011380338,0.011380338,0.000000000,-0.000013229,-0.000008398,0.006073383,0.006051756,0.006051756,-0.000000000,0.000000000
4,1782712600.838920593,0.100022316,0.006051756,-0.002541570,-0.008640275,0.097330231,-0.028749427,-0.004968651,0.009344752,-0.008600370,0.000008440,-0.000001409,-0.008600357,-0.008593326,-0.008593326,-0.000000000,-0.000004788,-0.000009808,-0.002526974,-0.002541570,-0.002541570,-0.000000000,0.000000000
5,1782712600.939333916,0.100413322,-0.002541570,0.008036156,0.147670469,0.074949532,-0.002663052,-0.000159584,-0.022627328,0.010635880,0.000000209,-0.000058318,0.010635836,0.010577726,0.010577726,0.000000000,-0.000004579,-0.000068126,0.008108861,0.008036156,0.008036156,0.000000000,0.000000000
6,1782712601.038709164,0.099375248,0.008036156,-0.008939631,-0.041682707,0.122665359,0.111899345,0.001308233,0.023055748,-0.016956257,-0.000002801,-0.000016773,-0.016956214,-0.016975787,-0.016975787,-0.000000000,-0.000007380,-0.000084899,-0.008847352,-0.008939631,-0.008939631,-0.000000000,0.000000000
7,1782712601.138875961,0.100166798,-0.008939631,-0.002341360,0.154059177,-0.056509465,0.023127852,0.002850511,-0.018282724,0.006644647,0.000002811,-0.000049159,0.006644619,0.006598272,0.006598272,0.000000000,-0.000004569,-0.000134058,-0.002202733,-0.002341360,-0.002341360,-0.000000000,0.000000000
8,1782712601.238827705,0.099951744,-0.002341360,-0.004371378,-0.071064283,-0.016597771,0.020376962,-0.012388232,0.027650505,-0.001992137,-0.000003589,-0.000034295,-0.001992135,-0.002030019,-0.002030019,-0.000000000,-0.000008158,-0.000168353,-0.004194868,-0.004371378,-0.004371378,-0.000000000,0.000000000
9,1782712601.338652134,0.099824429,-0.004371378,-0.003109914,0.233889312,0.033859280,-0.027361226,0.012130705,-0.028677688,0.001385711,-0.000007169,-0.000117066,0.001385699,0.001261465,0.001261465,0.000000000,-0.000015326,-0.000285419,-0.002809168,-0.003109914,-0.003109914,-0.000000000,0.000000000
10,1782712601.438971043,0.100318909,-0.003109914,-0.014268282,-0.106208860,-0.061397441,0.011882802,0.004751123,0.016135648,-0.011133575,0.000005091,-0.000029911,-0.011133549,-0.011158369,-0.011158369,-0.000000000,-0.000010235,-0.000315330,-0.013942718,-0.014268282,-0.014268282,-0.000000000,0.000000000
11,1782712601.538881302,0.099910259,-0.014268282,-0.000929093,0.066066682,-0.099712706,-0.036771941,-0.003190650,-0.010444977,0.013356815,-0.000005553,-0.000012044,0.013356786,0.013339189,0.013339189,0.000000000,-0.000015788,-0.000327373,-0.000585932,-0.000929093,-0.000929093,-0.000000000,0.000000000
12,1782712601.638843060,0.099961758,-0.000929093,-0.003403643,-0.224725812,-0.103133014,-0.158128710,-0.003777856,0.014496604,-0.002410914,-0.000006800,-0.000056858,-0.002410892,-0.002474550,-0.002474550,-0.000000000,-0.000022588,-0.000384232,-0.002996824,-0.003403643,-0.003403643,-0.000000000,0.000000000
13,1782712601.738984346,0.100141287,-0.003403643,-0.000304530,0.122115216,-0.070487075,0.012462863,0.012813809,-0.010171227,0.003105037,0.000015764,-0.000021678,0.003105027,0.003099113,0.003099113,0.000000000,-0.000006824,-0.000405910,0.000108204,-0.000304530,-0.000304530,-0.000000000,0.000000000
14,1782712601.839126348,0.100142002,-0.000304530,0.004514511,-0.169730997,-0.006810238,-0.146033828,-0.011829282,0.007703946,0.004843290,-0.000001406,-0.000022822,0.004843269,0.004819041,0.004819041,0.000000000,-0.000008230,-0.000428732,0.004951473,0.004514511,0.004514511,0.000000000,0.000000000
15,1782712601.939354181,0.100227833,0.004514511,0.001343062,0.065520232,0.053937321,-0.050557595,0.013922070,-0.003733499,-0.003154077,-0.000013106,-0.000004269,-0.003154074,-0.003171449,-0.003171449,-0.000000000,-0.000021336,-0.000433001,0.001797399,0.001343062,0.001343062,-0.000000000,0.000000000
16,1782712602.039108992,0.099754810,0.001343062,0.013107684,-0.065640537,0.025002864,-0.141847636,-0.018236187,-0.000512372,0.011756086,0.000007958,0.000000587,0.011756077,0.011764622,0.011764622,0.000000000,-0.000013378,-0.000432414,0.013553476,0.013107684,0.013107684,0.000000000,0.000000000
17,1782712602.139911175,0.100802183,0.013107684,0.003793948,0.034449784,0.181328418,-0.078964806,0.008377555,-0.005553869,-0.009283932,-0.000026513,-0.000003339,-0.009283884,-0.009313736,-0.009313736,-0.000000000,-0.000039891,-0.000435754,0.004269592,0.003793948,0.003793948,0.000000000,0.000000000
18,1782712602.238945961,0.099034786,0.003793948,0.012702898,-0.076604015,0.013908379,-0.105276422,0.001007160,0.005437622,0.008916473,-0.000000244,-0.000007270,0.008916465,0.008908950,0.008908950,0.000000000,-0.000040136,-0.000443024,0.013186057,0.012702898,0.012702898,0.000000000,0.000000000
19,1782712602.339004040,0.100058079,0.012702898,0.003237703,-0.019157970,0.128260317,-0.087379815,-0.003739704,0.001847481,-0.009472974,0.000008372,-0.000000618,-0.009472949,-0.009465195,-0.009465195,-0.000000000,-0.000031764,-0.000443641,0.003713108,0.003237703,0.003237703,0.000000000,0.000000000
20,1782712602.439109564,0.100105524,0.003237703,0.002254287,0.031011589,0.090654304,-0.079926269,0.000650678,-0.013354007,-0.000975160,-0.000001030,-0.000007228,-0.000975158,-0.000983416,-0.000983416,-0.000000000,-0.000032794,-0.000450869,0.002737950,0.002254287,0.002254287,0.000000000,0.000000000
21,1782712602.538767099,0.099657536,0.002254287,0.006885093,-0.076428592,-0.024394273,-0.105397279,-0.006497992,0.016701182,0.004655855,-0.000002767,-0.000022278,0.004655851,0.004630806,0.004630806,0.000000000,-0.000035560,-0.000473147,0.007393801,0.006885093,0.006885093,0.000000000,0.000000000
22,1782712602.638790846,0.100023746,0.006885093,0.001749020,0.032051742,0.179752838,-0.087770664,-0.003246210,-0.020226328,-0.005134968,0.000010184,-0.000011315,-0.005134942,-0.005136073,-0.005136073,-0.000000000,-0.000025376,-0.000484462,0.002258859,0.001749020,0.001749020,0.000000000,0.000000000
23,1782712602.738789558,0.099998713,0.001749020,0.001715847,-0.083758221,-0.056901838,-0.029788603,0.004444745,0.017448692,-0.000012080,0.000004414,-0.000025507,-0.000012080,-0.000033173,-0.000033173,0.000000000,-0.000020962,-0.000509970,0.002246779,0.001715847,0.001715847,0.000000000,0.000000000
24,1782712602.838720560,0.099931002,0.001715847,-0.004924875,0.069336215,0.140788368,-0.011069178,0.015841428,-0.018893538,-0.006578958,-0.000038926,-0.000022864,-0.006578933,-0.006640723,-0.006640723,-0.000000000,-0.000059888,-0.000532833,-0.004332154,-0.004924875,-0.004924875,-0.000000000,0.000000000
25,1782712602.938957930,0.100237370,-0.004924875,-0.000123885,0.048086074,-0.128644100,0.160977824,-0.024589995,0.023601807,0.004836407,-0.000055211,0.000019808,0.004836393,0.004800990,0.004800990,0.000000000,-0.000115099,-0.000513025,0.000504239,-0.000123885,-0.000123885,0.000000000,0.000000000
26,1782712603.039201021,0.100243092,-0.000123885,-0.006154757,0.132860744,0.159659651,0.028154643,0.019318433,-0.008895429,-0.005956451,-0.000053832,-0.000020627,-0.005956412,-0.006030872,-0.006030872,-0.000000000,-0.000168931,-0.000533653,-0.005452173,-0.006154757,-0.006154757,-0.000000000,0.000000000
27,1782712603.139046669,0.099845648,-0.006154757,-0.000808416,0.013169044,-0.129936898,-0.024776028,-0.019595527,0.007570308,0.005389055,-0.000044439,0.000001740,0.005389041,0.005346341,0.005346341,0.000000000,-0.000213370,-0.000531913,-0.000063133,-0.000808416,-0.000808416,0.000000000,0.000000000
28,1782712603.238782644,0.099735975,-0.000808416,-0.009531609,0.202348408,0.263170445,0.084190576,0.017582688,-0.005420509,-0.008623435,-0.000080760,-0.000019143,-0.008623290,-0.008723193,-0.008723193,-0.000000000,-0.000294131,-0.000551056,-0.008686423,-0.009531609,-0.009531609,-0.000000000,0.000000000
29,1782712603.339103222,0.100320578,-0.009531609,0.004545725,-0.108129279,-0.213088477,-0.130616792,0.002492652,0.001226593,0.014070501,0.000009270,-0.000002315,0.014070378,0.014077334,0.014077334,0.000000000,-0.000284860,-0.000553370,0.005383956,0.004545725,0.004545725,0.000000000,0.000000000
30,1782712603.438954353,0.099851131,0.004545725,-0.007914487,0.122129138,0.225742452,0.020901872,-0.006286072,-0.002988313,-0.012478734,0.000024767,-0.000006370,-0.012478609,-0.012460212,-0.012460212,-0.000000000,-0.000260093,-0.000559740,-0.007094653,-0.007914487,-0.007914487,-0.000000000,0.000000000
31,1782712603.538742781,0.099788427,-0.007914487,0.010134028,-0.196178295,-0.239879872,-0.217420819,-0.009263358,0.006350764,0.018109307,-0.000038783,-0.000021745,0.018109043,0.018048515,0.018048515,0.000000000,-0.000298876,-0.000581485,0.011014389,0.010134028,0.010134028,0.000000000,0.000000000
32,1782712603.639127731,0.100384951,0.010134028,-0.005689148,0.118285410,0.327915003,0.022390935,0.018901390,-0.008769751,-0.015697186,-0.000108176,-0.000018105,-0.015696896,-0.015823176,-0.015823176,-0.000000000,-0.000407052,-0.000599589,-0.004682507,-0.005689148,-0.005689148,-0.000000000,0.000000000
33,1782712603.738974810,0.099847078,-0.005689148,0.010978654,-0.139219659,-0.186966022,-0.097830229,-0.014095900,0.003511250,0.016722469,-0.000045997,-0.000008532,0.016722330,0.016667801,0.016667801,0.000000000,-0.000453049,-0.000608121,0.012039824,0.010978654,0.010978654,0.000000000,0.000000000
34,1782712603.838785648,0.099810839,0.010978654,-0.004579155,0.087880159,0.256804243,0.005308327,0.008290155,-0.010208504,-0.015505168,-0.000037157,-0.000015658,-0.015504994,-0.015557809,-0.015557809,-0.000000000,-0.000490206,-0.000623779,-0.003465170,-0.004579155,-0.004579155,-0.000000000,0.000000000
35,1782712604.039044857,0.200259209,-0.004579155,0.002248939,-0.146019619,-0.152777497,-0.069597255,0.001117832,0.000215805,0.006825710,0.000002981,-0.000000550,0.006825663,0.006828094,0.006828094,0.000000000,-0.000487226,-0.000624329,0.003360493,0.002248939,0.002248939,0.000000000,0.000000000
36,1782712604.138948917,0.099904060,0.002248939,0.000899885,-0.094730673,0.027362121,-0.060738968,0.007263147,0.003945711,-0.001339064,-0.000003469,-0.000006524,-0.001339062,-0.001349054,-0.001349054,-0.000000000,-0.000490694,-0.000630852,0.002021431,0.000899885,0.000899885,0.000000000,0.000000000
37,1782712604.238780260,0.099831343,0.000899885,0.004812276,0.034432398,0.003066661,0.006133492,-0.007807080,0.007954238,0.003907194,0.000000418,0.000004780,0.003907193,0.003912391,0.003912391,0.000000000,-0.000490276,-0.000626072,0.005928624,0.004812276,0.004812276,0.000000000,0.000000000
38,1782712604.339046001,0.100265741,0.004812276,-0.004481759,-0.021493109,0.142373949,-0.096962273,0.004733379,-0.009790085,-0.009285974,-0.000011762,0.000003672,-0.009285945,-0.009294035,-0.009294035,-0.000000000,-0.000502038,-0.000622400,-0.003357321,-0.004481759,-0.004481759,-0.000000000,0.000000000
39,1782712604.438894987,0.099848986,-0.004481759,0.007455588,0.022116391,-0.165450994,0.024090282,-0.008229177,0.012467324,0.011956349,-0.000023763,0.000004812,0.011956298,0.011937347,0.011937347,0.000000000,-0.000525801,-0.000617587,0.008598977,0.007455588,0.007455588,0.000000000,0.000000000
40,1782712604.538980484,0.100085497,0.007455588,-0.004372588,-0.008516325,0.212649882,-0.118108470,0.000866468,-0.012042240,-0.011826832,-0.000003216,0.000001790,-0.011826751,-0.011828176,-0.011828176,-0.000000000,-0.000529017,-0.000615797,-0.003227774,-0.004372588,-0.004372588,-0.000000000,0.000000000
41,1782712604.638990879,0.100010395,-0.004372588,-0.000187349,0.126481019,-0.118543912,0.152060674,-0.002798755,0.009673426,0.004169694,-0.000005791,0.000021354,0.004169675,0.004185239,0.004185239,0.000000000,-0.000534808,-0.000594443,0.000941902,-0.000187349,-0.000187349,0.000000000,0.000000000
42,1782712604.839054346,0.200063467,-0.000187349,0.005475789,0.027930666,0.165928904,-0.056475242,-0.006047110,0.005630022,0.005642906,0.000017512,0.000002745,0.005642881,0.005663138,0.005663138,0.000000000,-0.000517295,-0.000591699,0.006584783,0.005475789,0.005475789,0.000000000,0.000000000
43,1782712604.938802004,0.099747658,0.005475789,-0.015069124,0.076518035,0.270560151,-0.017354387,-0.000518520,-0.016487618,-0.020525590,0.000002449,-0.000022019,-0.020525343,-0.020544913,-0.020544913,-0.000000000,-0.000514847,-0.000613717,-0.013940560,-0.015069124,-0.015069124,-0.000000000,0.000000000
44,1782712605.038994074,0.100192070,-0.015069124,0.004872860,-0.144766699,-0.344792232,-0.008545710,0.004628514,0.007876311,0.019934455,0.000027853,-0.000019900,0.019934031,0.019941984,0.019941984,0.000000000,-0.000486994,-0.000633618,0.005993471,0.004872860,0.004872860,0.000000000,0.000000000
45,1782712605.138975382,0.099981308,0.004872860,-0.013820254,0.050857074,0.275665182,0.039310456,0.020001456,0.005553958,-0.018602034,-0.000096232,0.000004930,-0.018601811,-0.018693113,-0.018693113,-0.000000000,-0.000583226,-0.000628688,-0.012608340,-0.013820254,-0.013820254,-0.000000000,0.000000000
46,1782712605.238969803,0.099994421,-0.013820254,0.003274404,-0.118290566,-0.299053156,-0.195974060,-0.020431993,-0.004700672,0.017191867,-0.000106644,0.000009705,0.017191596,0.017094657,0.017094657,0.000000000,-0.000689869,-0.000618983,0.004583256,0.003274404,0.003274404,0.000000000,0.000000000
47,1782712605.340082169,0.101112366,0.003274404,-0.006431773,0.085324455,0.201534302,0.071198873,0.010592953,0.003084633,-0.009673581,-0.000037260,0.000004594,-0.009673510,-0.009706176,-0.009706176,-0.000000000,-0.000727129,-0.000614390,-0.005090254,-0.006431773,-0.006431773,-0.000000000,0.000000000
48,1782712605.438875437,0.098793268,-0.006431773,0.009674895,-0.131148093,-0.104260228,-0.240668556,-0.008176716,-0.003890143,0.016112711,-0.000014879,0.000008904,0.016112642,0.016106667,0.016106667,0.000000000,-0.000742008,-0.000605485,0.011022388,0.009674895,0.009674895,0.000000000,0.000000000
49,1782712605.539055586,0.100180149,0.009674895,-0.002379766,0.033940602,0.243513522,-0.005091947,0.012257604,-0.005086348,-0.011999662,-0.000052096,-0.000003013,-0.011999551,-0.012054660,-0.012054660,-0.000000000,-0.000794104,-0.000608498,-0.000977163,-0.002379766,-0.002379766,-0.000000000,0.000000000
50,1782712605.638453245,0.099397659,-0.002379766,0.010693252,-0.100866567,-0.089688476,-0.122777027,-0.019161318,0.009461395,0.013119705,-0.000029994,-0.000016656,0.013119668,0.013073018,0.013073018,0.000000000,-0.000824098,-0.000625155,0.012142505,0.010693252,0.010693252,0.000000000,0.000000000
51,1782712605.739030123,0.100576878,0.010693252,-0.003426713,0.037791921,0.179260157,-0.067849657,0.018425743,-0.010664317,-0.014055354,-0.000057648,-0.000007034,-0.014055283,-0.014119965,-0.014119965,-0.000000000,-0.000881747,-0.000632189,-0.001912777,-0.003426713,-0.003426713,-0.000000000,0.000000000
52,1782712605.839367390,0.100337267,-0.003426713,0.006661792,-0.062079049,-0.086250542,-0.041276740,-0.014564130,0.005416621,0.010116315,-0.000021924,-0.000005869,0.010116297,0.010088504,0.010088504,0.000000000,-0.000903671,-0.000638058,0.008203520,0.006661792,0.006661792,0.000000000,0.000000000
53,1782712605.939104080,0.099736691,0.006661792,0.008636822,0.044081628,0.101702181,-0.002812316,0.004325119,0.002040016,0.001981141,-0.000007677,0.000001570,0.001981138,0.001975030,0.001975030,0.000000000,-0.000911348,-0.000636488,0.010184658,0.008636822,0.008636822,0.000000000,0.000000000
54,1782712606.038896799,0.099792719,0.008636822,-0.004549737,-0.045048816,0.128065516,-0.100774965,0.010994411,-0.005028598,-0.013165975,-0.000024574,0.000003954,-0.013165938,-0.013186559,-0.013186559,-0.000000000,-0.000935922,-0.000632534,-0.002981280,-0.004549737,-0.004549737,-0.000000000,0.000000000
55,1782712606.138891697,0.099994898,-0.004549737,0.008126142,0.020629916,-0.130974357,-0.052975943,-0.011288431,0.004821547,0.012699982,-0.000025805,0.000001736,0.012699948,0.012675879,0.012675879,0.000000000,-0.000961727,-0.000630798,0.009718667,0.008126142,0.008126142,0.000000000,0.000000000
56,1782712606.238712549,0.099820852,0.008126142,-0.004491751,-0.038600317,0.131767920,-0.160497177,0.006649775,-0.006033793,-0.012606701,-0.000015293,0.000004065,-0.012606665,-0.012617893,-0.012617893,-0.000000000,-0.000977020,-0.000626733,-0.002887997,-0.004491751,-0.004491751,-0.000000000,0.000000000
57,1782712606.338676453,0.099963903,-0.004491751,-0.000349144,0.090952460,-0.083265334,0.069085580,-0.001292711,0.008287243,0.004131340,-0.000001879,0.000013155,0.004131330,0.004142607,0.004142607,0.000000000,-0.000978899,-0.000613578,0.001243333,-0.000349144,-0.000349144,0.000000000,0.000000000
58,1782712606.438875198,0.100198746,-0.000349144,-0.009301607,0.025051303,0.147146610,-0.088506134,-0.004098864,-0.009772849,-0.008958747,0.000010527,-0.000004273,-0.008958717,-0.008952463,-0.008952463,-0.000000000,-0.000968372,-0.000617851,-0.007715384,-0.009301607,-0.009301607,-0.000000000,0.000000000
59,1782712606.539024353,0.100149155,-0.009301607,0.000202331,0.086301680,-0.180245300,0.097871133,-0.005942007,0.004876214,0.009515343,-0.000018693,0.000007345,0.009515286,0.009503938,0.009503938,0.000000000,-0.000987065,-0.000610506,0.001799902,0.000202331,0.000202331,0.000000000,0.000000000
60,1782712606.639030457,0.100006104,0.000202331,-0.019924050,0.051968691,0.146553590,0.064402799,0.012667221,0.003987993,-0.020097671,-0.000032401,0.000003617,-0.020097597,-0.020126381,-0.020126381,-0.000000000,-0.001019465,-0.000606889,-0.018297696,-0.019924050,-0.019924050,-0.000000000,0.000000000
61,1782712606.738830805,0.099800348,-0.019924050,0.001920810,0.093587562,-0.266091037,-0.007769096,-0.012126143,-0.003416079,0.021907021,-0.000056316,-0.000005580,0.021906756,0.021844861,0.021844861,0.000000000,-0.001075781,-0.000612469,0.003609060,0.001920810,0.001920810,0.000000000,0.000000000
62,1782712606.839066982,0.100236177,0.001920810,-0.019652047,0.052945705,0.194818125,0.032773379,0.011083587,0.004540968,-0.021539501,-0.000037687,0.000004196,-0.021539367,-0.021572857,-0.021572857,-0.000000000,-0.001113468,-0.000608273,-0.017930307,-0.019652047,-0.019652047,-0.000000000,0.000000000
63,1782712606.938878536,0.099811554,-0.019652047,0.003091855,0.018511008,-0.281721624,-0.025801661,-0.005978488,-0.007105894,0.022775870,-0.000029396,-0.000002296,0.022775593,0.022743902,0.022743902,0.000000000,-0.001142863,-0.000610568,0.004845287,0.003091855,0.003091855,0.000000000,0.000000000
64,1782712607.038862228,0.099983692,0.003091855,-0.018412046,-0.133256111,0.042885660,-0.099925413,0.012583498,0.011832692,-0.021467026,-0.000009419,-0.000027520,-0.021466962,-0.021503901,-0.021503901,-0.000000000,-0.001152282,-0.000638088,-0.016621676,-0.018412046,-0.018412046,-0.000000000,0.000000000
65,1782712607.138787270,0.099925041,-0.018412046,0.005707763,0.054106754,-0.266519690,-0.154649725,-0.023276237,-0.011326503,0.024239050,-0.000108272,-0.000010696,0.024238777,0.024119809,0.024119809,0.000000000,-0.001260555,-0.000648784,0.007617102,0.005707763,0.005707763,0.000000000,0.000000000
66,1782712607.238981724,0.100194454,0.005707763,-0.005203122,-0.074388469,0.119634078,0.006190477,0.020314680,0.005066521,-0.010861922,-0.000042417,-0.000006578,-0.010861890,-0.010910885,-0.010910885,-0.000000000,-0.001302972,-0.000655362,-0.003244788,-0.005203122,-0.005203122,0.000000000,0.000000000
67,1782712607.338856220,0.099874496,-0.005203122,0.010052977,0.026482122,-0.111555586,-0.068099037,-0.018462683,-0.006374603,0.015295023,-0.000035947,-0.000002946,0.015294992,0.015256099,0.015256099,0.000000000,-0.001338919,-0.000658309,0.012050204,0.010052977,0.010052977,0.000000000,0.000000000
68,1782712607.438789845,0.099933624,0.010052977,0.001416244,-0.098184383,0.170845396,-0.096993347,0.017419364,0.001484091,-0.008582299,-0.000051941,-0.000002543,-0.008582248,-0.008636732,-0.008636732,-0.000000000,-0.001390860,-0.000660852,0.003467956,0.001416244,0.001416244,0.000000000,0.000000000
69,1782712607.538943291,0.100153446,0.001416244,0.008916127,-0.024499790,-0.047251108,-0.084702336,-0.015896560,-0.001608661,0.007512308,-0.000013110,0.000000688,0.007512304,0.007499883,0.007499883,0.000000000,-0.001403970,-0.000660164,0.010980261,0.008916127,0.008916127,0.000000000,0.000000000
70,1782712607.638903379,0.099960089,0.008916127,0.004124763,-0.084556755,0.129571503,-0.080589679,0.017884808,0.006624169,-0.004741160,-0.000040446,-0.000009776,-0.004741142,-0.004791364,-0.004791364,-0.000000000,-0.001444415,-0.000669940,0.006239118,0.004124763,0.004124763,0.000000000,0.000000000
71,1782712607.739144325,0.100240946,0.004124763,0.003623071,-0.004524517,0.060020464,-0.071810054,-0.003375005,-0.010375455,-0.000506047,0.000003536,0.000000819,-0.000506047,-0.000501692,-0.000501692,-0.000000000,-0.001440880,-0.000669120,0.005733072,0.003623071,0.003623071,0.000000000,0.000000000
72,1782712607.838884115,0.099739790,0.003623071,0.010771061,-0.056169968,0.013277595,-0.034525446,-0.009310601,0.009408274,0.007155059,0.000002158,-0.000009223,0.007155055,0.007147990,0.007147990,0.000000000,-0.001438722,-0.000678344,0.012888127,0.010771061,0.010771061,0.000000000,0.000000000
73,1782712607.939229965,0.100345850,0.010771061,0.001213030,0.006451161,0.184956243,-0.023917853,0.002442312,0.002232998,-0.009550449,-0.000007884,0.000000251,-0.009550399,-0.009558031,-0.009558031,-0.000000000,-0.001446606,-0.000678092,0.003337728,0.001213030,0.001213030,0.000000000,0.000000000
74,1782712608.039166451,0.099936485,0.001213030,0.006158513,0.093894364,0.057052109,-0.050190600,-0.002509304,-0.007538504,0.004955348,0.000002499,-0.000012354,0.004955339,0.004945484,0.004945484,0.000000000,-0.001444108,-0.000690446,0.008293067,0.006158513,0.006158513,0.000000000,0.000000000
75,1782712608.139215231,0.100048780,0.006158513,0.000387452,0.011204452,0.147907957,0.021983421,-0.000020508,0.007098052,-0.005772521,0.000000053,0.000001388,-0.005772502,-0.005771061,-0.005771061,-0.000000000,-0.001444055,-0.000689058,0.002520565,0.000387452,0.000387452,0.000000000,0.000000000
76,1782712608.239538431,0.100323200,0.000387452,-0.000401584,0.154910553,0.016472875,0.036087750,0.004884144,-0.013722942,-0.000750532,-0.000001404,-0.000037103,-0.000750529,-0.000789036,-0.000789036,-0.000000000,-0.001445459,-0.000726161,0.001770036,-0.000401584,-0.000401584,0.000000000,0.000000000
77,1782712608.339005470,0.099467039,-0.000401584,-0.005248132,-0.029206377,0.052959999,0.080253224,-0.005159099,0.019348317,-0.004841456,0.000004769,-0.000009863,-0.004841454,-0.004846548,-0.004846548,-0.000000000,-0.001440690,-0.000736024,-0.003071418,-0.005248132,-0.005248132,-0.000000000,0.000000000
78,1782712608.439041615,0.100036144,-0.005248132,-0.010640836,0.140873951,-0.056151186,-0.043923660,0.013320265,-0.022023420,-0.005351628,0.000013054,-0.000054149,-0.005351609,-0.005392704,-0.005392704,-0.000000000,-0.001427636,-0.000790173,-0.008423027,-0.010640836,-0.010640836,-0.000000000,0.000000000
79,1782712608.539166689,0.100125074,-0.010640836,-0.001197557,-0.111619501,-0.106287422,0.030524710,-0.028189763,0.018666224,0.009531972,-0.000052294,-0.000036364,0.009531937,0.009443279,0.009443279,0.000000000,-0.001479930,-0.000826537,0.001108910,-0.001197557,-0.001197557,-0.000000000,0.000000000
80,1782712608.639451981,0.100285292,-0.001197557,-0.015808669,0.203631117,0.101444998,0.125053613,0.035100805,-0.009886614,-0.014513942,-0.000062148,-0.000035137,-0.014513827,-0.014611112,-0.014611112,-0.000000000,-0.001542078,-0.000861674,-0.013404917,-0.015808669,-0.015808669,-0.000000000,0.000000000
81,1782712608.739400387,0.099948406,-0.015808669,-0.010934323,-0.126882522,-0.215279956,-0.081182180,-0.007994640,0.014716785,0.004937022,-0.000030039,-0.000032590,0.004936975,0.004874346,0.004874346,0.000000000,-0.001572116,-0.000894265,-0.008467943,-0.010934323,-0.010934323,-0.000000000,0.000000000
82,1782712608.839531898,0.100131512,-0.010934323,-0.008684859,0.129582866,-0.107119697,-0.033707411,0.007552318,-0.018389701,0.002276946,0.000014120,-0.000041591,0.002276936,0.002249465,0.002249465,0.000000000,-0.001557996,-0.000935855,-0.006191007,-0.008684859,-0.008684859,-0.000000000,0.000000000
83,1782712608.939110994,0.099579096,-0.008684859,-0.003318429,-0.207334660,-0.186055250,-0.102299210,-0.020110546,0.017521134,0.005495202,-0.000065304,-0.000063403,0.005495137,0.005366430,0.005366430,0.000000000,-0.001623301,-0.000999258,-0.000695870,-0.003318429,-0.003318429,-0.000000000,0.000000000
84,1782712609.039332628,0.100221634,-0.003318429,0.000082681,0.101784067,-0.034952285,-0.000487293,0.017102958,-0.018937988,0.003424325,0.000010433,-0.000033643,0.003424319,0.003401109,0.003401109,0.000000000,-0.001612867,-0.001032901,0.002728449,0.000082681,0.000082681,0.000000000,0.000000000
85,1782712609.139130116,0.099797487,0.000082681,0.003993757,-0.151441473,-0.041674776,-0.059299484,-0.008075375,0.009576644,0.003942277,-0.000005874,-0.000025312,0.003942263,0.003911076,0.003911076,0.000000000,-0.001618741,-0.001058213,0.006670712,0.003993757,0.003993757,0.000000000,0.000000000
86,1782712609.239155054,0.100024939,0.003993757,0.005673714,-0.002780280,-0.006633949,-0.061378871,-0.004575482,-0.005066866,0.001680240,-0.000000530,0.000000246,0.001680240,0.001679956,0.001679956,0.000000000,-0.001619271,-0.001057968,0.008350952,0.005673714,0.005673714,0.000000000,0.000000000
87,1782712609.338958502,0.099803448,0.005673714,0.010244722,-0.121656680,0.042478260,-0.095589511,0.000061380,0.001825707,0.004574942,-0.000000046,-0.000003877,0.004574931,0.004571009,0.004571009,0.000000000,-0.001619316,-0.001061844,0.012925883,0.010244722,0.010244722,0.000000000,0.000000000
88,1782712609.439045668,0.100087166,0.010244722,0.004817458,-0.032515574,0.076988434,-0.091184175,-0.003214424,-0.006284649,-0.005435156,0.000004319,0.000003567,-0.005435150,-0.005427265,-0.005427265,-0.000000000,-0.001614997,-0.001058278,0.007490732,0.004817458,0.004817458,0.000000000,0.000000000
89,1782712609.539199352,0.100153685,0.004817458,0.010528848,-0.049712114,0.066671105,0.026891700,0.008356224,0.006603897,0.005726850,-0.000009724,-0.000005730,0.005726844,0.005711391,0.005711391,0.000000000,-0.001624721,-0.001064007,0.013217576,0.010528848,0.010528848,0.000000000,0.000000000
90,1782712609.639079809,0.099880457,0.010528848,0.001201136,-0.018426678,0.099169676,0.044119131,-0.005380816,-0.002939427,-0.009337986,0.000009313,0.000000945,-0.009337971,-0.009327713,-0.009327713,-0.000000000,-0.001615407,-0.001063062,0.003879605,0.001201136,0.001201136,0.000000000,0.000000000
91,1782712609.738960981,0.099881172,0.001201136,0.007180785,-0.000396694,0.041806001,0.012028258,-0.004262778,0.002374651,0.005976557,0.000003110,-0.000000016,0.005976555,0.005979649,0.005979649,0.000000000,-0.001612297,-0.001063078,0.009856160,0.007180785,0.007180785,0.000000000,0.000000000
92,1782712609.839039087,0.100078106,0.007180785,-0.001650802,-0.028752222,0.092723312,-0.038077530,-0.005575058,0.004664788,-0.008838281,0.000009022,-0.000002341,-0.008838269,-0.008831587,-0.008831587,-0.000000000,-0.001603275,-0.001065419,0.001017892,-0.001650802,-0.001650802,0.000000000,0.000000000
93,1782712609.939152002,0.100112915,-0.001650802,0.001738598,0.111916742,0.021675828,0.043900571,0.004721835,-0.006780486,0.003404438,-0.000001786,-0.000013244,0.003404431,0.003389400,0.003389400,0.000000000,-0.001605061,-0.001078664,0.004422323,0.001738598,0.001738598,0.000000000,0.000000000
94,1782712610.039208889,0.100056887,0.001738598,-0.001741402,0.012216628,0.049387248,0.019239405,0.005519779,0.009643082,-0.003477299,-0.000004758,0.000002056,-0.003477298,-0.003479999,-0.003479999,-0.000000000,-0.001609819,-0.001076608,0.000945025,-0.001741402,-0.001741402,0.000000000,0.000000000
95,1782712610.139241695,0.100032806,-0.001741402,-0.001641265,0.108338721,-0.009700820,0.001328215,0.002908193,-0.012792043,0.000123833,0.000000492,-0.000024188,0.000123833,0.000100137,0.000100137,0.000000000,-0.001609327,-0.001100796,0.001068857,-0.001641265,-0.001641265,0.000000000,0.000000000
96,1782712610.239318609,0.100076914,-0.001641265,-0.001800365,0.009271062,-0.008210597,0.049006104,-0.020231378,0.012314823,-0.000158193,-0.000002899,0.000001993,-0.000158193,-0.000159100,-0.000159100,-0.000000000,-0.001612226,-0.001098803,0.000910664,-0.001800365,-0.001800365,0.000000000,0.000000000
97,1782712610.339205980,0.099887371,-0.001800365,-0.005247085,0.129691959,0.015425652,0.023172253,0.023878670,-0.015400459,-0.003405441,-0.000006429,-0.000034860,-0.003405432,-0.003446720,-0.003446720,-0.000000000,-0.001618655,-0.001133663,-0.002494768,-0.005247085,-0.005247085,-0.000000000,0.000000000
98,1782712610.439169884,0.099963903,-0.005247085,-0.007301724,-0.133054114,-0.138030825,-0.035475723,-0.013362324,0.012944309,-0.001992400,-0.000032191,-0.000030060,-0.001992389,-0.002054639,-0.002054639,-0.000000000,-0.001650846,-0.001163722,-0.004487156,-0.007301724,-0.007301724,-0.000000000,0.000000000
99,1782712610.539372206,0.100202322,-0.007301724,-0.004716538,0.106939011,-0.048302087,0.031513890,0.008682782,-0.014164440,0.002604309,0.000007320,-0.000026437,0.002604304,0.002585187,0.002585187,0.000000000,-0.001643526,-0.001190159,-0.001882853,-0.004716538,-0.004716538,-0.000000000,0.000000000
100,1782712610.639285088,0.099912882,-0.004716538,-0.014271080,-0.146883362,-0.101625290,-0.038303411,0.007599008,0.022879565,-0.009509413,0.000013478,-0.000058654,-0.009509367,-0.009554542,-0.009554542,-0.000000000,-0.001630047,-0.001248813,-0.011392219,-0.014271080,-0.014271080,-0.000000000,0.000000000
101,1782712610.739509821,0.100224733,-0.014271080,-0.000931006,0.084179827,-0.151928043,-0.038496684,-0.005490919,-0.008068479,0.013366549,-0.000014560,-0.000011854,0.013366487,0.013340073,0.013340073,0.000000000,-0.001644607,-0.001260667,0.001974268,-0.000931006,-0.000931006,0.000000000,0.000000000
102,1782712610.839411736,0.099901915,-0.000931006,-0.001100253,-0.061067367,0.000665021,-0.129238776,-0.007833322,0.001518662,-0.000167718,0.000000091,-0.000001619,-0.000167718,-0.000169246,-0.000169246,-0.000000000,-0.001644516,-0.001262286,0.001806550,-0.001100253,-0.001100253,0.000000000,0.000000000
103,1782712610.939116955,0.099705219,-0.001100253,-0.004326676,0.063439142,0.008862956,0.001887279,0.011529642,-0.010708912,-0.003212785,-0.000001783,-0.000011857,-0.003212783,-0.003226424,-0.003226424,-0.000000000,-0.001646300,-0.001274143,-0.001406233,-0.004326676,-0.004326676,0.000000000,0.000000000
104,1782712611.040597916,0.101480961,-0.004326676,0.001196598,-0.134798421,-0.063484966,-0.088114209,-0.001475303,0.006444841,0.005540090,-0.000001635,-0.000015163,0.005540072,0.005523274,0.005523274,0.000000000,-0.001647935,-0.001289306,0.004133838,0.001196598,0.001196598,0.000000000,0.000000000
105,1782712611.139467001,0.098869085,0.001196598,0.002397273,0.020237030,-0.058381538,-0.078245249,-0.006593414,-0.007655720,0.001210098,-0.000006718,-0.000002704,0.001210097,0.001200675,0.001200675,0.000000000,-0.001654653,-0.001292010,0.005343936,0.002397273,0.002397273,0.000000000,0.000000000
106,1782712611.239471912,0.100004911,0.002397273,0.007926405,-0.083714035,0.042801678,-0.050012097,0.002259896,0.007796104,0.005542219,-0.000001688,-0.000011391,0.005542211,0.005529132,0.005529132,0.000000000,-0.001656341,-0.001303401,0.010886147,0.007926405,0.007926405,0.000000000,0.000000000
107,1782712611.339204311,0.099732399,0.007926405,0.002462012,-0.014761944,0.026138365,-0.107933421,-0.003461812,-0.004059241,-0.005467019,0.000001579,0.000001046,-0.005467018,-0.005464393,-0.005464393,-0.000000000,-0.001654762,-0.001302355,0.005419129,0.002462012,0.002462012,0.000000000,0.000000000
108,1782712611.438976765,0.099772453,0.002462012,0.012130179,-0.014325719,0.032857894,-0.032447544,-0.000853047,0.000590467,0.009667827,0.000000489,-0.000000148,0.009667825,0.009668167,0.009668167,0.000000000,-0.001654273,-0.001302502,0.015086954,0.012130179,0.012130179,0.000000000,0.000000000
109,1782712611.539595127,0.100618362,0.012130179,0.006178641,0.021470998,0.151907857,-0.014955817,-0.002690098,0.009857075,-0.005962385,0.000007132,0.000003694,-0.005962363,-0.005951537,-0.005951537,-0.000000000,-0.001647141,-0.001298809,0.009124590,0.006178641,0.006178641,0.000000000,0.000000000
110,1782712611.639430761,0.099835634,0.006178641,0.003607685,0.065901502,0.165779976,-0.072189039,0.003099638,-0.015009692,-0.002544736,-0.000008968,-0.000017264,-0.002544723,-0.002570956,-0.002570956,-0.000000000,-0.001656109,-0.001316073,0.006579867,0.003607685,0.003607685,0.000000000,0.000000000
111,1782712611.739789963,0.100359201,0.003607685,0.001926185,-0.080747443,0.046211324,-0.019757530,0.003852459,0.021952500,-0.001647458,-0.000003107,-0.000030938,-0.001647455,-0.001681500,-0.001681500,-0.000000000,-0.001659216,-0.001347010,0.004932412,0.001926185,0.001926185,0.000000000,0.000000000
112,1782712611.839131832,0.099341869,0.001926185,0.008802807,0.215716888,0.097627001,-0.053030839,-0.005434627,-0.023680229,0.006956576,0.000009260,-0.000089155,0.006956517,0.006876622,0.006876622,0.000000000,-0.001649956,-0.001436165,0.011888928,0.008802807,0.008802807,0.000000000,0.000000000
113,1782712611.939120054,0.099988222,0.008802807,-0.004358733,-0.035724423,0.128307620,0.008637417,0.002492067,0.019338982,-0.013143937,-0.000005581,-0.000012058,-0.013143901,-0.013161540,-0.013161540,-0.000000000,-0.001655537,-0.001448223,-0.001254973,-0.004358733,-0.004358733,0.000000000,0.000000000
114,1782712612.040019751,0.100899696,-0.004358733,-0.001202705,0.165065398,0.056997225,-0.022883861,0.001237657,-0.019044160,0.003212140,-0.000001231,-0.000054865,0.003212125,0.003156029,0.003156029,0.000000000,-0.001656768,-0.001503088,0.001957152,-0.001202705,-0.001202705,0.000000000,0.000000000
115,1782712612.139534712,0.099514961,-0.001202705,-0.003225030,-0.054744384,-0.033972705,-0.027851506,-0.010701686,0.023030230,-0.001993977,-0.000006345,-0.000022005,-0.001993976,-0.002022326,-0.002022326,-0.000000000,-0.001663113,-0.001525093,-0.000036824,-0.003225030,-0.003225030,0.000000000,0.000000000
116,1782712612.240284920,0.100750208,-0.003225030,-0.009388604,0.205567155,0.087304270,0.034483048,0.012218602,-0.014925473,-0.006091452,-0.000018618,-0.000053550,-0.006091406,-0.006163574,-0.006163574,-0.000000000,-0.001681731,-0.001578643,-0.006128229,-0.009388604,-0.009388604,-0.000000000,0.000000000
117,1782712612.339431047,0.099146128,-0.009388604,-0.007040136,-0.016118198,-0.132343897,-0.070458903,0.001589882,0.006165983,0.002346536,0.000003672,-0.000001735,0.002346530,0.002348467,0.002348467,0.000000000,-0.001678059,-0.001580377,-0.003781700,-0.007040136,-0.007040136,-0.000000000,0.000000000
118,1782712612.438673019,0.099241972,-0.007040136,-0.005732906,0.089221076,0.010992221,0.044271010,0.008148579,-0.011883692,0.001327301,-0.000001563,-0.000018505,0.001327299,0.001307231,0.001307231,0.000000000,-0.001679622,-0.001598883,-0.002454401,-0.005732906,-0.005732906,-0.000000000,0.000000000
119,1782712612.538960934,0.100287914,-0.005732906,0.002907005,-0.209175731,-0.187495127,-0.150006701,-0.013395648,0.013661895,0.008733728,-0.000043836,-0.000049877,0.008733623,0.008639910,0.008639910,0.000000000,-0.001723458,-0.001648759,0.006279222,0.002907005,0.002907005,0.000000000,0.000000000
120,1782712612.638983011,0.100022078,0.002907005,-0.006243792,0.148995860,0.207920199,0.074617635,0.008077878,-0.009580884,-0.009096659,-0.000029314,-0.000024915,-0.009096569,-0.009150797,-0.009150797,-0.000000000,-0.001752772,-0.001673674,-0.002817347,-0.006243792,-0.006243792,-0.000000000,0.000000000
121,1782712612.739412546,0.100429535,-0.006243792,0.014935493,-0.210740884,-0.174580923,-0.189696904,-0.026673823,0.011978986,0.021304863,-0.000081275,-0.000044060,0.021304620,0.021179285,0.021179285,0.000000000,-0.001834047,-0.001717734,0.018487274,0.014935493,0.014935493,0.000000000,0.000000000
122,1782712612.839310884,0.099898338,0.014935493,-0.003128870,0.063291342,0.335562318,-0.120616520,0.023894760,-0.010459740,-0.017913184,-0.000139943,-0.000011554,-0.017912866,-0.018064363,-0.018064363,-0.000000000,-0.001973990,-0.001729288,0.000574408,-0.003128870,-0.003128870,0.000000000,0.000000000
123,1782712612.939078331,0.099767447,-0.003128870,0.014013552,-0.080580305,-0.067812667,-0.039157828,-0.016220103,0.004822343,0.017168431,-0.000019197,-0.000006782,0.017168402,0.017142422,0.017142422,0.000000000,-0.001993188,-0.001736070,0.017742809,0.014013552,0.014013552,0.000000000,0.000000000
124,1782712613.039309025,0.100230694,0.014013552,-0.006586754,0.038836245,0.288636391,-0.055219496,0.030401001,-0.010252615,-0.020440471,-0.000153149,-0.000006949,-0.020440207,-0.020600306,-0.020600306,-0.000000000,-0.002146337,-0.001743019,-0.002697398,-0.006586754,-0.006586754,-0.000000000,0.000000000
125,1782712613.139097691,0.099788666,-0.006586754,0.008448023,-0.117186815,-0.183649589,-0.058585884,-0.017932164,0.011324857,0.015115526,-0.000057478,-0.000023163,0.015115417,0.015034777,0.015034777,0.000000000,-0.002203814,-0.001766182,0.012418019,0.008448023,0.008448023,0.000000000,0.000000000
126,1782712613.239857674,0.100759983,0.008448023,0.001949912,0.049588398,0.145275429,-0.054733875,0.009238011,-0.005114438,-0.006470285,-0.000023423,-0.000004426,-0.006470262,-0.006498111,-0.006498111,-0.000000000,-0.002227238,-0.001770608,0.005947757,0.001949912,0.001949912,0.000000000,0.000000000
127,1782712613.339231730,0.099374056,0.001949912,0.001795498,-0.000630372,0.040005819,-0.029572513,0.005004181,-0.004685599,-0.000150971,-0.000003494,0.000000052,-0.000150971,-0.000154414,-0.000154414,-0.000000000,-0.002230732,-0.001770557,0.005796786,0.001795498,0.001795498,0.000000000,0.000000000
128,1782712613.439698696,0.100466967,0.001795498,0.007738737,0.008415026,-0.045868418,-0.031302626,-0.009812762,0.005690062,0.005950261,-0.000007856,0.000000836,0.005950259,0.005943239,0.005943239,0.000000000,-0.002238587,-0.001769721,0.011747046,0.007738737,0.007738737,0.000000000,0.000000000
129,1782712613.538834810,0.099136114,0.007738737,-0.006100093,-0.036861673,0.164820327,-0.080322811,0.011627556,-0.008316687,-0.013810792,-0.000033448,0.000005351,-0.013810732,-0.013838830,-0.013838830,-0.000000000,-0.002272036,-0.001764370,-0.002063686,-0.006100093,-0.006100093,-0.000000000,0.000000000
130,1782712613.639092207,0.100257397,-0.006100093,0.003747045,0.011735572,-0.154125175,0.055940220,-0.016904539,0.011028007,0.009890388,-0.000045473,0.000002259,0.009890352,0.009847138,0.009847138,0.000000000,-0.002317509,-0.001762112,0.007826666,0.003747045,0.003747045,0.000000000,0.000000000
131,1782712613.739175081,0.100082874,0.003747045,-0.002851708,0.004235694,0.126620863,-0.109475449,0.002680806,-0.010649371,-0.006592058,-0.000005924,-0.000000787,-0.006592042,-0.006598753,-0.006598753,-0.000000000,-0.002323433,-0.001762899,0.001234624,-0.002851708,-0.002851708,0.000000000,0.000000000
132,1782712613.838835716,0.099660635,-0.002851708,-0.003126751,0.084370316,-0.034529451,0.093156318,0.007020551,0.019642877,-0.000308200,0.000004231,0.000028925,-0.000308199,-0.000275043,-0.000275043,-0.000000000,-0.002319202,-0.001733974,0.000926425,-0.003126751,-0.003126751,0.000000000,0.000000000
133,1782712613.939007044,0.100171328,-0.003126751,-0.004397531,0.106887023,0.064956078,-0.080714000,-0.003815880,-0.016675169,-0.001244001,0.000004326,-0.000031108,-0.001243998,-0.001270780,-0.001270780,-0.000000000,-0.002314876,-0.001765082,-0.000317573,-0.004397531,-0.004397531,-0.000000000,0.000000000
134,1782712614.039271832,0.100264788,-0.004397531,0.000360942,0.070537888,-0.123339550,0.020744780,-0.008405602,0.007874795,0.004766887,-0.000018095,0.000009695,0.004766873,0.004758473,0.004758473,0.000000000,-0.002332971,-0.001755387,0.004449300,0.000360942,0.000360942,0.000000000,0.000000000
135,1782712614.139415979,0.100144148,0.000360942,-0.013277221,0.076617896,0.208914958,0.015013843,0.002397563,-0.007287950,-0.013619778,-0.000008742,-0.000009746,-0.013619675,-0.013638163,-0.013638163,-0.000000000,-0.002341713,-0.001765133,-0.009170375,-0.013277221,-0.013277221,-0.000000000,0.000000000
136,1782712614.239211559,0.099795580,-0.013277221,-0.008112893,-0.017728984,-0.276826162,0.065125226,0.014158428,0.003887554,0.005097184,0.000068407,-0.000001203,0.005097124,0.005164328,0.005164328,0.000000000,-0.002273306,-0.001766336,-0.004073251,-0.008112893,-0.008112893,-0.000000000,0.000000000
137,1782712614.339164972,0.099953413,-0.008112893,-0.018909060,0.026995275,0.111932788,0.039672341,-0.000767306,0.005744610,-0.010800394,0.000001499,0.000002707,-0.010800372,-0.010796167,-0.010796167,-0.000000000,-0.002271807,-0.001763629,-0.014873623,-0.018909060,-0.018909060,-0.000000000,0.000000000
138,1782712614.439224720,0.100059748,-0.018909060,0.007600473,-0.153243709,-0.434081612,-0.208990741,-0.010017170,0.001604176,0.026590572,-0.000075891,-0.000004290,0.026589714,0.026509532,0.026509532,0.000000000,-0.002347698,-0.001767919,0.011716091,0.007600473,0.007600473,0.000000000,0.000000000
139,1782712614.539050579,0.099825859,0.007600473,-0.010421889,0.116396658,0.284559994,-0.015412091,0.000190144,-0.005723976,-0.018010049,-0.000000944,-0.000011628,-0.018009789,-0.018022362,-0.018022362,-0.000000000,-0.002348643,-0.001779548,-0.006293699,-0.010421889,-0.010421889,-0.000000000,0.000000000
140,1782712614.638771772,0.099721193,-0.010421889,0.009407574,-0.131797544,-0.207589129,-0.144980597,-0.000864795,0.001736022,0.019836772,-0.000003133,-0.000003993,0.019836589,0.019829463,0.019829463,0.000000000,-0.002351776,-0.001783541,0.013542891,0.009407574,0.009407574,0.000000000,0.000000000
141,1782712614.739695311,0.100923538,0.009407574,-0.003247386,0.079881566,0.247764435,0.000337225,0.003027246,-0.003595050,-0.012636987,-0.000013091,-0.000005012,-0.012636857,-0.012654959,-0.012654959,-0.000000000,-0.002364867,-0.001788553,0.000906034,-0.003247386,-0.003247386,-0.000000000,0.000000000
142,1782712614.839067459,0.099372149,-0.003247386,0.010810399,-0.138242437,-0.132291313,-0.176985955,-0.004097879,0.002770589,0.014074009,-0.000009462,-0.000006685,0.014073931,0.014057784,0.014057784,0.000000000,-0.002374328,-0.001795238,0.014979965,0.010810399,0.010810399,0.000000000,0.000000000
143,1782712614.938868999,0.099801540,0.010810399,0.003714200,0.117192004,0.233185990,-0.025479876,0.008230461,-0.006307340,-0.007049875,-0.000033497,-0.000012901,-0.007049802,-0.007096199,-0.007096199,-0.000000000,-0.002407825,-0.001808139,0.007930163,0.003714200,0.003714200,0.000000000,0.000000000
144,1782712615.039483786,0.100614786,0.003714200,0.005770482,-0.105523039,0.013941026,-0.105056640,0.001250285,0.001639195,0.002059609,-0.000000304,-0.000003019,0.002059605,0.002056282,0.002056282,0.000000000,-0.002408129,-0.001811158,0.009989769,0.005770482,0.005770482,0.000000000,0.000000000
145,1782712615.139401674,0.099917889,0.005770482,0.008048357,0.051765280,0.033667717,-0.010594929,0.002862194,0.002976152,0.002276869,-0.000001682,0.000002689,0.002276868,0.002277875,0.002277875,0.000000000,-0.002409811,-0.001808469,0.012266637,0.008048357,0.008048357,0.000000000,0.000000000
146,1782712615.239174366,0.099772692,0.008048357,0.001054235,-0.007439046,0.129925509,-0.109454384,-0.003022515,-0.002785757,-0.007001355,0.000006854,0.000000362,-0.007001337,-0.006994122,-0.006994122,-0.000000000,-0.002402957,-0.001808107,0.005265299,0.001054235,0.001054235,0.000000000,0.000000000
147,1782712615.339124680,0.099950314,0.001054235,0.012018490,0.004349574,-0.058312976,-0.082913270,-0.016337672,-0.002647570,0.010981089,-0.000016628,-0.000000201,0.010981083,0.010964255,0.010964255,0.000000000,-0.002419585,-0.001808308,0.016246383,0.012018490,0.012018490,0.000000000,0.000000000
148,1782712615.439140320,0.100015640,0.012018490,-0.000883804,-0.062862934,0.258591168,-0.094594707,0.013361490,-0.000157773,-0.012842301,-0.000060304,0.000000173,-0.012842163,-0.012902294,-0.012902294,-0.000000000,-0.002479889,-0.001808135,0.003404220,-0.000883804,-0.000883804,-0.000000000,0.000000000
149,1782712615.539146423,0.100006104,-0.000883804,0.006365520,0.012758980,-0.105983579,0.010130063,-0.001610762,0.009085751,0.007250293,-0.000002980,0.000002023,0.007250280,0.007249324,0.007249324,0.000000000,-0.002482868,-0.001806112,0.010654500,0.006365520,0.006365520,0.000000000,0.000000000
150,1782712615.638935804,0.099789381,0.006365520,-0.007432740,-0.016007108,0.171463827,-0.129195786,0.002863619,-0.012981248,-0.013793379,-0.000008570,0.000003627,-0.013793317,-0.013798260,-0.013798260,-0.000000000,-0.002491438,-0.001802485,-0.003138817,-0.007432740,-0.007432740,-0.000000000,0.000000000
151,1782712615.739003658,0.100067854,-0.007432740,0.007623160,0.041837584,-0.209094596,0.015543331,-0.011845009,0.018099856,0.015086015,-0.000043227,0.000013216,0.015085911,0.015055900,0.015055900,0.000000000,-0.002534665,-0.001789269,0.011947094,0.007623160,0.007623160,0.000000000,0.000000000
152,1782712615.839186668,0.100183010,0.007623160,-0.010246408,0.105230340,0.260495707,-0.044475975,0.007759069,-0.010317505,-0.017815557,-0.000035277,-0.000018949,-0.017815343,-0.017869568,-0.017869568,-0.000000000,-0.002569941,-0.001808218,-0.005868249,-0.010246408,-0.010246408,-0.000000000,0.000000000
153,1782712615.939352274,0.100165606,-0.010246408,0.005309392,0.058966393,-0.209844749,0.050206217,-0.008866423,0.008357796,0.015579784,-0.000032473,0.000008601,0.015579671,0.015555799,0.015555799,0.000000000,-0.002602414,-0.001799616,0.009711422,0.005309392,0.005309392,0.000000000,0.000000000
154,1782712616.039002657,0.099650383,0.005309392,-0.008178442,0.122415928,0.346596585,0.033785059,0.006159108,-0.003794389,-0.013442746,-0.000037258,-0.000008107,-0.013442469,-0.013487834,-0.013487834,-0.000000000,-0.002639672,-0.001807723,-0.003731047,-0.008178442,-0.008178442,-0.000000000,0.000000000
155,1782712616.139028788,0.100026131,-0.008178442,0.011368295,-0.037849352,-0.166736275,-0.087914040,-0.013181903,0.007562236,0.019590180,-0.000038361,-0.000004996,0.019590093,0.019546736,0.019546736,0.000000000,-0.002678033,-0.001812719,0.015859046,0.011368295,0.011368295,0.000000000,0.000000000
156,1782712616.239480734,0.100451946,0.011368295,-0.022280380,0.117024958,0.341931864,0.015193396,0.044178540,-0.007223619,-0.033370936,-0.000263649,-0.000014754,-0.033370272,-0.033648675,-0.033648675,-0.000000000,-0.002941681,-0.001827472,-0.017511226,-0.022280380,-0.022280380,-0.000000000,0.000000000
157,1782712616.338928938,0.099448204,-0.022280380,0.012356973,0.017573175,-0.363271222,-0.052739268,-0.034646889,-0.001349730,0.034858138,-0.000219669,-0.000000414,0.034857436,0.034637353,0.034637353,0.000000000,-0.003161351,-0.001827886,0.017346210,0.012356973,0.012356973,0.000000000,0.000000000
158,1782712616.439045429,0.100116491,0.012356973,-0.008241799,-0.043601337,0.233663418,-0.012119152,0.019626196,-0.002209563,-0.020520590,-0.000080039,0.000001681,-0.020520414,-0.020598771,-0.020598771,-0.000000000,-0.003241390,-0.001826205,-0.003174204,-0.008241799,-0.008241799,-0.000000000,0.000000000
159,1782712616.539073229,0.100027800,-0.008241799,0.015383856,-0.094188846,-0.177191101,-0.147026676,-0.015603648,-0.002446139,0.023670034,-0.000048255,0.000004021,0.023669889,0.023625655,0.023625655,0.000000000,-0.003289645,-0.001822184,0.020495686,0.015383856,0.015383856,0.000000000,0.000000000
160,1782712616.639019012,0.099945784,0.015383856,-0.004968548,-0.138447252,0.198102376,-0.127799740,0.015194966,-0.006037577,-0.020314637,-0.000052537,0.000014589,-0.020314456,-0.020352405,-0.020352405,-0.000000000,-0.003342182,-0.001807595,0.000181229,-0.004968548,-0.004968548,-0.000000000,0.000000000
161,1782712616.738985777,0.099966764,-0.004968548,0.012761467,-0.097750004,-0.164869763,-0.082425011,-0.019735257,0.010649659,0.017805072,-0.000056789,-0.000018169,0.017804973,0.017730015,0.017730015,0.000000000,-0.003398971,-0.001825764,0.017986202,0.012761467,0.012761467,0.000000000,0.000000000
162,1782712616.838990688,0.100004911,0.012761467,-0.003436974,0.011999165,0.223130945,-0.062768786,0.022309938,-0.007630755,-0.016110083,-0.000086883,-0.000001598,-0.016109960,-0.016198441,-0.016198441,-0.000000000,-0.003485854,-0.001827362,0.001876242,-0.003436974,-0.003436974,-0.000000000,0.000000000
163,1782712616.939048290,0.100057602,-0.003436974,0.010183933,-0.074306840,-0.104671641,-0.062547142,-0.016623440,0.001648980,0.013653448,-0.000030369,-0.000002139,0.013653414,0.013620907,0.013620907,0.000000000,-0.003516223,-0.001829500,0.015529656,0.010183933,0.010183933,0.000000000,0.000000000
164,1782712617.038916588,0.099868298,0.010183933,0.004018391,-0.041032841,0.116779078,-0.085252832,0.012073786,0.003170133,-0.006138677,-0.000024609,-0.000002270,-0.006138663,-0.006165542,-0.006165542,-0.000000000,-0.003540831,-0.001831771,0.009390993,0.004018391,0.004018391,-0.000000000,0.000000000
165,1782712617.138871670,0.099955082,0.004018391,-0.001453086,-0.041260477,0.013614748,-0.069794187,-0.002077088,-0.005767858,-0.005476125,0.000000494,0.000004154,-0.005476124,-0.005471477,-0.005471477,-0.000000000,-0.003540338,-0.001827617,0.003914869,-0.001453086,-0.001453086,-0.000000000,0.000000000
166,1782712617.239146948,0.100275278,-0.001453086,0.001794429,-0.013863402,-0.037366928,-0.058064205,0.004090577,0.006357289,0.003246386,0.000002668,-0.000001538,0.003246385,0.003247514,0.003247514,0.000000000,-0.003537670,-0.001829155,0.007161254,0.001794429,0.001794429,-0.000000000,0.000000000
167,1782712617.339002132,0.099855185,0.001794429,-0.000366435,-0.028041021,-0.002661381,-0.106075131,-0.013641587,0.000481686,-0.002159994,-0.000000634,-0.000000236,-0.002159994,-0.002160863,-0.002160863,-0.000000000,-0.003538304,-0.001829391,0.005001260,-0.000366435,-0.000366435,-0.000000000,0.000000000
168,1782712617.439451933,0.100449800,-0.000366435,0.008975283,0.117752583,0.012544232,-0.032036438,-0.000748700,-0.005382501,0.009352635,0.000000164,-0.000011062,0.009352615,0.009341717,0.009341717,0.000000000,-0.003538140,-0.001840453,0.014353875,0.008975283,0.008975283,0.000000000,0.000000000
169,1782712617.639015675,0.199563742,0.008975283,0.007601702,-0.024830687,0.173212028,0.017722674,0.008236292,-0.002152629,-0.001349620,-0.000024899,0.000000933,-0.001349614,-0.001373580,-0.001373580,-0.000000000,-0.003563039,-0.001839520,0.013004261,0.007601702,0.007601702,0.000000000,0.000000000
170,1782712617.739058971,0.100043297,0.007601702,-0.006273850,-0.040193970,0.172555152,-0.016058868,-0.003499690,0.013438937,-0.013876731,0.000010540,-0.000009428,-0.013876664,-0.013875552,-0.013875552,-0.000000000,-0.003552499,-0.001848948,-0.000872403,-0.006273850,-0.006273850,-0.000000000,0.000000000
171,1782712617.839366913,0.100307941,-0.006273850,-0.001826025,0.172884779,-0.071676461,0.005281687,-0.002559494,-0.012225977,0.004487942,-0.000003202,-0.000036891,0.004487918,0.004447825,0.004447825,0.000000000,-0.003555701,-0.001885838,0.003615515,-0.001826025,-0.001826025,-0.000000000,0.000000000
172,1782712617.938961744,0.099594831,-0.001826025,-0.008450722,0.005008873,0.081948371,0.042812284,0.005476949,0.012237678,-0.006617940,-0.000007834,0.000001070,-0.006617934,-0.006624697,-0.006624697,-0.000000000,-0.003563534,-0.001884768,-0.003002419,-0.008450722,-0.008450722,-0.000000000,0.000000000
173,1782712618.038594246,0.099632502,-0.008450722,-0.002722723,0.114286757,-0.120998590,-0.090413230,0.006354108,-0.018480671,0.005751468,0.000013419,-0.000036863,0.005751443,0.005727999,0.005727999,0.000000000,-0.003550116,-0.001921631,0.002749024,-0.002722723,-0.002722723,-0.000000000,0.000000000
174,1782712618.239370108,0.200775862,-0.002722723,0.005704501,-0.195850500,-0.064652093,-0.058787205,-0.015284468,0.002672338,0.008453660,-0.000017247,-0.000009135,0.008453605,0.008427223,0.008427223,0.000000000,-0.003567363,-0.001930766,0.011202629,0.005704501,0.005704501,-0.000000000,0.000000000
175,1782712618.339290380,0.099920273,0.005704501,-0.010440051,-0.185453072,-0.020105157,-0.104373451,0.019123645,0.015627662,-0.016100765,0.000006711,-0.000050583,-0.016100679,-0.016144552,-0.016144552,-0.000000000,-0.003560652,-0.001981349,-0.004898050,-0.010440051,-0.010440051,-0.000000000,0.000000000
176,1782712618.439310074,0.100019693,-0.010440051,0.000797470,0.052535793,-0.175379355,-0.056956995,-0.008394997,-0.009974325,0.011272421,-0.000025697,-0.000009146,0.011272364,0.011237522,0.011237522,0.000000000,-0.003586349,-0.001990495,0.006374314,0.000797470,0.000797470,-0.000000000,0.000000000
177,1782712618.639067411,0.199757338,0.000797470,0.001248935,-0.120252246,0.017395669,-0.118900512,-0.001401689,-0.004859095,0.000440842,0.000000426,0.000010198,0.000440841,0.000451464,0.000451464,0.000000000,-0.003585923,-0.001980296,0.006815154,0.001248935,0.001248935,-0.000000000,0.000000000
178,1782712618.739516020,0.100448608,0.001248935,0.013621954,-0.094601229,0.024203536,-0.037072110,-0.008168441,0.009707298,0.012385615,0.000003451,-0.000016028,0.012385597,0.012373019,0.012373019,0.000000000,-0.003582472,-0.001996324,0.019200751,0.013621954,0.013621954,0.000000000,0.000000000
179,1782712618.839705944,0.100189924,0.013621954,0.003471702,0.001617172,0.116882338,-0.117051557,0.006204313,-0.003429990,-0.010137520,-0.000012657,-0.000000097,-0.010137498,-0.010150252,-0.010150252,-0.000000000,-0.003595129,-0.001996421,0.009063252,0.003471702,0.003471702,-0.000000000,0.000000000
180,1782712618.939820528,0.100114584,0.003471702,0.011031008,-0.001207335,0.041805226,-0.060024498,-0.004039967,0.000318493,0.007556367,0.000002948,-0.000000007,0.007556365,0.007559306,0.007559306,0.000000000,-0.003592181,-0.001996428,0.016619617,0.011031008,0.011031008,0.000000000,0.000000000
181,1782712619.039381981,0.099561453,0.011031008,0.005632091,0.008946605,0.169416203,-0.001958678,0.001398226,-0.001182137,-0.005394622,-0.000004134,-0.000000185,-0.005394598,-0.005398917,-0.005398917,-0.000000000,-0.003596316,-0.001996612,0.011225019,0.005632091,0.005632091,-0.000000000,0.000000000
182,1782712619.139519691,0.100137711,0.005632091,0.005569721,-0.034210111,0.073393984,-0.077980966,0.000252694,0.001945012,-0.000060885,-0.000000324,-0.000001161,-0.000060884,-0.000062369,-0.000062369,0.000000000,-0.003596639,-0.001997774,0.011164134,0.005569721,0.005569721,-0.000000000,0.000000000
183,1782712619.239204168,0.099684477,0.005569721,0.006225469,-0.012441828,0.100314446,-0.051046229,-0.005610867,0.006281872,0.000647289,0.000009824,-0.000001364,0.000647288,0.000655748,0.000655748,0.000000000,-0.003586816,-0.001999138,0.011811423,0.006225469,0.006225469,-0.000000000,0.000000000
184,1782712619.339675426,0.100471258,0.006225469,0.003062119,0.126205910,0.111871160,0.035946830,0.014686951,-0.007219466,-0.003118784,-0.000028677,-0.000015902,-0.003118771,-0.003163350,-0.003163350,-0.000000000,-0.003615492,-0.002015040,0.008692652,0.003062119,0.003062119,-0.000000000,0.000000000
185,1782712619.439366579,0.099691153,0.003062119,-0.006316536,-0.026104492,0.052566170,-0.082145906,0.003493377,0.006131223,-0.009372662,-0.000003205,-0.000002793,-0.009372657,-0.009378656,-0.009378656,-0.000000000,-0.003618697,-0.002017834,-0.000680005,-0.006316536,-0.006316536,-0.000000000,0.000000000
186,1782712619.538365841,0.098999262,-0.006316536,0.002247684,0.083805711,-0.044175255,-0.034912340,-0.017030750,-0.011897179,0.008594765,-0.000013131,-0.000017402,0.008594753,0.008564220,0.008564220,0.000000000,-0.003631828,-0.002035235,0.007914748,0.002247684,0.002247684,-0.000000000,0.000000000
187,1782712619.639607191,0.101241350,0.002247684,-0.001978945,-0.081990903,0.005605269,-0.046800574,-0.002556863,0.021854874,-0.004195609,0.000000250,-0.000031275,-0.004195605,-0.004226629,-0.004226629,-0.000000000,-0.003631578,-0.002066510,0.003719143,-0.001978945,-0.001978945,-0.000000000,0.000000000
188,1782712619.739148140,0.099540949,-0.001978945,-0.006190117,0.182995513,0.045450373,-0.111155864,0.018884484,-0.015878205,-0.004145500,-0.000014980,-0.000050713,-0.004145478,-0.004211171,-0.004211171,-0.000000000,-0.003646558,-0.002117223,-0.000426335,-0.006190117,-0.006190117,-0.000000000,0.000000000
189,1782712619.840453386,0.101305246,-0.006190117,-0.006027666,0.006321423,-0.012700423,-0.022616085,-0.018470019,0.011309697,0.000165297,-0.000004094,0.000001248,0.000165297,0.000162451,0.000162451,0.000000000,-0.003650652,-0.002115975,-0.000261038,-0.006027666,-0.006027666,-0.000000000,0.000000000
190,1782712619.939512730,0.099059343,-0.006027666,-0.003041065,0.194562410,0.026693279,0.058418182,0.012811125,-0.012824180,0.003036135,-0.000005969,-0.000043548,0.003036117,0.002986601,0.002986601,0.000000000,-0.003656621,-0.002159523,0.002775079,-0.003041065,-0.003041065,-0.000000000,0.000000000
191,1782712620.039260626,0.099747896,-0.003041065,-0.015468931,-0.124554906,-0.073302825,-0.068426133,0.003586851,0.008167007,-0.012414741,0.000004589,-0.000017754,-0.012414701,-0.012427867,-0.012427867,-0.000000000,-0.003652032,-0.002177277,-0.009639622,-0.015468931,-0.015468931,-0.000000000,0.000000000
192,1782712620.139202595,0.099941969,-0.015468931,-0.008915134,0.076766079,-0.183675747,0.051063153,0.008690192,-0.016144850,0.006547609,0.000027859,-0.000021631,0.006547570,0.006553797,0.006553797,0.000000000,-0.003624174,-0.002198908,-0.003092053,-0.008915134,-0.008915134,-0.000000000,0.000000000
193,1782712620.239096165,0.099893570,-0.008915134,-0.004243052,-0.224258632,-0.148379276,-0.053886128,-0.015459918,0.010011467,0.004751356,-0.000040037,-0.000039185,0.004751303,0.004672082,0.004672082,0.000000000,-0.003664210,-0.002238093,0.001659251,-0.004243052,-0.004243052,-0.000000000,0.000000000
194,1782712620.339057684,0.099961519,-0.004243052,0.001320970,0.091901444,-0.097070586,0.077094731,-0.000594951,-0.005123196,0.005573263,-0.000001008,-0.000008218,0.005573248,0.005564023,0.005564023,0.000000000,-0.003665218,-0.002246311,0.007232499,0.001320970,0.001320970,-0.000000000,0.000000000
195,1782712620.439104319,0.100046635,0.001320970,0.001237714,-0.215889139,-0.067174252,-0.147091860,-0.000500030,0.010412822,-0.000043435,-0.000000586,-0.000039235,-0.000043435,-0.000083256,-0.000083256,-0.000000000,-0.003665804,-0.002285546,0.007189065,0.001237714,0.001237714,-0.000000000,0.000000000
196,1782712620.538681030,0.099576712,0.001237714,0.008023460,0.051075488,-0.074541232,-0.032216463,-0.002812184,-0.014006952,0.006801899,-0.000003659,-0.000012486,0.006801891,0.006785746,0.006785746,0.000000000,-0.003669463,-0.002298032,0.013990955,0.008023460,0.008023460,0.000000000,0.000000000
197,1782712620.639393568,0.100712538,0.008023460,0.007481618,-0.116256869,0.148806337,0.015330597,0.003336378,0.008220380,-0.000516500,-0.000008665,-0.000016680,-0.000516497,-0.000541842,-0.000541842,-0.000000000,-0.003678128,-0.002314712,0.013474458,0.007481618,0.007481618,0.000000000,0.000000000
198,1782712620.739122629,0.099729061,0.007481618,0.003463852,-0.004749708,0.046562464,-0.020413843,0.000724787,-0.005160490,-0.004017606,-0.000000589,0.000000428,-0.004017605,-0.004017766,-0.004017766,-0.000000000,-0.003678717,-0.002314284,0.009456853,0.003463852,0.003463852,-0.000000000,0.000000000
199,1782712620.839314461,0.100191832,0.003463852,0.010255821,-0.073421035,0.041331900,-0.034916004,0.000845396,0.006013449,0.006800292,-0.000000610,-0.000007706,0.006800285,0.006791969,0.006791969,0.000000000,-0.003679327,-0.002321990,0.016257138,0.010255821,0.010255821,0.000000000,0.000000000
200,1782712620.938517809,0.099203348,0.010255821,0.000091896,-0.033277967,0.109602930,-0.064402850,-0.001447842,0.001080595,-0.010166087,0.000002770,-0.000000628,-0.010166067,-0.010163925,-0.010163925,-0.000000000,-0.003676557,-0.002322617,0.006091071,0.000091896,0.000091896,-0.000000000,0.000000000
201,1782712621.038654089,0.100136280,0.000091896,0.006928994,0.029749201,-0.009238110,-0.035568832,0.008451381,-0.006529490,0.006839126,0.000001363,-0.000003390,0.006839125,0.006837097,0.006837097,0.000000000,-0.003675195,-0.002326008,0.012930196,0.006928994,0.006928994,0.000000000,0.000000000
202,1782712621.139145851,0.100491762,0.006928994,0.000280680,-0.059334022,0.029597980,-0.046010659,-0.012833069,0.009364788,-0.006645250,0.000006629,-0.000009698,-0.006645245,-0.006648314,-0.006648314,-0.000000000,-0.003668565,-0.002335706,0.006284951,0.000280680,0.000280680,-0.000000000,0.000000000
203,1782712621.239641905,0.100496054,0.000280680,0.014362692,0.089020991,0.051525528,0.052634763,-0.002579927,-0.008532598,0.014092972,0.000002320,-0.000013257,0.014092949,0.014082012,0.014082012,0.000000000,-0.003666245,-0.002348963,0.020377900,0.014362692,0.014362692,0.000000000,0.000000000
204,1782712621.339007616,0.099365711,0.014362692,0.000284010,-0.039812341,0.221997311,0.003967719,0.002686559,0.015317118,-0.014057738,-0.000010409,-0.000010643,-0.014057629,-0.014078682,-0.014078682,-0.000000000,-0.003676655,-0.002359606,0.006320271,0.000284010,0.000284010,-0.000000000,0.000000000
205,1782712621.439133883,0.100126266,0.000284010,0.000036219,0.196239145,0.058562684,-0.019142713,0.007196039,-0.016899575,-0.000182555,-0.000007355,-0.000057881,-0.000182554,-0.000247791,-0.000247791,-0.000000000,-0.003684010,-0.002417487,0.006137716,0.000036219,0.000036219,-0.000000000,0.000000000
206,1782712621.539221287,0.100087404,0.000036219,-0.003002341,-0.028731877,-0.025280486,-0.070781434,-0.000221716,0.019315110,-0.003028777,-0.000000098,-0.000009686,-0.003028777,-0.003038560,-0.003038560,-0.000000000,-0.003684108,-0.002427173,0.003108939,-0.003002341,-0.003002341,-0.000000000,0.000000000
207,1782712621.639066935,0.099845648,-0.003002341,-0.004016877,0.199316059,-0.016957956,-0.022766481,0.002795320,-0.023928725,-0.000932128,0.000000827,-0.000083241,-0.000932122,-0.001014536,-0.001014536,-0.000000000,-0.003683280,-0.002510414,0.002176817,-0.004016877,-0.004016877,-0.000000000,0.000000000
208,1782712621.739200830,0.100133896,-0.004016877,0.003373446,-0.083158604,-0.096520469,0.014256872,-0.018456527,0.022180291,0.007453625,-0.000031092,-0.000032192,0.007453607,0.007390323,0.007390323,0.000000000,-0.003714372,-0.002542606,0.009630424,0.003373446,0.003373446,-0.000000000,0.000000000
209,1782712621.839151621,0.099950790,0.003373446,-0.005913757,0.174612833,0.109711804,-0.002890823,0.013651016,-0.017273368,-0.009208481,-0.000026139,-0.000052642,-0.009208421,-0.009287202,-0.009287202,-0.000000000,-0.003740511,-0.002595248,0.000422003,-0.005913757,-0.005913757,-0.000000000,0.000000000
210,1782712621.939957142,0.100805521,-0.005913757,-0.007278516,-0.079145318,-0.074799285,-0.075747959,-0.004248913,0.016308429,-0.001336687,-0.000005547,-0.000022528,-0.001336685,-0.001364759,-0.001364759,-0.000000000,-0.003746058,-0.002617775,-0.000914682,-0.007278516,-0.007278516,-0.000000000,0.000000000
211,1782712622.039085388,0.099128246,-0.007278516,-0.000969877,0.118051188,0.013531443,0.003166859,0.003308053,-0.015077235,0.006340499,-0.000000781,-0.000031065,0.006340485,0.006308639,0.006308639,0.000000000,-0.003746840,-0.002648840,0.005425803,-0.000969877,-0.000969877,-0.000000000,0.000000000
212,1782712622.139176607,0.100091219,-0.000969877,-0.004013757,-0.204046124,-0.062910689,-0.082404265,0.006545037,0.007942105,-0.003022804,0.000007186,-0.000028284,-0.003022783,-0.003043880,-0.003043880,-0.000000000,-0.003739653,-0.002677124,0.002403021,-0.004013757,-0.004013757,-0.000000000,0.000000000
213,1782712622.239000082,0.099823475,-0.004013757,-0.004909394,0.063528121,-0.034335995,0.033029222,-0.002576520,-0.006450539,-0.000886942,-0.000001544,-0.000007152,-0.000886941,-0.000895637,-0.000895637,-0.000000000,-0.003741197,-0.002684276,0.001516080,-0.004909394,-0.004909394,-0.000000000,0.000000000
214,1782712622.339193344,0.100193262,-0.004909394,0.003496681,-0.189424855,-0.109510406,-0.148003498,-0.007147794,0.005201679,0.008436995,-0.000013662,-0.000017197,0.008436934,0.008406075,0.008406075,0.000000000,-0.003754859,-0.002701474,0.009953013,0.003496681,0.003496681,-0.000000000,0.000000000
215,1782712622.439186573,0.099993229,0.003496681,0.002400926,0.022223327,0.025679352,-0.005250431,0.008125141,-0.006480767,-0.001089600,-0.000003642,-0.000002514,-0.001089600,-0.001095755,-0.001095755,-0.000000000,-0.003758500,-0.002703987,0.008863414,0.002400926,0.002400926,-0.000000000,0.000000000
216,1782712622.539144039,0.099957466,0.002400926,0.006288130,-0.175782621,-0.040998377,-0.137387737,-0.012784698,0.006240496,0.003915517,-0.000009148,-0.000019146,0.003915498,0.003887204,0.003887204,0.000000000,-0.003767649,-0.002723133,0.012778912,0.006288130,0.006288130,-0.000000000,0.000000000
217,1782712622.639158964,0.100014925,0.006288130,-0.000297319,0.087508608,0.109404532,-0.003821026,0.021942019,-0.003207182,-0.006538672,-0.000041898,-0.000004898,-0.006538652,-0.006585448,-0.006585448,-0.000000000,-0.003809546,-0.002728031,0.006240259,-0.000297319,-0.000297319,-0.000000000,0.000000000
218,1782712622.739386559,0.100227594,-0.000297319,0.005538178,-0.096543417,-0.071408333,-0.092523253,-0.011239119,0.000913604,0.005851056,-0.000014007,-0.000001539,0.005851044,0.005835497,0.005835497,0.000000000,-0.003823554,-0.002729571,0.012091303,0.005538178,0.005538178,0.000000000,0.000000000
219,1782712622.839349508,0.099962950,0.005538178,0.002772013,0.023929296,0.106606591,-0.015620832,-0.000770157,0.000358900,-0.002767753,0.000001433,0.000000150,-0.002767748,-0.002766165,-0.002766165,-0.000000000,-0.003822121,-0.002729421,0.009323555,0.002772013,0.002772013,-0.000000000,0.000000000
220,1782712622.938895941,0.099546432,0.002772013,0.003460950,-0.020439378,0.045973377,-0.054374896,0.002910607,-0.006718387,0.000688876,-0.000002335,0.000002397,0.000688875,0.000688937,0.000688937,0.000000000,-0.003824456,-0.002727024,0.010012431,0.003460950,0.003460950,-0.000000000,0.000000000
221,1782712623.039095879,0.100199938,0.003460950,0.006996297,-0.050793193,-0.034745913,-0.031448826,-0.002000200,0.014609857,0.003549513,-0.000001213,-0.000012952,0.003549511,0.003535346,0.003535346,0.000000000,-0.003825669,-0.002739976,0.013561942,0.006996297,0.006996297,0.000000000,0.000000000
222,1782712623.139143467,0.100047588,0.006996297,-0.000238109,0.061120556,0.163986843,-0.116288876,0.010979750,-0.015033055,-0.007186977,-0.000031425,-0.000016037,-0.007186944,-0.007234406,-0.007234406,-0.000000000,-0.003857094,-0.002756013,0.006374998,-0.000238109,-0.000238109,-0.000000000,0.000000000
223,1782712623.238670349,0.099526882,-0.000238109,0.001291200,-0.005463386,-0.053825078,-0.023334943,-0.020056088,0.009919100,0.001549097,-0.000018841,-0.000000946,0.001549096,0.001529309,0.001529309,0.000000000,-0.003875936,-0.002756958,0.007924094,0.001291200,0.001291200,-0.000000000,0.000000000
224,1782712623.338568211,0.099897861,0.001291200,0.000197901,0.062361321,0.112461284,-0.017438621,0.014611411,-0.004224252,-0.001060025,-0.000028680,-0.000004598,-0.001060022,-0.001093299,-0.001093299,-0.000000000,-0.003904615,-0.002761556,0.006864072,0.000197901,0.000197901,-0.000000000,0.000000000
225,1782712623.439153671,0.100585461,0.000197901,0.002267389,0.131514056,-0.008700748,0.046516994,-0.005650888,0.007538347,0.002053049,-0.000000858,0.000017303,0.002053043,0.002069488,0.002069488,0.000000000,-0.003905473,-0.002744253,0.008917115,0.002267389,0.002267389,-0.000000000,0.000000000
226,1782712623.539449453,0.100295782,0.002267389,-0.010982885,0.008434237,0.142359335,-0.078453193,0.006501122,-0.006420733,-0.013233217,-0.000016153,-0.000000945,-0.013233176,-0.013250274,-0.013250274,-0.000000000,-0.003921626,-0.002745198,-0.004316061,-0.010982885,-0.010982885,-0.000000000,0.000000000
227,1782712623.639132261,0.099682808,-0.010982885,-0.000841436,0.136339155,-0.192186098,0.046675123,-0.013397589,0.012059962,0.010157777,-0.000044939,0.000028697,0.010157691,0.010141449,0.010141449,0.000000000,-0.003966565,-0.002716501,0.005841630,-0.000841436,-0.000841436,-0.000000000,0.000000000
228,1782712623.739315033,0.100182772,-0.000841436,-0.010122846,0.106799570,0.128523861,-0.047036991,-0.000786432,-0.008601754,-0.009267180,0.000001764,-0.000016034,-0.009267140,-0.009281410,-0.009281410,-0.000000000,-0.003964801,-0.002732534,-0.003425510,-0.010122846,-0.010122846,-0.000000000,0.000000000
229,1782712623.839215279,0.099900246,-0.010122846,-0.000193129,0.066737225,-0.160182871,0.038704129,0.005372858,-0.005911082,0.009921627,0.000015021,-0.000006885,0.009921581,0.009929717,0.009929717,0.000000000,-0.003949780,-0.002739420,0.006496071,-0.000193129,-0.000193129,-0.000000000,0.000000000
230,1782712623.939218760,0.100003481,-0.000193129,-0.016645421,0.000850408,0.149846320,0.055805962,0.007430306,0.008243027,-0.016433038,-0.000019433,0.000000122,-0.016432982,-0.016452292,-0.016452292,-0.000000000,-0.003969213,-0.002739297,-0.009936911,-0.016645421,-0.016645421,-0.000000000,0.000000000
231,1782712624.038941860,0.099723101,-0.016645421,0.007415203,-0.127213850,-0.369235084,-0.176244251,-0.009079523,-0.007597723,0.024102826,-0.000058511,0.000016869,0.024102266,0.024060624,0.024060624,0.000000000,-0.004027724,-0.002722428,0.014165355,0.007415203,0.007415203,0.000000000,0.000000000
232,1782712624.239384651,0.200442791,0.007415203,0.012901978,0.041022890,0.247648585,0.081957287,-0.014935467,0.008716032,0.005416032,0.000064555,0.000006240,0.005415980,0.005486775,0.005486775,0.000000000,-0.003963169,-0.002716188,0.019581335,0.012901978,0.012901978,0.000000000,0.000000000
233,1782712624.339356422,0.099971771,0.012901978,-0.001741436,0.090244149,0.362159117,-0.002579801,0.008125350,-0.007717221,-0.014580210,-0.000051359,-0.000012155,-0.014579901,-0.014643415,-0.014643415,-0.000000000,-0.004014528,-0.002728343,0.005001434,-0.001741436,-0.001741436,-0.000000000,0.000000000
234,1782712624.439328194,0.099971771,-0.001741436,0.004405117,-0.148032544,-0.050860235,-0.138083755,0.004632399,0.005399401,0.006156415,0.000004112,-0.000013950,0.006156392,0.006146553,0.006146553,0.000000000,-0.004010416,-0.002742293,0.011157826,0.004405117,0.004405117,0.000000000,0.000000000
235,1782712624.539237261,0.099909067,0.004405117,-0.005283543,0.061001337,0.159532782,-0.022942049,0.015640901,-0.011228423,-0.009633198,-0.000043550,-0.000011955,-0.009633155,-0.009688660,-0.009688660,-0.000000000,-0.004053966,-0.002754247,0.001524671,-0.005283543,-0.005283543,-0.000000000,0.000000000
236,1782712624.738854885,0.199617624,-0.005283543,0.004735120,-0.096097655,-0.156829380,-0.070426570,-0.008100744,0.002905737,0.010045761,-0.000022173,-0.000004874,0.010045710,0.010018663,0.010018663,0.000000000,-0.004076139,-0.002759121,0.011570380,0.004735120,0.004735120,0.000000000,0.000000000
237,1782712625.739022732,1.000167847,0.004735120,-0.002621955,-0.072878859,0.028487698,-0.037317882,0.002527766,0.006236345,-0.007347893,-0.000001257,-0.000007932,-0.007347886,-0.007357075,-0.007357075,-0.000000000,-0.004077396,-0.002767053,0.004222495,-0.002621955,-0.002621955,-0.000000000,0.000000000
238,1782712625.839087963,0.100065231,-0.002621955,-0.012569275,-0.008427469,0.131129492,-0.025783751,0.000683301,-0.000337531,-0.009945832,-0.000001564,0.000000050,-0.009945806,-0.009947320,-0.009947320,-0.000000000,-0.004078960,-0.002767004,-0.005723312,-0.012569275,-0.012569275,-0.000000000,0.000000000
239,1782712625.939082146,0.099994183,-0.012569275,0.005472981,-0.108738544,-0.230227697,-0.113387418,-0.008585014,0.003456346,0.018083491,-0.000034496,-0.000006560,0.018083312,0.018042256,0.018042256,0.000000000,-0.004113456,-0.002773563,0.012360001,0.005472981,0.005472981,0.000000000,0.000000000
240,1782712626.039035797,0.099953651,0.005472981,-0.013736537,0.053958546,0.222018994,-0.008860783,0.015294456,-0.006622436,-0.019144169,-0.000059265,-0.000006237,-0.019144016,-0.019209518,-0.019209518,-0.000000000,-0.004172722,-0.002779800,-0.006784016,-0.013736537,-0.013736537,-0.000000000,0.000000000
241,1782712626.139067650,0.100031853,-0.013736537,0.013711545,-0.109332595,-0.249335673,-0.153743002,-0.027647475,0.006715725,0.027581522,-0.000120314,-0.000012815,0.027581211,0.027448082,0.027448082,0.000000000,-0.004293036,-0.002792615,0.020797195,0.013711545,0.013711545,0.000000000,0.000000000
242,1782712626.239145517,0.100077868,0.013711545,-0.002805613,-0.000490861,0.301258428,-0.024152544,0.022470690,-0.010697385,-0.016399327,-0.000118149,0.000000092,-0.016399101,-0.016517158,-0.016517158,-0.000000000,-0.004411185,-0.002792523,0.004398095,-0.002805613,-0.002805613,-0.000000000,0.000000000
243,1782712626.338880062,0.099734545,-0.002805613,0.010688307,-0.074179816,-0.092252182,-0.016310137,-0.012142292,0.003240701,0.013517695,-0.000019550,-0.000004196,0.013517666,0.013493920,0.013493920,0.000000000,-0.004430735,-0.002796719,0.017915761,0.010688307,0.010688307,0.000000000,0.000000000
244,1782712626.439118624,0.100238562,0.010688307,-0.002585481,0.004101407,0.167048036,0.006107935,0.013327606,-0.007165932,-0.013234475,-0.000038857,-0.000000513,-0.013234418,-0.013273788,-0.013273788,-0.000000000,-0.004469592,-0.002797232,0.004681343,-0.002585481,-0.002585481,-0.000000000,0.000000000
245,1782712626.540266514,0.101147890,-0.002585481,0.008666731,-0.134982750,-0.105125866,-0.107826816,-0.007039024,0.011445597,0.011292143,-0.000012915,-0.000026965,0.011292092,0.011252212,0.011252212,0.000000000,-0.004482507,-0.002824196,0.015973435,0.008666731,0.008666731,0.000000000,0.000000000
246,1782712626.639057875,0.098791361,0.008666731,0.001934813,0.028168442,0.111283722,-0.043036300,0.002385436,-0.003273745,-0.006725689,-0.000004633,-0.000001609,-0.006725676,-0.006731918,-0.006731918,-0.000000000,-0.004487140,-0.002825806,0.009247759,0.001934813,0.001934813,-0.000000000,0.000000000
247,1782712626.739205837,0.100147963,0.001934813,-0.000063803,-0.053580462,0.035732172,-0.090551532,0.008256117,-0.006134528,-0.001999205,-0.000005149,0.000005737,-0.001999204,-0.001998616,-0.001998616,-0.000000000,-0.004492289,-0.002820069,0.007248556,-0.000063803,-0.000063803,-0.000000000,0.000000000
248,1782712626.838650942,0.099445105,-0.000063803,0.009322085,-0.026009383,-0.061227734,0.004869812,-0.007502555,0.006367394,0.009396802,-0.000008017,-0.000002890,0.009396796,0.009385888,0.009385888,0.000000000,-0.004500307,-0.002822960,0.016645351,0.009322085,0.009322085,0.000000000,0.000000000
249,1782712626.939371586,0.100720644,0.009322085,-0.004121490,-0.039051586,0.123288925,-0.081746402,-0.001849504,0.001165777,-0.013446794,0.000003980,-0.000000795,-0.013446760,-0.013443575,-0.013443575,-0.000000000,-0.004496327,-0.002823754,0.003198592,-0.004121490,-0.004121490,-0.000000000,0.000000000
250,1782712627.039225578,0.099853992,-0.004121490,0.005960402,0.086081539,-0.001436475,-0.027044461,-0.000498625,-0.006891726,0.010092270,-0.000000013,-0.000010354,0.010092259,0.010081892,0.010081892,0.000000000,-0.004496340,-0.002834108,0.013290850,0.005960402,0.005960402,0.000000000,0.000000000
251,1782712627.140203953,0.100978374,0.005960402,-0.004803139,-0.061898129,0.078016596,-0.002858742,0.003697161,0.010200696,-0.010747503,-0.000005034,-0.000011020,-0.010747487,-0.010763541,-0.010763541,-0.000000000,-0.004501374,-0.002845128,0.002543363,-0.004803139,-0.004803139,-0.000000000,0.000000000
252,1782712627.239199638,0.098995686,-0.004803139,0.005733617,0.113440055,-0.087228987,-0.034601041,-0.006097433,-0.009078747,0.010564047,-0.000009283,-0.000017975,0.010564014,0.010536756,0.010536756,0.000000000,-0.004510657,-0.002863103,0.013107377,0.005733617,0.005733617,0.000000000,0.000000000
253,1782712627.339478016,0.100278378,0.005733617,-0.004758025,0.011574201,0.178494792,0.079972563,-0.000081352,0.013932532,-0.010494761,0.000000253,0.000002814,-0.010494710,-0.010491642,-0.010491642,-0.000000000,-0.004510403,-0.002860289,0.002612667,-0.004758025,-0.004758025,-0.000000000,0.000000000
254,1782712627.439308643,0.099830627,-0.004758025,-0.000402049,0.166388280,-0.057565036,-0.000943994,0.007340536,-0.010294549,0.004378517,0.000007375,-0.000029896,0.004378496,0.004355976,0.004355976,0.000000000,-0.004503028,-0.002890185,0.006991164,-0.000402049,-0.000402049,-0.000000000,0.000000000
255,1782712627.539170265,0.099861622,-0.000402049,-0.009231528,0.014089613,0.141804788,0.012881312,-0.011379956,0.015611264,-0.008861511,0.000028165,0.000003839,-0.008861483,-0.008829479,-0.008829479,-0.000000000,-0.004474863,-0.002886346,-0.001870319,-0.009231528,-0.009231528,-0.000000000,0.000000000
256,1782712627.639213800,0.100043535,-0.009231528,0.003699702,0.152288493,-0.063340219,-0.026787546,-0.003332539,-0.017693418,0.012981996,-0.000003684,-0.000047028,0.012981942,0.012931230,0.012931230,0.000000000,-0.004478547,-0.002933373,0.011111622,0.003699702,0.003699702,-0.000000000,0.000000000
257,1782712627.738669872,0.099456072,0.003699702,-0.008076347,-0.044892832,0.126450086,0.031192804,0.013880938,0.011669705,-0.011736303,-0.000030635,-0.000009144,-0.011736270,-0.011776049,-0.011776049,-0.000000000,-0.004509182,-0.002942517,-0.000624648,-0.008076347,-0.008076347,-0.000000000,0.000000000
258,1782712627.839455843,0.100785971,-0.008076347,-0.000902274,0.014773711,-0.097254695,-0.113751162,0.003173294,-0.015720791,0.007172751,0.000005386,-0.000004054,0.007172740,0.007174073,0.007174073,0.000000000,-0.004503796,-0.002946571,0.006548092,-0.000902274,-0.000902274,-0.000000000,0.000000000
259,1782712627.939581394,0.100125551,-0.000902274,-0.000098861,-0.183450385,-0.051687304,-0.075259237,-0.006799973,0.011205401,0.000845430,-0.000006134,-0.000035878,0.000845425,0.000803413,0.000803413,0.000000000,-0.004509930,-0.002982448,0.007393518,-0.000098861,-0.000098861,-0.000000000,0.000000000
260,1782712628.038729906,0.099148512,-0.000098861,0.003863205,0.042022883,-0.018572287,-0.002380214,-0.005279619,-0.008863307,0.003970279,-0.000001711,-0.000006501,0.003970278,0.003962066,0.003962066,0.000000000,-0.004511642,-0.002988949,0.011363796,0.003863205,0.003863205,0.000000000,0.000000000
261,1782712628.139060259,0.100330353,0.003863205,-0.000557471,-0.196311619,-0.003246850,-0.161904912,0.012138854,0.007838956,-0.004394532,0.000000688,-0.000026858,-0.004394506,-0.004420676,-0.004420676,-0.000000000,-0.004510954,-0.003015807,0.006969290,-0.000557471,-0.000557471,-0.000000000,0.000000000
262,1782712628.239300489,0.100240231,-0.000557471,0.003799312,0.000111221,-0.059406845,-0.088545310,-0.007185546,-0.011433992,0.004364258,-0.000007450,-0.000000022,0.004364255,0.004356783,0.004356783,0.000000000,-0.004518404,-0.003015829,0.011333545,0.003799312,0.003799312,0.000000000,0.000000000
263,1782712628.339251995,0.099951506,0.003799312,0.008249019,-0.146714670,0.048165010,-0.057338326,-0.013655579,0.007877469,0.004458416,0.000011479,-0.000020171,0.004458399,0.004449707,0.004449707,0.000000000,-0.004506925,-0.003036001,0.015791944,0.008249019,0.008249019,0.000000000,0.000000000
264,1782712628.439466476,0.100214481,0.008249019,0.004441454,0.000078617,0.115736798,-0.003087900,0.010983476,-0.002497784,-0.003785383,-0.000022186,-0.000000003,-0.003785375,-0.003807565,-0.003807565,-0.000000000,-0.004529111,-0.003036004,0.012006569,0.004441454,0.004441454,0.000000000,0.000000000
265,1782712628.539348364,0.099881887,0.004441454,0.018916037,-0.081959906,0.042022901,-0.075660348,-0.011237841,0.005563543,0.014474318,0.000008242,-0.000007958,0.014474300,0.014474583,0.014474583,0.000000000,-0.004520869,-0.003043963,0.026480869,0.018916037,0.018916037,0.000000000,0.000000000
266,1782712628.739632368,0.200284004,0.018916037,0.003736371,-0.019251341,0.256878671,-0.097139226,0.018172230,-0.006347910,-0.015100479,-0.000081473,0.000002133,-0.015100326,-0.015179666,-0.015179666,-0.000000000,-0.004602341,-0.003041830,0.011380542,0.003736371,0.003736371,0.000000000,0.000000000
267,1782712628.839203358,0.099570990,0.003736371,0.005476018,-0.038463071,0.011482580,-0.010438402,-0.011554339,0.010150724,0.001744146,0.000002316,-0.000006814,0.001744146,0.001739647,0.001739647,0.000000000,-0.004600026,-0.003048644,0.013124688,0.005476018,0.005476018,0.000000000,0.000000000
268,1782712629.039917231,0.200713873,0.005476018,0.004375024,0.098751862,0.115732165,0.019555029,0.003680809,0.006785188,-0.001105258,-0.000007435,0.000011695,-0.001105254,-0.001100995,-0.001100995,-0.000000000,-0.004607461,-0.003036950,0.012019434,0.004375024,0.004375024,0.000000000,0.000000000
269,1782712629.139364243,0.099447012,0.004375024,-0.003489618,0.206688516,0.081949703,0.006006727,0.009583491,-0.015151199,-0.007796337,-0.000013707,-0.000054656,-0.007796279,-0.007864642,-0.007864642,-0.000000000,-0.004621168,-0.003091606,0.004223155,-0.003489618,-0.003489618,-0.000000000,0.000000000
270,1782712629.239194393,0.099830151,-0.003489618,-0.007227213,0.038246585,0.065808712,-0.027333354,-0.001872472,0.010889136,-0.003747017,0.000002151,0.000007269,-0.003747014,-0.003737595,-0.003737595,-0.000000000,-0.004619017,-0.003084337,0.000476141,-0.007227213,-0.007227213,-0.000000000,0.000000000
271,1782712629.339069605,0.099875212,-0.007227213,-0.007905692,0.203222797,-0.073800584,0.045807684,0.007209346,-0.016904255,-0.000627812,0.000009286,-0.000059958,-0.000627807,-0.000678479,-0.000678479,-0.000000000,-0.004609731,-0.003144295,-0.000151666,-0.007905692,-0.007905692,-0.000000000,0.000000000
272,1782712629.439072132,0.100002527,-0.007905692,0.000702882,-0.053564210,-0.099014090,0.015005462,-0.024400744,0.015616780,0.008665358,-0.000042167,-0.000014600,0.008665341,0.008608574,0.008608574,0.000000000,-0.004651899,-0.003158894,0.008513675,0.000702882,0.000702882,-0.000000000,0.000000000
273,1782712629.639014721,0.199942589,0.000702882,-0.012108010,0.156171850,0.087201534,0.033154962,0.014215590,0.000275105,-0.012790069,-0.000021635,0.000000750,-0.012790007,-0.012810893,-0.012810893,-0.000000000,-0.004673534,-0.003158144,-0.004276332,-0.012108010,-0.012108010,-0.000000000,0.000000000
274,1782712629.746078968,0.107064247,-0.012108010,0.003978469,0.067372300,-0.086928434,0.016351124,-0.004004664,-0.017387194,0.016113030,-0.000006076,-0.000020445,0.016113001,0.016086480,0.016086480,0.000000000,-0.004679610,-0.003178589,0.011836669,0.003978469,0.003978469,0.000000000,0.000000000
275,1782712629.839071512,0.092992544,0.003978469,-0.014020450,-0.218433063,-0.022325989,-0.097739204,0.019679956,0.014130100,-0.017952851,0.000007669,-0.000053869,-0.017952719,-0.017998920,-0.017998920,-0.000000000,-0.004671941,-0.003232459,-0.006116050,-0.014020450,-0.014020450,-0.000000000,0.000000000
276,1782712629.939397097,0.100325584,-0.014020450,0.000789509,0.016392654,-0.277351599,-0.030799637,-0.010109290,-0.001609841,0.014859530,-0.000048936,-0.000000461,0.014859356,0.014809959,0.014809959,0.000000000,-0.004720877,-0.003232919,0.008743305,0.000789509,0.000789509,-0.000000000,0.000000000
277,1782712630.039168358,0.099771261,0.000789509,0.003044107,-0.105318104,0.004598263,-0.109494123,-0.016582788,-0.000808726,0.002251785,0.000001331,0.000001487,0.002251781,0.002254599,0.002254599,0.000000000,-0.004719546,-0.003231433,0.010995086,0.003044107,0.003044107,0.000000000,0.000000000
278,1782712630.139568567,0.100400209,0.003044107,0.003416807,0.023202004,0.004742355,-0.024283674,0.008892099,-0.006285145,0.000375980,-0.000000736,-0.000002545,0.000375980,0.000372699,0.000372699,0.000000000,-0.004720282,-0.003233978,0.011371067,0.003416807,0.003416807,0.000000000,0.000000000
279,1782712630.239430904,0.099862337,0.003416807,0.007446201,-0.097775099,0.062216568,-0.065959054,0.003852774,0.004059081,0.004040513,-0.000004184,-0.000006927,0.004040505,0.004029394,0.004029394,0.000000000,-0.004724466,-0.003240905,0.015411571,0.007446201,0.007446201,0.000000000,0.000000000
280,1782712630.339518070,0.100087166,0.007446201,0.007390273,-0.027024049,0.015185124,-0.122244843,-0.006036852,-0.004723491,-0.000059756,0.000001600,0.000002228,-0.000059756,-0.000055928,-0.000055928,0.000000000,-0.004722866,-0.003238677,0.015351816,0.007390273,0.007390273,0.000000000,0.000000000
281,1782712630.439026117,0.099508047,0.007390273,0.008435349,-0.085886181,0.094131275,-0.053506711,0.007945220,0.004358245,0.001064664,-0.000013053,-0.000006533,0.001064662,0.001045076,0.001045076,0.000000000,-0.004735919,-0.003245210,0.016416478,0.008435349,0.008435349,0.000000000,0.000000000
282,1782712630.539479256,0.100453138,0.008435349,0.001692234,0.029556130,0.040217597,0.017664662,-0.002872392,-0.000279586,-0.006744990,0.000002016,-0.000000144,-0.006744987,-0.006743115,-0.006743115,-0.000000000,-0.004733903,-0.003245354,0.009671491,0.001692234,0.001692234,0.000000000,0.000000000
283,1782712630.639441490,0.099962234,0.001692234,0.011255719,0.010024213,0.053188045,-0.045713561,-0.014780586,0.000578543,0.009549668,0.000013721,0.000000101,0.009549663,0.009563486,0.009563486,0.000000000,-0.004720182,-0.003245253,0.019221154,0.011255719,0.011255719,0.000000000,0.000000000
284,1782712630.738657475,0.099215984,0.011255719,0.004041528,0.003519301,0.182784653,0.020960702,0.005638632,0.006389363,-0.007196632,-0.000017988,0.000000392,-0.007196596,-0.007214192,-0.007214192,-0.000000000,-0.004738170,-0.003244860,0.012024558,0.004041528,0.004041528,0.000000000,0.000000000
285,1782712630.839451551,0.100794077,0.004041528,0.006887502,0.084831145,0.090025173,0.005687150,0.004024747,-0.010108601,0.002867271,-0.000006324,-0.000014967,0.002867265,0.002845974,0.002845974,0.000000000,-0.004744494,-0.003259827,0.014891823,0.006887502,0.006887502,0.000000000,0.000000000
286,1782712630.939048052,0.099596500,0.006887502,0.001402349,-0.049678383,0.099256631,-0.041690247,0.000079171,0.013276034,-0.005473516,-0.000000137,-0.000011511,-0.005473505,-0.005485153,-0.005485153,-0.000000000,-0.004744631,-0.003271338,0.009418318,0.001402349,0.001402349,0.000000000,0.000000000
287,1782712631.039340496,0.100292444,0.001402349,0.004651760,0.119567891,0.056463470,-0.024901877,0.001540586,-0.020403761,0.003293518,-0.000001518,-0.000042580,0.003293509,0.003249411,0.003249411,0.000000000,-0.004746150,-0.003313917,0.012711827,0.004651760,0.004651760,0.000000000,0.000000000
288,1782712631.139351845,0.100011349,0.004651760,-0.001336056,-0.103582528,0.015460983,-0.017241029,0.001548350,0.022438516,-0.005946842,-0.000000418,-0.000040566,-0.005946832,-0.005987815,-0.005987815,-0.000000000,-0.004746567,-0.003354483,0.006764995,-0.001336056,-0.001336056,-0.000000000,0.000000000
289,1782712631.239031076,0.099679232,-0.001336056,0.000194829,0.186632889,0.005746186,0.036471689,0.008545490,-0.020050571,0.001597062,-0.000000857,-0.000065312,0.001597053,0.001530885,0.001530885,0.000000000,-0.004747424,-0.003419795,0.008362048,0.000194829,0.000194829,0.000000000,0.000000000
290,1782712631.339088202,0.100057125,0.000194829,-0.003200332,-0.089490931,0.024179992,0.011674433,-0.014060293,0.016878730,-0.003374736,0.000005934,-0.000026363,-0.003374732,-0.003395161,-0.003395161,-0.000000000,-0.004741491,-0.003446158,0.004987317,-0.003200332,-0.003200332,-0.000000000,0.000000000
291,1782712631.439244986,0.100156784,-0.003200332,-0.008757623,0.130820156,0.014792396,0.010508036,0.014703570,-0.019842268,-0.005508205,-0.000003796,-0.000045305,-0.005508190,-0.005557291,-0.005557291,-0.000000000,-0.004745287,-0.003491462,-0.000520874,-0.008757623,-0.008757623,-0.000000000,0.000000000
292,1782712631.539158583,0.099913597,-0.008757623,-0.001309755,-0.179016360,-0.188813396,-0.060390621,-0.006164233,0.022788494,0.007539459,-0.000020314,-0.000071200,0.007539382,0.007447867,0.007447867,0.000000000,-0.004765601,-0.003562663,0.007018508,-0.001309755,-0.001309755,-0.000000000,0.000000000
293,1782712631.639366865,0.100208282,-0.001309755,-0.003809286,0.087932249,0.008527735,-0.035910496,0.011784703,-0.010443458,-0.002481752,-0.000001754,-0.000016028,-0.002481749,-0.002499530,-0.002499530,-0.000000000,-0.004767355,-0.003578691,0.004536759,-0.003809286,-0.003809286,-0.000000000,0.000000000
294,1782712631.739476681,0.100109816,-0.003809286,-0.000890268,-0.162969660,-0.137790052,-0.199130230,-0.016525447,0.007831564,0.002981055,-0.000039742,-0.000022276,0.002981035,0.002919017,0.002919017,0.000000000,-0.004807096,-0.003600966,0.007517794,-0.000890268,-0.000890268,-0.000000000,0.000000000
295,1782712631.838573456,0.099096775,-0.000890268,0.002809758,0.101670061,0.029178867,-0.008156690,0.009361506,-0.009428914,0.003721532,-0.000004768,-0.000016731,0.003721526,0.003700027,0.003700027,0.000000000,-0.004811864,-0.003617698,0.011239320,0.002809758,0.002809758,0.000000000,0.000000000
296,1782712631.939041853,0.100468397,0.002809758,0.007048332,-0.168260792,0.030180545,-0.112200318,-0.010020626,0.000281008,0.004234139,0.000005278,-0.000000825,0.004234120,0.004238573,0.004238573,0.000000000,-0.004806586,-0.003618523,0.015473440,0.007048332,0.007048332,0.000000000,0.000000000
297,1782712632.039214134,0.100172281,0.007048332,-0.000724074,-0.048315314,0.043422007,-0.103203650,0.004037295,-0.006599659,-0.007774917,-0.000003060,0.000005565,-0.007774912,-0.007772406,-0.007772406,-0.000000000,-0.004809645,-0.003612958,0.007698528,-0.000724074,-0.000724074,-0.000000000,0.000000000
298,1782712632.139973402,0.100759268,-0.000724074,0.015344629,-0.111814963,-0.032335639,-0.066889717,-0.006582771,0.006861414,0.016085842,-0.000003715,-0.000013390,0.016085808,0.016068703,0.016068703,0.000000000,-0.004813360,-0.003626348,0.023784337,0.015344629,0.015344629,0.000000000,0.000000000
299,1782712632.239303112,0.099329710,0.015344629,-0.000363648,0.005038407,0.187271485,-0.042675630,0.008891328,0.000243408,-0.015679321,-0.000029061,0.000000021,-0.015679237,-0.015708277,-0.015708277,-0.000000000,-0.004842422,-0.003626327,0.008105100,-0.000363648,-0.000363648,-0.000000000,0.000000000
300,1782712632.339084387,0.099781275,-0.000363648,0.007922240,0.018696684,0.019515091,-0.025999375,-0.004985526,-0.007809329,0.008286739,0.000001698,-0.000002548,0.008286738,0.008285888,0.008285888,0.000000000,-0.004840723,-0.003628875,0.016391838,0.007922240,0.007922240,0.000000000,0.000000000
301,1782712632.439989567,0.100905180,0.007922240,-0.002744926,-0.000228146,0.055329292,0.049825421,0.007057133,0.012909075,-0.010660305,-0.000006815,-0.000000051,-0.010660300,-0.010667166,-0.010667166,-0.000000000,-0.004847538,-0.003628926,0.005731538,-0.002744926,-0.002744926,-0.000000000,0.000000000
302,1782712632.539176702,0.099187136,-0.002744926,0.001572962,0.074881042,0.043985657,-0.000395511,-0.004636281,-0.012557308,0.004330746,0.000003559,-0.000016411,0.004330741,0.004317888,0.004317888,0.000000000,-0.004843979,-0.003645338,0.010062279,0.001572962,0.001572962,0.000000000,0.000000000
303,1782712632.639242649,0.100065947,0.001572962,-0.002155967,-0.063723753,-0.028754974,-0.039480308,0.004979043,0.016602655,-0.003712965,0.000002499,-0.000018465,-0.003712962,-0.003728929,-0.003728929,-0.000000000,-0.004841480,-0.003663803,0.006349317,-0.002155967,-0.002155967,-0.000000000,0.000000000
304,1782712632.839303255,0.200060606,-0.002155967,-0.003156247,0.070346494,0.108477728,-0.061355742,-0.002980524,-0.002141971,-0.001003296,0.000005643,-0.000002630,-0.001003294,-0.001000280,-0.001000280,-0.000000000,-0.004835837,-0.003666433,0.005346023,-0.003156247,-0.003156247,-0.000000000,0.000000000
305,1782712632.939088821,0.099785566,-0.003156247,-0.006690624,0.128994692,0.096301232,0.016180613,0.000147648,-0.010155446,-0.003511279,-0.000000248,-0.000022864,-0.003511265,-0.003534377,-0.003534377,-0.000000000,-0.004836085,-0.003689297,0.001834758,-0.006690624,-0.006690624,-0.000000000,0.000000000
306,1782712633.039117813,0.100028992,-0.006690624,-0.002132929,0.109668358,-0.080443616,0.042220194,-0.017043058,0.011055469,0.004560476,-0.000023929,0.000021161,0.004560463,0.004557695,0.004557695,0.000000000,-0.004860014,-0.003668136,0.006395221,-0.002132929,-0.002132929,-0.000000000,0.000000000
307,1782712633.139691830,0.100574017,-0.002132929,-0.011627459,0.191168174,0.181852500,0.094281836,0.021173349,-0.011311429,-0.009389687,-0.000067203,-0.000037740,-0.009389587,-0.009494530,-0.009494530,-0.000000000,-0.004927217,-0.003705876,-0.002994366,-0.011627459,-0.011627459,-0.000000000,0.000000000
308,1782712633.239091635,0.099399805,-0.011627459,0.001867641,-0.065931105,-0.230932375,-0.021269358,-0.006483824,0.004862165,0.013526947,-0.000026133,-0.000005595,0.013526828,0.013495100,0.013495100,0.000000000,-0.004953350,-0.003711471,0.010532462,0.001867641,0.001867641,0.000000000,0.000000000
309,1782712633.339205742,0.100114107,0.001867641,-0.012786924,0.054874731,0.201749458,0.112552433,0.006947924,0.000999826,-0.014631155,-0.000024465,0.000000958,-0.014631058,-0.014654565,-0.014654565,-0.000000000,-0.004977815,-0.003710513,-0.004098596,-0.012786924,-0.012786924,-0.000000000,0.000000000
310,1782712633.439360619,0.100154877,-0.012786924,0.009333845,-0.179622589,-0.315436359,-0.167381129,-0.005411760,0.002741693,0.022159603,-0.000029794,-0.000008595,0.022159158,0.022120769,0.022120769,0.000000000,-0.005007608,-0.003719109,0.018060562,0.009333845,0.009333845,0.000000000,0.000000000
311,1782712633.539237499,0.099876881,0.009333845,-0.014964129,0.165549127,0.309093298,0.058691108,0.006233033,-0.005259726,-0.024249606,-0.000033625,-0.000015197,-0.024249152,-0.024297974,-0.024297974,-0.000000000,-0.005041234,-0.003734306,-0.006188590,-0.014964129,-0.014964129,-0.000000000,0.000000000
312,1782712633.638959646,0.099722147,-0.014964129,0.015425300,-0.162281348,-0.296882858,-0.114931152,-0.020515708,0.005962581,0.030513152,-0.000106303,-0.000016888,0.030512620,0.030389429,0.030389429,0.000000000,-0.005147537,-0.003751193,0.024324031,0.015425300,0.015425300,0.000000000,0.000000000
313,1782712633.739056110,0.100096464,0.015425300,-0.004959627,0.103085395,0.357279959,-0.003037512,0.020941332,-0.009137185,-0.020238331,-0.000130583,-0.000016439,-0.020237905,-0.020384927,-0.020384927,-0.000000000,-0.005278120,-0.003767633,0.004086126,-0.004959627,-0.004959627,-0.000000000,0.000000000
314,1782712633.838951111,0.099895000,-0.004959627,0.009195988,-0.126723747,-0.158539543,-0.109523596,0.029031792,0.003972172,0.014084156,0.000080332,-0.000008785,0.014084068,0.014155615,0.014155615,0.000000000,-0.005197788,-0.003776418,0.018170194,0.009195988,0.009195988,0.000000000,0.000000000
315,1782712633.939113379,0.100162268,0.009195988,0.006368554,0.078914071,0.090506016,0.015282786,0.044498540,-0.012457363,-0.002739991,-0.000070291,-0.000017158,-0.002739985,-0.002827433,-0.002827433,-0.000000000,-0.005268079,-0.003793576,0.015430209,0.006368554,0.006368554,0.000000000,0.000000000
316,1782712634.039192915,0.100079536,0.006368554,0.001615392,-0.155387174,0.027025502,0.074639205,0.057058571,0.023465893,-0.004662627,-0.000026914,-0.000063640,-0.004662609,-0.004753162,-0.004753162,-0.000000000,-0.005294993,-0.003857215,0.010767600,0.001615392,0.001615392,0.000000000,0.000000000
317,1782712634.139096975,0.099904060,0.001615392,0.005591714,0.058616126,0.234101702,0.375197973,0.068886082,-0.011328007,0.004269406,-0.000281457,-0.000011589,0.004269368,0.003976322,0.003976322,0.000000000,-0.005576450,-0.003868804,0.015036968,0.005591714,0.005591714,0.000000000,0.000000000
318,1782712634.239142418,0.100045443,0.005591714,-0.008641272,-0.294110774,0.200071053,0.773698587,0.079025944,0.013499145,-0.013888010,-0.000275950,-0.000069293,-0.013887743,-0.014232986,-0.014232986,-0.000000000,-0.005852400,-0.003938097,0.001149225,-0.008641272,-0.008641272,-0.000000000,0.000000000
319,1782712634.339107275,0.099964857,-0.008641272,0.010742244,-0.137384283,0.166081701,1.371816219,0.070896339,-0.006403851,0.019573805,-0.000205505,0.000015355,0.019573666,0.019383516,0.019383516,0.000000000,-0.006057905,-0.003922742,0.020722892,0.010742244,0.010742244,0.000000000,0.000000000
320,1782712634.439453363,0.100346088,0.010742244,-0.001523748,-0.424528469,0.447817354,1.637909984,0.081802639,0.011715066,-0.011540510,-0.000639354,-0.000086798,-0.011539840,-0.012265993,-0.012265993,-0.000000000,-0.006697259,-0.004009541,0.009183051,-0.001523748,-0.001523748,-0.000000000,0.000000000
321,1782712634.539945602,0.100492239,-0.001523748,0.004940967,0.018465539,0.186214731,2.241425070,0.074633372,-0.004168479,0.006708657,-0.000242563,-0.000001343,0.006708621,0.006464715,0.006464715,0.000000000,-0.006939821,-0.004010884,0.015891672,0.004940967,0.004940967,0.000000000,0.000000000
322,1782712634.639230013,0.099284410,0.004940967,-0.003301069,-0.212262283,0.485202390,2.869457247,0.076071608,0.002390039,-0.007589310,-0.000644196,-0.000008854,-0.007588986,-0.008242035,-0.008242035,-0.000000000,-0.007584017,-0.004019738,0.008302686,-0.003301069,-0.003301069,-0.000000000,0.000000000
323,1782712634.739017248,0.099787235,-0.003301069,0.009547422,-0.098129591,0.161819484,3.452621237,0.080435787,0.003029962,0.013080925,-0.000227173,-0.000005189,0.013080853,0.012848491,0.012848491,0.000000000,-0.007811190,-0.004024927,0.021383540,0.009547422,0.009547422,0.000000000,0.000000000
324,1782712634.838992596,0.099975348,0.009547422,-0.007006369,-0.147775699,0.213948602,3.802244861,0.095187477,-0.004115063,-0.016209132,-0.000355439,0.000010613,-0.016208965,-0.016553791,-0.016553791,-0.000000000,-0.008166629,-0.004014314,0.005174575,-0.007006369,-0.007006369,-0.000000000,0.000000000
325,1782712634.939340830,0.100348234,-0.007006369,0.000002039,-0.021690874,0.066708659,4.066347893,0.037880321,0.001015453,0.007052901,-0.000044104,-0.000000384,0.007052896,0.007008408,0.007008408,0.000000000,-0.008210733,-0.004014699,0.012227470,0.000002039,0.000002039,0.000000000,0.000000000
326,1782712635.039874077,0.100533247,0.000002039,0.011383042,0.014253467,0.514674027,3.759596199,0.084786061,-0.003289518,0.012143914,-0.000761602,-0.000000818,0.012143424,0.011381003,0.011381003,0.000000000,-0.008972335,-0.004015517,0.024370894,0.011383042,0.011383042,0.000000000,0.000000000
327,1782712635.139049530,0.099175453,0.011383042,-0.000692574,-0.241613475,0.616389524,3.488346998,0.063151047,0.009053365,-0.011358831,-0.000679368,-0.000038175,-0.011358073,-0.012075616,-0.012075616,-0.000000000,-0.009651703,-0.004053692,0.013012821,-0.000692574,-0.000692574,0.000000000,0.000000000
328,1782712635.238994122,0.099944592,-0.000692574,0.008075626,-0.070756200,0.646880417,3.902757010,0.077365670,0.003711491,0.009646860,-0.000873455,-0.000004583,0.009646237,0.008768200,0.008768200,0.000000000,-0.010525158,-0.004058275,0.022659059,0.008075626,0.008075626,0.000000000,0.000000000
329,1782712635.339126587,0.100132465,0.008075626,0.006401934,-0.290135169,0.913722727,3.926416288,0.047560265,-0.002171486,-0.000926383,-0.000758434,0.000010995,-0.000926253,-0.001673692,-0.001673692,-0.000000000,-0.011283591,-0.004047281,0.021732806,0.006401934,0.006401934,0.000000000,0.000000000
330,1782712635.439300776,0.100174189,0.006401934,0.008407559,-0.151515495,0.785381980,4.361094701,0.077879704,0.003902622,0.003083748,-0.001067503,-0.000010319,0.003083447,0.002005625,0.002005625,0.000000000,-0.012351094,-0.004057600,0.024816253,0.008407559,0.008407559,0.000000000,0.000000000
331,1782712635.539244175,0.099943399,0.008407559,0.002129652,-0.170631941,0.952454590,4.464320097,0.059381830,-0.000852759,-0.005294115,-0.000987087,0.000002539,-0.005293360,-0.006277907,-0.006277907,-0.000000000,-0.013338181,-0.004055061,0.019522893,0.002129652,0.002129652,0.000000000,0.000000000
332,1782712635.639325857,0.100081682,0.002129652,0.011088542,-0.255664224,0.683974860,4.832126012,0.072558569,0.001849455,0.009834096,-0.000866156,-0.000008252,0.009833298,0.008958890,0.008958890,0.000000000,-0.014204336,-0.004063313,0.029356191,0.011088542,0.011088542,0.000000000,0.000000000
333,1782712635.739143848,0.099817991,0.011088542,0.013005673,-0.082374122,0.739697456,4.890609667,0.054866482,0.002324630,0.002629010,-0.000708315,-0.000003342,0.002628788,0.001917131,0.001917131,0.000000000,-0.014912651,-0.004066655,0.031984979,0.013005673,0.013005673,0.000000000,0.000000000
334,1782712635.839127779,0.099983931,0.013005673,0.012228661,-0.096417581,0.729641308,5.051850815,0.073196064,-0.000922598,0.000153549,-0.000932101,0.000001552,0.000153536,-0.000777012,-0.000777012,-0.000000000,-0.015844752,-0.004065102,0.032138515,0.012228661,0.012228661,0.000000000,0.000000000
335,1782712635.939080477,0.099952698,0.012228661,0.013409137,-0.006436385,0.452080755,5.230985196,0.054973427,-0.004368701,0.001613787,-0.000433752,0.000000491,0.001613737,0.001180476,0.001180476,0.000000000,-0.016278504,-0.004064611,0.033752252,0.013409137,0.013409137,0.000000000,0.000000000
336,1782712636.039057016,0.099976540,0.013409137,0.011114642,-0.272180410,0.478996557,5.555273768,0.079128540,0.002849846,-0.001619520,-0.000661512,-0.000013538,-0.001619445,-0.002294495,-0.002294495,-0.000000000,-0.016940016,-0.004078149,0.032132807,0.011114642,0.011114642,0.000000000,0.000000000
337,1782712636.139361143,0.100304127,0.011114642,0.012466623,-0.338633017,0.314090890,5.723119997,0.053766139,0.009656695,0.001703849,-0.000294740,-0.000057072,0.001703794,0.001351981,0.001351981,0.000000000,-0.017234756,-0.004135221,0.033836601,0.012466623,0.012466623,0.000000000,0.000000000
338,1782712636.239435196,0.100074053,0.012466623,0.008845904,-0.343964222,0.503965381,5.881888328,0.071685234,-0.000549277,-0.002993661,-0.000630525,0.000003297,-0.002993492,-0.003620719,-0.003620719,-0.000000000,-0.017865281,-0.004131924,0.030843109,0.008845904,0.008845904,0.000000000,0.000000000
339,1782712636.339159727,0.099724531,0.008845904,0.007158143,-0.273501142,0.532713575,6.201470074,0.078152060,0.002276123,-0.000950332,-0.000726617,-0.000010865,-0.000950280,-0.001687761,-0.001687761,-0.000000000,-0.018591898,-0.004142789,0.029892829,0.007158143,0.007158143,0.000000000,0.000000000
340,1782712636.438763857,0.099604130,0.007158143,0.004504053,-0.329720534,0.649182398,6.367811794,0.058478001,-0.002161870,-0.002004129,-0.000662563,0.000012440,-0.002003967,-0.002654090,-0.002654090,-0.000000000,-0.019254461,-0.004130348,0.027888862,0.004504053,0.004504053,-0.000000000,0.000000000
341,1782712636.538565874,0.099802017,0.004504053,0.006945375,-0.404720684,0.789401766,6.709369492,0.075883647,-0.002970167,0.003466226,-0.001045466,0.000020978,0.003465810,0.002441322,0.002441322,0.000000000,-0.020299927,-0.004109370,0.031354673,0.006945375,0.006945375,0.000000000,0.000000000
342,1782712636.639468908,0.100903034,0.006945375,0.011549575,-0.666863703,0.818748420,6.799313365,0.072485419,0.002761219,0.005673068,-0.001035771,-0.000032134,0.005672104,0.004604200,0.004604200,0.000000000,-0.021335698,-0.004141504,0.037026777,0.011549575,0.011549575,0.000000000,0.000000000
343,1782712636.739451647,0.099982738,0.011549575,0.002310563,-0.521865734,0.767542501,7.057534806,0.074755671,-0.002755665,-0.008263785,-0.001001408,0.000025097,-0.008262701,-0.009239012,-0.009239012,-0.000000000,-0.022337106,-0.004116407,0.028764076,0.002310563,0.002310563,-0.000000000,0.000000000
344,1782712636.838798761,0.099347115,0.002310563,0.011655931,-0.468339904,0.725513325,7.211991438,0.065989046,-0.004572128,0.010144721,-0.000835570,0.000037369,0.010143569,0.009345368,0.009345368,0.000000000,-0.023172676,-0.004079038,0.038907644,0.011655931,0.011655931,0.000000000,0.000000000
345,1782712636.939167261,0.100368500,0.011655931,0.010861293,-0.342037863,0.638717984,7.471176677,0.068919585,0.012593248,0.000048820,-0.000768281,-0.000075173,0.000048816,-0.000794638,-0.000794638,0.000000000,-0.023940957,-0.004154210,0.038956460,0.010861293,0.010861293,0.000000000,0.000000000
346,1782712637.039295673,0.100128412,0.010861293,0.013545699,-0.364771878,0.680448999,7.685821787,0.071757010,-0.001474241,0.003527513,-0.000852172,0.000009385,0.003527192,0.002684406,0.002684406,0.000000000,-0.024793129,-0.004144825,0.042483653,0.013545699,0.013545699,0.000000000,0.000000000
347,1782712637.139668226,0.100372553,0.013545699,0.010103030,-0.518517004,0.643835544,7.990342622,0.076646301,0.006825612,-0.002519905,-0.000861260,-0.000061766,-0.002519642,-0.003442668,-0.003442668,-0.000000000,-0.025654389,-0.004206591,0.039964010,0.010103030,0.010103030,0.000000000,0.000000000
348,1782712637.239441156,0.099772930,0.010103030,0.019920371,-0.473392402,0.594671192,8.254131256,0.055770967,-0.004426116,0.010360520,-0.000578835,0.000036567,0.010359608,0.009817340,0.009817340,0.000000000,-0.026233224,-0.004170024,0.050323618,0.019920371,0.019920371,0.000000000,0.000000000
349,1782712637.339422703,0.099981546,0.019920371,0.011571780,-0.439064443,0.719957821,8.544822134,0.075212447,0.006041349,-0.007358029,-0.000945067,-0.000046291,-0.007357232,-0.008348591,-0.008348591,-0.000000000,-0.027178291,-0.004216315,0.042966386,0.011571780,0.011571780,0.000000000,0.000000000
350,1782712637.439260960,0.099838257,0.011571780,0.021222009,-0.513592613,0.743255518,8.791008002,0.064857419,-0.009262741,0.010409825,-0.000841323,0.000083022,0.010408531,0.009650229,0.009650229,0.000000000,-0.028019615,-0.004133293,0.053374917,0.021222009,0.021222009,0.000000000,0.000000000
351,1782712637.539035082,0.099774122,0.021222009,0.016154862,-0.531526825,0.838357607,8.724677963,0.068923088,-0.004402799,-0.004100148,-0.001008454,0.000040839,-0.004099533,-0.005067147,-0.005067147,-0.000000000,-0.029028068,-0.004092454,0.049275384,0.016154862,0.016154862,0.000000000,0.000000000
352,1782712637.639343262,0.100308180,0.016154862,0.025441252,-0.374390796,0.859189525,8.005853057,0.048863411,-0.001499566,0.010010645,-0.000732713,0.000009798,0.010009306,0.009286390,0.009286390,0.000000000,-0.029760781,-0.004082656,0.059284690,0.025441252,0.025441252,0.000000000,0.000000000
353,1782712637.739554882,0.100211620,0.025441252,0.010278232,-0.304423939,0.936907598,7.518932080,0.071273462,-0.004021793,-0.014021038,-0.001165420,0.000021366,-0.014018965,-0.015163020,-0.015163020,-0.000000000,-0.030926201,-0.004061291,0.045265724,0.010278232,0.010278232,0.000000000,0.000000000
354,1782712637.840228796,0.100673914,0.010278232,0.022921563,-0.240574450,0.752285795,7.743620002,0.047376635,0.004639160,0.013286102,-0.000622031,-0.000019477,0.013284840,0.012643331,0.012643331,0.000000000,-0.031548232,-0.004080768,0.058550564,0.022921563,0.022921563,0.000000000,0.000000000
355,1782712637.939349890,0.099121094,0.022921563,0.017670403,-0.294390870,0.957345851,7.971464776,0.067779912,0.002518410,-0.004106379,-0.001132471,-0.000012938,-0.004105752,-0.005251161,-0.005251161,-0.000000000,-0.032680703,-0.004093706,0.054444812,0.017670403,0.017670403,0.000000000,0.000000000
356,1782712638.039322853,0.099972963,0.017670403,0.021718193,-0.402639395,0.666240194,8.197520274,0.052280805,-0.002762895,0.004636715,-0.000607912,0.000019414,0.004636287,0.004047790,0.004047790,0.000000000,-0.033288615,-0.004074292,0.059081100,0.021718193,0.021718193,0.000000000,0.000000000
357,1782712638.139294386,0.099971533,0.021718193,0.028122048,-0.359751403,0.675576604,8.289258806,0.054592151,-0.007036161,0.007003988,-0.000643683,0.000044176,0.007003363,0.006403855,0.006403855,0.000000000,-0.033932298,-0.004030116,0.066084462,0.028122048,0.028122048,0.000000000,0.000000000
358,1782712638.239146948,0.099852562,0.028122048,0.017673477,-0.319401722,0.478847133,7.394390843,0.059330030,-0.005418252,-0.009983436,-0.000495843,0.000030203,-0.009982933,-0.010448572,-0.010448572,-0.000000000,-0.034428141,-0.003999913,0.056101530,0.017673477,0.017673477,0.000000000,0.000000000
359,1782712638.339432001,0.100285053,0.017673477,0.020463914,-0.335641760,0.129309216,6.420035342,0.059812093,-0.017719842,0.002821678,-0.000134988,0.000103803,0.002821622,0.002790437,0.002790437,0.000000000,-0.034563129,-0.003896110,0.058923152,0.020463914,0.020463914,0.000000000,0.000000000
360,1782712638.439492464,0.100060463,0.020463914,0.019612188,-0.274661656,-0.070631671,5.431522513,0.041732730,0.001556328,-0.000895723,0.000051446,-0.000007461,-0.000895712,-0.000851726,-0.000851726,-0.000000000,-0.034511683,-0.003903570,0.058027441,0.019612188,0.019612188,0.000000000,0.000000000
361,1782712638.538799286,0.099306822,0.019612188,0.019540359,-0.141811525,-0.061243498,4.740044061,0.056876870,-0.007511713,-0.000151217,0.000060796,0.000018592,-0.000151216,-0.000071829,-0.000071829,0.000000000,-0.034450887,-0.003884978,0.057876224,0.019540359,0.019540359,0.000000000,0.000000000
362,1782712638.639421940,0.100622654,0.019540359,0.017533494,-0.498375715,-0.120132421,4.886090804,0.054618934,0.014821702,-0.001992543,0.000114520,-0.000128922,-0.001992463,-0.002006865,-0.002006865,-0.000000000,-0.034336367,-0.004013900,0.055883761,0.017533494,0.017533494,0.000000000,0.000000000
363,1782712638.739198923,0.099776983,0.017533494,0.022240643,-0.361044190,0.027610110,5.101258848,0.064934813,-0.010201216,0.004674253,-0.000031291,0.000064282,0.004674159,0.004707150,0.004707150,0.000000000,-0.034367658,-0.003949618,0.060557920,0.022240643,0.022240643,0.000000000,0.000000000
364,1782712638.838609695,0.099410772,0.022240643,0.025310103,-0.447127131,0.142968495,5.370829267,0.056915594,0.006010697,0.003258494,-0.000142020,-0.000046906,0.003258385,0.003069459,0.003069459,0.000000000,-0.034509678,-0.003996524,0.063816305,0.025310103,0.025310103,0.000000000,0.000000000
365,1782712638.939395189,0.100785494,0.025310103,0.024126138,-0.320768866,0.323886111,5.605780291,0.069260547,0.003490672,-0.000772928,-0.000391519,-0.000019542,-0.000772904,-0.001183965,-0.001183965,-0.000000000,-0.034901197,-0.004016066,0.063043401,0.024126138,0.024126138,0.000000000,0.000000000
366,1782712639.039122105,0.099726915,0.024126138,0.024649688,-0.163376096,0.397491314,5.588016526,0.067551561,0.001027604,0.000995146,-0.000468637,-0.000002930,0.000995118,0.000523550,0.000523550,-0.000000000,-0.035369835,-0.004018996,0.064038519,0.024649688,0.024649688,0.000000000,0.000000000
367,1782712639.139141083,0.100018978,0.024649688,0.022693340,0.086112297,0.482519478,5.990882661,0.077091763,-0.005336418,-0.001299151,-0.000649225,-0.000008020,-0.001299103,-0.001956348,-0.001956348,-0.000000000,-0.036019060,-0.004027016,0.062739416,0.022693340,0.022693340,0.000000000,0.000000000
368,1782712639.238685608,0.099544525,0.022693340,0.027640090,-0.070387648,0.483975514,6.256253655,0.067587778,0.001316356,0.005519473,-0.000570905,-0.000001617,0.005519272,0.004946750,0.004946750,0.000000000,-0.036589964,-0.004028633,0.068258688,0.027640090,0.027640090,0.000000000,0.000000000
369,1782712639.338845491,0.100159883,0.027640090,0.021095029,-0.001388843,0.485975624,6.427395521,0.087074465,0.000806624,-0.005806704,-0.000738546,-0.000000020,-0.005806495,-0.006545061,-0.006545061,-0.000000000,-0.037328510,-0.004028653,0.062452193,0.021095029,0.021095029,0.000000000,0.000000000
370,1782712639.439227819,0.100382328,0.021095029,0.031554851,-0.105270930,0.318800959,6.865518987,0.082892081,0.002129054,0.010925140,-0.000461220,-0.000003912,0.010924953,0.010459821,0.010459821,0.000000000,-0.037789730,-0.004032565,0.073377145,0.031554851,0.031554851,0.000000000,0.000000000
371,1782712639.539245844,0.100018024,0.031554851,0.034177919,-0.265800143,0.606952429,7.312984275,0.074730233,0.005287350,0.003439452,-0.000791626,-0.000024527,0.003439222,0.002623069,0.002623069,0.000000000,-0.038581356,-0.004057092,0.076816367,0.034177919,0.034177919,0.000000000,0.000000000
372,1782712639.640460968,0.101215124,0.034177919,0.033336514,-0.058801448,0.541304762,7.733198342,0.085863356,-0.006042268,-0.000036422,-0.000811186,0.000006201,-0.000036420,-0.000841406,-0.000841406,-0.000000000,-0.039392543,-0.004050891,0.076779947,0.033336514,0.033336514,0.000000000,0.000000000
373,1782712639.739201069,0.098740101,0.033336514,0.027416300,-0.136504431,0.407839191,8.120621275,0.102439719,0.004865450,-0.005179595,-0.000729174,-0.000011591,-0.005179449,-0.005920214,-0.005920214,-0.000000000,-0.040121716,-0.004062482,0.071600498,0.027416300,0.027416300,0.000000000,0.000000000
374,1782712639.939899445,0.200698376,0.027416300,0.034335753,0.254660319,0.177643109,8.452573259,0.155699680,-0.000918347,0.007406383,-0.000482739,-0.000004082,0.007406275,0.006919453,0.006919453,0.000000000,-0.040604456,-0.004066564,0.079006773,0.034335753,0.034335753,0.000000000,0.000000000
375,1782712640.039221048,0.099321604,0.034335753,0.038940100,-0.232052727,0.084746866,8.332961444,0.098289990,-0.023112135,0.004656166,-0.000145382,0.000093606,0.004656123,0.004604347,0.004604347,0.000000000,-0.040749838,-0.003972958,0.083662896,0.038940100,0.038940100,0.000000000,0.000000000
376,1782712640.139442444,0.100221395,0.038940100,0.037137801,-0.246375722,0.030899983,6.993822392,0.085771655,0.015464592,-0.001689559,-0.000046257,-0.000066499,-0.001689543,-0.001802299,-0.001802299,0.000000000,-0.040796095,-0.004039457,0.081973353,0.037137801,0.037137801,0.000000000,0.000000000
377,1782712640.238944292,0.099501848,0.037137801,0.039368701,-0.222691444,0.073257804,6.245611522,0.093977692,-0.016134328,0.002288369,-0.000120159,0.000062709,0.002288349,0.002230900,0.002230900,0.000000000,-0.040916254,-0.003976748,0.084261702,0.039368701,0.039368701,0.000000000,0.000000000
378,1782712640.339332342,0.100388050,0.039368701,0.040307447,-0.418420768,0.187361455,6.130490996,0.065290316,0.001304302,0.001161812,-0.000213504,-0.000009525,0.001161775,0.000938746,0.000938746,0.000000000,-0.041129758,-0.003986273,0.085423477,0.040307447,0.040307447,0.000000000,0.000000000
379,1782712640.439501286,0.100168943,0.040307447,0.045715777,-0.298255732,0.318718942,6.163713180,0.092662565,-0.011065131,0.005866352,-0.000515451,0.000057599,0.005866182,0.005408330,0.005408330,0.000000000,-0.041645208,-0.003928674,0.091289659,0.045715777,0.045715777,0.000000000,0.000000000
380,1782712640.539434671,0.099933386,0.045715777,0.048258752,-0.442672928,0.231654369,5.955618179,0.072529568,0.000405073,0.002839459,-0.000293246,-0.000003130,0.002839351,0.002542976,0.002542976,0.000000000,-0.041938454,-0.003931803,0.094129010,0.048258752,0.048258752,0.000000000,0.000000000
381,1782712640.638701916,0.099267244,0.048258752,0.049016996,-0.238010121,0.352728780,4.573342130,0.085294515,-0.022347039,0.001190541,-0.000525093,0.000092829,0.001190508,0.000758244,0.000758244,-0.000000000,-0.042463548,-0.003838974,0.095319518,0.049016996,0.049016996,0.000000000,0.000000000
382,1782712640.739557266,0.100855350,0.049016996,0.048799750,-0.398834010,0.239355651,3.509410177,0.080171180,0.000686192,0.000122452,-0.000334918,-0.000004776,0.000122448,-0.000217246,-0.000217246,-0.000000000,-0.042798465,-0.003843751,0.095441966,0.048799750,0.048799750,0.000000000,0.000000000
383,1782712640.838636160,0.099078894,0.048799750,0.051821655,-0.332872438,-0.007951766,2.468372782,0.076733332,0.003878647,0.003033841,0.000010649,-0.000022534,0.003033790,0.003021906,0.003021906,0.000000000,-0.042787816,-0.003866285,0.098475756,0.051821655,0.051821655,0.000000000,0.000000000
384,1782712640.939177752,0.100541592,0.051821655,0.044659576,-0.339142325,0.000128058,2.677683945,0.081227843,0.000728428,-0.007157711,-0.000000182,-0.000004312,-0.007157586,-0.007162079,-0.007162079,-0.000000000,-0.042787998,-0.003870596,0.091318170,0.044659576,0.044659576,0.000000000,0.000000000
385,1782712641.039622784,0.100445032,0.044659576,0.048940858,-0.062796466,0.046649093,3.093698976,0.084894591,-0.001827738,0.004348402,-0.000069119,0.000002003,0.004348398,0.004281281,0.004281281,0.000000000,-0.042857117,-0.003868593,0.095666568,0.048940858,0.048940858,0.000000000,0.000000000
386,1782712641.140165091,0.100542307,0.048940858,0.045935909,-0.150933948,0.317924037,3.384892338,0.081023112,0.001746807,-0.002550815,-0.000449580,-0.000004602,-0.002550767,-0.003004949,-0.003004949,-0.000000000,-0.043306697,-0.003873195,0.093115801,0.045935909,0.045935909,0.000000000,0.000000000
387,1782712641.239309788,0.099144697,0.045935909,0.054417206,-0.068246694,0.589374264,3.762594331,0.080423961,0.007689551,0.009318224,-0.000827268,-0.000009159,0.009317724,0.008481297,0.008481297,0.000000000,-0.044133966,-0.003882353,0.102433525,0.054417206,0.054417206,0.000000000,0.000000000
388,1782712641.339142799,0.099833012,0.054417206,0.054307514,-0.074226321,0.930815200,4.178168240,0.076262527,0.000721534,0.001130283,-0.001238890,-0.000000935,0.001130133,-0.000109692,-0.000109692,-0.000000000,-0.045372856,-0.003883288,0.103563658,0.054307514,0.054307514,0.000000000,0.000000000
389,1782712641.439202070,0.100059271,0.054307514,0.050069941,0.097824248,0.925610764,4.620958929,0.087490236,-0.002078991,-0.002821057,-0.001413339,-0.000003549,-0.002820684,-0.004237573,-0.004237573,-0.000000000,-0.046786196,-0.003886837,0.100742974,0.050069941,0.050069941,0.000000000,0.000000000
390,1782712641.539230108,0.100028038,0.050069941,0.052098715,-0.054880167,0.834927409,5.035003229,0.084718600,-0.010744219,0.003253326,-0.001234495,0.000010290,0.003252980,0.002028774,0.002028774,0.000000000,-0.048020691,-0.003876547,0.103995953,0.052098715,0.052098715,0.000000000,0.000000000
391,1782712641.639482737,0.100252628,0.052098715,0.053397642,-0.200884317,0.834298677,4.809539019,0.075598740,-0.007154611,0.002374885,-0.001100774,0.000025082,0.002374618,0.001298926,0.001298926,-0.000000000,-0.049121465,-0.003851465,0.106370572,0.053397642,0.053397642,0.000000000,0.000000000
392,1782712641.739707708,0.100224972,0.053397642,0.054574214,-0.054410537,0.810609710,3.443712725,0.082271236,-0.009193500,0.002331996,-0.001163919,0.000008730,0.002331761,0.001176572,0.001176572,0.000000000,-0.050285384,-0.003842735,0.108702333,0.054574214,0.054574214,0.000000000,0.000000000
393,1782712641.839092731,0.099385023,0.054574214,0.054717258,-0.173740461,0.796627859,2.339165151,0.098252756,0.003453734,0.001519711,-0.001366041,-0.000010472,0.001519557,0.000143045,0.000143045,0.000000000,-0.051651424,-0.003853207,0.110221890,0.054717258,0.054717258,0.000000000,0.000000000
394,1782712641.939330339,0.100237608,0.054717258,0.056448205,-0.280341483,1.009859948,2.089776180,0.070841504,-0.008024486,0.002940726,-0.001248544,0.000039257,0.002940234,0.001730947,0.001730947,-0.000000000,-0.052899968,-0.003813951,0.113162124,0.056448205,0.056448205,0.000000000,0.000000000
395,1782712642.040068865,0.100738525,0.056448205,0.051407716,-0.008151540,1.425904623,2.405969556,0.087478065,0.005660729,-0.002863752,-0.002176818,-0.000000805,-0.002862866,-0.005040489,-0.005040489,-0.000000000,-0.055076787,-0.003814756,0.110299258,0.051407716,0.051407716,0.000000000,0.000000000
396,1782712642.139246225,0.099177361,0.051407716,0.053744336,-0.114677397,1.402952678,2.650037499,0.080257336,-0.000944380,0.004301024,-0.001964996,0.000001890,0.004299726,0.002336620,0.002336620,0.000000000,-0.057041783,-0.003812866,0.114598985,0.053744336,0.053744336,0.000000000,0.000000000
397,1782712642.239218950,0.099972725,0.053744336,0.055009112,0.028696992,1.516015277,2.928918536,0.093431563,0.006067467,0.003734906,-0.002471860,0.000003038,0.003733598,0.001264776,0.001264776,-0.000000000,-0.059513643,-0.003809828,0.118332583,0.055009112,0.055009112,0.000000000,0.000000000
398,1782712642.339176893,0.099957943,0.055009112,0.051380059,-0.128193063,1.572460008,3.545495827,0.083748699,0.004316453,-0.001321739,-0.002298161,-0.000009654,-0.001321238,-0.003629053,-0.003629053,-0.000000000,-0.061811804,-0.003819482,0.117011345,0.051380059,0.051380059,0.000000000,0.000000000
399,1782712642.439341307,0.100164413,0.051380059,0.053318554,-0.116337691,1.329117704,3.874866926,0.087565237,-0.002632327,0.003965337,-0.002031111,0.000005343,0.003964262,0.001938495,0.001938495,0.000000000,-0.063842915,-0.003814139,0.120975608,0.053318554,0.053318554,0.000000000,0.000000000
400,1782712642.539551735,0.100210428,0.053318554,0.052655745,-0.119926477,0.925268743,4.368819898,0.104136465,0.004422840,0.001028209,-0.001681625,-0.000009256,0.001028073,-0.000662808,-0.000662808,-0.000000000,-0.065524540,-0.003823395,0.122003681,0.052655745,0.052655745,0.000000000,0.000000000
401,1782712642.638980865,0.099429131,0.052655745,0.050939891,-0.299052987,0.779731183,4.716022318,0.087776721,0.004551215,-0.000497649,-0.001194506,-0.000023753,-0.000497596,-0.001715854,-0.001715854,-0.000000000,-0.066719046,-0.003847148,0.121506085,0.050939891,0.050939891,0.000000000,0.000000000
402,1782712642.739201546,0.100220680,0.050939891,0.053198717,-0.409981056,0.856145786,5.161504080,0.086837140,0.000798166,0.003562546,-0.001297521,-0.000005711,0.003562057,0.002258825,0.002258825,-0.000000000,-0.068016567,-0.003852858,0.125068142,0.053198717,0.053198717,0.000000000,0.000000000
403,1782712642.839360952,0.100159407,0.053198717,0.047447904,-0.457984599,0.913809059,5.391410055,0.105877774,0.002711779,-0.004041212,-0.001688571,-0.000021673,-0.004040569,-0.005750813,-0.005750813,-0.000000000,-0.069705138,-0.003874531,0.121027573,0.047447904,0.047447904,-0.000000000,0.000000000
404,1782712642.939312220,0.099951267,0.047447904,0.056804794,-0.078635881,0.691973783,5.692262352,0.083797449,-0.020810435,0.010341110,-0.001012016,0.000028559,0.010340346,0.009356890,0.009356890,0.000000000,-0.070717153,-0.003845972,0.131367919,0.056804794,0.056804794,-0.000000000,0.000000000
405,1782712643.039483547,0.100171328,0.056804794,0.057840299,-0.228014818,0.779820996,4.634439474,0.094127584,-0.011174856,0.002272345,-0.001281079,0.000044467,0.002272117,0.001035506,0.001035506,-0.000000000,-0.071998232,-0.003801505,0.133640036,0.057840299,0.057840299,-0.000000000,0.000000000
406,1782712643.139410019,0.099926472,0.057840299,0.053582881,-0.191440293,0.555995157,2.613790150,0.100599985,-0.011382495,-0.003319421,-0.000976202,0.000038030,-0.003319246,-0.004257418,-0.004257418,-0.000000000,-0.072974433,-0.003763475,0.130320790,0.053582881,0.053582881,-0.000000000,0.000000000
407,1782712643.239327431,0.099917412,0.053582881,0.051460232,-0.272628342,0.284429825,1.779671576,0.093164433,0.002484757,-0.001648377,-0.000462488,-0.000011823,-0.001648338,-0.002122650,-0.002122650,-0.000000000,-0.073436922,-0.003775298,0.128672451,0.051460232,0.051460232,-0.000000000,0.000000000
408,1782712643.341336250,0.102008820,0.051460232,0.051006737,-0.301025750,0.483684485,1.857216700,0.096748491,-0.002225399,0.000351561,-0.000816730,0.000011692,0.000351544,-0.000453495,-0.000453495,-0.000000000,-0.074253652,-0.003763606,0.129023995,0.051006737,0.051006737,-0.000000000,0.000000000
409,1782712643.438545465,0.097209215,0.051006737,0.057351909,-0.299836422,0.585151812,1.948011441,0.090932626,-0.006743960,0.007239021,-0.000928663,0.000035290,0.007238545,0.006345172,0.006345172,0.000000000,-0.075182315,-0.003728316,0.136262540,0.057351909,0.057351909,-0.000000000,0.000000000
410,1782712643.539242983,0.100697517,0.057351909,0.057943991,-0.193803973,0.746802810,1.812541161,0.101745492,-0.023106662,0.001840227,-0.001326130,0.000078152,0.001840060,0.000592082,0.000592082,0.000000000,-0.076508445,-0.003650164,0.138102601,0.057943991,0.057943991,-0.000000000,0.000000000
411,1782712643.639455795,0.100212812,0.057943991,0.060786084,-0.094540503,0.602318391,0.585639939,0.076422537,-0.008806581,0.003631140,-0.000803372,0.000014530,0.003630935,0.002842093,0.002842093,0.000000000,-0.077311818,-0.003635634,0.141733535,0.060786084,0.060786084,-0.000000000,0.000000000
412,1782712643.739411354,0.099955559,0.060786084,0.052394377,0.074506460,0.573244914,-2.282868626,0.102558609,-0.035770705,-0.007319483,-0.001026083,-0.000046513,-0.007319110,-0.008391707,-0.008391707,-0.000000000,-0.078337900,-0.003682147,0.134414425,0.052394377,0.052394377,-0.000000000,0.000000000
413,1782712643.839193106,0.099781752,0.052394377,0.057373287,0.352891066,0.427160651,-4.905463991,0.092843843,-0.012971794,0.005751248,-0.000692178,-0.000079892,0.005750979,0.004978909,0.004978909,0.000000000,-0.079030078,-0.003762039,0.140165404,0.057373287,0.057373287,-0.000000000,0.000000000
414,1782712643.938721895,0.099528790,0.057373287,0.052915289,0.306033916,0.339744669,-7.264017782,0.084535332,-0.000319660,-0.003955153,-0.000501263,-0.000001707,-0.003955027,-0.004457998,-0.004457998,-0.000000000,-0.079531341,-0.003763746,0.136210377,0.052915289,0.052915289,-0.000000000,0.000000000
415,1782712644.039213419,0.100491524,0.052915289,0.058424291,0.271495296,0.381870760,-7.702126119,0.095188181,0.003323757,0.006127873,-0.000634415,0.000015749,0.006127668,0.005509002,0.005509002,0.000000000,-0.080165757,-0.003747997,0.142338045,0.058424291,0.058424291,-0.000000000,0.000000000
416,1782712644.139312267,0.100098848,0.058424291,0.049555385,0.385700551,0.527453920,-7.123017168,0.098895434,0.000833661,-0.007964636,-0.000910399,0.000005612,-0.007964118,-0.008868906,-0.008868906,-0.000000000,-0.081076156,-0.003742385,0.134373927,0.049555385,0.049555385,-0.000000000,0.000000000
417,1782712644.239423752,0.100111485,0.049555385,0.050027924,0.616113784,0.717624191,-6.606327341,0.089019355,0.005794574,0.001525372,-0.001114930,0.000062304,0.001525164,0.000472539,0.000472539,0.000000000,-0.082191086,-0.003680081,0.135899091,0.050027924,0.050027924,-0.000000000,0.000000000
418,1782712644.338730097,0.099306345,0.050027924,0.056249619,0.587764461,0.730875175,-6.029333909,0.085986326,-0.000033392,0.007319846,-0.001096827,-0.000000343,0.007318865,0.006221695,0.006221695,0.000000000,-0.083287913,-0.003680424,0.143217956,0.056249619,0.056249619,-0.000000000,0.000000000
419,1782712644.439435482,0.100705385,0.056249619,0.056448113,0.370477221,0.829280950,-5.448148577,0.084531567,0.006144820,0.001382380,-0.001223440,0.000039728,0.001382206,0.000198494,0.000198494,-0.000000000,-0.084511353,-0.003640696,0.144600162,0.056448113,0.056448113,-0.000000000,0.000000000
420,1782712644.538558722,0.099123240,0.056448113,0.066733266,0.277364989,0.684720565,-4.944714951,0.089883961,0.007578348,0.011323554,-0.001074144,0.000036684,0.011322613,0.010285152,0.010285152,0.000000000,-0.085585498,-0.003604012,0.155922776,0.066733266,0.066733266,-0.000000000,0.000000000
421,1782712644.638878822,0.100320101,0.066733266,0.062597265,0.172170896,0.608993317,-4.573799890,0.090817068,0.006816058,-0.003191405,-0.000965271,0.000020481,-0.003191211,-0.004136001,-0.004136001,0.000000000,-0.086550769,-0.003583531,0.152731565,0.062597265,0.062597265,-0.000000000,0.000000000
422,1782712644.739326000,0.100447178,0.062597265,0.064515161,0.134293798,0.518889593,-3.909470257,0.106853014,-0.002779956,0.002892222,-0.000967683,-0.000006516,0.002892095,0.001917896,0.001917896,-0.000000000,-0.087518452,-0.003590047,0.155623660,0.064515161,0.064515161,-0.000000000,0.000000000
423,1782712644.838501692,0.099175692,0.064515161,0.063129287,-0.051083211,0.351106627,-3.426401296,0.092297038,0.002981831,-0.000817642,-0.000565590,-0.000002658,-0.000817626,-0.001385874,-0.001385874,0.000000000,-0.088084041,-0.003592705,0.154806034,0.063129287,0.063129287,-0.000000000,0.000000000
424,1782712644.939053297,0.100551605,0.063129287,0.063941616,-0.123488834,0.487212808,-3.150895281,0.102622969,0.005354639,0.001696575,-0.000872641,-0.000011540,0.001696510,0.000812329,0.000812329,0.000000000,-0.088956682,-0.003604246,0.156502544,0.063941616,0.063941616,-0.000000000,0.000000000
425,1782712645.039422512,0.100369215,0.063941616,0.066262619,-0.083759891,0.669215096,-2.645764196,0.100549708,0.004397699,0.003502068,-0.001174395,-0.000006428,0.003501826,0.002321002,0.002321002,0.000000000,-0.090131076,-0.003610674,0.160004369,0.066262619,0.066262619,-0.000000000,0.000000000
426,1782712645.138848543,0.099426031,0.066262619,0.068149528,-0.007695675,0.695311713,-2.170803834,0.104186897,-0.008148189,0.003150374,-0.001264327,0.000001094,0.003150142,0.001886909,0.001886909,0.000000000,-0.091395403,-0.003609580,0.163154511,0.068149528,0.068149528,-0.000000000,0.000000000
427,1782712645.239144325,0.100295782,0.068149528,0.065582146,-0.039367925,0.636073284,-1.758143776,0.104148703,0.009279870,-0.001404902,-0.001156191,-0.000006376,-0.001404815,-0.002567381,-0.002567381,-0.000000000,-0.092551594,-0.003615956,0.161749696,0.065582146,0.065582146,-0.000000000,0.000000000
428,1782712645.339337587,0.100193262,0.065582146,0.060174586,-0.471777833,0.427260616,-1.185948246,0.097115447,0.001760703,-0.004669159,-0.000724193,-0.000014497,-0.004668870,-0.005407561,-0.005407561,-0.000000000,-0.093275787,-0.003630453,0.157080826,0.060174586,0.060174586,-0.000000000,0.000000000
429,1782712645.439392090,0.100054502,0.060174586,0.054910562,-0.537610974,0.648440869,-0.748016401,0.111930528,0.003585031,-0.003964078,-0.001266739,-0.000033636,-0.003963649,-0.005264024,-0.005264024,-0.000000000,-0.094542526,-0.003664089,0.153117176,0.054910562,0.054910562,-0.000000000,0.000000000
430,1782712645.539264202,0.099872112,0.054910562,0.054403668,-0.406483077,0.964751957,0.006074606,0.102614466,0.004609740,0.001253766,-0.001727751,-0.000032699,0.001253556,-0.000506893,-0.000506893,-0.000000000,-0.096270277,-0.003696788,0.154370733,0.054403668,0.054403668,-0.000000000,0.000000000
431,1782712645.639762640,0.100498438,0.054403668,0.060314119,-0.647341819,1.266846279,0.505792332,0.110090355,0.003335726,0.008384683,-0.002433970,-0.000037678,0.008382099,0.005910451,0.005910451,0.000000000,-0.098704247,-0.003734465,0.162752831,0.060314119,0.060314119,-0.000000000,0.000000000
432,1782712645.739225626,0.099462986,0.060314119,0.055801353,-1.490565153,1.816608127,0.967981461,0.096625317,-0.010041466,-0.001712207,-0.003063069,0.000261071,-0.001710768,-0.004512766,-0.004512766,0.000000000,-0.101767316,-0.003473395,0.161042064,0.055801353,0.055801353,-0.000000000,0.000000000
433,1782712645.839538336,0.100312710,0.055801353,0.050325949,-1.714802668,1.744505802,0.695413426,0.116082758,-0.003656278,-0.002052767,-0.003533869,0.000109362,-0.002050897,-0.005475404,-0.005475404,0.000000000,-0.105301184,-0.003364033,0.158991167,0.050325949,0.050325949,-0.000000000,0.000000000
434,1782712645.939478397,0.099940062,0.050325949,0.050307138,-1.810979321,1.587662698,-0.544099214,0.086455648,-0.001924270,0.002317822,-0.002395374,0.000060788,0.002315775,-0.000018811,-0.000018811,-0.000000000,-0.107696559,-0.003303245,0.161306942,0.050307138,0.050307138,-0.000000000,0.000000000
435,1782712646.039535999,0.100057602,0.050307138,0.063578015,-1.646875202,1.654880505,-0.371659890,0.111816562,0.004560161,0.016644854,-0.003229161,-0.000131002,0.016631040,0.013270876,0.013270876,0.000000000,-0.110925720,-0.003434247,0.177937982,0.063578015,0.063578015,-0.000000000,0.000000000
436,1782712646.139462471,0.099926472,0.063578015,0.051668777,-1.409379543,0.835655130,-0.285170071,0.107243143,-0.008827297,-0.010566571,-0.001564079,0.000217092,-0.010562251,-0.011909238,-0.011909238,-0.000000000,-0.112489799,-0.003217155,0.167375731,0.051668777,0.051668777,-0.000000000,0.000000000
437,1782712646.239415884,0.099953413,0.051668777,0.060861727,-0.139212115,0.312008043,-0.135260213,0.097304683,0.003870037,0.009732403,-0.000529877,-0.000009403,0.009732230,0.009192950,0.009192950,0.000000000,-0.113019675,-0.003226558,0.177107961,0.060861727,0.060861727,-0.000000000,0.000000000
438,1782712646.339259863,0.099843979,0.060861727,0.058426119,-0.040991700,-0.145430383,0.462555526,0.108421894,0.004512084,-0.002707590,0.000275200,-0.000003228,-0.002707580,-0.002435608,-0.002435608,-0.000000000,-0.112744475,-0.003229786,0.174400380,0.058426119,0.058426119,-0.000000000,0.000000000
439,1782712646.439604282,0.100344419,0.058426119,0.057224749,-0.045215400,-0.465304133,1.193601267,0.100307262,0.003886661,-0.002012965,0.000814595,-0.000003067,-0.002012898,-0.001201370,-0.001201370,-0.000000000,-0.111929880,-0.003232853,0.172387482,0.057224749,0.057224749,-0.000000000,0.000000000
440,1782712646.539303541,0.099699259,0.057224749,0.053996373,0.482756210,-0.404515422,1.825720336,0.096411978,0.006168691,-0.003961264,0.000680675,0.000051974,-0.003961024,-0.003228376,-0.003228376,-0.000000000,-0.111249205,-0.003180880,0.168426458,0.053996373,0.053996373,-0.000000000,0.000000000
441,1782712646.638562202,0.099258661,0.053996373,0.057705461,0.759965464,0.236698695,3.125542737,0.109274321,0.006447249,0.004075398,-0.000451430,0.000085512,0.004075004,0.003709087,0.003709087,0.000000000,-0.111700634,-0.003095368,0.172501462,0.057705461,0.057705461,-0.000000000,0.000000000
442,1782712646.739268541,0.100706339,0.057705461,0.056328364,0.619117260,0.402566469,3.676226114,0.092776914,0.004886151,-0.000778101,-0.000651855,0.000052796,-0.000778037,-0.001377096,-0.001377096,0.000000000,-0.112352490,-0.003042572,0.171723426,0.056328364,0.056328364,-0.000000000,0.000000000
443,1782712646.839240789,0.099972248,0.056328364,0.062190502,0.784921001,0.566064514,4.274359368,0.100730436,-0.004722679,0.006922988,-0.000995169,-0.000064693,0.006922000,0.005862138,0.005862138,-0.000000000,-0.113347659,-0.003107265,0.178645426,0.062190502,0.062190502,-0.000000000,0.000000000
444,1782712646.939324617,0.100083828,0.062190502,0.055360671,1.032986713,0.712104257,4.983929177,0.096325736,0.007829587,-0.005775197,-0.001197160,0.000141141,-0.005773812,-0.006829831,-0.006829831,-0.000000000,-0.114544819,-0.002966124,0.172871614,0.055360671,0.055360671,-0.000000000,0.000000000
445,1782712647.039523125,0.100198507,0.055360671,0.057415374,0.756880587,0.430814331,5.538763503,0.091711820,0.005034088,0.002678101,-0.000689586,0.000066497,0.002677792,0.002054702,0.002054702,0.000000000,-0.115234405,-0.002899627,0.175549406,0.057415374,0.057415374,-0.000000000,0.000000000
446,1782712647.139400721,0.099877596,0.057415374,0.054928089,0.847179648,0.771175925,5.941934148,0.092959620,0.002930976,-0.001279715,-0.001251158,0.000043332,-0.001279459,-0.002487285,-0.002487285,-0.000000000,-0.116485563,-0.002856295,0.174269946,0.054928089,0.054928089,-0.000000000,0.000000000
447,1782712647.239434004,0.100033283,0.054928089,0.051958196,0.899931215,0.864399167,6.487054567,0.093895058,0.002488540,-0.001592847,-0.001416505,0.000039081,-0.001592469,-0.002969893,-0.002969893,0.000000000,-0.117902067,-0.002817214,0.172677477,0.051958196,0.051958196,-0.000000000,0.000000000
448,1782712647.339198112,0.099764109,0.051958196,0.056149904,0.841800183,1.025972578,6.896609989,0.086249884,0.001565976,0.005714597,-0.001544360,0.000023003,0.005713064,0.004191708,0.004191708,0.000000000,-0.119446427,-0.002794211,0.178390541,0.056149904,0.056149904,-0.000000000,0.000000000
449,1782712647.439409494,0.100211382,0.056149904,0.059252332,1.072066488,1.351401113,7.430257931,0.096448193,-0.003034266,0.005436302,-0.002274655,-0.000056755,0.005433838,0.003102428,0.003102428,0.000000000,-0.121721082,-0.002850966,0.183824380,0.059252332,0.059252332,-0.000000000,0.000000000
450,1782712647.539318085,0.099908590,0.059252332,0.052589297,0.937220138,1.485126975,7.839140636,0.088147338,0.009180672,-0.004530725,-0.002284555,0.000150116,-0.004528597,-0.006663035,-0.006663035,0.000000000,-0.124005636,-0.002700850,0.179295783,0.052589297,0.052589297,-0.000000000,0.000000000
451,1782712647.639162302,0.099844217,0.052589297,0.058892250,1.131510327,1.310473658,8.376216035,0.098535373,0.004626504,0.008468994,-0.002253512,0.000091337,0.008465128,0.006302952,0.006302952,0.000000000,-0.126259149,-0.002609513,0.187760911,0.058892250,0.058892250,-0.000000000,0.000000000
452,1782712647.739252567,0.100090265,0.058892250,0.051699877,0.877097224,1.284344192,8.821664047,0.091049352,-0.002469942,-0.005115663,-0.002040795,-0.000037799,-0.005113778,-0.007192372,-0.007192372,0.000000000,-0.128299943,-0.002647312,0.182647133,0.051699877,0.051699877,-0.000000000,0.000000000
453,1782712647.839647532,0.100394964,0.051699877,0.060438851,1.135641510,1.272113871,9.584142771,0.089416074,0.004988924,0.010629932,-0.001985104,0.000098853,0.010625225,0.008738974,0.008738974,-0.000000000,-0.130285047,-0.002548459,0.193272357,0.060438851,0.060438851,-0.000000000,0.000000000
454,1782712648.040316582,0.200669050,0.060438851,0.053886994,1.041192069,1.127080346,10.082539842,0.189794753,0.004059548,-0.002893385,-0.003733262,0.000073753,-0.002892348,-0.006551857,-0.006551857,-0.000000000,-0.134018309,-0.002474706,0.190380009,0.053886994,0.053886994,-0.000000000,0.000000000
455,1782712648.140027285,0.099710703,0.053886994,0.059345882,0.914828619,1.176163253,11.001950375,0.087878187,-0.001696383,0.007292262,-0.001803830,-0.000027079,0.007289796,0.005458888,0.005458888,-0.000000000,-0.135822139,-0.002501785,0.197669806,0.059345882,0.059345882,-0.000000000,0.000000000
456,1782712648.239159346,0.099132061,0.059345882,0.051618350,0.880262207,1.063229891,11.476225855,0.091558862,0.011147553,-0.006201613,-0.001698948,0.000171229,-0.006199814,-0.007727532,-0.007727532,-0.000000000,-0.137521086,-0.002330556,0.191469992,0.051618350,0.051618350,-0.000000000,0.000000000
457,1782712648.339112997,0.099953651,0.051618350,0.060127189,1.170654724,1.166193924,11.746819495,0.080826854,-0.000361512,0.010165480,-0.001645030,-0.000007384,0.010161253,0.008508839,0.008508839,-0.000000000,-0.139166116,-0.002337941,0.201631246,0.060127189,0.060127189,-0.000000000,0.000000000
458,1782712648.439162493,0.100049496,0.060127189,0.055851246,0.989515243,1.139454298,12.309997030,0.086054061,0.005209028,-0.002655539,-0.001711264,0.000089939,-0.002654618,-0.004275942,-0.004275942,0.000000000,-0.140877380,-0.002248001,0.198976628,0.055851246,0.055851246,-0.000000000,0.000000000
459,1782712648.539400339,0.100237846,0.055851246,0.058418906,0.942373586,1.095130625,12.737012927,0.073006416,-0.002442771,0.004004435,-0.001395333,-0.000040168,0.004003162,0.002567660,0.002567660,0.000000000,-0.142272713,-0.002288170,0.202979789,0.058418906,0.058418906,-0.000000000,0.000000000
460,1782712648.639146566,0.099746227,0.058418906,0.050661160,1.131699826,0.971198839,13.286575971,0.057203633,0.005820640,-0.006905440,-0.000969590,0.000114945,-0.006903101,-0.007757747,-0.007757747,-0.000000000,-0.143242304,-0.002173225,0.196076689,0.050661160,0.050661160,-0.000000000,0.000000000
461,1782712648.739161015,0.100014448,0.050661160,0.059868635,1.025488925,1.108549566,13.574427323,0.015777571,-0.001900592,0.009550044,-0.000305243,-0.000034009,0.009546727,0.009207475,0.009207475,0.000000000,-0.143547547,-0.002207234,0.205623416,0.059868635,0.059868635,-0.000000000,0.000000000
462,1782712648.839313269,0.100152254,0.059868635,0.052595150,0.976065421,1.306943791,13.939118355,0.017318940,-0.003360200,-0.006824006,-0.000395019,-0.000057225,-0.006821240,-0.007273485,-0.007273485,0.000000000,-0.143942566,-0.002264459,0.198802175,0.052595150,0.052595150,-0.000000000,0.000000000
463,1782712648.939317703,0.100004435,0.052595150,0.055210764,0.862780176,1.154187206,14.067762947,-0.016881027,0.005642246,0.002191330,0.000340035,0.000084942,0.002190637,0.002615614,0.002615614,0.000000000,-0.143602531,-0.002179517,0.200992812,0.055210764,0.055210764,-0.000000000,0.000000000
464,1782712649.039333344,0.100015640,0.055210764,0.054240177,0.906491844,1.135672972,14.009732002,0.008604138,0.002341711,-0.000837363,-0.000170533,0.000037040,-0.000837094,-0.000970587,-0.000970587,-0.000000000,-0.143773065,-0.002142477,0.200155718,0.054240177,0.054240177,-0.000000000,0.000000000
465,1782712649.139361382,0.100028038,0.054240177,0.053419685,0.950365868,1.166632665,13.991606038,-0.008656619,-0.004317308,-0.000925468,0.000176250,-0.000071593,-0.000925149,-0.000820492,-0.000820492,0.000000000,-0.143596814,-0.002214070,0.199230569,0.053419685,0.053419685,-0.000000000,0.000000000
466,1782712649.239173412,0.099812031,0.053419685,0.052590817,0.877434187,1.052387079,13.978676589,0.007643013,-0.002532383,-0.000649904,-0.000140376,-0.000038773,-0.000649718,-0.000828867,-0.000828867,-0.000000000,-0.143737190,-0.002252843,0.198580851,0.052590817,0.052590817,-0.000000000,0.000000000
467,1782712649.439171314,0.199997902,0.052590817,0.059868817,0.939712241,1.068506305,13.995864092,-0.007627012,0.002280612,0.007100565,0.000142228,0.000037396,0.007098376,0.007277999,0.007277999,0.000000000,-0.143594963,-0.002215447,0.205679226,0.059868817,0.059868817,-0.000000000,0.000000000
468,1782712649.539170980,0.099999666,0.059868817,0.056627492,0.943400457,1.161934718,14.006026375,0.002099948,-0.001898502,-0.003168570,-0.000042583,-0.000031252,-0.003167489,-0.003241324,-0.003241324,0.000000000,-0.143637546,-0.002246699,0.202511737,0.056627492,0.056627492,-0.000000000,0.000000000
469,1782712649.639521360,0.100350380,0.056627492,0.056734559,0.926980309,1.125920625,14.005704988,-0.000381851,0.001994242,0.000067328,0.000007503,0.000032257,0.000067306,0.000107066,0.000107066,0.000000000,-0.143630043,-0.002214442,0.202579043,0.056734559,0.056734559,-0.000000000,0.000000000
470,1782712649.739357948,0.099836588,0.056734559,0.049249421,0.950981317,1.122274270,14.029431195,0.007933625,-0.000825600,-0.007318460,-0.000155389,-0.000013700,-0.007316048,-0.007485137,-0.007485137,-0.000000000,-0.143785432,-0.002228142,0.195262995,0.049249421,0.049249421,-0.000000000,0.000000000
471,1782712649.839483261,0.100125313,0.049249421,0.055069708,0.925092029,1.034396127,13.970183797,-0.006897528,-0.000476482,0.005705133,0.000124519,-0.000007692,0.005703459,0.005820286,0.005820286,0.000000000,-0.143660913,-0.002235833,0.200966454,0.055069708,0.055069708,-0.000000000,0.000000000
472,1782712649.938806295,0.099323034,0.055069708,0.055699029,0.948201343,1.065600454,14.005953298,-0.001848072,0.000618197,0.000584905,0.000034369,0.000010228,0.000584723,0.000629321,0.000629321,-0.000000000,-0.143626544,-0.002225605,0.201551177,0.055699029,0.055699029,-0.000000000,0.000000000
473,1782712650.039351225,0.100544930,0.055699029,0.058588766,0.927450762,1.099393755,13.974990929,-0.002094061,0.001358845,0.002828460,0.000040178,0.000021991,0.002827569,0.002889738,0.002889738,0.000000000,-0.143586366,-0.002203614,0.204378746,0.058588766,0.058588766,-0.000000000,0.000000000
474,1782712650.139242649,0.099891424,0.058588766,0.057209131,0.938884538,1.111021448,13.915751947,0.002595045,0.005040463,-0.001412350,-0.000050317,0.000082577,-0.001411895,-0.001379635,-0.001379635,0.000000000,-0.143636683,-0.002121037,0.202966851,0.057209131,0.057209131,-0.000000000,0.000000000
475,1782712650.238889694,0.099647045,0.057209131,0.057869237,0.975768097,1.106828180,13.919626126,-0.006390365,-0.004951140,0.000621171,0.000123440,-0.000084300,0.000620965,0.000660106,0.000660106,0.000000000,-0.143513243,-0.002205337,0.203587817,0.057869237,0.057869237,0.000000000,0.000000000
476,1782712650.339834690,0.100944996,0.057869237,0.060218852,0.913073580,1.098769615,13.893857961,0.007027128,0.004966130,0.002405992,-0.000134752,0.000079123,0.002405244,0.002349615,0.002349615,0.000000000,-0.143647995,-0.002126214,0.205993061,0.060218852,0.060218852,0.000000000,0.000000000
477,1782712650.439320087,0.099485397,0.060218852,0.057085694,0.957497367,1.106726379,13.917112446,-0.001506596,-0.004418895,-0.003089436,0.000029100,-0.000073829,-0.003088429,-0.003133158,-0.003133158,-0.000000000,-0.143618895,-0.002200043,0.202904632,0.057085694,0.057085694,-0.000000000,0.000000000
478,1782712650.539552450,0.100232363,0.057085694,0.059366989,0.891118110,1.088625154,13.888285424,0.003819766,0.002862407,0.002310054,-0.000072572,0.000044509,0.002309357,0.002281295,0.002281295,0.000000000,-0.143691467,-0.002155534,0.205213990,0.059366989,0.059366989,0.000000000,0.000000000
479,1782712650.639428854,0.099876404,0.059366989,0.055488831,0.935498976,1.092977500,13.886840063,-0.006892729,0.002239469,-0.004047468,0.000131478,0.000036557,-0.004046193,-0.003878158,-0.003878158,-0.000000000,-0.143559989,-0.002118977,0.201167797,0.055488831,0.055488831,-0.000000000,0.000000000
480,1782712650.739322186,0.099893332,0.055488831,0.058096669,0.953153704,1.061327566,13.911905304,0.007885254,-0.004406735,0.002828063,-0.000146055,-0.000073293,0.002827186,0.002607838,0.002607838,0.000000000,-0.143706044,-0.002192270,0.203994983,0.058096669,0.058096669,0.000000000,0.000000000
481,1782712650.839508057,0.100185871,0.058096669,0.053177906,0.926078076,1.115306342,13.958680775,-0.002298044,-0.001337250,-0.004943466,0.000044730,-0.000021609,-0.004941884,-0.004918763,-0.004918763,-0.000000000,-0.143661314,-0.002213879,0.199053100,0.053177906,0.053177906,-0.000000000,0.000000000
482,1782712651.039591312,0.200083256,0.053177906,0.052794600,0.892267316,1.053100774,13.957006947,-0.004386680,0.005691353,-0.000552703,0.000080623,0.000088613,-0.000552542,-0.000383306,-0.000383306,-0.000000000,-0.143580691,-0.002125266,0.198500558,0.052794600,0.052794600,-0.000000000,0.000000000
483,1782712651.139398336,0.099807024,0.052794600,0.060931490,0.930080935,1.045569029,13.947473352,0.004200394,-0.003293702,0.008269459,-0.000076647,-0.000053455,0.008266992,0.008136890,0.008136890,0.000000000,-0.143657338,-0.002178722,0.206767550,0.060931490,0.060931490,-0.000000000,0.000000000
484,1782712651.239102364,0.099704027,0.060931490,0.053005697,0.945330909,1.109451166,13.992868417,0.006348345,-0.001953750,-0.007773161,-0.000122919,-0.000032228,-0.007770646,-0.007925793,-0.007925793,0.000000000,-0.143780257,-0.002210949,0.198996904,0.053005697,0.053005697,-0.000000000,0.000000000
485,1782712651.339306116,0.100203753,0.053005697,0.059397954,0.894473503,0.962200730,13.954425132,-0.003085343,0.001902517,0.006312409,0.000051811,0.000029696,0.006310750,0.006392257,0.006392257,0.000000000,-0.143728446,-0.002181254,0.205307653,0.059397954,0.059397954,0.000000000,0.000000000
486,1782712651.539520741,0.200214624,0.059397954,0.061191577,0.911101375,1.069278729,13.989956691,-0.007849092,0.001345944,0.001626239,0.000146475,0.000021398,0.001625750,0.001793623,0.001793623,-0.000000000,-0.143581971,-0.002159855,0.206933404,0.061191577,0.061191577,-0.000000000,0.000000000
487,1782712651.639305115,0.099784374,0.061191577,0.056259944,0.918362995,1.168436047,13.998265500,0.012808889,-0.003935537,-0.004608925,-0.000261194,-0.000063065,-0.004607375,-0.004931634,-0.004931634,0.000000000,-0.143843165,-0.002222920,0.202326029,0.056259944,0.056259944,-0.000000000,0.000000000
488,1782712651.739271879,0.099966764,0.056259944,0.056629772,0.873359242,1.048555033,14.022806455,-0.008056623,-0.000870196,0.000235723,0.000147434,-0.000013262,0.000235656,0.000369828,0.000369828,0.000000000,-0.143695731,-0.002236182,0.202561685,0.056629772,0.056629772,0.000000000,0.000000000
489,1782712651.839309454,0.100037575,0.056629772,0.053181486,0.879716792,1.054714041,13.958823342,0.006734789,0.002588752,-0.003365024,-0.000123969,0.000039739,-0.003364057,-0.003448286,-0.003448286,-0.000000000,-0.143819700,-0.002196443,0.199197628,0.053181486,0.053181486,-0.000000000,0.000000000
490,1782712651.939351797,0.100042343,0.053181486,0.056152276,0.886652903,1.059876328,13.991310472,-0.006327241,0.000305863,0.002849850,0.000117037,0.000004732,0.002849021,0.002970790,0.002970790,0.000000000,-0.143702663,-0.002191710,0.202046649,0.056152276,0.056152276,0.000000000,0.000000000
491,1782712652.039245844,0.099894047,0.056152276,0.060258161,0.891241249,1.122111978,13.985699508,0.000030139,0.005198611,0.004026888,-0.000000590,0.000080846,0.004025629,0.004105885,0.004105885,-0.000000000,-0.143703253,-0.002110864,0.206072278,0.060258161,0.060258161,0.000000000,0.000000000
492,1782712652.139328003,0.100082159,0.060258161,0.055781753,0.911920627,1.140829807,13.974040726,-0.003222772,-0.002454822,-0.004502974,0.000064165,-0.000039062,-0.004501511,-0.004476407,-0.004476407,-0.000000000,-0.143639088,-0.002149926,0.201570767,0.055781753,0.055781753,-0.000000000,0.000000000
493,1782712652.240164280,0.100836277,0.055781753,0.058223090,0.899770147,1.132844139,13.957650232,0.004203821,0.002944079,0.002479017,-0.000083112,0.000046223,0.002478226,0.002441337,0.002441337,-0.000000000,-0.143722200,-0.002103703,0.204048994,0.058223090,0.058223090,-0.000000000,0.000000000
494,1782712652.339167595,0.099003315,0.058223090,0.059868466,0.911447482,1.109683139,13.941356971,-0.002883444,-0.004748465,0.001665577,0.000055842,-0.000075520,0.001665054,0.001645376,0.001645376,-0.000000000,-0.143666358,-0.002179223,0.205714048,0.059868466,0.059868466,-0.000000000,0.000000000
495,1782712652.439614296,0.100446701,0.059868466,0.060534199,0.882327236,1.151272100,13.955497734,0.007748650,-0.002535210,0.000860727,-0.000155687,-0.000039032,0.000860451,0.000665732,0.000665732,0.000000000,-0.143822045,-0.002218255,0.206574499,0.060534199,0.060534199,-0.000000000,0.000000000
496,1782712652.539352417,0.099738121,0.060534199,0.054190746,0.886233418,1.146546992,13.997410646,0.001325640,-0.000122374,-0.006317055,-0.000026526,-0.000001892,-0.006315035,-0.006343453,-0.006343453,-0.000000000,-0.143848571,-0.002220147,0.200259464,0.054190746,0.054190746,-0.000000000,0.000000000
497,1782712652.639048576,0.099696159,0.054190746,0.061165120,0.913085782,1.046581957,13.989168788,-0.009309392,0.001235040,0.006786651,0.000170039,0.000019678,0.006784657,0.006974374,0.006974374,0.000000000,-0.143678532,-0.002200469,0.207044121,0.061165120,0.061165120,-0.000000000,0.000000000
498,1782712652.739494085,0.100445509,0.061165120,0.056194760,0.885473762,1.124995551,13.981307554,0.003247083,-0.005682151,-0.004820319,-0.000063752,-0.000087794,-0.004818814,-0.004970360,-0.004970360,-0.000000000,-0.143742284,-0.002288263,0.202225307,0.056194760,0.056194760,-0.000000000,0.000000000
499,1782712652.839425802,0.099931717,0.056194760,0.054545666,0.847074424,1.079136741,14.059783301,0.005418424,0.002792756,-0.001588782,-0.000102047,0.000041280,-0.001588327,-0.001649094,-0.001649094,-0.000000000,-0.143844331,-0.002246983,0.200636980,0.054545666,0.054545666,-0.000000000,0.000000000
500,1782712652.939316988,0.099891186,0.054545666,0.056125140,0.887368385,1.048810797,14.005400987,-0.002521860,0.001350414,0.001512839,0.000046161,0.000020910,0.001512404,0.001579474,0.001579474,0.000000000,-0.143798171,-0.002226073,0.202149384,0.056125140,0.056125140,-0.000000000,0.000000000
501,1782712653.039467096,0.100150108,0.056125140,0.056937883,0.859991776,1.110445011,14.001001708,-0.005149807,0.002439394,0.000676538,0.000099802,0.000036606,0.000676334,0.000812742,0.000812742,-0.000000000,-0.143698369,-0.002189467,0.202825718,0.056937883,0.056937883,-0.000000000,0.000000000
502,1782712653.139405727,0.099938631,0.056937883,0.052089958,0.909596419,1.106439757,14.011289320,0.008891607,0.002759383,-0.004721501,-0.000171695,0.000043796,-0.004720026,-0.004847925,-0.004847925,0.000000000,-0.143870064,-0.002145670,0.198105692,0.052089958,0.052089958,-0.000000000,0.000000000
503,1782712653.239550829,0.100145102,0.052089958,0.059709450,0.921163553,1.069320943,13.985347849,-0.010801553,0.000043382,0.007419466,0.000201580,0.000000697,0.007417216,0.007619492,0.007619492,-0.000000000,-0.143668485,-0.002144973,0.205522908,0.059709450,0.059709450,-0.000000000,0.000000000
504,1782712653.339411974,0.099861145,0.059709450,0.054747653,0.938857735,1.136258397,13.985785777,0.014976997,-0.001093032,-0.004648433,-0.000296996,-0.000017906,-0.004646895,-0.004961797,-0.004961797,-0.000000000,-0.143965481,-0.002162879,0.200876013,0.054747653,0.054747653,-0.000000000,0.000000000
505,1782712653.439157963,0.099745989,0.054747653,0.058077169,0.943562741,1.049896652,14.000416790,-0.015718142,-0.005621335,0.003135016,0.000288006,-0.000092554,0.003134064,0.003329516,0.003329516,0.000000000,-0.143677475,-0.002255433,0.204010077,0.058077169,0.058077169,-0.000000000,0.000000000
506,1782712653.539338112,0.100180149,0.058077169,0.056579746,0.875650347,1.126518390,13.995780319,0.014003437,0.004294399,-0.001288128,-0.000275310,0.000065616,-0.001287729,-0.001497423,-0.001497423,-0.000000000,-0.143952785,-0.002189817,0.202722348,0.056579746,0.056579746,-0.000000000,0.000000000
507,1782712653.639272928,0.099934816,0.056579746,0.058847784,0.931743061,1.089838537,14.000756367,-0.013872141,0.000280514,0.002000255,0.000263850,0.000004561,0.001999628,0.002268039,0.002268039,0.000000000,-0.143688936,-0.002185257,0.204721977,0.058847784,0.058847784,-0.000000000,0.000000000
508,1782712653.739194632,0.099921703,0.058847784,0.049367833,0.944972729,1.177913523,13.980781082,0.012795229,-0.002965605,-0.009171206,-0.000263032,-0.000048899,-0.009168020,-0.009479951,-0.009479951,-0.000000000,-0.143951967,-0.002234155,0.195553956,0.049367833,0.049367833,-0.000000000,0.000000000
509,1782712653.839401484,0.100206852,0.049367833,0.059162783,0.894849869,1.015530826,13.998355966,-0.017544062,0.001084262,0.009469720,0.000310941,0.000016931,0.009467077,0.009794949,0.009794949,0.000000000,-0.143641026,-0.002217225,0.205021034,0.059162783,0.059162783,-0.000000000,0.000000000
510,1782712653.939447403,0.100045919,0.059162783,0.059867869,0.923398859,1.217602895,13.995420085,0.018063461,-0.000085937,0.001090700,-0.000383841,-0.000001385,0.001090312,0.000705086,0.000705086,0.000000000,-0.144024867,-0.002218609,0.206111345,0.059867869,0.059867869,-0.000000000,0.000000000
511,1782712654.039423227,0.099975824,0.059867869,0.057249523,0.897796269,1.130095364,13.976621685,0.022698629,-0.001684209,-0.002144965,-0.000447676,-0.000026384,-0.002144285,-0.002618346,-0.002618346,-0.000000000,-0.144472544,-0.002244994,0.203967061,0.057249523,0.057249523,-0.000000000,0.000000000
512,1782712654.139496803,0.100073576,0.057249523,0.061338256,0.847263631,1.031457515,13.964047609,0.031531705,0.004550148,0.004590320,-0.000567613,0.000067272,0.004589074,0.004088733,0.004088733,-0.000000000,-0.145040157,-0.002177722,0.208556135,0.061338256,0.061338256,-0.000000000,0.000000000
513,1782712654.239266634,0.099769831,0.061338256,0.057361028,0.712178587,1.038999106,14.225449714,0.070009317,0.000211155,-0.002711031,-0.001269476,0.000002624,-0.002710376,-0.003977228,-0.003977228,0.000000000,-0.146309633,-0.002175098,0.205845759,0.057361028,0.057361028,-0.000000000,0.000000000
514,1782712654.339290619,0.100023985,0.057361028,0.056857982,0.671402261,1.102058944,14.358593768,0.060748817,0.000871620,0.000655313,-0.001168405,0.000010212,0.000655147,-0.000503046,-0.000503046,0.000000000,-0.147478038,-0.002164886,0.206500905,0.056857982,0.056857982,-0.000000000,0.000000000
515,1782712654.439365149,0.100074530,0.056857982,0.057478728,0.511919387,1.068050894,14.647966738,0.068549036,-0.000096227,0.001899761,-0.001277749,-0.000000860,0.001899355,0.000620747,0.000620747,-0.000000000,-0.148755787,-0.002165745,0.208400261,0.057478728,0.057478728,-0.000000000,0.000000000
516,1782712654.538159132,0.098793983,0.057478728,0.056586631,0.817631068,0.889370021,14.802274042,0.080245798,0.003176701,0.000308206,-0.001245560,0.000045326,0.000308137,-0.000892097,-0.000892097,0.000000000,-0.150001347,-0.002120420,0.208708398,0.056586631,0.056586631,-0.000000000,0.000000000
517,1782712654.639194965,0.101035833,0.056586631,0.054842652,0.993173441,1.001424858,15.193567229,0.089849540,0.001849208,-0.000205765,-0.001570325,0.000032048,-0.000205703,-0.001743979,-0.001743979,-0.000000000,-0.151571672,-0.002088372,0.208502695,0.054842652,0.054842652,-0.000000000,0.000000000
518,1782712654.739509821,0.100314856,0.054842652,0.063910526,0.557494626,0.709208096,15.482563071,0.082201399,0.004133510,0.010046368,-0.001017464,0.000040216,0.010045123,0.009067875,0.009067875,0.000000000,-0.152589136,-0.002048156,0.218547818,0.063910526,0.063910526,-0.000000000,0.000000000
519,1782712654.839387417,0.099877596,0.063910526,0.056704482,0.498346199,0.696673244,15.880037017,0.104332578,0.001453541,-0.005950777,-0.001268574,0.000012641,-0.005950112,-0.007206044,-0.007206044,-0.000000000,-0.153857710,-0.002035515,0.212597707,0.056704482,0.056704482,-0.000000000,0.000000000
520,1782712654.939694643,0.100307226,0.056704482,0.056174714,0.424911457,0.745737848,16.261776221,0.103226586,0.004678067,0.000779146,-0.001343516,0.000034690,0.000779058,-0.000529768,-0.000529768,-0.000000000,-0.155201226,-0.002000825,0.213376765,0.056174714,0.056174714,-0.000000000,0.000000000
521,1782712655.038769484,0.099074841,0.056174714,0.047867025,0.402034294,0.993941528,16.808260453,0.109156414,-0.013176554,-0.006322852,-0.001893502,-0.000092443,-0.006321745,-0.008307690,-0.008307690,-0.000000000,-0.157094727,-0.002093268,0.207055020,0.047867025,0.047867025,-0.000000000,0.000000000
522,1782712655.139255524,0.100486040,0.047867025,0.060310673,0.182774807,1.046758312,16.165601681,0.098966718,-0.029186276,0.014347164,-0.001807960,-0.000093089,0.014344697,0.012443648,0.012443648,0.000000000,-0.158902687,-0.002186357,0.221399717,0.060310673,0.060310673,-0.000000000,0.000000000
523,1782712655.238844872,0.099589348,0.060310673,0.056693161,0.253926076,1.216034380,13.887182821,0.108981394,-0.024481642,-0.001196493,-0.002312826,-0.000108474,-0.001196212,-0.003617512,-0.003617512,0.000000000,-0.161215513,-0.002294831,0.220203505,0.056693161,0.056693161,-0.000000000,0.000000000
524,1782712655.340383768,0.101538897,0.056693161,0.061474112,0.618957364,0.998510611,11.408812704,0.112713657,-0.017836172,0.006939253,-0.001964195,-0.000192648,0.006937794,0.004780951,0.004780951,-0.000000000,-0.163179708,-0.002487479,0.227141300,0.061474112,0.061474112,-0.000000000,0.000000000
525,1782712655.439171553,0.098787785,0.061474112,0.052710236,0.207015118,1.096061776,8.870531479,0.104769652,-0.004420093,-0.006745078,-0.002004109,-0.000015967,-0.006743799,-0.008763876,-0.008763876,-0.000000000,-0.165183818,-0.002503447,0.220397500,0.052710236,0.052710236,-0.000000000,0.000000000
526,1782712655.639486790,0.200315237,0.052710236,0.048110573,0.341177125,1.255699510,7.300274700,0.214261892,0.008987770,0.000042250,-0.004695407,0.000053506,0.000042239,-0.004599662,-0.004599662,-0.000000000,-0.169879225,-0.002449941,0.220439739,0.048110573,0.048110573,-0.000000000,0.000000000
527,1782712655.739614010,0.100127220,0.048110573,0.053317775,0.441677925,1.483467933,8.815789503,0.112894804,-0.003987204,0.008163584,-0.002922678,-0.000030726,0.008160606,0.005207202,0.005207202,0.000000000,-0.172801903,-0.002480666,0.228600345,0.053317775,0.053317775,-0.000000000,0.000000000
528,1782712655.939381599,0.199767590,0.053317775,0.046109665,0.384868643,1.135757452,9.342520464,0.211593722,0.007010187,-0.003061775,-0.004194086,0.000047079,-0.003061105,-0.007208111,-0.007208111,-0.000000000,-0.176995989,-0.002433587,0.225539240,0.046109665,0.046109665,-0.000000000,0.000000000
529,1782712656.038689613,0.099308014,0.046109665,0.049193656,0.486915927,0.682359943,10.446431153,0.095867516,-0.002450226,0.004246968,-0.001141700,-0.000020821,0.004246513,0.003083992,0.003083992,-0.000000000,-0.178137689,-0.002454408,0.229785753,0.049193656,0.049193656,-0.000000000,0.000000000
530,1782712656.138730526,0.100040913,0.049193656,0.049619366,0.630841143,1.294517490,10.426065326,0.126740729,-0.015431667,0.003459946,-0.002863285,-0.000169860,0.003458854,0.000425709,0.000425709,0.000000000,-0.181000974,-0.002624268,0.233244607,0.049619366,0.049619366,-0.000000000,0.000000000
531,1782712656.239113331,0.100382805,0.049619366,0.052332184,0.739679534,1.350265218,8.967274747,0.092273230,-0.012415035,0.005049231,-0.002174363,-0.000160227,0.005047408,0.002712819,0.002712819,-0.000000000,-0.183175336,-0.002784495,0.238292015,0.052332184,0.052332184,-0.000000000,0.000000000
532,1782712656.339422226,0.100308895,0.052332184,0.040138418,0.414932248,1.599262404,7.774913419,0.116950776,0.000318327,-0.008935833,-0.003263952,0.000002304,-0.008932118,-0.012193766,-0.012193766,-0.000000000,-0.186439289,-0.002782190,0.229359897,0.040138418,0.040138418,-0.000000000,0.000000000
533,1782712656.439552069,0.100129843,0.040138418,0.047458378,0.492883268,1.375417013,7.527037783,0.098510562,0.002976202,0.009662080,-0.002364574,0.000025595,0.009658939,0.007319960,0.007319960,0.000000000,-0.188803862,-0.002756596,0.239018836,0.047458378,0.047458378,-0.000000000,0.000000000
534,1782712656.639159203,0.199607134,0.047458378,0.047556390,0.681403634,1.144688181,7.786672248,0.219520692,-0.009805536,0.004601264,-0.004385419,-0.000116589,0.004600020,0.000098012,0.000098012,-0.000000000,-0.193189282,-0.002873184,0.243618856,0.047556390,0.047556390,-0.000000000,0.000000000
535,1782712656.739402771,0.100243568,0.047556390,0.042383901,0.242571471,1.244926770,8.043344840,0.118558537,-0.010217503,-0.002554023,-0.002575846,-0.000043247,-0.002553397,-0.005172490,-0.005172490,0.000000000,-0.195765127,-0.002916431,0.241065460,0.042383901,0.042383901,-0.000000000,0.000000000
536,1782712656.839460135,0.100057364,0.042383901,0.035673142,0.165553900,1.177263019,6.664845126,0.119678847,-0.004209188,-0.004240629,-0.002458882,-0.000012160,-0.004239717,-0.006710758,-0.006710758,-0.000000000,-0.198224009,-0.002928591,0.236825743,0.035673142,0.035673142,-0.000000000,0.000000000
537,1782712656.938639164,0.099179029,0.035673142,0.034508504,-0.140060198,1.092168169,6.020696270,0.130049812,0.002398171,0.001320317,-0.002478850,-0.000005861,0.001320073,-0.001164639,-0.001164639,-0.000000000,-0.200702860,-0.002934452,0.238145816,0.034508504,0.034508504,-0.000000000,0.000000000
538,1782712657.039350033,0.100710869,0.034508504,0.037846502,-0.024610023,1.035420542,6.284030979,0.137743615,0.004898783,0.005830153,-0.002489098,-0.000002104,0.005829200,0.003337998,0.003337998,-0.000000000,-0.203191958,-0.002936556,0.243975016,0.037846502,0.037846502,-0.000000000,0.000000000
539,1782712657.139227390,0.099877357,0.037846502,0.029207229,0.118415703,1.308179975,6.743409738,0.130036254,-0.001931212,-0.005668036,-0.002968736,-0.000003990,-0.005666547,-0.008639273,-0.008639273,-0.000000000,-0.206160694,-0.002940546,0.238308469,0.029207229,0.029207229,-0.000000000,0.000000000
540,1782712657.239328384,0.100100994,0.029207229,0.031530189,0.006603612,1.231677493,7.045839626,0.144414140,0.002662945,0.005428114,-0.003104207,0.000000307,0.005426860,0.002322960,0.002322960,-0.000000000,-0.209264900,-0.002940240,0.243735330,0.031530189,0.031530189,-0.000000000,0.000000000
541,1782712657.338897467,0.099569082,0.031530189,0.037071141,0.008725617,1.494242103,7.475022722,0.133668578,0.000655189,0.009029529,-0.003485607,0.000000100,0.009026459,0.005540951,0.005540951,-0.000000000,-0.212750508,-0.002940140,0.252761788,0.037071141,0.037071141,-0.000000000,0.000000000
542,1782712657.439207077,0.100309610,0.037071141,0.032105247,0.200689342,1.257655661,7.892204140,0.141944043,0.001545740,-0.001856310,-0.003115454,0.000005413,-0.001855852,-0.004965893,-0.004965893,-0.000000000,-0.215865962,-0.002934727,0.250905936,0.032105247,0.032105247,-0.000000000,0.000000000
543,1782712657.539804459,0.100597382,0.032105247,0.025066196,0.665589019,1.240332344,8.328076194,0.140992247,0.006535807,-0.004064238,-0.003051945,0.000075905,-0.004063011,-0.007039051,-0.007039051,-0.000000000,-0.218917907,-0.002858822,0.246842925,0.025066196,0.025066196,-0.000000000,0.000000000
544,1782712657.639389515,0.099585056,0.025066196,0.029764134,0.433385897,1.250800909,8.871564153,0.129599082,-0.000207459,0.007530518,-0.002829000,-0.000001569,0.007528508,0.004697939,0.004697939,-0.000000000,-0.221746908,-0.002860391,0.254371433,0.029764134,0.029764134,-0.000000000,0.000000000
545,1782712657.738766193,0.099376678,0.029764134,0.028870735,0.622094666,1.803779561,9.221073775,0.149367610,0.002911470,0.003778699,-0.004701598,0.000031595,0.003776604,-0.000893399,-0.000893399,-0.000000000,-0.226448506,-0.002828795,0.258148037,0.028870735,0.028870735,-0.000000000,0.000000000
546,1782712657.839723587,0.100957394,0.028870735,0.026404387,0.716769883,1.931221381,10.079996744,0.139553788,0.001126651,0.002223936,-0.004702933,0.000014086,0.002222499,-0.002466348,-0.002466348,0.000000000,-0.231151439,-0.002814709,0.260370536,0.026404387,0.026404387,-0.000000000,0.000000000
547,1782712657.939166069,0.099442482,0.026404387,0.026806158,0.608024718,1.410533674,10.425460976,0.136850858,-0.002431474,0.003797646,-0.003368717,-0.000025795,0.003796282,0.000401771,0.000401771,-0.000000000,-0.234520156,-0.002840504,0.264166818,0.026806158,0.026806158,-0.000000000,0.000000000
548,1782712658.038464785,0.099298716,0.026806158,0.030836887,1.105880463,0.990396286,10.864971157,0.141366630,0.000090571,0.006474650,-0.002443496,0.000001748,0.006472477,0.004030729,0.004030729,-0.000000000,-0.236963652,-0.002838756,0.270639295,0.030836887,0.030836887,-0.000000000,0.000000000
549,1782712658.239289284,0.200824499,0.030836887,0.031457280,0.585363636,0.861558957,11.405364315,0.279481288,-0.003240786,0.004856714,-0.004202413,-0.000033105,0.004855912,0.000620393,0.000620393,-0.000000000,-0.241166065,-0.002871861,0.275495207,0.031457280,0.031457280,-0.000000000,0.000000000
550,1782712658.339301348,0.100012064,0.031457280,0.033126115,0.269967995,1.472577905,11.825879820,0.146985032,-0.019430767,0.005539545,-0.003777295,-0.000091524,0.005537654,0.001668835,0.001668835,0.000000000,-0.244943360,-0.002963385,0.281032861,0.033126115,0.033126115,-0.000000000,0.000000000
551,1782712658.439336538,0.100035191,0.033126115,0.033307419,0.308038099,1.507032230,9.283861310,0.137788092,-0.009781998,0.003859044,-0.003623777,-0.000052572,0.003857653,0.000181303,0.000181303,-0.000000000,-0.248567138,-0.003015958,0.284890514,0.033307419,0.033307419,-0.000000000,0.000000000
552,1782712658.539363861,0.100027323,0.033307419,0.027924462,0.153965737,1.479999317,8.516258157,0.152804081,0.006181598,-0.001453431,-0.003946622,0.000016606,-0.001452941,-0.005382957,-0.005382957,0.000000000,-0.252513760,-0.002999352,0.283437574,0.027924462,0.027924462,-0.000000000,0.000000000
553,1782712658.638736010,0.099372149,0.027924462,0.024850269,0.189158819,1.297376001,9.067734719,0.127767745,-0.002353496,-0.000173611,-0.002892860,-0.000007768,-0.000173566,-0.003074193,-0.003074193,-0.000000000,-0.255406619,-0.003007120,0.283264008,0.024850269,0.024850269,-0.000000000,0.000000000
554,1782712658.739610195,0.100874186,0.024850269,0.026031765,0.181113775,1.486747045,9.686609252,0.156638830,-0.018514615,0.005305921,-0.004064107,-0.000058505,0.005304108,0.001181496,0.001181496,-0.000000000,-0.259470726,-0.003065625,0.288568117,0.026031765,0.026031765,-0.000000000,0.000000000
555,1782712658.838931084,0.099320889,0.026031765,0.028716967,-0.125191306,1.446529130,9.297350908,0.134672827,-0.033663289,0.006013285,-0.003399683,0.000073531,0.006011354,0.002685202,0.002685202,0.000000000,-0.262870409,-0.002992095,0.294579470,0.028716967,0.028716967,-0.000000000,0.000000000
556,1782712658.938752174,0.099821091,0.028716967,0.028188318,0.027999167,1.201930870,5.565804632,0.141768477,-0.023015967,0.002456889,-0.002973752,-0.000011245,0.002456348,-0.000528648,-0.000528648,-0.000000000,-0.265844161,-0.003003339,0.297035819,0.028188318,0.028188318,-0.000000000,0.000000000
557,1782712659.039401054,0.100648880,0.028188318,0.021292097,0.229356482,1.254564565,2.635820226,0.149317573,0.006890537,-0.003655465,-0.003269238,0.000027576,-0.003654560,-0.006896222,-0.006896222,-0.000000000,-0.269113399,-0.002975763,0.293381259,0.021292097,0.021292097,-0.000000000,0.000000000
558,1782712659.138976812,0.099575758,0.021292097,0.025267460,-0.240089671,1.333881564,2.266021338,0.135931216,0.000343864,0.007143080,-0.003164278,-0.000001441,0.007141082,0.003975364,0.003975364,0.000000000,-0.272277677,-0.002977204,0.300522341,0.025267460,0.025267460,-0.000000000,0.000000000
559,1782712659.239087820,0.100111008,0.025267460,0.013732447,-0.566065030,1.962804196,3.382652231,0.152290364,0.012549037,-0.006198996,-0.005216051,-0.000123906,-0.006195057,-0.011535013,-0.011535013,0.000000000,-0.277493728,-0.003101110,0.294327284,0.013732447,0.013732447,-0.000000000,0.000000000
560,1782712659.439399004,0.200311184,0.013732447,0.010667024,-0.186449269,1.801362742,4.101463201,0.290544217,0.009621592,0.006102041,-0.009133121,-0.000031295,0.006098993,-0.003065423,-0.003065423,-0.000000000,-0.286626849,-0.003132404,0.300426278,0.010667024,0.010667024,-0.000000000,0.000000000
561,1782712659.539092064,0.099693060,0.010667024,0.011286727,-0.233166608,2.267120351,5.576511734,0.147967150,0.004756805,0.006497527,-0.005853342,-0.000019343,0.006492388,0.000619703,0.000619703,-0.000000000,-0.292480192,-0.003151747,0.306918665,0.011286727,0.011286727,-0.000000000,0.000000000
562,1782712659.739508867,0.200416803,0.011286727,0.007680951,-0.179381209,2.165887388,6.537741323,0.286208835,0.007581243,0.007239802,-0.010816652,-0.000023718,0.007234594,-0.003605775,-0.003605775,-0.000000000,-0.303296843,-0.003175465,0.314153260,0.007680951,0.007680951,-0.000000000,0.000000000
563,1782712659.839411020,0.099902153,0.007680951,-0.001032885,0.061534618,1.356354575,7.988933214,0.155085424,0.002063560,-0.005046497,-0.003670972,0.000002216,-0.005045080,-0.008713836,-0.008713836,-0.000000000,-0.306967815,-0.003173250,0.309108179,-0.001032885,-0.001032885,-0.000000000,0.000000000
564,1782712659.940328360,0.100917339,-0.001032885,0.005699486,0.017856423,1.479930111,8.684216095,0.140671277,-0.010453389,0.010372175,-0.003633086,-0.000003257,0.010368714,0.006732371,0.006732371,-0.000000000,-0.310600901,-0.003176506,0.319476894,0.005699486,0.005699486,-0.000000000,0.000000000
565,1782712660.039281368,0.098953009,0.005699486,-0.001385772,-0.001599516,1.556593300,7.761226653,0.145297225,-0.005614123,-0.003139671,-0.003946903,0.000000157,-0.003138513,-0.007085259,-0.007085259,-0.000000000,-0.314547804,-0.003176350,0.316338381,-0.001385772,-0.001385772,-0.000000000,0.000000000
566,1782712660.139356852,0.100075483,-0.001385772,0.003358330,-0.206692624,1.383358967,7.034532855,0.141253658,-0.010252477,0.008119668,-0.003410121,0.000036975,0.008117249,0.004744103,0.004744103,-0.000000000,-0.317957924,-0.003139375,0.324455630,0.003358330,0.003358330,-0.000000000,0.000000000
567,1782712660.239317894,0.099961042,0.003358330,0.002725768,-0.045893688,1.275027362,7.296818097,0.155486888,-0.002854790,0.002825683,-0.003459830,0.000002286,0.002824982,-0.000632562,-0.000632562,0.000000000,-0.321417755,-0.003137089,0.327280612,0.002725768,0.002725768,-0.000000000,0.000000000
568,1782712660.339504957,0.100187063,0.002725768,0.003853960,0.224928885,1.429973280,6.647181429,0.130654060,-0.007131897,0.004418083,-0.003260492,-0.000027989,0.004416673,0.001128192,0.001128192,0.000000000,-0.324678247,-0.003165078,0.331697285,0.003853960,0.003853960,-0.000000000,0.000000000
569,1782712660.440335274,0.100830317,0.003853960,-0.001557668,0.142343346,1.592322194,6.295477592,0.147343455,0.007504923,-0.001336453,-0.004094334,0.000018638,-0.001335932,-0.005411629,-0.005411629,0.000000000,-0.328772580,-0.003146441,0.330361353,-0.001557668,-0.001557668,-0.000000000,0.000000000
570,1782712660.541092157,0.100756884,-0.001557668,0.009644945,-0.069940741,1.680347981,6.987943285,0.139510403,0.009649130,0.015311902,-0.004090919,-0.000011774,0.015305307,0.011202613,0.011202613,0.000000000,-0.332863500,-0.003158214,0.345666659,0.009644945,0.009644945,-0.000000000,0.000000000
571,1782712660.639229059,0.098136902,0.009644945,-0.007619464,-0.196677116,1.959809880,7.678246007,0.149948866,-0.003788381,-0.012156567,-0.005128021,0.000012997,-0.012149385,-0.017264409,-0.017264409,0.000000000,-0.337991521,-0.003145218,0.333517274,-0.007619464,-0.007619464,-0.000000000,0.000000000
572,1782712660.739264250,0.100035191,-0.007619464,-0.007558957,0.354152377,1.577080502,7.973754380,0.131923490,-0.000526731,0.003696000,-0.003630768,-0.000003255,0.003694530,0.000060507,0.000060507,-0.000000000,-0.341622289,-0.003148472,0.337211804,-0.007558957,-0.007558957,-0.000000000,0.000000000
573,1782712660.939513922,0.200249672,-0.007558957,-0.001211106,0.060842586,1.648526482,8.500278764,0.271041683,0.009331683,0.014141200,-0.007797394,0.000009905,0.014135339,0.006347851,0.006347851,0.000000000,-0.349419683,-0.003138567,0.351347143,-0.001211106,-0.001211106,-0.000000000,0.000000000
574,1782712661.038847446,0.099333525,-0.001211106,-0.018004776,0.165838038,1.594324075,9.806198723,0.161609346,-0.005313886,-0.012286709,-0.004496394,-0.000015375,-0.012281901,-0.016793670,-0.016793670,-0.000000000,-0.353916077,-0.003153941,0.339065242,-0.018004776,-0.018004776,-0.000000000,0.000000000
575,1782712661.138709307,0.099861860,-0.018004776,-0.010345692,0.158640829,1.356824867,10.152891488,0.134765516,0.000715187,0.010851281,-0.003191092,0.000001980,0.010848197,0.007659085,0.007659085,-0.000000000,-0.357107169,-0.003151962,0.349913440,-0.010345692,-0.010345692,-0.000000000,0.000000000
576,1782712661.239492655,0.100783348,-0.010345692,-0.011878779,0.585197946,1.489649060,10.630918250,0.137490202,0.005337860,0.001987432,-0.003574244,0.000054500,0.001986657,-0.001533087,-0.001533087,-0.000000000,-0.360681413,-0.003097462,0.351900096,-0.011878779,-0.011878779,-0.000000000,0.000000000
577,1782712661.339547157,0.100054502,-0.011878779,-0.018339728,0.288776177,1.809804905,11.154293174,0.147913087,0.003646733,-0.001808883,-0.004671362,0.000018371,-0.001807958,-0.006460949,-0.006460949,-0.000000000,-0.365352775,-0.003079092,0.350092138,-0.018339728,-0.018339728,-0.000000000,0.000000000
578,1782712661.539364576,0.199817419,-0.018339728,-0.014765755,0.229741880,1.613193632,11.786173665,0.294101415,0.007030740,0.011830067,-0.008279490,0.000028180,0.011825283,0.003573973,0.003573973,-0.000000000,-0.373632265,-0.003050911,0.361917421,-0.014765755,-0.014765755,-0.000000000,0.000000000
579,1782712661.639429092,0.100064516,-0.014765755,-0.016486729,0.446898897,1.568350080,12.671566930,0.136994454,-0.001911077,0.002044218,-0.003749463,-0.000014900,0.002043390,-0.001720974,-0.001720974,-0.000000000,-0.377381729,-0.003065812,0.363960812,-0.016486729,-0.016486729,-0.000000000,0.000000000
580,1782712661.739362717,0.099933624,-0.016486729,-0.021352938,0.132113809,1.783451411,12.886981911,0.154231022,0.007997160,-0.000084692,-0.004799989,0.000018431,-0.000084651,-0.004866209,-0.004866209,-0.000000000,-0.382181718,-0.003047381,0.363876161,-0.021352938,-0.021352938,-0.000000000,0.000000000
581,1782712661.839269876,0.099907160,-0.021352938,-0.020720956,-0.126710538,1.851544557,13.581974176,0.128753619,0.002868210,0.004800859,-0.004160020,-0.000006340,0.004798341,0.000631981,0.000631981,0.000000000,-0.386341737,-0.003053720,0.368674502,-0.020720956,-0.020720956,-0.000000000,0.000000000
582,1782712661.939587831,0.100317955,-0.020720956,-0.025491121,-0.231750698,1.818138071,14.164248278,0.149246647,-0.003383124,-0.000048693,-0.004735174,0.000013677,-0.000048668,-0.004770165,-0.004770165,-0.000000000,-0.391076911,-0.003040043,0.368625833,-0.025491121,-0.025491121,-0.000000000,0.000000000
583,1782712662.039001703,0.099413872,-0.025491121,-0.031447839,-0.323325767,1.778289171,14.717397268,0.143744986,0.011147504,-0.001433858,-0.004460697,-0.000062876,-0.001433145,-0.005956718,-0.005956718,0.000000000,-0.395537608,-0.003102919,0.367192688,-0.031447839,-0.031447839,-0.000000000,0.000000000
584,1782712662.139525414,0.100523710,-0.031447839,-0.031185957,-0.284422054,2.035345496,14.905862688,0.142622452,-0.022524033,0.005218879,-0.005065380,0.000111741,0.005215522,0.000261883,0.000261883,-0.000000000,-0.400602989,-0.002991179,0.372408210,-0.031185957,-0.031185957,-0.000000000,0.000000000
585,1782712662.239300251,0.099774837,-0.031185957,-0.031331671,-0.527836846,2.149159075,14.375295326,0.127791057,-0.021539060,0.004451626,-0.004792306,0.000198286,0.004448306,-0.000145714,-0.000145714,-0.000000000,-0.405395295,-0.002792893,0.376856516,-0.031331671,-0.031331671,-0.000000000,0.000000000
586,1782712662.339728117,0.100427866,-0.031331671,-0.035072260,-0.455999064,1.589995394,12.248464898,0.159771411,-0.033631998,0.000425220,-0.004433192,0.000267561,0.000425043,-0.003740589,-0.003740589,-0.000000000,-0.409828487,-0.002525332,0.377281559,-0.035072260,-0.035072260,-0.000000000,0.000000000
587,1782712662.438988209,0.099260092,-0.035072260,-0.033606510,-0.849664481,1.903973222,9.156741985,0.126572244,-0.037870810,0.005113159,-0.004205298,0.000561272,0.005109775,0.001465749,0.001465749,0.000000000,-0.414033785,-0.001964060,0.382391334,-0.033606510,-0.033606510,-0.000000000,0.000000000
588,1782712662.539548874,0.100560665,-0.033606510,-0.033987048,-0.857103767,1.956856416,6.020033106,0.137268399,-0.019864859,0.004012569,-0.004687297,0.000296980,0.004009780,-0.000380537,-0.000380537,-0.000000000,-0.418721082,-0.001667080,0.386401114,-0.033987048,-0.033987048,-0.000000000,0.000000000
589,1782712662.638945341,0.099396467,-0.033987048,-0.039262810,-0.745283989,1.882291216,2.832515707,0.146790361,-0.000357272,-0.000459177,-0.004821516,0.000004645,-0.000458891,-0.005275762,-0.005275762,-0.000000000,-0.423542597,-0.001662435,0.385942223,-0.039262810,-0.039262810,-0.000000000,0.000000000
590,1782712662.739473343,0.100528002,-0.039262810,-0.040409960,-0.763527412,1.823646479,1.532867052,0.129182829,0.003439561,0.003011473,-0.004111019,-0.000045811,0.003009680,-0.001147150,-0.001147150,-0.000000000,-0.427653616,-0.001708246,0.388951903,-0.040409960,-0.040409960,-0.000000000,0.000000000
591,1782712662.839632988,0.100159645,-0.040409960,-0.050744295,-0.891573640,1.870764715,2.336607304,0.145775575,0.001929500,-0.005549084,-0.004758873,-0.000030008,-0.005545455,-0.010334336,-0.010334336,-0.000000000,-0.432412490,-0.001738254,0.383406448,-0.050744295,-0.050744295,-0.000000000,0.000000000
592,1782712662.939966440,0.100333452,-0.050744295,-0.051473463,-0.963133789,1.721223576,3.077929039,0.147283250,0.007619539,0.003824991,-0.004423873,-0.000128020,0.003822725,-0.000729168,-0.000729168,-0.000000000,-0.436836363,-0.001866274,0.387229174,-0.051473463,-0.051473463,-0.000000000,0.000000000
593,1782712663.039346218,0.099379778,-0.051473463,-0.060910902,-0.876120773,1.782749169,3.781200426,0.128697132,0.006493182,-0.005337665,-0.004003745,-0.000099237,-0.005334458,-0.009437439,-0.009437439,-0.000000000,-0.440840108,-0.001965510,0.381894716,-0.060910902,-0.060910902,-0.000000000,0.000000000
594,1782712663.139378548,0.100032330,-0.060910902,-0.051109280,-0.618532899,1.722999707,4.444550895,0.143951485,0.008861910,0.014232769,-0.004328259,-0.000095623,0.014225505,0.009801622,0.009801622,-0.000000000,-0.445168367,-0.002061133,0.396120220,-0.051109280,-0.051109280,-0.000000000,0.000000000
595,1782712663.238767147,0.099388599,-0.051109280,-0.053034771,-0.940264632,1.696518976,5.030719741,0.152086433,-0.002023549,0.002545372,-0.004502597,0.000033192,0.002543914,-0.001925492,-0.001925492,-0.000000000,-0.449670964,-0.002027941,0.398664134,-0.053034771,-0.053034771,-0.000000000,0.000000000
596,1782712663.343846321,0.105079174,-0.053034771,-0.056865857,-0.858054054,1.113024621,5.993551365,0.115349001,0.010527837,-0.001433267,-0.002240622,-0.000157628,-0.001432835,-0.003831086,-0.003831086,-0.000000000,-0.451911587,-0.002185569,0.397231299,-0.056865857,-0.056865857,-0.000000000,0.000000000
597,1782712663.444464445,0.100618124,-0.056865857,-0.052704430,-1.120647196,0.236999172,7.002105997,0.146303528,-0.012282012,0.004527296,-0.000605171,0.000240206,0.004526392,0.004161427,0.004161427,-0.000000000,-0.452516757,-0.001945363,0.401757690,-0.052704430,-0.052704430,-0.000000000,0.000000000
598,1782712663.539539099,0.095074654,-0.052704430,-0.056888227,-0.830575557,0.178126926,6.834786743,0.134582020,-0.024711309,-0.004124057,-0.000418402,0.000358208,-0.004123604,-0.004183798,-0.004183798,-0.000000000,-0.452935159,-0.001587155,0.397634087,-0.056888227,-0.056888227,-0.000000000,0.000000000
599,1782712663.639386654,0.099847555,-0.056888227,-0.051012719,-0.784738285,0.810064261,4.527892114,0.159074362,-0.008838450,0.008004986,-0.002248964,0.000121038,0.008003435,0.005875509,0.005875509,-0.000000000,-0.455184123,-0.001466117,0.405637522,-0.051012719,-0.051012719,-0.000000000,0.000000000
600,1782712663.739183187,0.099796534,-0.051012719,-0.060909522,-0.859886144,1.031444683,2.361267452,0.126473389,-0.001492227,-0.007644629,-0.002276664,0.000022391,-0.007642529,-0.009896803,-0.009896803,-0.000000000,-0.457460787,-0.001443727,0.397994992,-0.060909522,-0.060909522,-0.000000000,0.000000000
601,1782712663.839164495,0.099981308,-0.060909522,-0.065886544,-1.006016307,1.697446023,2.812996466,0.157141491,0.000890010,-0.000306789,-0.004654796,-0.000015619,-0.000306607,-0.004977023,-0.004977023,-0.000000000,-0.462115584,-0.001459346,0.397688385,-0.065886544,-0.065886544,-0.000000000,0.000000000
602,1782712663.939193726,0.100029230,-0.065886544,-0.067024709,-0.607715542,1.763855411,3.728154573,0.126536972,0.000130970,0.002759523,-0.003894836,-0.000001388,0.002758060,-0.001138165,-0.001138165,-0.000000000,-0.466010420,-0.001460734,0.400446445,-0.067024709,-0.067024709,-0.000000000,0.000000000
603,1782712664.039479256,0.100285530,-0.067024709,-0.061860922,-0.809782731,1.801642347,4.268283226,0.158712132,0.009594847,0.010295255,-0.004989816,-0.000135536,0.010289138,0.005163786,0.005163786,-0.000000000,-0.471000235,-0.001596271,0.410735583,-0.061860922,-0.061860922,-0.000000000,0.000000000
604,1782712664.139466047,0.099986792,-0.061860922,-0.076860636,-0.365475359,1.834437044,4.967151649,0.132069290,-0.007244106,-0.010823930,-0.004227736,0.000046184,-0.010818162,-0.014999714,-0.014999714,-0.000000000,-0.475227971,-0.001550086,0.399917421,-0.076860636,-0.076860636,-0.000000000,0.000000000
605,1782712664.239296198,0.099830151,-0.076860636,-0.075094027,-0.147738578,2.000398197,5.649434450,0.156834567,0.017403565,0.007290461,-0.005474537,-0.000044848,0.007285994,0.001766609,0.001766609,-0.000000000,-0.480702508,-0.001594934,0.407203415,-0.075094027,-0.075094027,-0.000000000,0.000000000
606,1782712664.339698792,0.100402594,-0.075094027,-0.075962547,-0.427283949,1.519913490,6.664004225,0.133044601,0.002558154,0.002680494,-0.003528926,-0.000019071,0.002679477,-0.000868520,-0.000868520,-0.000000000,-0.484231434,-0.001614005,0.409882892,-0.075962547,-0.075962547,-0.000000000,0.000000000
607,1782712664.439466953,0.099768162,-0.075962547,-0.086049754,-0.321427297,1.490651931,7.388996361,0.158769961,0.000826674,-0.005954462,-0.004130218,-0.000004636,-0.005952354,-0.010087207,-0.010087207,-0.000000000,-0.488361652,-0.001618641,0.403930538,-0.086049754,-0.086049754,-0.000000000,0.000000000
608,1782712664.540501833,0.101034880,-0.086049754,-0.080962750,-0.350721240,1.525392327,8.149923568,0.133638594,0.002756832,0.008664563,-0.003557456,-0.000016869,0.008661330,0.005087005,0.005087005,0.000000000,-0.491919108,-0.001635510,0.412591868,-0.080962750,-0.080962750,-0.000000000,0.000000000
609,1782712664.639353275,0.098851442,-0.080962750,-0.087892472,-0.673217468,1.495789100,8.482731359,0.158001867,-0.012820214,-0.002957116,-0.004124398,0.000150581,-0.002955905,-0.006929722,-0.006929722,-0.000000000,-0.496043506,-0.001484929,0.409635963,-0.087892472,-0.087892472,-0.000000000,0.000000000
610,1782712664.739363670,0.100010395,-0.087892472,-0.080533973,-0.689033521,1.554470271,7.668709095,0.125087506,-0.034959749,0.010336078,-0.003393286,0.000420258,0.010331527,0.007358499,0.007358499,0.000000000,-0.499436792,-0.001064671,0.419967491,-0.080533973,-0.080533973,-0.000000000,0.000000000
611,1782712664.840461016,0.101097345,-0.080533973,-0.088475030,-0.332568543,1.842286913,5.279740021,0.141797487,-0.021977714,-0.003511866,-0.004558567,0.000127501,-0.003509992,-0.007941057,-0.007941057,-0.000000000,-0.503995359,-0.000937170,0.416457499,-0.088475030,-0.088475030,-0.000000000,0.000000000
612,1782712664.939348698,0.098887682,-0.088475030,-0.086297127,-0.348221218,1.685518894,2.943261153,0.148808776,-0.002421358,0.006543149,-0.004377004,0.000014710,0.006540197,0.002177903,0.002177903,-0.000000000,-0.508372362,-0.000922461,0.422997696,-0.086297127,-0.086297127,-0.000000000,0.000000000
613,1782712665.039439678,0.100090981,-0.086297127,-0.086270185,-0.201482215,1.296794243,1.550053448,0.137087847,0.005233520,0.003148656,-0.003102489,-0.000018399,0.003147830,0.000026942,0.000026942,-0.000000000,-0.511474852,-0.000940860,0.426145526,-0.086270185,-0.086270185,-0.000000000,0.000000000
614,1782712665.140272617,0.100832939,-0.086270185,-0.094533391,-0.368898622,1.853368117,2.504568713,0.122051669,0.002893897,-0.004299559,-0.003947363,-0.000018622,-0.004297220,-0.008263205,-0.008263205,-0.000000000,-0.515422214,-0.000959482,0.421848306,-0.094533391,-0.094533391,-0.000000000,0.000000000
615,1782712665.238614798,0.098342180,-0.094533391,-0.086011361,-0.599407186,1.489701745,3.388465652,0.152995576,0.002548538,0.012531071,-0.003977467,-0.000026652,0.012526150,0.008522030,0.008522030,-0.000000000,-0.519399682,-0.000986135,0.434374456,-0.086011361,-0.086011361,-0.000000000,0.000000000
616,1782712665.339799166,0.101184368,-0.086011361,-0.093457716,0.005439687,1.263883459,3.859806117,0.128351931,0.002952772,-0.004616683,-0.002831076,0.000000280,-0.004615559,-0.007446356,-0.007446356,-0.000000000,-0.522230758,-0.000985854,0.429758896,-0.093457716,-0.093457716,-0.000000000,0.000000000
617,1782712665.440028667,0.100229502,-0.093457716,-0.098506744,-0.509976982,1.722509513,4.438943851,0.139470720,0.007658850,-0.000788937,-0.004192341,-0.000068138,-0.000788549,-0.005049028,-0.005049028,-0.000000000,-0.526423099,-0.001053992,0.428970347,-0.098506744,-0.098506744,-0.000000000,0.000000000
618,1782712665.538904190,0.098875523,-0.098506744,-0.094502106,-0.418337840,1.508037380,4.726375359,0.146160750,0.007348912,0.007907764,-0.003846539,-0.000053638,0.007904815,0.004004638,0.004004638,-0.000000000,-0.530269638,-0.001107630,0.436875162,-0.094502106,-0.094502106,-0.000000000,0.000000000
619,1782712665.639548063,0.100643873,-0.094502106,-0.098109412,-0.314527329,1.749363324,5.697073907,0.151200692,-0.000972420,0.001003606,-0.004615765,0.000005336,0.001003124,-0.003607306,-0.003607306,-0.000000000,-0.534885403,-0.001102295,0.437878286,-0.098109412,-0.098109412,-0.000000000,0.000000000
620,1782712665.739610672,0.100062609,-0.098109412,-0.102590439,-0.544556412,1.313347247,6.241702217,0.110938012,0.001960440,-0.001920266,-0.002542724,-0.000018627,-0.001919675,-0.004481027,-0.004481027,-0.000000000,-0.537428127,-0.001120922,0.435958611,-0.102590439,-0.102590439,-0.000000000,0.000000000
621,1782712665.838550568,0.098939896,-0.102590439,-0.110432073,-0.259520362,1.796494013,6.852895104,0.149044457,-0.002732326,-0.003183117,-0.004672484,0.000012370,-0.003181520,-0.007841634,-0.007841634,-0.000000000,-0.542100611,-0.001108552,0.432777091,-0.110432073,-0.110432073,-0.000000000,0.000000000
622,1782712665.939701557,0.101150990,-0.110432073,-0.099876158,-0.299528087,1.705712479,7.360832607,0.144870304,-0.012173541,0.014811263,-0.004312195,0.000063612,0.014804498,0.010555914,0.010555914,-0.000000000,-0.546412806,-0.001044941,0.447581589,-0.099876158,-0.099876158,-0.000000000,0.000000000
623,1782712666.039734364,0.100032806,-0.099876158,-0.119753276,-0.437115798,1.393356799,7.243464572,0.140958732,-0.030600373,-0.016688329,-0.003427590,0.000233382,-0.016682910,-0.019877117,-0.019877117,0.000000000,-0.549840396,-0.000811558,0.430898679,-0.119753276,-0.119753276,-0.000000000,0.000000000
624,1782712666.139714241,0.099979877,-0.119753276,-0.106603439,-0.829377165,1.264743762,4.940251052,0.131711552,-0.034842101,0.015558202,-0.002907157,0.000504212,0.015552782,0.013149837,0.013149837,-0.000000000,-0.552747554,-0.000307347,0.446451461,-0.106603439,-0.106603439,-0.000000000,0.000000000
625,1782712666.238455057,0.098740816,-0.106603439,-0.119637095,-0.423884123,1.513986864,2.355312140,0.132210900,-0.005677016,-0.009586108,-0.003493142,0.000041985,-0.009582499,-0.013033656,-0.013033656,-0.000000000,-0.556240695,-0.000265362,0.436868962,-0.119637095,-0.119637095,-0.000000000,0.000000000
626,1782712666.339356899,0.100901842,-0.119637095,-0.119580502,-0.360671483,1.580994451,0.340703469,0.152154945,0.000323837,0.004258299,-0.004197964,-0.000002038,0.004256594,0.000056593,0.000056593,-0.000000000,-0.560438659,-0.000267400,0.441125556,-0.119580502,-0.119580502,-0.000000000,0.000000000
627,1782712666.446994066,0.107637167,-0.119580502,-0.122275385,-0.643639076,1.710591703,0.429563632,0.116278024,0.008626047,0.000873436,-0.003471018,-0.000096857,0.000872992,-0.002694883,-0.002694883,-0.000000000,-0.563909677,-0.000364256,0.441998548,-0.122275385,-0.122275385,-0.000000000,0.000000000
628,1782712666.538878679,0.091884613,-0.122275385,-0.126305958,-0.302822999,1.499253299,1.446431265,0.148401307,0.008971076,-0.000100450,-0.003882760,-0.000047398,-0.000100415,-0.004030573,-0.004030573,-0.000000000,-0.567792437,-0.000411654,0.441898134,-0.126305958,-0.126305958,-0.000000000,0.000000000
629,1782712666.639171124,0.100292444,-0.126305958,-0.122942462,-0.500434842,1.991931513,2.021282378,0.137945567,-0.002678828,0.008140159,-0.004794817,0.000023383,0.008134930,0.003363496,0.003363496,-0.000000000,-0.572587254,-0.000388271,0.450033063,-0.122942462,-0.122942462,-0.000000000,0.000000000
630,1782712666.739277601,0.100106478,-0.122942462,-0.127963907,-0.277438716,1.949097373,2.706649279,0.153139779,0.003302409,0.000203186,-0.005208530,-0.000015982,0.000203067,-0.005021445,-0.005021445,-0.000000000,-0.577795784,-0.000404253,0.450236130,-0.127963907,-0.127963907,-0.000000000,0.000000000
631,1782712666.839567900,0.100290298,-0.127963907,-0.124125674,-0.036118883,1.567854795,3.251643501,0.129046786,0.003950946,0.007374309,-0.003530825,-0.000002490,0.007371547,0.003838232,0.003838232,0.000000000,-0.581326609,-0.000406743,0.457607677,-0.124125674,-0.124125674,-0.000000000,0.000000000
632,1782712666.939158201,0.099590302,-0.124125674,-0.132034196,-0.072306026,1.730094632,4.250825177,0.130401326,0.006116800,-0.003965637,-0.003936980,-0.000007716,-0.003963826,-0.007908522,-0.007908522,-0.000000000,-0.585263589,-0.000414458,0.453643851,-0.132034196,-0.132034196,-0.000000000,0.000000000
633,1782712667.038699865,0.099541664,-0.132034196,-0.131722220,-0.105449545,1.582024165,5.053431043,0.155444883,0.004254832,0.004613096,-0.004291526,-0.000007828,0.004611330,0.000311976,0.000311976,-0.000000000,-0.589555115,-0.000422286,0.458255181,-0.131722220,-0.131722220,-0.000000000,0.000000000
634,1782712667.139728785,0.101028919,-0.131722220,-0.141573132,-0.052493606,1.331128852,5.874181283,0.140827170,0.004526535,-0.006577060,-0.003271484,-0.000004146,-0.006575282,-0.009850913,-0.009850913,-0.000000000,-0.592826599,-0.000426432,0.451679899,-0.141573132,-0.141573132,-0.000000000,0.000000000
635,1782712667.239580631,0.099851847,-0.141573132,-0.136313018,0.226567222,1.147382394,6.449397201,0.144134474,-0.001274821,0.008153039,-0.002886186,-0.000005040,0.008151341,0.005260114,0.005260114,-0.000000000,-0.595712785,-0.000431472,0.459831240,-0.136313018,-0.136313018,-0.000000000,0.000000000
636,1782712667.339446068,0.099865437,-0.136313018,-0.141882702,0.055557188,1.823535508,7.131950479,0.122146344,0.007064327,-0.001690529,-0.003886859,0.000006846,-0.001689673,-0.005569685,-0.005569685,0.000000000,-0.599599644,-0.000424626,0.458141567,-0.141882702,-0.141882702,-0.000000000,0.000000000
637,1782712667.438584328,0.099138260,-0.141882702,-0.132081129,0.091247787,1.801704601,7.655498655,0.145683189,-0.007464685,0.014400945,-0.004580352,-0.000011882,0.014393807,0.009801573,0.009801573,-0.000000000,-0.604179996,-0.000436508,0.472535374,-0.132081129,-0.132081129,-0.000000000,0.000000000
638,1782712667.539318562,0.100734234,-0.132081129,-0.133550100,0.027111505,2.102678888,7.407443833,0.129250107,-0.012588822,0.003281435,-0.004742242,-0.000005953,0.003279225,-0.001468971,-0.001468971,0.000000000,-0.608922238,-0.000442461,0.475814599,-0.133550100,-0.133550100,-0.000000000,0.000000000
639,1782712667.639422417,0.100103855,-0.133550100,-0.142552971,0.054134820,1.588277075,6.101636882,0.155887512,-0.003792142,-0.004680338,-0.004320752,-0.000003582,-0.004678537,-0.009002871,-0.009002871,-0.000000000,-0.613242990,-0.000446042,0.471136062,-0.142552971,-0.142552971,-0.000000000,0.000000000
640,1782712667.739691973,0.100269556,-0.142552971,-0.140971949,-0.027909797,1.460965367,5.006473657,0.135005678,-0.001309803,0.005024108,-0.003442090,0.000000638,0.005022475,0.001581022,0.001581022,-0.000000000,-0.616685080,-0.000445405,0.476158536,-0.140971949,-0.140971949,-0.000000000,0.000000000
641,1782712667.839529991,0.099838018,-0.140971949,-0.147398327,0.122373905,1.916764748,5.771669992,0.136482661,-0.001299914,-0.001859628,-0.004565020,-0.000002775,-0.001858584,-0.006426378,-0.006426378,-0.000000000,-0.621250100,-0.000448179,0.474299953,-0.147398327,-0.147398327,-0.000000000,0.000000000
642,1782712667.938720465,0.099190474,-0.147398327,-0.142898836,-0.027329157,1.793583948,6.252399808,0.137282717,0.001791150,0.008801446,-0.004296789,-0.000000854,0.008797133,0.004499491,0.004499491,-0.000000000,-0.625546889,-0.000449033,0.483097086,-0.142898836,-0.142898836,-0.000000000,0.000000000
643,1782712668.039617777,0.100897312,-0.142898836,-0.152130594,-0.232364003,2.295725017,6.767260473,0.154760232,0.004120951,-0.003018239,-0.006199268,-0.000016699,-0.003015791,-0.009231758,-0.009231758,-0.000000000,-0.631746156,-0.000465732,0.480081295,-0.152130594,-0.152130594,-0.000000000,0.000000000
644,1782712668.140029907,0.100412130,-0.152130594,-0.155786475,0.009463686,2.109155633,7.425782158,0.139517579,0.000886450,0.001479696,-0.005134721,0.000000146,0.001478693,-0.003655881,-0.003655881,-0.000000000,-0.636880877,-0.000465586,0.481559988,-0.155786475,-0.155786475,-0.000000000,0.000000000
645,1782712668.339692593,0.199662685,-0.155786475,-0.158285383,-0.005271412,2.077481015,7.814707860,0.283182956,0.006468854,0.007772444,-0.010265648,-0.000000595,0.007767336,-0.002498907,-0.002498907,-0.000000000,-0.647146525,-0.000466181,0.489327324,-0.158285383,-0.158285383,-0.000000000,0.000000000
646,1782712668.438651800,0.098959208,-0.158285383,-0.169473264,-0.163436794,2.496681415,8.722775685,0.140581357,0.006110159,-0.005051346,-0.006123938,-0.000017413,-0.005046531,-0.011187881,-0.011187881,-0.000000000,-0.653270463,-0.000483594,0.484280793,-0.169473264,-0.169473264,-0.000000000,0.000000000
647,1782712668.538708687,0.100056887,-0.169473264,-0.161378207,-0.247524255,2.298877532,9.321664975,0.156687700,-0.002191379,0.014382398,-0.006285091,0.000009459,0.014370688,0.008095056,0.008095056,-0.000000000,-0.659555555,-0.000474134,0.498651481,-0.161378207,-0.161378207,-0.000000000,0.000000000
648,1782712668.640009880,0.101301193,-0.161378207,-0.170107543,0.110643819,2.636823328,10.023130626,0.139190960,-0.010766791,-0.002307532,-0.006403481,-0.000020770,-0.002305085,-0.008729335,-0.008729335,-0.000000000,-0.665959035,-0.000494904,0.496346397,-0.170107543,-0.170107543,-0.000000000,0.000000000
649,1782712668.739320993,0.099311113,-0.170107543,-0.170274361,-0.280311004,1.990574271,9.893998560,0.154720732,-0.027860562,0.005074322,-0.005374238,0.000136221,0.005071199,-0.000166818,-0.000166818,0.000000000,-0.671333273,-0.000358683,0.501417595,-0.170274361,-0.170274361,-0.000000000,0.000000000
650,1782712668.839269161,0.099948168,-0.170274361,-0.180467801,-0.163563171,2.151446628,7.999334844,0.138233097,-0.029548725,-0.005091935,-0.005189409,0.000084294,-0.005088325,-0.010193440,-0.010193440,-0.000000000,-0.676522683,-0.000274390,0.496329271,-0.180467801,-0.180467801,-0.000000000,0.000000000
651,1782712668.939781189,0.100512028,-0.180467801,-0.189017880,-0.642233309,2.097838917,5.140820019,0.156565217,-0.012874848,-0.002965239,-0.005731229,0.000144216,-0.002963066,-0.008550079,-0.008550079,-0.000000000,-0.682253911,-0.000130174,0.493366205,-0.189017880,-0.189017880,-0.000000000,0.000000000
652,1782712669.039649010,0.099867821,-0.189017880,-0.189168832,-0.194378752,2.149901939,2.985291640,0.148579269,0.002880374,0.005436484,-0.005573812,-0.000009765,0.005432626,-0.000150951,-0.000150951,0.000000000,-0.687827723,-0.000139939,0.498798830,-0.189168832,-0.189168832,-0.000000000,0.000000000
653,1782712669.139591694,0.099942684,-0.189168832,-0.191831716,-0.100336201,2.290491363,3.159755523,0.131068520,0.000207334,0.002577822,-0.005238280,-0.000000363,0.002575759,-0.002662885,-0.002662885,-0.000000000,-0.693066004,-0.000140302,0.501374589,-0.191831716,-0.191831716,-0.000000000,0.000000000
654,1782712669.239379883,0.099788189,-0.191831716,-0.190234014,-0.064627985,2.312853480,3.661571114,0.164164181,0.008721114,0.008239250,-0.006625001,-0.000009829,0.008232533,0.001597703,0.001597703,-0.000000000,-0.699691005,-0.000150131,0.509607122,-0.190234014,-0.190234014,-0.000000000,0.000000000
655,1782712669.338615417,0.099235535,-0.190234014,-0.192760311,-0.222632071,2.207445917,4.602721419,0.126686569,-0.001425504,0.002349600,-0.004879671,0.000005535,0.002347839,-0.002526297,-0.002526297,-0.000000000,-0.704570676,-0.000144596,0.511954961,-0.192760311,-0.192760311,-0.000000000,0.000000000
656,1782712669.438687325,0.100071907,-0.192760311,-0.193870284,-0.365961730,1.510435880,5.218492538,0.147987862,0.003931342,0.002816981,-0.003900816,-0.000025102,0.002815945,-0.001109973,-0.001109973,-0.000000000,-0.708471492,-0.000169697,0.514770906,-0.193870284,-0.193870284,-0.000000000,0.000000000
657,1782712669.539348364,0.100661039,-0.193870284,-0.194033428,0.140150851,1.369592867,5.893094881,0.144765751,-0.006677957,0.003314280,-0.003460137,-0.000016330,0.003313323,-0.000163144,-0.000163144,-0.000000000,-0.711931629,-0.000186028,0.518084229,-0.194033428,-0.194033428,-0.000000000,0.000000000
658,1782712669.639446497,0.100098133,-0.194033428,-0.199501288,0.047367218,1.216101617,6.308585539,0.151569252,0.012502886,-0.002261892,-0.003216812,0.000010334,-0.002261382,-0.005467860,-0.005467860,-0.000000000,-0.715148442,-0.000175694,0.515822847,-0.199501288,-0.199501288,-0.000000000,0.000000000
659,1782712669.739379406,0.099932909,-0.199501288,-0.199063699,0.153837062,0.917024358,7.016910853,0.156016021,0.005647075,0.002919758,-0.002496945,0.000015160,0.002919373,0.000437589,0.000437589,-0.000000000,-0.717645386,-0.000160533,0.518742220,-0.199063699,-0.199063699,-0.000000000,0.000000000
660,1782712669.839627028,0.100247622,-0.199063699,-0.202020222,-0.245925906,1.168523556,7.889305561,0.150294361,-0.002897146,0.000096044,-0.003064978,0.000012433,0.000096024,-0.002956522,-0.002956522,-0.000000000,-0.720710364,-0.000148101,0.518838244,-0.202020222,-0.202020222,-0.000000000,0.000000000
661,1782712669.938632250,0.099005222,-0.202020222,-0.202974139,-0.228772611,1.624478305,8.476548864,0.132197675,-0.017618933,0.002724510,-0.003747632,0.000070321,0.002723393,-0.000953917,-0.000953917,-0.000000000,-0.724457996,-0.000077780,0.521561637,-0.202974139,-0.202974139,-0.000000000,0.000000000
662,1782712670.139783859,0.201151609,-0.202974139,-0.206388496,0.085064884,1.765233094,8.170982087,0.305833175,0.000542276,0.006008660,-0.009420963,0.000000805,0.006005802,-0.003414357,-0.003414357,-0.000000000,-0.733878960,-0.000076975,0.527567439,-0.206388496,-0.206388496,-0.000000000,0.000000000
663,1782712670.239568949,0.099785089,-0.206388496,-0.215136825,-0.048577092,1.792406256,7.896104852,0.125903531,0.018965760,-0.004796559,-0.003938047,-0.000016072,-0.004794211,-0.008748330,-0.008748330,0.000000000,-0.737817007,-0.000093047,0.522773228,-0.215136825,-0.215136825,-0.000000000,0.000000000
664,1782712670.339450121,0.099881172,-0.215136825,-0.203280553,0.479428735,1.721568769,8.631438488,0.144130661,-0.013588216,0.016307901,-0.004330049,-0.000113648,0.016299969,0.011856272,0.011856272,-0.000000000,-0.742147055,-0.000206695,0.539073198,-0.203280553,-0.203280553,-0.000000000,0.000000000
665,1782712670.439598560,0.100148439,-0.203280553,-0.215962370,0.209071306,1.807642171,8.759635888,0.130141544,-0.016509330,-0.008520708,-0.004105194,-0.000060212,-0.008516411,-0.012681817,-0.012681817,-0.000000000,-0.746252250,-0.000266907,0.530556787,-0.215962370,-0.215962370,-0.000000000,0.000000000
666,1782712670.539589405,0.099990845,-0.215962370,-0.222971569,0.141690342,1.675689624,7.589636651,0.166556418,-0.024658426,-0.002078676,-0.004870465,-0.000060953,-0.002077781,-0.007009199,-0.007009199,0.000000000,-0.751122714,-0.000327861,0.528479006,-0.222971569,-0.222971569,-0.000000000,0.000000000
667,1782712670.639630556,0.100041151,-0.222971569,-0.222505930,0.129340860,1.667182683,5.717363238,0.141556380,0.017605061,0.004546251,-0.004118402,0.000039725,0.004544315,0.000465639,0.000465639,-0.000000000,-0.755241116,-0.000288135,0.533023321,-0.222505930,-0.222505930,-0.000000000,0.000000000
668,1782712670.739973783,0.100343227,-0.222505930,-0.221988486,-0.215913374,2.123642243,5.863824568,0.137849931,-0.005509189,0.005608766,-0.005108176,0.000020747,0.005604874,0.000517445,0.000517445,-0.000000000,-0.760349292,-0.000267389,0.538628195,-0.221988486,-0.221988486,-0.000000000,0.000000000
669,1782712670.838379145,0.098405361,-0.221988486,-0.227326767,-0.086913039,1.508691369,6.246703004,0.141494910,0.008620812,-0.001600405,-0.003725361,-0.000013073,-0.001599848,-0.005338282,-0.005338282,0.000000000,-0.764074653,-0.000280461,0.537028347,-0.227326767,-0.227326767,-0.000000000,0.000000000
670,1782712670.939438820,0.101059675,-0.227326767,-0.226592285,0.216818273,1.587458487,6.926170739,0.168551878,-0.004112490,0.005421523,-0.004669364,-0.000015556,0.005419403,0.000734483,0.000734483,-0.000000000,-0.768744018,-0.000296018,0.542447751,-0.226592285,-0.226592285,-0.000000000,0.000000000
671,1782712671.040380478,0.100941658,-0.226592285,-0.233717295,0.071203065,2.017760617,7.405943347,0.135390911,0.006274505,-0.002367255,-0.004767018,0.000007793,-0.002365785,-0.007125010,-0.007125010,-0.000000000,-0.773511035,-0.000288225,0.540081966,-0.233717295,-0.233717295,-0.000000000,0.000000000
672,1782712671.139960051,0.099579573,-0.233717295,-0.234499775,0.117565202,1.684881015,8.219671135,0.136967100,0.003571878,0.003238774,-0.004027173,0.000007326,0.003237367,-0.000782480,-0.000782480,0.000000000,-0.777538208,-0.000280899,0.543319332,-0.234499775,-0.234499775,-0.000000000,0.000000000
673,1782712671.239053488,0.099093437,-0.234499775,-0.225441738,-0.247643651,1.874369986,9.103634584,0.146871474,0.001509818,0.013875999,-0.004803886,-0.000006522,0.013868445,0.009058037,0.009058037,-0.000000000,-0.782342094,-0.000287422,0.557187778,-0.225441738,-0.225441738,-0.000000000,0.000000000
674,1782712671.339800119,0.100746632,-0.225441738,-0.248996474,-0.036751463,2.173052516,9.704583219,0.137938021,-0.003756965,-0.018340026,-0.005230310,0.000002408,-0.018326834,-0.023554736,-0.023554736,0.000000000,-0.787572404,-0.000285013,0.538860944,-0.248996474,-0.248996474,-0.000000000,0.000000000
675,1782712671.439032793,0.099232674,-0.248996474,-0.236645734,-0.391457327,1.875251234,10.454763857,0.149079683,-0.028552819,0.017043696,-0.004878404,0.000194973,0.017034170,0.012350740,0.012350740,-0.000000000,-0.792450808,-0.000090040,0.555895114,-0.236645734,-0.236645734,-0.000000000,0.000000000
676,1782712671.539805174,0.100772381,-0.236645734,-0.236468670,0.074100479,1.703587647,9.011520295,0.154636203,-0.029117720,0.004813991,-0.004597154,-0.000037641,0.004811859,0.000177064,0.000177064,-0.000000000,-0.797047962,-0.000127681,0.560706974,-0.236468670,-0.236468670,-0.000000000,0.000000000
677,1782712671.639396667,0.099591494,-0.236468670,-0.239522767,-0.350705347,1.821940947,5.898819986,0.139808510,-0.009751005,0.001331950,-0.004445003,0.000059655,0.001331251,-0.003054097,-0.003054097,-0.000000000,-0.801492965,-0.000068026,0.562038225,-0.239522767,-0.239522767,-0.000000000,0.000000000
678,1782712671.740353346,0.100956678,-0.239522767,-0.233151013,-0.592321515,1.968079987,3.879520621,0.141311262,0.003758314,0.011270847,-0.004853013,-0.000038830,0.011263597,0.006371754,0.006371754,-0.000000000,-0.806345978,-0.000106856,0.573301821,-0.233151013,-0.233151013,-0.000000000,0.000000000
679,1782712671.939484835,0.199131489,-0.233151013,-0.243276590,-0.301142662,2.236433382,4.539288528,0.262550993,0.017968557,0.000214542,-0.010245584,-0.000094369,0.000214376,-0.010125577,-0.010125577,-0.000000000,-0.816591562,-0.000201225,0.573516197,-0.243276590,-0.243276590,-0.000000000,0.000000000
680,1782712672.039561033,0.100076199,-0.243276590,-0.251938595,-0.237907740,2.358210052,5.870942384,0.161630124,-0.001008634,-0.002017335,-0.006650580,0.000004185,-0.002015609,-0.008662005,-0.008662005,-0.000000000,-0.823242143,-0.000197041,0.571500588,-0.251938595,-0.251938595,-0.000000000,0.000000000
681,1782712672.138703823,0.099142790,-0.251938595,-0.269378508,-1.052423748,1.711576130,6.762274521,0.147384856,0.004157563,-0.012969438,-0.004402120,-0.000076329,-0.012961465,-0.017439913,-0.017439913,-0.000000000,-0.827644262,-0.000273370,0.558539124,-0.269378508,-0.269378508,-0.000000000,0.000000000
682,1782712672.239491940,0.100788116,-0.269378508,-0.263778084,-0.461661935,2.137811155,7.677238630,0.147653685,0.009478650,0.011192851,-0.005507953,-0.000076320,0.011184698,0.005600425,0.005600425,-0.000000000,-0.833152215,-0.000349690,0.569723822,-0.263778084,-0.263778084,-0.000000000,0.000000000
683,1782712672.339308023,0.099816084,-0.263778084,-0.256571316,-0.221208206,2.241250934,8.276175376,0.137385084,-0.002726785,0.012578715,-0.005372750,0.000010520,0.012568999,0.007206768,0.007206768,-0.000000000,-0.838524966,-0.000339170,0.582292821,-0.256571316,-0.256571316,-0.000000000,0.000000000
684,1782712672.439809561,0.100501537,-0.256571316,-0.259089101,-0.412024164,1.827310682,8.999923031,0.150643624,-0.029882851,0.002072140,-0.004803601,0.000214782,0.002071033,-0.002517786,-0.002517786,0.000000000,-0.843328566,-0.000124389,0.584363854,-0.259089101,-0.259089101,-0.000000000,0.000000000
685,1782712672.539536476,0.099726915,-0.259089101,-0.237284838,-0.513150868,1.527307455,7.488739269,0.133460527,-0.019764466,0.025194451,-0.003557175,0.000176949,0.025184490,0.021804264,0.021804264,-0.000000000,-0.846885741,0.000052560,0.609548344,-0.237284838,-0.237284838,-0.000000000,0.000000000
686,1782712672.638606310,0.099069834,-0.237284838,-0.278132342,0.012065783,1.561260587,5.154157396,0.160186429,-0.011427396,-0.036494246,-0.004364402,-0.000002406,-0.036480697,-0.040847504,-0.040847504,-0.000000000,-0.851250143,0.000050154,0.573067647,-0.278132342,-0.278132342,-0.000000000,0.000000000
687,1782712672.739838839,0.101232529,-0.278132342,-0.238239466,-0.246719086,1.125646046,3.692652412,0.118636927,-0.002034226,0.042223276,-0.002330618,0.000008758,0.042214737,0.039892876,0.039892876,-0.000000000,-0.853580762,0.000058912,0.615282384,-0.238239466,-0.238239466,-0.000000000,0.000000000
688,1782712672.839502811,0.099663973,-0.238239466,-0.267182285,-0.380330175,1.174938606,4.411974805,0.172168148,0.013524071,-0.025328622,-0.003530327,-0.000089753,-0.025322739,-0.028942819,-0.028942819,-0.000000000,-0.857111089,-0.000030841,0.589959644,-0.267182285,-0.267182285,-0.000000000,0.000000000
689,1782712672.938845158,0.099342346,-0.267182285,-0.264244504,-0.311282549,1.247856857,5.022442093,0.138785778,0.000705266,0.005965521,-0.003022406,-0.000003831,0.005964018,0.002937782,0.002937782,-0.000000000,-0.860133494,-0.000034672,0.595923662,-0.264244504,-0.264244504,-0.000000000,0.000000000
690,1782712673.139669180,0.200824022,-0.264244504,-0.267331792,-0.574191330,1.504441141,5.511135215,0.275744569,0.000966145,0.004163553,-0.007239518,-0.000009679,0.004161909,-0.003087288,-0.003087288,-0.000000000,-0.867373012,-0.000044351,0.600085571,-0.267331792,-0.267331792,-0.000000000,0.000000000
691,1782712673.239539146,0.099869967,-0.267331792,-0.263131731,-0.679738953,1.537052855,6.556456103,0.154245407,0.011590284,0.008478547,-0.004137389,-0.000137451,0.008474900,0.004200060,0.004200060,0.000000000,-0.871510401,-0.000181801,0.608560471,-0.263131731,-0.263131731,-0.000000000,0.000000000
692,1782712673.339529037,0.099989891,-0.263131731,-0.270896598,-0.586811700,1.320124611,6.913465656,0.142927577,-0.008390415,-0.004559390,-0.003292834,0.000085909,-0.004557941,-0.007764867,-0.007764867,-0.000000000,-0.874803235,-0.000095893,0.604002530,-0.270896598,-0.270896598,-0.000000000,0.000000000
693,1782712673.539544582,0.200015545,-0.270896598,-0.272366306,-0.356040611,1.506188610,7.295840954,0.295789048,-0.037816283,0.006072389,-0.007774792,0.000234911,0.006070174,-0.001469707,-0.001469707,-0.000000000,-0.882578027,0.000139018,0.610072704,-0.272366306,-0.272366306,-0.000000000,0.000000000
694,1782712673.639250994,0.099706411,-0.272366306,-0.270097999,-0.373141929,0.716144163,5.023675223,0.129742600,0.010148185,0.003956405,-0.001621620,-0.000066085,0.003956012,0.002268307,0.002268307,-0.000000000,-0.884199647,0.000072933,0.614028716,-0.270097999,-0.270097999,-0.000000000,0.000000000
695,1782712673.739480019,0.100229025,-0.270097999,-0.283015987,-0.036878014,1.288024127,5.388685687,0.152080420,-0.008126824,-0.009507102,-0.003418520,0.000005229,-0.009504698,-0.012917988,-0.012917988,-0.000000000,-0.887618167,0.000078162,0.604524018,-0.283015987,-0.283015987,-0.000000000,0.000000000
696,1782712673.939538956,0.200058937,-0.283015987,-0.291476799,-0.148337604,1.637402062,5.780799758,0.279735530,-0.000586582,-0.000469313,-0.007993210,0.000001518,-0.000469120,-0.008460812,-0.008460812,-0.000000000,-0.895611377,0.000079680,0.604054898,-0.291476799,-0.291476799,-0.000000000,0.000000000
697,1782712674.039761543,0.100222588,-0.291476799,-0.297667584,0.908118714,2.639894900,6.397717305,0.150559822,0.007752565,0.000621781,-0.006934568,0.000122740,0.000621043,-0.006190786,-0.006190786,-0.000000000,-0.902545945,0.000202420,0.604675940,-0.297667584,-0.297667584,-0.000000000,0.000000000
698,1782712674.139422655,0.099661112,-0.297667584,-0.305185647,0.281858208,3.025188471,7.022085886,0.134526924,-0.005773732,-0.000390594,-0.007099654,-0.000028363,-0.000390045,-0.007518063,-0.007518063,0.000000000,-0.909645600,0.000174057,0.604285895,-0.305185647,-0.305185647,-0.000000000,0.000000000
699,1782712674.339397907,0.199975252,-0.305185647,-0.301522043,0.238186703,2.894989865,7.723392652,0.295818787,-0.002843492,0.018639867,-0.014940508,-0.000011806,0.018615917,0.003663604,0.003663604,0.000000000,-0.924586108,0.000162251,0.622901813,-0.301522043,-0.301522043,-0.000000000,0.000000000
700,1782712674.438639164,0.099241257,-0.301522043,-0.312922412,0.130233877,2.205879665,7.084391298,0.153046004,-0.034948956,-0.005434234,-0.005890795,-0.000079380,-0.005430194,-0.011400369,-0.011400369,-0.000000000,-0.930476902,0.000082871,0.617471619,-0.312922412,-0.312922412,-0.000000000,0.000000000
701,1782712674.538852453,0.100213289,-0.312922412,-0.308851118,0.168284568,1.937008081,4.284725835,0.157731233,-0.021680349,0.009471820,-0.005331431,-0.000063641,0.009466367,0.004071295,0.004071295,0.000000000,-0.935808333,0.000019230,0.626937986,-0.308851118,-0.308851118,-0.000000000,0.000000000
702,1782712674.640014172,0.101161718,-0.308851118,-0.311920181,-0.272916021,2.412085952,2.383146233,0.132510064,0.006366834,0.002540388,-0.005576873,-0.000030300,0.002538109,-0.003069064,-0.003069064,0.000000000,-0.941385205,-0.000011070,0.629476095,-0.311920181,-0.311920181,-0.000000000,0.000000000
703,1782712674.839473248,0.199459076,-0.311920181,-0.323243186,-0.412054836,2.246228612,2.117250007,0.308709248,0.013020663,0.000870818,-0.012099564,-0.000093568,0.000870127,-0.011323005,-0.011323005,-0.000000000,-0.953484769,-0.000104638,0.630346221,-0.323243186,-0.323243186,-0.000000000,0.000000000
704,1782712674.939309359,0.099836111,-0.323243186,-0.327630727,-0.407691028,2.485886756,3.287642602,0.155308459,-0.006954785,0.002301484,-0.006736240,0.000049440,0.002299260,-0.004387540,-0.004387540,-0.000000000,-0.960221009,-0.000055198,0.632645481,-0.327630727,-0.327630727,-0.000000000,0.000000000
705,1782712675.038436651,0.099127293,-0.327630727,-0.333667981,-0.551137290,2.947764538,4.010067271,0.159709568,0.003969218,0.002217056,-0.008213145,-0.000038129,0.002214020,-0.006037254,-0.006037254,-0.000000000,-0.968434154,-0.000093328,0.634859501,-0.333667981,-0.333667981,-0.000000000,0.000000000
706,1782712675.138759613,0.100322962,-0.333667981,-0.341806234,-0.766340959,2.322662439,4.748256331,0.146455052,-0.002062329,-0.002232463,-0.005935385,0.000027561,-0.002230429,-0.008138253,-0.008138253,-0.000000000,-0.974369539,-0.000065767,0.632629072,-0.341806234,-0.341806234,-0.000000000,0.000000000
707,1782712675.239468575,0.100708961,-0.341806234,-0.344242009,-1.067457849,2.104658974,5.371195020,0.147570294,0.008368970,0.003142209,-0.005419514,-0.000155805,0.003139544,-0.002435775,-0.002435775,-0.000000000,-0.979789053,-0.000221572,0.635768616,-0.344242009,-0.344242009,-0.000000000,0.000000000
708,1782712675.339492083,0.100023508,-0.344242009,-0.349573218,-0.445850843,2.377861358,5.696995152,0.151586813,-0.016502597,0.000830503,-0.006289276,0.000128304,0.000829762,-0.005331209,-0.005331209,-0.000000000,-0.986078329,-0.000093268,0.636598379,-0.349573218,-0.349573218,-0.000000000,0.000000000
709,1782712675.439532995,0.100040913,-0.349573218,-0.359097277,-1.296520834,2.433280299,5.572714082,0.144193767,-0.011772337,-0.003672549,-0.006121889,0.000266128,-0.003668298,-0.009524059,-0.009524059,-0.000000000,-0.992200218,0.000172860,0.632930081,-0.359097277,-0.359097277,-0.000000000,0.000000000
710,1782712675.540915251,0.101382256,-0.359097277,-0.350528840,-0.428506696,2.514712249,4.291717848,0.155056172,-0.006275752,0.015339980,-0.006803232,0.000046890,0.015324779,0.008568437,0.008568437,0.000000000,-0.999003450,0.000219750,0.648254860,-0.350528840,-0.350528840,-0.000000000,0.000000000
711,1782712675.739576101,0.198660851,-0.350528840,-0.361345215,-0.725398993,2.752931665,3.162225742,0.305796712,-0.007864508,0.003776016,-0.014687183,0.000099452,0.003771356,-0.010816374,-0.010816374,-0.000000000,-1.013690632,0.000319201,0.652026216,-0.361345215,-0.361345215,-0.000000000,0.000000000
712,1782712675.839398861,0.099822760,-0.361345215,-0.364726969,-0.441273117,2.556212479,3.044985864,0.132021878,0.001217338,0.002518306,-0.005888113,-0.000009366,0.002515725,-0.003381754,-0.003381754,-0.000000000,-1.019578745,0.000309835,0.654541941,-0.364726969,-0.364726969,-0.000000000,0.000000000
713,1782712675.939507246,0.100108385,-0.364726969,-0.383456333,-0.795409295,2.793171295,3.793531099,0.173949875,0.010323459,-0.010122520,-0.008476704,-0.000143141,-0.010109520,-0.018729364,-0.018729364,-0.000000000,-1.028055450,0.000166695,0.644432422,-0.383456333,-0.383456333,-0.000000000,0.000000000
714,1782712676.039323330,0.099816084,-0.383456333,-0.390960617,-0.748550693,2.542999596,4.215561090,0.138271239,0.001915848,-0.001345743,-0.006134977,-0.000025005,-0.001344303,-0.007504284,-0.007504284,0.000000000,-1.034190426,0.000141690,0.643088119,-0.390960617,-0.390960617,-0.000000000,0.000000000
715,1782712676.138749838,0.099426508,-0.390960617,-0.387074840,-0.426128743,2.128063987,5.219417081,0.150568300,-0.002332459,0.009466313,-0.005591080,0.000017335,0.009459523,0.003885778,0.003885778,-0.000000000,-1.039781507,0.000159025,0.652547642,-0.387074840,-0.387074840,-0.000000000,0.000000000
716,1782712676.239456654,0.100706816,-0.387074840,-0.375758935,-0.565682123,1.836455567,5.520898955,0.137609207,-0.001096760,0.015723846,-0.004409922,0.000010823,0.015715004,0.011315905,0.011315905,-0.000000000,-1.044191429,0.000169848,0.668262646,-0.375758935,-0.375758935,-0.000000000,0.000000000
717,1782712676.339023113,0.099566460,-0.375758935,-0.389134213,-0.445538965,1.570401111,6.252632144,0.160067622,-0.000442963,-0.008995680,-0.004386691,0.000003443,-0.008992030,-0.013375278,-0.013375278,-0.000000000,-1.048578120,0.000173291,0.659270616,-0.389134213,-0.389134213,-0.000000000,0.000000000
718,1782712676.438811779,0.099788666,-0.389134213,-0.380098745,-0.382871066,1.499681618,6.754023276,0.141455821,0.005810362,0.012781040,-0.003702096,-0.000038813,0.012776377,0.009035468,0.009035468,-0.000000000,-1.052280216,0.000134478,0.672046993,-0.380098745,-0.380098745,-0.000000000,0.000000000
719,1782712676.539356232,0.100544453,-0.380098745,-0.401880833,-0.536206853,2.087779616,7.543427837,0.159949607,0.001808998,-0.015949401,-0.005827055,-0.000016918,-0.015938115,-0.021782088,-0.021782088,-0.000000000,-1.058107271,0.000117560,0.656108878,-0.401880833,-0.401880833,-0.000000000,0.000000000
720,1782712676.639284134,0.099927902,-0.401880833,-0.397338048,-0.602590665,2.047428006,8.003376315,0.140013097,0.000228819,0.009554031,-0.005002214,-0.000002405,0.009547404,0.004542785,0.004542785,-0.000000000,-1.063109484,0.000115155,0.665656282,-0.397338048,-0.397338048,-0.000000000,0.000000000
721,1782712676.739470243,0.100186110,-0.397338048,-0.398101981,-0.340268675,2.322822590,8.550792191,0.147180123,0.000375952,0.005207850,-0.005965181,-0.000002231,0.005203479,-0.000763933,-0.000763933,-0.000000000,-1.069074665,0.000112924,0.670859760,-0.398101981,-0.398101981,-0.000000000,0.000000000
722,1782712676.839851379,0.100381136,-0.398101981,-0.410871447,-0.328640931,1.995392412,9.200622412,0.150656467,0.005523011,-0.007496749,-0.005245727,-0.000031660,-0.007492079,-0.012769466,-0.012769466,-0.000000000,-1.074320392,0.000081264,0.663367681,-0.410871447,-0.410871447,-0.000000000,0.000000000
723,1782712676.938895702,0.099044323,-0.410871447,-0.406701898,-0.402624354,1.812193519,9.471676923,0.143941585,-0.003751912,0.008699695,-0.004551932,0.000026352,0.008695130,0.004169549,0.004169549,-0.000000000,-1.078872324,0.000107616,0.672062811,-0.406701898,-0.406701898,-0.000000000,0.000000000
724,1782712677.139427185,0.200531483,-0.406701898,-0.411039377,-0.558762289,1.859402955,10.036304161,0.304991649,0.005433037,0.005614766,-0.009896066,-0.000052956,0.005611543,-0.004337479,-0.004337479,-0.000000000,-1.088768391,0.000054660,0.677674353,-0.411039377,-0.411039377,-0.000000000,0.000000000
725,1782712677.239402533,0.099975348,-0.411039377,-0.417129139,-0.506547395,1.442834780,11.185845781,0.148212485,-0.004121297,-0.002395114,-0.003731925,0.000036424,-0.002394261,-0.006089762,-0.006089762,0.000000000,-1.092500315,0.000091084,0.675280092,-0.417129139,-0.417129139,-0.000000000,0.000000000
726,1782712677.339470387,0.100067854,-0.417129139,-0.417822791,-0.445470103,1.492109323,11.718920012,0.157083714,0.013862961,0.003505735,-0.004090346,-0.000107746,0.003504441,-0.000693652,-0.000693652,-0.000000000,-1.096590661,-0.000016662,0.678784532,-0.417822791,-0.417822791,-0.000000000,0.000000000
727,1782712677.439495564,0.100025177,-0.417822791,-0.418507332,-0.287591706,1.953363731,12.076321636,0.154163275,0.000436144,0.004575176,-0.005254813,-0.000002188,0.004572460,-0.000684541,-0.000684541,0.000000000,-1.101845475,-0.000018850,0.683356993,-0.418507332,-0.418507332,-0.000000000,0.000000000
728,1782712677.539531946,0.100036383,-0.418507332,-0.422740678,-0.233550916,2.195874777,12.635047006,0.151463736,-0.002572332,0.001560799,-0.005803464,0.000010478,0.001559640,-0.004233346,-0.004233346,-0.000000000,-1.107648938,-0.000008372,0.684916633,-0.422740678,-0.422740678,-0.000000000,0.000000000
729,1782712677.638624668,0.099092722,-0.422740678,-0.440382904,-0.136294309,2.094245256,13.162718906,0.154086854,0.000981594,-0.012017106,-0.005630848,-0.000002333,-0.012009045,-0.017642227,-0.017642227,-0.000000000,-1.113279786,-0.000010705,0.672907588,-0.440382904,-0.440382904,-0.000000000,0.000000000
730,1782712677.738912821,0.100288153,-0.440382904,-0.419268966,-0.077743549,2.219470548,13.945517249,0.147095040,0.006824163,0.026839957,-0.005696606,-0.000009253,0.026819797,0.021113939,0.021113939,-0.000000000,-1.118976392,-0.000019958,0.699727384,-0.419268966,-0.419268966,-0.000000000,0.000000000
731,1782712677.838579416,0.099666595,-0.419268966,-0.442156424,0.107749399,2.182521234,14.341433686,0.161280414,0.011549642,-0.016779327,-0.006142037,0.000021704,-0.016767126,-0.022887458,-0.022887458,-0.000000000,-1.125118429,0.000001746,0.682960259,-0.442156424,-0.442156424,-0.000000000,0.000000000
732,1782712677.938683987,0.100104570,-0.442156424,-0.430083042,-0.083123512,2.140856865,15.014660733,0.143764072,-0.019842279,0.017427292,-0.005370495,0.000028767,0.017415110,0.012073382,0.012073382,-0.000000000,-1.130488924,0.000030513,0.700375369,-0.430083042,-0.430083042,-0.000000000,0.000000000
733,1782712678.038715363,0.100031376,-0.430083042,-0.441503278,-0.077326494,1.886977956,15.560155434,0.150081764,-0.032535622,-0.006525770,-0.004941896,0.000043886,-0.006522225,-0.011420235,-0.011420235,0.000000000,-1.135430820,0.000074399,0.693853143,-0.441503278,-0.441503278,-0.000000000,0.000000000
734,1782712678.138872147,0.100156784,-0.441503278,-0.442126242,-0.186268469,1.834380054,13.079909302,0.136484716,-0.049895335,0.003585711,-0.004368944,0.000162126,0.003583854,-0.000622964,-0.000622964,0.000000000,-1.139799764,0.000236525,0.697436997,-0.442126242,-0.442126242,-0.000000000,0.000000000
735,1782712678.239664793,0.100792646,-0.442126242,-0.452968178,-0.202282181,2.150934363,7.601549052,0.150831359,-0.072952565,-0.005442168,-0.005661013,0.000257376,-0.005438299,-0.010841936,-0.010841936,-0.000000000,-1.145460777,0.000493902,0.691998698,-0.452968178,-0.452968178,-0.000000000,0.000000000
736,1782712678.338595629,0.098930836,-0.452968178,-0.443547186,-0.832425339,1.881316310,2.003416545,0.137327279,-0.042882036,0.013315271,-0.004508353,0.000622657,0.013306689,0.009420992,0.009420992,-0.000000000,-1.149969131,0.001116558,0.705305387,-0.443547186,-0.443547186,-0.000000000,0.000000000
737,1782712678.438907862,0.100312233,-0.443547186,-0.450506591,-0.527386723,1.966517751,-3.457271178,0.126494514,-0.031226943,-0.002907782,-0.004340719,0.000287259,-0.002905946,-0.006959405,-0.006959405,-0.000000000,-1.154309850,0.001403818,0.702399441,-0.450506591,-0.450506591,-0.000000000,0.000000000
738,1782712678.539568424,0.100660563,-0.450506591,-0.451027505,-0.530806748,1.716206882,-7.211329234,0.165968338,0.009251710,0.004537570,-0.004970583,-0.000085671,0.004535340,-0.000520914,-0.000520914,-0.000000000,-1.159280433,0.001318147,0.706934781,-0.451027505,-0.451027505,-0.000000000,0.000000000
739,1782712678.638691187,0.099122763,-0.451027505,-0.457521853,-0.738053983,1.996486800,-7.121440855,0.140448834,0.011724644,-0.001451428,-0.004892987,-0.000150935,-0.001450426,-0.006494348,-0.006494348,-0.000000000,-1.164173419,0.001167212,0.705484355,-0.457521853,-0.457521853,-0.000000000,0.000000000
740,1782712678.738782167,0.100090981,-0.457521853,-0.456272352,-0.813002533,1.841738555,-6.016226680,0.140494135,0.001984195,0.005796540,-0.004515322,-0.000028139,0.005792963,0.001249501,0.001249501,-0.000000000,-1.168688742,0.001139072,0.711277317,-0.456272352,-0.456272352,-0.000000000,0.000000000
741,1782712678.838776112,0.099993944,-0.456272352,-0.455372319,-0.329669835,1.833936589,-5.266273123,0.147199402,0.008645334,0.005663534,-0.004710788,-0.000049718,0.005660539,0.000900033,0.000900033,-0.000000000,-1.173399530,0.001089354,0.716937857,-0.455372319,-0.455372319,-0.000000000,0.000000000
742,1782712678.939585924,0.100809813,-0.455372319,-0.462827387,-0.306452785,2.225340410,-4.422150404,0.159299863,0.008700740,-0.001223933,-0.006185574,-0.000046502,-0.001222992,-0.007455068,-0.007455068,-0.000000000,-1.179585104,0.001042853,0.715714864,-0.462827387,-0.462827387,-0.000000000,0.000000000
743,1782712679.038769007,0.099183083,-0.462827387,-0.461849801,-0.281980694,2.167248925,-3.440990171,0.148450832,-0.001609778,0.006588369,-0.005613907,0.000007917,0.006583576,0.000977586,0.000977586,-0.000000000,-1.185199011,0.001050770,0.722298441,-0.461849801,-0.461849801,-0.000000000,0.000000000
744,1782712679.139583588,0.100814581,-0.461849801,-0.472218766,-0.545728461,2.321789609,-2.584409062,0.162613744,-0.029815630,-0.004068466,-0.006587773,0.000283749,-0.004064941,-0.010368965,-0.010368965,-0.000000000,-1.191786784,0.001334519,0.718233499,-0.472218766,-0.472218766,-0.000000000,0.000000000
745,1782712679.239626884,0.100043297,-0.472218766,-0.468684703,-0.192298043,2.425264408,-4.477938896,0.158686917,-0.007364176,0.010233622,-0.006715029,0.000024694,0.010224398,0.003534063,0.003534063,-0.000000000,-1.198501813,0.001359213,0.728457897,-0.468684703,-0.468684703,-0.000000000,0.000000000
746,1782712679.338828087,0.099201202,-0.468684703,-0.474322504,0.062409041,2.319584082,-6.999627719,0.151534383,-0.003001062,0.000498975,-0.006133100,-0.000003266,0.000498566,-0.005637800,-0.005637800,-0.000000000,-1.204634913,0.001355946,0.728956463,-0.474322504,-0.474322504,-0.000000000,0.000000000
747,1782712679.438790560,0.099962473,-0.474322504,-0.478444612,0.136473761,2.535241943,-6.511077676,0.164388540,0.004646385,0.003141462,-0.007271543,0.000011056,0.003138379,-0.004122108,-0.004122108,-0.000000000,-1.211906456,0.001367003,0.732094842,-0.478444612,-0.478444612,-0.000000000,0.000000000
748,1782712679.538746119,0.099955559,-0.478444612,-0.478153444,0.045021712,2.023512753,-5.516670289,0.143181079,0.001851331,0.005348721,-0.005055669,0.000001454,0.005345384,0.000291168,0.000291168,0.000000000,-1.216962125,0.001368457,0.737440225,-0.478153444,-0.478153444,-0.000000000,0.000000000
749,1782712679.639608145,0.100862026,-0.478153444,-0.483033446,0.139831879,2.202175199,-4.807978173,0.160225688,0.009962758,0.001253422,-0.006156792,0.000024296,0.001252492,-0.004880003,-0.004880003,-0.000000000,-1.223118917,0.001392753,0.738692718,-0.483033446,-0.483033446,-0.000000000,0.000000000
750,1782712679.738702059,0.099093914,-0.483033446,-0.486237508,0.154131064,1.814803347,-4.003266227,0.145195074,0.010456971,0.001366695,-0.004598182,0.000028116,0.001366005,-0.003204062,-0.003204062,-0.000000000,-1.227717099,0.001420869,0.740058722,-0.486237508,-0.486237508,-0.000000000,0.000000000
751,1782712679.839432001,0.100729942,-0.486237508,-0.494642602,0.289944496,1.864121374,-3.223276458,0.168479016,-0.005239353,-0.002899659,-0.005480507,-0.000026500,-0.002898087,-0.008405094,-0.008405094,-0.000000000,-1.233197607,0.001394370,0.737160635,-0.494642602,-0.494642602,-0.000000000,0.000000000
752,1782712680.039416313,0.199984312,-0.494642602,-0.494739590,0.306397692,1.650554397,-2.451518617,0.305733393,-0.041494336,0.008934881,-0.008806230,-0.000221804,0.008931046,-0.000096988,-0.000096988,-0.000000000,-1.242003836,0.001172566,0.746091681,-0.494739590,-0.494739590,-0.000000000,0.000000000
753,1782712680.139380693,0.099964380,-0.494739590,-0.494583151,0.374392029,1.433930905,-4.199161525,0.144674074,-0.030998700,0.003980616,-0.003620353,-0.000202492,0.003979285,0.000156439,0.000156439,0.000000000,-1.245624190,0.000970073,0.750070965,-0.494583151,-0.494583151,-0.000000000,0.000000000
754,1782712680.239670277,0.100289583,-0.494583151,-0.498121391,0.548827300,2.216173522,-7.869957900,0.171854797,-0.015623818,0.003259496,-0.006645605,-0.000149544,0.003256908,-0.003538240,-0.003538240,-0.000000000,-1.252269794,0.000820530,0.753327874,-0.498121391,-0.498121391,-0.000000000,0.000000000
755,1782712680.338627577,0.098957300,-0.498121391,-0.497859504,0.360054223,2.307430789,-10.234267615,0.150499489,0.006884054,0.006283198,-0.006059317,0.000043225,0.006277979,0.000261887,0.000261887,-0.000000000,-1.258329111,0.000863754,0.759605853,-0.497859504,-0.497859504,-0.000000000,0.000000000
756,1782712680.438739538,0.100111961,-0.497859504,-0.506174490,0.348947465,2.183276613,-9.957975926,0.162640383,0.000161360,-0.002121576,-0.006195972,0.000000982,-0.002119996,-0.008314986,-0.008314986,-0.000000000,-1.264525083,0.000864736,0.757485856,-0.506174490,-0.506174490,-0.000000000,0.000000000
757,1782712680.538689613,0.099950075,-0.506174490,-0.508608211,0.571559834,1.949698319,-9.095238808,0.140231574,0.012292270,0.002216093,-0.004770971,0.000122550,0.002214700,-0.002433721,-0.002433721,0.000000000,-1.269296054,0.000987286,0.759700556,-0.508608211,-0.508608211,-0.000000000,0.000000000
758,1782712680.639591455,0.100901842,-0.508608211,-0.515747454,0.707813466,2.216224034,-8.328313382,0.169761445,-0.009094464,-0.000462556,-0.006564804,-0.000112263,-0.000462175,-0.007139242,-0.007139242,-0.000000000,-1.275860858,0.000875023,0.759238381,-0.515747454,-0.515747454,-0.000000000,0.000000000
759,1782712680.738686800,0.099095345,-0.515747454,-0.508380487,0.741785527,2.114730790,-7.520521450,0.141149819,-0.017751722,0.012814947,-0.005208518,-0.000229661,0.012805146,0.007366967,0.007366967,-0.000000000,-1.281069376,0.000645362,0.772043528,-0.508380487,-0.508380487,-0.000000000,0.000000000
760,1782712680.838677645,0.099990845,-0.508380487,-0.515349578,0.639316218,2.461625384,-8.154930992,0.158435534,-0.036210660,0.000239655,-0.006804846,-0.000403664,0.000239419,-0.006969091,-0.006969091,0.000000000,-1.287874222,0.000241698,0.772282947,-0.515349578,-0.515349578,-0.000000000,0.000000000
761,1782712680.938731432,0.100053787,-0.515349578,-0.507101576,1.009603366,1.816011147,-11.176081911,0.148327490,-0.039184960,0.013647574,-0.004700508,-0.000690092,0.013638601,0.008248001,0.008248001,0.000000000,-1.292574730,-0.000448394,0.785921548,-0.507101576,-0.507101576,-0.000000000,0.000000000
762,1782712681.038864374,0.100132942,-0.507101576,-0.507798153,0.867426963,2.062798979,-14.769699873,0.151281627,-0.011128857,0.004920905,-0.005445360,-0.000168369,0.004917153,-0.000696577,-0.000696577,-0.000000000,-1.298020091,-0.000616763,0.790838701,-0.507798153,-0.507798153,-0.000000000,0.000000000
763,1782712681.139576674,0.100712299,-0.507798153,-0.506288197,1.035025873,1.856300875,-16.484498736,0.144091464,0.004020081,0.006109119,-0.004667540,0.000072579,0.006104917,0.001509956,0.001509956,-0.000000000,-1.302687631,-0.000544184,0.796943618,-0.506288197,-0.506288197,-0.000000000,0.000000000
764,1782712681.238666296,0.099089622,-0.506288197,-0.496970408,0.885249025,1.138364768,-15.966331369,0.157427007,0.004982305,0.012372334,-0.003127588,0.000076961,0.012368416,0.009317789,0.009317789,0.000000000,-1.305815218,-0.000467223,0.809312033,-0.496970408,-0.496970408,-0.000000000,0.000000000
765,1782712681.338546515,0.099880219,-0.496970408,-0.517329897,0.874071780,1.104657471,-15.058218100,0.149751066,0.023627565,-0.017838239,-0.002887008,0.000360368,-0.017832848,-0.020359489,-0.020359489,-0.000000000,-1.308702226,-0.000106855,0.791479185,-0.517329897,-0.517329897,-0.000000000,0.000000000
766,1782712681.439471722,0.100925207,-0.517329897,-0.508696277,0.685064264,1.168189724,-14.376627481,0.156417600,-0.018994246,0.012052980,-0.003188939,-0.000227055,0.012049613,0.008633619,0.008633619,-0.000000000,-1.311891166,-0.000333910,0.803528798,-0.508696277,-0.508696277,-0.000000000,0.000000000
767,1782712681.538871288,0.099399567,-0.508696277,-0.516972797,0.607794716,1.570081137,-13.296538128,0.152719157,0.019071632,-0.004296155,-0.004184452,0.000202232,-0.004294300,-0.008276520,-0.008276520,-0.000000000,-1.316075618,-0.000131677,0.799234498,-0.516972797,-0.516972797,-0.000000000,0.000000000
768,1782712681.639641762,0.100770473,-0.516972797,-0.512568257,0.485102856,2.024234760,-12.722017168,0.153456145,-0.047531762,0.010233882,-0.005420411,-0.000402178,0.010227129,0.004404540,0.004404540,-0.000000000,-1.321496029,-0.000533856,0.809461627,-0.512568257,-0.512568257,-0.000000000,0.000000000
769,1782712681.739124537,0.099482775,-0.512568257,-0.515169193,0.412702885,1.818461608,-13.966584346,0.147788867,-0.037921340,0.002363081,-0.004689757,-0.000273008,0.002361830,-0.002600935,-0.002600935,0.000000000,-1.326185785,-0.000806864,0.811823457,-0.515169193,-0.515169193,-0.000000000,0.000000000
770,1782712681.838663101,0.099538565,-0.515169193,-0.515258976,0.900073200,1.990541445,-18.121263887,0.155818355,-0.014167138,0.005548936,-0.005412275,-0.000222412,0.005544903,-0.000089783,-0.000089783,0.000000000,-1.331598060,-0.001029276,0.817368360,-0.515258976,-0.515258976,-0.000000000,0.000000000
771,1782712681.939662457,0.100999355,-0.515258976,-0.517240412,0.971022776,2.351009536,-20.348200145,0.140203723,0.015673440,0.003507975,-0.005751345,0.000265390,0.003504519,-0.001981436,-0.001981436,-0.000000000,-1.337349405,-0.000763886,0.820872879,-0.517240412,-0.517240412,-0.000000000,0.000000000
772,1782712682.139890909,0.200228453,-0.517240412,-0.526012794,0.680151922,2.161235130,-19.323963648,0.314828093,-0.042737361,0.003610108,-0.011872710,-0.000506958,0.003607286,-0.008772382,-0.008772382,-0.000000000,-1.349222116,-0.001270844,0.824480165,-0.526012794,-0.526012794,-0.000000000,0.000000000
773,1782712682.239668608,0.099777699,-0.526012794,-0.552746302,0.787234135,2.079225434,-21.175763215,0.145206768,-0.047822358,-0.020824265,-0.005268300,-0.000656618,-0.020808591,-0.026733508,-0.026733508,-0.000000000,-1.354490415,-0.001927461,0.803671575,-0.552746302,-0.552746302,-0.000000000,0.000000000
774,1782712682.339569807,0.099901199,-0.552746302,-0.535790742,1.120598188,1.817112412,-26.032066833,0.136515285,-0.040221994,0.022085910,-0.004328801,-0.000786221,0.022070582,0.016955560,0.016955560,0.000000000,-1.358819216,-0.002713682,0.825742157,-0.535790742,-0.535790742,-0.000000000,0.000000000
775,1782712682.438733816,0.099164009,-0.535790742,-0.530522396,0.750810831,1.969400689,-30.988900552,0.162355233,-0.028585822,0.011229764,-0.005579461,-0.000374360,0.011222167,0.005268346,0.005268346,-0.000000000,-1.364398677,-0.003088043,0.836964324,-0.530522396,-0.530522396,-0.000000000,0.000000000
776,1782712682.539746523,0.101012707,-0.530522396,-0.544369682,0.627404754,2.378069526,-33.740264389,0.145998891,0.021573391,-0.008032746,-0.006057965,0.000236026,-0.008025347,-0.013847286,-0.013847286,0.000000000,-1.370456642,-0.002852016,0.828938976,-0.544369682,-0.544369682,-0.000000000,0.000000000
777,1782712682.638805866,0.099059343,-0.544369682,-0.552631090,1.107275277,2.421168342,-32.901074818,0.155766353,0.000465109,-0.001691899,-0.006580316,0.000008980,-0.001690072,-0.008261408,-0.008261408,0.000000000,-1.377036958,-0.002843036,0.827248904,-0.552631090,-0.552631090,-0.000000000,0.000000000
778,1782712682.738672733,0.099866867,-0.552631090,-0.556692379,0.798211172,2.383780023,-32.065684249,0.163621583,0.008160817,0.002633137,-0.006805481,0.000113590,0.002630603,-0.004061288,-0.004061288,-0.000000000,-1.383842439,-0.002729446,0.829879507,-0.556692379,-0.556692379,-0.000000000,0.000000000
779,1782712682.839609146,0.100936413,-0.556692379,-0.554327937,0.725207689,2.169087248,-30.949350677,0.140005748,-0.002086186,0.007695990,-0.005299032,-0.000026386,0.007689859,0.002364442,0.002364442,0.000000000,-1.389141471,-0.002755832,0.837569367,-0.554327937,-0.554327937,-0.000000000,0.000000000
780,1782712682.939483404,0.099874258,-0.554327937,-0.566335834,0.994048194,1.832686825,-30.196773316,0.176382822,0.002083361,-0.006407371,-0.005640893,0.000036125,-0.006403130,-0.012007898,-0.012007898,-0.000000000,-1.394782364,-0.002719707,0.831166237,-0.566335834,-0.566335834,-0.000000000,0.000000000
781,1782712683.039633274,0.100149870,-0.566335834,-0.563306435,0.983365067,2.396786443,-29.670541436,0.151975933,-0.004867242,0.009478120,-0.006355575,-0.000083459,0.009468434,0.003029399,0.003029399,-0.000000000,-1.401137939,-0.002803167,0.840634671,-0.563306435,-0.563306435,-0.000000000,0.000000000
782,1782712683.139584064,0.099950790,-0.563306435,-0.572254605,1.048729802,2.894908169,-28.802020832,0.163513701,-0.028308123,-0.000172838,-0.008258126,-0.000517456,-0.000172588,-0.008948170,-0.008948170,-0.000000000,-1.409396065,-0.003320622,0.840462082,-0.572254605,-0.572254605,-0.000000000,0.000000000
783,1782712683.239576101,0.099992037,-0.572254605,-0.575649307,1.150058896,2.440703808,-30.162812955,0.147878983,-0.019377008,0.003295004,-0.006297491,-0.000388562,0.003291351,-0.003394702,-0.003394702,0.000000000,-1.415693556,-0.003709185,0.843753434,-0.575649307,-0.575649307,-0.000000000,0.000000000
784,1782712683.339545012,0.099968910,-0.575649307,-0.576998681,0.923002159,1.723147035,-33.497075484,0.160311907,0.001111112,0.003455335,-0.004820588,0.000017891,0.003453324,-0.001349374,-0.001349374,-0.000000000,-1.420514144,-0.003691294,0.847206758,-0.576998681,-0.576998681,-0.000000000,0.000000000
785,1782712683.439459801,0.099914789,-0.576998681,-0.580018698,0.298672115,1.306815887,-33.865623111,0.150237579,0.000773748,0.000402418,-0.003426358,0.000004032,0.000402308,-0.003020018,-0.003020018,-0.000000000,-1.423940502,-0.003687262,0.847609065,-0.580018698,-0.580018698,-0.000000000,0.000000000
786,1782712683.539482832,0.100023031,-0.580018698,-0.586599543,0.619245610,1.025292114,-33.081326703,0.164080070,0.012274542,-0.003778297,-0.002936011,0.000132638,-0.003777472,-0.006580844,-0.006580844,-0.000000000,-1.426876512,-0.003554624,0.843831594,-0.586599543,-0.586599543,-0.000000000,0.000000000
787,1782712683.639587164,0.100104332,-0.586599543,-0.577238569,0.235346840,0.680916090,-32.812861725,0.138464512,0.005036534,0.010986661,-0.001645505,0.000020686,0.010985792,0.009360973,0.009360973,-0.000000000,-1.428522018,-0.003533938,0.854817386,-0.577238569,-0.577238569,-0.000000000,0.000000000
788,1782712683.739574432,0.099987268,-0.577238569,-0.588322656,-0.385817062,0.435642677,-32.023837328,0.159901575,0.004119297,-0.009841073,-0.001215784,-0.000027737,-0.009840566,-0.011084087,-0.011084087,-0.000000000,-1.429737801,-0.003561675,0.844976820,-0.588322656,-0.588322656,-0.000000000,0.000000000
789,1782712683.939690351,0.200115919,-0.588322656,-0.582234414,-0.175470929,0.222749005,-31.276564096,0.303570597,-0.062619887,0.007076743,-0.001180190,0.000191774,0.007076657,0.006088242,0.006088242,-0.000000000,-1.430917991,-0.003369901,0.852053477,-0.582234414,-0.582234414,-0.000000000,0.000000000
790,1782712684.039439678,0.099749327,-0.582234414,-0.580548362,-0.520740190,0.673537788,-35.596165781,0.158948127,-0.052147510,0.003080947,-0.001868464,0.000473910,0.003080606,0.001686053,0.001686053,-0.000000000,-1.432786455,-0.002895990,0.855134084,-0.580548362,-0.580548362,-0.000000000,0.000000000
791,1782712684.139353514,0.099913836,-0.580548362,-0.580950103,-0.413097898,0.153850442,-39.899718786,0.141574428,-0.033238873,-0.000261241,-0.000380155,0.000239647,-0.000261233,-0.000401741,-0.000401741,0.000000000,-1.433166610,-0.002656344,0.854872851,-0.580950103,-0.580950103,-0.000000000,0.000000000
792,1782712684.239470243,0.100116730,-0.580950103,-0.577144100,-0.410586713,-0.089858987,-44.051262598,0.154255561,-0.030711508,0.003344089,0.000241924,0.000220079,0.003344000,0.003806003,0.003806003,-0.000000000,-1.432924685,-0.002436264,0.858216850,-0.577144100,-0.577144100,-0.000000000,0.000000000
793,1782712684.339598656,0.100128412,-0.577144100,-0.581940459,-0.759189276,-0.029502739,-46.508835315,0.148272282,-0.059207281,-0.005657699,0.000076348,0.000784494,-0.005657202,-0.004796359,-0.004796359,-0.000000000,-1.432848337,-0.001651770,0.852559648,-0.581940459,-0.581940459,-0.000000000,0.000000000
794,1782712684.438906670,0.099308014,-0.581940459,-0.571653841,-0.770667007,0.119454512,-50.305336045,0.134062639,-0.049197702,0.009905318,-0.000279504,0.000661721,0.009904400,0.010286618,0.010286618,0.000000000,-1.433127841,-0.000990049,0.862464049,-0.571653841,-0.571653841,-0.000000000,0.000000000
795,1782712684.539843082,0.100936413,-0.571653841,-0.576773512,-0.774226076,-0.121459083,-55.777887212,0.134620590,-0.043500658,-0.005993405,0.000285377,0.000587796,-0.005992844,-0.005119671,-0.005119671,0.000000000,-1.432842464,-0.000402253,0.856471204,-0.576773512,-0.576773512,-0.000000000,0.000000000
796,1782712684.639396191,0.099553108,-0.576773512,-0.569221448,-0.284362331,-0.616110065,-61.602646087,0.128091516,-0.049336952,0.005930272,0.001377361,0.000244847,0.005929856,0.007552064,0.007552064,0.000000000,-1.431465103,-0.000157406,0.862401061,-0.569221448,-0.569221448,-0.000000000,0.000000000
797,1782712684.739535332,0.100139141,-0.569221448,-0.567442763,-0.534525330,-0.904144147,-66.896917373,0.147985228,-0.017759817,-0.000722251,0.002335153,0.000165662,-0.000722130,0.001778686,0.001778686,-0.000000000,-1.429129950,0.000008256,0.861678931,-0.567442763,-0.567442763,-0.000000000,0.000000000
798,1782712684.839339733,0.099804401,-0.567442763,-0.556854973,-0.500792926,-1.259991058,-70.219230349,0.139243285,-0.002066469,0.007509983,0.003061851,0.000018057,0.007507881,0.010587789,0.010587789,0.000000000,-1.426068099,0.000026314,0.869186812,-0.556854973,-0.556854973,-0.000000000,0.000000000
799,1782712684.939526558,0.100186825,-0.556854973,-0.558087835,-0.526925479,-1.109029097,-69.259835165,0.134828877,0.012877890,-0.003724921,0.002609613,-0.000118409,-0.003724066,-0.001232862,-0.001232862,-0.000000000,-1.423458486,-0.000092095,0.865462745,-0.558087835,-0.558087835,-0.000000000,0.000000000
800,1782712685.039595127,0.100068569,-0.558087835,-0.549622381,-0.503560560,-0.915252064,-68.819238935,0.167308486,0.009102783,0.005873922,0.002672499,-0.000079991,0.005872946,0.008465454,0.008465454,0.000000000,-1.420785987,-0.000172086,0.871335691,-0.549622381,-0.549622381,-0.000000000,0.000000000
801,1782712685.139642239,0.100047112,-0.549622381,-0.550526310,-0.761002437,-0.905491562,-67.755746852,0.147492517,-0.008054979,-0.003342458,0.002330847,0.000106970,-0.003341745,-0.000903929,-0.000903929,-0.000000000,-1.418455140,-0.000065116,0.867993946,-0.550526310,-0.550526310,-0.000000000,0.000000000
802,1782712685.239418745,0.099776506,-0.550526310,-0.551753960,-0.948777479,-1.164861052,-66.894726908,0.148338127,0.003392329,-0.004188533,0.003015604,-0.000056160,-0.004187094,-0.001227650,-0.001227650,0.000000000,-1.415439536,-0.000121277,0.863806852,-0.551753960,-0.551753960,-0.000000000,0.000000000
803,1782712685.339580536,0.100161791,-0.551753960,-0.543230443,-0.877696035,-1.145249185,-66.857876188,0.136424187,-0.045146352,0.005107004,0.002726715,0.000691418,0.005105384,0.008523517,0.008523517,-0.000000000,-1.412712820,0.000570141,0.868912237,-0.543230443,-0.543230443,-0.000000000,0.000000000
804,1782712685.438571215,0.098990679,-0.543230443,-0.537375760,-0.964982165,-0.853337272,-69.559441568,0.134059458,-0.053429967,0.002959153,0.001996547,0.000899731,0.002958405,0.005854683,0.005854683,0.000000000,-1.410716273,0.001469872,0.871870642,-0.537375760,-0.537375760,-0.000000000,0.000000000
805,1782712685.540051937,0.101480722,-0.537375760,-0.533936228,-0.648344630,-0.005134528,-75.240663677,0.156214475,-0.045164957,0.002914655,0.000013999,0.000511064,0.002914468,0.003439532,0.003439532,-0.000000000,-1.410702274,0.001980937,0.874785110,-0.533936228,-0.533936228,-0.000000000,0.000000000
806,1782712685.638676405,0.098624468,-0.533936228,-0.532983372,-0.766844713,0.154975609,-80.595019902,0.150985302,-0.015189326,0.001158067,-0.000408390,0.000203287,0.001157959,0.000952855,0.000952855,-0.000000000,-1.411110664,0.002184223,0.875943069,-0.532983372,-0.532983372,-0.000000000,0.000000000
807,1782712685.739488840,0.100812435,-0.532983372,-0.542890674,-0.288192267,0.435639436,-84.014919575,0.143823548,-0.006159621,-0.008845121,-0.001093529,0.000030981,-0.008844754,-0.009907302,-0.009907302,0.000000000,-1.412204193,0.002215204,0.867098315,-0.542890674,-0.542890674,-0.000000000,0.000000000
808,1782712685.839273930,0.099785089,-0.542890674,-0.545030344,-0.413792593,-0.700997764,-83.822775229,0.146421896,0.007549441,-0.003876929,0.001791386,-0.000054518,-0.003876538,-0.002139670,-0.002139670,-0.000000000,-1.410412807,0.002160687,0.863221777,-0.545030344,-0.545030344,-0.000000000,0.000000000
809,1782712685.938590527,0.099316597,-0.545030344,-0.534134319,0.027068186,0.007321759,-82.881965789,0.168859644,0.006598106,0.010914487,-0.000021578,0.000003117,0.010914486,0.010896024,0.010896024,0.000000000,-1.410434386,0.002163804,0.874136262,-0.534134319,-0.534134319,-0.000000000,0.000000000
810,1782712686.038780928,0.100190401,-0.534134319,-0.544919122,-0.142834359,-0.304880993,-81.653764489,0.133451994,0.019294967,-0.011447018,0.000710118,-0.000048100,-0.011446821,-0.010784803,-0.010784803,-0.000000000,-1.409724267,0.002115703,0.862689442,-0.544919122,-0.544919122,-0.000000000,0.000000000
811,1782712686.139414787,0.100633860,-0.544919122,-0.537478212,0.056358769,-0.519995075,-80.734557295,0.157443649,-0.009073287,0.006021205,0.001428880,-0.000008925,0.006020954,0.007440910,0.007440910,-0.000000000,-1.408295387,0.002106779,0.868710396,-0.537478212,-0.537478212,-0.000000000,0.000000000
812,1782712686.238908529,0.099493742,-0.537478212,-0.541373478,-0.099464626,-0.262288565,-79.642522907,0.163707907,0.009995881,-0.004627388,0.000749419,-0.000017353,-0.004627332,-0.003895265,-0.003895265,-0.000000000,-1.407545968,0.002089426,0.864083064,-0.541373478,-0.541373478,-0.000000000,0.000000000
813,1782712686.339574575,0.100666046,-0.541373478,-0.528055772,-0.141857752,-0.470239412,-78.743026246,0.131445060,-0.007622663,0.012220496,0.001078787,0.000018872,0.012220047,0.013317706,0.013317706,0.000000000,-1.406467181,0.002108299,0.876303110,-0.528055772,-0.528055772,-0.000000000,0.000000000
814,1782712686.439756155,0.100181580,-0.528055772,-0.527545102,-0.075963760,-0.231441628,-77.896813724,0.164165407,-0.032085803,-0.000195002,0.000663131,0.000042540,-0.000195000,0.000510670,0.000510670,0.000000000,-1.405804050,0.002150838,0.876108110,-0.527545102,-0.527545102,-0.000000000,0.000000000
815,1782712686.539470196,0.099714041,-0.527545102,-0.523314563,-0.341105474,-0.706595343,-78.467025951,0.168102297,-0.021995827,0.002026734,0.002073055,0.000130940,0.002026544,0.004230538,0.004230538,0.000000000,-1.403730995,0.002281778,0.878134654,-0.523314563,-0.523314563,-0.000000000,0.000000000
816,1782712686.639676094,0.100205898,-0.523314563,-0.534558150,0.085001457,-1.073904737,-82.271582426,0.152972070,-0.024886602,-0.014076175,0.002867014,-0.000036914,-0.014073687,-0.011243587,-0.011243587,-0.000000000,-1.400863981,0.002244863,0.864060968,-0.534558150,-0.534558150,-0.000000000,0.000000000
817,1782712686.739480734,0.099804640,-0.534558150,-0.520392596,0.258186850,-1.544273011,-84.513146493,0.141748682,0.006908934,0.010318244,0.003820040,0.000031122,0.010314392,0.014165553,0.014165553,0.000000000,-1.397043941,0.002275985,0.874375359,-0.520392596,-0.520392596,-0.000000000,0.000000000
818,1782712686.839613199,0.100132465,-0.520392596,-0.523434182,0.214448793,-1.161194541,-84.044479435,0.165559445,0.007810556,-0.006427287,0.003355109,0.000029228,-0.006425922,-0.003041586,-0.003041586,0.000000000,-1.393688832,0.002305213,0.867949437,-0.523434182,-0.523434182,-0.000000000,0.000000000
819,1782712686.939960957,0.100347757,-0.523434182,-0.503781449,0.339547498,-1.291525672,-83.232655173,0.113825806,-0.008240092,0.017140636,0.002565573,-0.000048820,0.017135981,0.019652734,0.019652734,0.000000000,-1.391123259,0.002256393,0.885085418,-0.503781449,-0.503781449,-0.000000000,0.000000000
820,1782712687.038865089,0.098904133,-0.503781449,-0.506967858,0.250505786,-0.970210431,-82.378398398,0.173186046,0.012258295,-0.006173424,0.002932483,0.000053587,-0.006172479,-0.003186410,-0.003186410,0.000000000,-1.388190777,0.002309980,0.878912938,-0.506967858,-0.506967858,-0.000000000,0.000000000
821,1782712687.138567924,0.099702835,-0.506967858,-0.494833222,0.139334168,-1.378716563,-81.487101866,0.148356188,-0.010887474,0.008594046,0.003569572,-0.000026469,0.008591533,0.012134636,0.012134636,0.000000000,-1.384621205,0.002283511,0.887504471,-0.494833222,-0.494833222,-0.000000000,0.000000000
822,1782712687.239840984,0.101273060,-0.494833222,-0.499514560,0.227844539,-1.356585119,-80.783767292,0.171975157,-0.004983598,-0.008735497,0.004071454,-0.000019812,-0.008732979,-0.004681337,-0.004681337,-0.000000000,-1.380549751,0.002263699,0.878771492,-0.499514560,-0.499514560,-0.000000000,0.000000000
823,1782712687.339712143,0.099871159,-0.499514560,-0.489321151,0.072438722,-1.496400371,-80.544521596,0.136508620,-0.012165202,0.006646250,0.003564806,-0.000015375,0.006643978,0.010193409,0.010193409,-0.000000000,-1.376984945,0.002248324,0.885415470,-0.489321151,-0.489321151,-0.000000000,0.000000000
824,1782712687.439465284,0.099753141,-0.489321151,-0.496073864,-0.023065014,-1.327533941,-82.736190447,0.173981210,-0.021880223,-0.010795173,0.004030756,0.000008806,-0.010792275,-0.006752713,-0.006752713,-0.000000000,-1.372954189,0.002257129,0.874623196,-0.496073864,-0.496073864,-0.000000000,0.000000000
825,1782712687.539484739,0.100019455,-0.496073864,-0.490949140,0.017633246,-1.387857208,-85.341895986,0.130270657,-0.000487317,0.001970256,0.003155196,-0.000000150,0.001969678,0.005124724,0.005124724,0.000000000,-1.369798994,0.002256980,0.876592874,-0.490949140,-0.490949140,-0.000000000,0.000000000
826,1782712687.639497757,0.100013018,-0.490949140,-0.477014118,0.194137995,-1.204833584,-85.800989958,0.160727779,-0.000291614,0.010558820,0.003379585,-0.000000988,0.010556425,0.013935022,0.013935022,0.000000000,-1.366419409,0.002255992,0.887149299,-0.477014118,-0.477014118,-0.000000000,0.000000000
827,1782712687.739406109,0.099908352,-0.477014118,-0.475172476,0.108627735,-1.336219480,-84.883963957,0.139128094,0.010587840,-0.001423188,0.003244372,0.000020068,-0.001422798,0.001841642,0.001841642,0.000000000,-1.363175037,0.002276060,0.885726501,-0.475172476,-0.475172476,-0.000000000,0.000000000
828,1782712687.839948893,0.100542784,-0.475172476,-0.466363838,0.101946826,-1.743771410,-84.387203611,0.171352991,0.002894997,0.003590911,0.005214247,0.000005149,0.003589243,0.008808638,0.008808638,0.000000000,-1.357960790,0.002281208,0.889315744,-0.466363838,-0.466363838,-0.000000000,0.000000000
829,1782712687.939640045,0.099691153,-0.466363838,-0.463174497,0.209921175,-1.416617408,-83.363689577,0.147066590,0.001538359,-0.000452232,0.003635798,0.000005635,-0.000452091,0.003189341,0.003189341,0.000000000,-1.354324992,0.002286843,0.888863653,-0.463174497,-0.463174497,-0.000000000,0.000000000
830,1782712688.038819551,0.099179506,-0.463174497,-0.456587041,0.458529965,-1.030462510,-82.805319927,0.153182875,0.001062387,0.003824856,0.002754840,0.000008501,0.003824115,0.006587456,0.006587456,0.000000000,-1.351570152,0.002295344,0.892687768,-0.456587041,-0.456587041,-0.000000000,0.000000000
831,1782712688.139479637,0.100660086,-0.456587041,-0.463508197,0.448440817,-0.955816387,-81.934815555,0.146797095,0.003893681,-0.009401999,0.002448777,0.000030470,-0.009400403,-0.006921156,-0.006921156,-0.000000000,-1.349121376,0.002325814,0.883287365,-0.463508197,-0.463508197,-0.000000000,0.000000000
832,1782712688.239463329,0.099983692,-0.463508197,-0.444465955,0.545729712,-1.036213208,-81.111283129,0.164066718,0.009313028,0.015989854,0.002967039,0.000088689,0.015986514,0.019042242,0.019042242,0.000000000,-1.346154337,0.002414503,0.899273879,-0.444465955,-0.444465955,-0.000000000,0.000000000
833,1782712688.339586735,0.100123405,-0.444465955,-0.444933131,0.431568360,-1.057822817,-80.199352467,0.164267754,-0.006022723,-0.003455126,0.003032620,-0.000045357,-0.003454439,-0.000467177,-0.000467177,-0.000000000,-1.343121717,0.002369146,0.895819440,-0.444933131,-0.444933131,-0.000000000,0.000000000
834,1782712688.439590454,0.100003719,-0.444933131,-0.433306645,0.446581078,-1.161705918,-79.359699720,0.148166119,0.013412105,0.008520031,0.003003950,0.000104516,0.008518021,0.011626486,0.011626486,0.000000000,-1.340117767,0.002473662,0.904337460,-0.433306645,-0.433306645,-0.000000000,0.000000000
835,1782712688.639564276,0.199973822,-0.433306645,-0.434146938,0.597014870,-0.703743417,-78.671250035,0.304270317,-0.000655128,-0.004571210,0.003737149,-0.000006826,-0.004570617,-0.000840294,-0.000840294,0.000000000,-1.336380618,0.002466836,0.899766844,-0.434146938,-0.434146938,-0.000000000,0.000000000
836,1782712688.739486217,0.099921942,-0.434146938,-0.424782785,0.121676496,-1.075301373,-77.285780121,0.150041750,-0.030989912,0.006615383,0.002815751,-0.000065800,0.006614203,0.009364154,0.009364154,0.000000000,-1.333564867,0.002401036,0.906381047,-0.424782785,-0.424782785,-0.000000000,0.000000000
837,1782712688.838654757,0.099168539,-0.424782785,-0.418739055,0.000285229,-0.957623319,-79.370190777,0.161228168,-0.029957143,0.003349756,0.002694591,-0.000000149,0.003349288,0.006043729,0.006043729,0.000000000,-1.330870277,0.002400887,0.909730335,-0.418739055,-0.418739055,-0.000000000,0.000000000
838,1782712688.939755440,0.101100683,-0.418739055,-0.406064273,0.415616397,-0.736722068,-82.851780536,0.130952476,-0.031678947,0.011222009,0.001683770,-0.000229774,0.011220786,0.012674782,0.012674782,0.000000000,-1.329186507,0.002171112,0.920951121,-0.406064273,-0.406064273,-0.000000000,0.000000000
839,1782712689.039744616,0.099989176,-0.406064273,-0.398855727,0.712848075,-0.703030117,-85.791322611,0.165095971,-0.010488436,0.005314128,0.002025708,-0.000130479,0.005313317,0.007208546,0.007208546,0.000000000,-1.327160799,0.002040633,0.926264438,-0.398855727,-0.398855727,-0.000000000,0.000000000
840,1782712689.139477253,0.099732637,-0.398855727,-0.404405531,0.715134957,-1.198246893,-88.038254878,0.144573610,-0.002457922,-0.008544965,0.003023299,-0.000030671,-0.008542431,-0.005549803,-0.005549803,0.000000000,-1.324137500,0.002009962,0.917722007,-0.404405531,-0.404405531,-0.000000000,0.000000000
841,1782712689.238928556,0.099451303,-0.404405531,-0.392731664,0.288942393,-1.319820350,-87.474871794,0.153398397,0.008848846,0.008098254,0.003533252,0.000044613,0.008096002,0.011673867,0.011673867,-0.000000000,-1.320604248,0.002054575,0.925818009,-0.392731664,-0.392731664,-0.000000000,0.000000000
842,1782712689.339641571,0.100713015,-0.392731664,-0.393148037,0.611937071,-1.409345800,-86.713507141,0.160423604,-0.000597651,-0.004357216,0.003945658,-0.000006381,-0.004355650,-0.000416373,-0.000416373,0.000000000,-1.316658590,0.002048194,0.921462359,-0.393148037,-0.393148037,-0.000000000,0.000000000
843,1782712689.439481258,0.099839687,-0.393148037,-0.378156808,0.439528258,-1.533485713,-86.170740777,0.145294639,0.006661234,0.011056177,0.003888256,0.000051081,0.011051893,0.014991229,0.014991229,0.000000000,-1.312770335,0.002099275,0.932514252,-0.378156808,-0.378156808,-0.000000000,0.000000000
844,1782712689.538991213,0.099509954,-0.378156808,-0.375833036,0.415783491,-1.417673805,-85.504579438,0.159752648,-0.001219095,-0.001620291,0.003952369,-0.000008844,-0.001619753,0.002323772,0.002323772,-0.000000000,-1.308817966,0.002090431,0.930894499,-0.375833036,-0.375833036,-0.000000000,0.000000000
845,1782712689.638694286,0.099703074,-0.375833036,-0.366522299,0.507999445,-1.442095924,-84.993407090,0.149120815,0.003485061,0.005528943,0.003752874,0.000030889,0.005526974,0.009310737,0.009310737,-0.000000000,-1.305065092,0.002121320,0.936421473,-0.366522299,-0.366522299,-0.000000000,0.000000000
846,1782712689.738769770,0.100075483,-0.366522299,-0.365253327,0.307810882,-1.214487306,-84.267075106,0.163653039,-0.000742167,-0.002196229,0.003468661,-0.000003986,-0.002195704,0.001268972,0.001268972,0.000000000,-1.301596431,0.002117334,0.934225770,-0.365253327,-0.365253327,-0.000000000,0.000000000
847,1782712689.839011431,0.100241661,-0.365253327,-0.359273722,0.280864906,-1.414642659,-83.812249929,0.144313282,0.005092232,0.002392651,0.003562758,0.000024954,0.002391893,0.005979605,0.005979605,0.000000000,-1.298033673,0.002142288,0.936617662,-0.359273722,-0.359273722,-0.000000000,0.000000000
848,1782712689.939568043,0.100556612,-0.359273722,-0.355962601,0.298618141,-1.824270200,-82.593188508,0.163201959,0.002360108,-0.001897555,0.005195394,0.000012294,-0.001896567,0.003311121,0.003311121,-0.000000000,-1.292838279,0.002154583,0.934721095,-0.355962601,-0.355962601,-0.000000000,0.000000000
849,1782712690.038924932,0.099356890,-0.355962601,-0.332297136,0.198646627,-1.686984521,-82.055052648,0.128701114,0.007405795,0.019859672,0.003788855,0.000025665,0.019850945,0.023665466,0.023665466,0.000000000,-1.289049424,0.002180248,0.954572040,-0.332297136,-0.332297136,-0.000000000,0.000000000
850,1782712690.139707804,0.100782871,-0.332297136,-0.341051486,0.044113421,-1.482100195,-81.547434719,0.167671187,-0.040398565,-0.013064387,0.004336755,-0.000031093,-0.013060012,-0.008754350,-0.008754350,0.000000000,-1.284712668,0.002149154,0.941512028,-0.341051486,-0.341051486,-0.000000000,0.000000000
851,1782712690.239758015,0.100050211,-0.341051486,-0.319671855,0.290207458,-1.433807797,-82.958967078,0.130780252,-0.048890391,0.018360779,0.003272391,-0.000247555,0.018354795,0.021379631,0.021379631,0.000000000,-1.281440278,0.001901599,0.959866823,-0.319671855,-0.319671855,-0.000000000,0.000000000
852,1782712690.339567423,0.099809408,-0.319671855,-0.324105737,0.607576373,-1.175531629,-86.967949573,0.149158182,-0.028740814,-0.007191144,0.003060048,-0.000304704,-0.007189227,-0.004433882,-0.004433882,0.000000000,-1.278380229,0.001596896,0.952677597,-0.324105737,-0.324105737,-0.000000000,0.000000000
853,1782712690.438944340,0.099376917,-0.324105737,-0.326101696,0.487182629,-1.282513138,-90.267348647,0.165942161,0.004889060,-0.005753320,0.003714152,0.000041560,-0.005751671,-0.001995959,-0.001995959,-0.000000000,-1.274666077,0.001638456,0.946925925,-0.326101696,-0.326101696,-0.000000000,0.000000000
854,1782712690.538889647,0.099945307,-0.326101696,-0.304948853,0.548000252,-1.266155841,-90.691382218,0.136254921,0.003960110,0.018109430,0.003010796,0.000037866,0.018104181,0.021152843,0.021152843,0.000000000,-1.271655281,0.001676322,0.965030106,-0.304948853,-0.304948853,-0.000000000,0.000000000
855,1782712690.638715267,0.099825621,-0.304948853,-0.305935017,0.583503940,-0.603983465,-89.733952344,0.155245482,0.003798946,-0.002661626,0.001636490,0.000038686,-0.002661340,-0.000986164,-0.000986164,0.000000000,-1.270018791,0.001715008,0.962368766,-0.305935017,-0.305935017,-0.000000000,0.000000000
856,1782712690.738687038,0.099971771,-0.305935017,-0.302206908,0.565516693,-0.487693726,-89.105221049,0.157929632,0.007031821,0.002314645,0.001344259,0.000069401,0.002314449,0.003728109,0.003728109,0.000000000,-1.268674532,0.001784410,0.964683214,-0.302206908,-0.302206908,-0.000000000,0.000000000
857,1782712690.838696957,0.100009918,-0.302206908,-0.303228454,0.385057878,-0.507411141,-88.226140232,0.164850693,0.002524278,-0.002498562,0.001459898,0.000016964,-0.002498408,-0.001021546,-0.001021546,-0.000000000,-1.267214634,0.001801373,0.962184806,-0.303228454,-0.303228454,-0.000000000,0.000000000
858,1782712690.938706636,0.100009680,-0.303228454,-0.296452212,0.281074878,-0.227052861,-87.195297453,0.131256392,0.000623084,0.006253166,0.000520144,0.000003057,0.006253041,0.006776242,0.006776242,0.000000000,-1.266694490,0.001804430,0.968437848,-0.296452212,-0.296452212,-0.000000000,0.000000000
859,1782712691.139780521,0.201073885,-0.296452212,-0.293581938,0.192033126,-0.472226828,-86.602419085,0.301249423,0.023109969,0.000309991,0.002482843,0.000077453,0.000309979,0.002870275,0.002870275,-0.000000000,-1.264211647,0.001881883,0.968747826,-0.293581938,-0.293581938,-0.000000000,0.000000000
860,1782712691.238686562,0.098906040,-0.293581938,-0.278601264,0.411381846,-0.293645825,-85.079130656,0.160479327,-0.005650826,0.014199331,0.000822467,-0.000040572,0.014198778,0.014980673,0.014980673,0.000000000,-1.263389180,0.001841311,0.982946604,-0.278601264,-0.278601264,-0.000000000,0.000000000
861,1782712691.339664936,0.100978374,-0.278601264,-0.273365945,0.077190884,-0.086995167,-84.171199834,0.151021815,-0.002472421,0.005009357,0.000229304,-0.000003331,0.005009346,0.005235320,0.005235320,0.000000000,-1.263159876,0.001837980,0.987955951,-0.273365945,-0.273365945,-0.000000000,0.000000000
862,1782712691.438953161,0.099288225,-0.273365945,-0.269715581,0.147367533,-0.263171367,-83.397532863,0.151466258,-0.011827600,0.002985112,0.000695713,-0.000030421,0.002985071,0.003650363,0.003650363,-0.000000000,-1.262464162,0.001807559,0.990941022,-0.269715581,-0.269715581,-0.000000000,0.000000000
863,1782712691.538776398,0.099823236,-0.269715581,-0.272827472,0.332729914,-0.256403381,-83.804925722,0.150675342,-0.012570831,-0.003713273,0.000674282,-0.000073001,-0.003713173,-0.003111891,-0.003111891,-0.000000000,-1.261789880,0.001734559,0.987227849,-0.272827472,-0.272827472,-0.000000000,0.000000000
864,1782712691.939865828,0.401089430,-0.272827472,-0.249381337,0.421108546,-0.364767305,-84.811107693,0.612874504,-0.031145796,0.019774205,0.003901772,-0.000228907,0.019773270,0.023446135,0.023446135,0.000000000,-1.257888108,0.001505652,1.007001119,-0.249381337,-0.249381337,-0.000000000,0.000000000
865,1782712692.039389849,0.099524021,-0.249381337,-0.246383295,0.709931806,-0.832584508,-85.981131007,0.150505814,0.001194459,0.000796415,0.002186974,0.000014798,0.000796269,0.002998042,0.002998042,-0.000000000,-1.255701133,0.001520450,1.007797388,-0.246383295,-0.246383295,-0.000000000,0.000000000
866,1782712692.138933182,0.099543333,-0.246383295,-0.249535914,0.599463089,-0.749423078,-85.220902995,0.166119006,0.004313028,-0.005371252,0.002172758,0.000045121,-0.005370498,-0.003152619,-0.003152619,0.000000000,-1.253528375,0.001565571,1.002426890,-0.249535914,-0.249535914,-0.000000000,0.000000000
867,1782712692.238788366,0.099855185,-0.249535914,-0.239385807,0.460683433,-0.863587292,-84.772810427,0.142217484,0.002109436,0.007990831,0.002143484,0.000016959,0.007989665,0.010150107,0.010150107,0.000000000,-1.251384892,0.001582530,1.010416555,-0.239385807,-0.239385807,-0.000000000,0.000000000
868,1782712692.340049267,0.101260900,-0.239385807,-0.230501272,0.365284582,-0.966662736,-84.284208249,0.154650854,-0.001662717,0.006287097,0.002609060,-0.000010599,0.006286074,0.008884535,0.008884535,-0.000000000,-1.248775832,0.001571931,1.016702629,-0.230501272,-0.230501272,-0.000000000,0.000000000
869,1782712692.439457655,0.099408388,-0.230501272,-0.228863220,0.513028470,-1.083907966,-83.988224667,0.148933017,-0.004813349,-0.001136417,0.002817311,-0.000043091,-0.001136169,0.001638052,0.001638052,-0.000000000,-1.245958520,0.001528840,1.015566460,-0.228863220,-0.228863220,-0.000000000,0.000000000
870,1782712692.538813353,0.099355698,-0.228863220,-0.224928666,0.368159448,-0.825883311,-83.509959242,0.167664686,-0.005645124,0.001554317,0.002416699,-0.000036269,0.001554124,0.003934554,0.003934554,0.000000000,-1.243541821,0.001492571,1.017120584,-0.224928666,-0.224928666,-0.000000000,0.000000000
871,1782712692.638600826,0.099787474,-0.224928666,-0.225476981,0.353677661,-0.548250057,-84.132252197,0.144578248,-0.014712308,-0.001841037,0.001383415,-0.000090812,-0.001840918,-0.000548315,-0.000548315,-0.000000000,-1.242158406,0.001401759,1.015279667,-0.225476981,-0.225476981,-0.000000000,0.000000000
872,1782712692.739838600,0.101237774,-0.225476981,-0.219044801,0.563356888,-0.659443346,-84.824073499,0.151224427,-0.003513061,0.004726787,0.001740473,-0.000034539,0.004726246,0.006432179,0.006432179,0.000000000,-1.240417934,0.001367220,1.020005913,-0.219044801,-0.219044801,-0.000000000,0.000000000
873,1782712692.839629889,0.099791288,-0.219044801,-0.214554591,0.493817445,-0.429055160,-85.109456279,0.152249218,-0.000534290,0.003354937,0.001140096,-0.000004605,0.003354719,0.004490210,0.004490210,0.000000000,-1.239277837,0.001362615,1.023360631,-0.214554591,-0.214554591,-0.000000000,0.000000000
874,1782712692.938769579,0.099139690,-0.214554591,-0.211989306,0.524115856,-0.546856005,-84.572236231,0.142191837,0.005203710,0.001160667,0.001357121,0.000047598,0.001160566,0.002565285,0.002565285,-0.000000000,-1.237920717,0.001410214,1.024521197,-0.211989306,-0.211989306,-0.000000000,0.000000000
875,1782712693.039650679,0.100881100,-0.211989306,-0.209685186,0.572811756,-0.330597968,-84.063396643,0.160288304,-0.003006832,0.001409412,0.000924862,-0.000030060,0.001409318,0.002304120,0.002304120,0.000000000,-1.236995855,0.001380154,1.025930515,-0.209685186,-0.209685186,-0.000000000,0.000000000
876,1782712693.138802767,0.099152088,-0.209685186,-0.205311648,0.174088355,-0.588206476,-83.722975547,0.151977251,0.004030901,0.002801260,0.001560192,0.000012247,0.002801099,0.004373538,0.004373538,-0.000000000,-1.235435663,0.001392401,1.028731614,-0.205311648,-0.205311648,-0.000000000,0.000000000
877,1782712693.238604307,0.099801540,-0.205311648,-0.203779662,0.645270379,-0.386633197,-83.463634150,0.158205717,-0.004869606,0.000519302,0.001067568,-0.000054840,0.000519258,0.001531986,0.001531986,-0.000000000,-1.234368095,0.001337561,1.029250871,-0.203779662,-0.203779662,-0.000000000,0.000000000
878,1782712693.339683056,0.101078749,-0.203779662,-0.190936715,0.619609978,-0.396136917,-82.939715670,0.150877330,0.003101236,0.011767239,0.001043141,0.000033536,0.011766270,0.012842947,0.012842947,0.000000000,-1.233324953,0.001371097,1.041017141,-0.190936715,-0.190936715,-0.000000000,0.000000000
879,1782712693.439778328,0.100095272,-0.190936715,-0.183038363,0.448676128,-0.611245545,-82.631216591,0.137893688,-0.010168470,0.006507489,0.001471056,-0.000079623,0.006506919,0.007898352,0.007898352,0.000000000,-1.231853897,0.001291475,1.047524060,-0.183038363,-0.183038363,-0.000000000,0.000000000
880,1782712693.539766312,0.099987984,-0.183038363,-0.173690836,0.511735839,-1.545723046,-82.760864673,0.145501176,0.004781016,0.005382167,0.003924848,0.000042685,0.005379993,0.009347527,0.009347527,0.000000000,-1.227929049,0.001334160,1.052904054,-0.173690836,-0.173690836,-0.000000000,0.000000000
881,1782712693.638722420,0.098956108,-0.173690836,-0.174751656,0.726556383,-1.785022602,-82.686499004,0.164766335,-0.003466334,-0.006152753,0.005132386,-0.000043933,-0.006149273,-0.001060820,-0.001060820,-0.000000000,-1.222796663,0.001290227,1.046754781,-0.174751656,-0.174751656,-0.000000000,0.000000000
882,1782712693.739102125,0.100379705,-0.174751656,-0.171251986,0.663481323,-1.630792244,-82.232427271,0.148833609,0.002736103,-0.000767996,0.004235634,0.000031670,-0.000767634,0.003499670,0.003499670,-0.000000000,-1.218561030,0.001321897,1.045987147,-0.171251986,-0.171251986,-0.000000000,0.000000000
883,1782712693.839579105,0.100476980,-0.171251986,-0.172066022,0.604188133,-0.849581127,-81.766887642,0.151505511,-0.010715577,-0.002947982,0.002246440,-0.000112982,-0.002947494,-0.000814036,-0.000814036,0.000000000,-1.216314590,0.001208915,1.043039653,-0.172066022,-0.172066022,-0.000000000,0.000000000
884,1782712693.938546896,0.098967791,-0.172066022,-0.159898702,0.386607811,-0.671798300,-81.372880532,0.145725372,-0.017954859,0.010580827,0.001708604,-0.000121143,0.010579859,0.012167320,0.012167320,0.000000000,-1.214605986,0.001087772,1.053619512,-0.159898702,-0.159898702,-0.000000000,0.000000000
885,1782712694.039024115,0.100477219,-0.159898702,-0.162619047,0.480171346,-0.758579993,-83.111299316,0.157343959,-0.027099485,-0.004576949,0.002083129,-0.000227087,-0.004576388,-0.002720345,-0.002720345,-0.000000000,-1.212522857,0.000860686,1.049043124,-0.162619047,-0.162619047,-0.000000000,0.000000000
886,1782712694.138996124,0.099972010,-0.162619047,-0.150368323,0.940132842,-0.841568053,-85.670684207,0.124963974,-0.005523230,0.010508464,0.001835422,-0.000090614,0.010505916,0.012250724,0.012250724,-0.000000000,-1.210687435,0.000770072,1.059549040,-0.150368323,-0.150368323,-0.000000000,0.000000000
887,1782712694.239328146,0.100332022,-0.150368323,-0.161781982,0.848751063,-0.743727306,-87.166157567,0.172898037,-0.003675693,-0.013606093,0.002244238,-0.000054443,-0.013603454,-0.011413659,-0.011413659,-0.000000000,-1.208443197,0.000715629,1.045945586,-0.161781982,-0.161781982,-0.000000000,0.000000000
888,1782712694.338838816,0.099510670,-0.161781982,-0.157274717,0.702610317,-0.168014595,-86.821428701,0.137252735,0.002381286,0.004075908,0.000402480,0.000029201,0.004075584,0.004507265,0.004507265,0.000000000,-1.208040717,0.000744829,1.050021170,-0.157274717,-0.157274717,-0.000000000,0.000000000
889,1782712694.438791037,0.099952221,-0.157274717,-0.152450351,0.629713400,0.385511712,-86.073641581,0.162110121,0.000497361,0.005910132,-0.001090741,0.000005466,0.005909641,0.004824366,0.004824366,0.000000000,-1.209131458,0.000750295,1.055930812,-0.152450351,-0.152450351,-0.000000000,0.000000000
890,1782712694.538820744,0.100029707,-0.152450351,-0.155192775,1.045656944,0.155553213,-85.910866343,0.138977265,-0.002776446,-0.002314839,-0.000377311,-0.000050668,-0.002314445,-0.002742424,-0.002742424,-0.000000000,-1.209508769,0.000699628,1.053616367,-0.155192775,-0.155192775,-0.000000000,0.000000000
891,1782712694.638706207,0.099885464,-0.155192775,-0.153167856,0.993908160,0.301006399,-85.244664767,0.158038316,0.001471391,0.002830119,-0.000830259,0.000025523,0.002829654,0.002024918,0.002024918,-0.000000000,-1.210339028,0.000725150,1.056446021,-0.153167856,-0.153167856,-0.000000000,0.000000000
892,1782712694.739439249,0.100733042,-0.153167856,-0.145680926,0.682218173,-0.774475835,-84.551884253,0.143475026,0.008947066,0.005441978,0.001939315,0.000106520,0.005441095,0.007486930,0.007486930,0.000000000,-1.208399713,0.000831670,1.061887116,-0.145680926,-0.145680926,-0.000000000,0.000000000
893,1782712694.938585281,0.199146032,-0.145680926,-0.151370839,0.552095802,-1.052783026,-83.620050621,0.310874768,-0.007209848,-0.011334748,0.005711856,-0.000069460,-0.011332309,-0.005689913,-0.005689913,0.000000000,-1.202687857,0.000762210,1.050554807,-0.151370839,-0.151370839,-0.000000000,0.000000000
894,1782712695.038809299,0.100224018,-0.151370839,-0.137918294,0.413524547,-0.969765492,-82.678354725,0.143556837,0.009761235,0.010954290,0.002429670,0.000070440,0.010952436,0.013452545,0.013452545,0.000000000,-1.200258187,0.000832650,1.061507243,-0.137918294,-0.137918294,-0.000000000,0.000000000
895,1782712695.138872147,0.100062847,-0.137918294,-0.131302187,0.327562423,-1.197676265,-82.184570937,0.148971796,0.001721809,0.003493297,0.003113789,0.000009841,0.003492477,0.006616108,0.006616108,-0.000000000,-1.197144398,0.000842491,1.064999720,-0.131302187,-0.131302187,-0.000000000,0.000000000
896,1782712695.238933086,0.100060940,-0.131302187,-0.135079899,0.190281370,-1.250293414,-81.543730796,0.153809615,-0.003780822,-0.007123020,0.003356127,-0.000012553,-0.007121285,-0.003777712,-0.003777712,-0.000000000,-1.193788271,0.000829938,1.057878435,-0.135079899,-0.135079899,-0.000000000,0.000000000
897,1782712695.338806868,0.099873781,-0.135079899,-0.123355486,0.110614582,-1.073249807,-81.097528491,0.168403685,-0.004245706,0.008579819,0.003154310,-0.000008195,0.008578297,0.011724412,0.011724412,-0.000000000,-1.190633961,0.000821743,1.066456732,-0.123355486,-0.123355486,-0.000000000,0.000000000
898,1782712695.438722372,0.099915504,-0.123355486,-0.124134242,0.460503685,-0.892971904,-80.692845206,0.134497832,-0.003225370,-0.002849378,0.002096104,-0.000025920,-0.002848940,-0.000778755,-0.000778755,0.000000000,-1.188537857,0.000795823,1.063607792,-0.124134242,-0.124134242,-0.000000000,0.000000000
899,1782712695.539425611,0.100703239,-0.124134242,-0.114349193,0.362972198,-1.159583100,-80.216480648,0.160224455,0.001350898,0.006535474,0.003242488,0.000008556,0.006534004,0.009785049,0.009785049,-0.000000000,-1.185295369,0.000804379,1.070141797,-0.114349193,-0.114349193,-0.000000000,0.000000000
900,1782712695.638780355,0.099354744,-0.114349193,-0.123615723,0.185730194,-0.932143208,-80.440365668,0.149062625,-0.022045534,-0.011621664,0.002424988,-0.000071453,-0.011620065,-0.009266530,-0.009266530,0.000000000,-1.182870381,0.000732926,1.058521732,-0.123615723,-0.123615723,-0.000000000,0.000000000
901,1782712695.839056730,0.200276375,-0.123615723,-0.115869141,0.372286397,-0.839598156,-81.691951435,0.303314321,-0.006581671,0.003345239,0.004444534,-0.000042760,0.003344809,0.007746582,0.007746582,-0.000000000,-1.178425847,0.000690165,1.061866541,-0.115869141,-0.115869141,-0.000000000,0.000000000
902,1782712695.939038038,0.099981308,-0.115869141,-0.102559913,0.700750752,0.023828461,-81.408092627,0.154083009,0.004960299,0.013313640,-0.000064081,0.000060665,0.013312643,0.013309227,0.013309227,0.000000000,-1.178489928,0.000750830,1.075179184,-0.102559913,-0.102559913,-0.000000000,0.000000000
903,1782712696.040017843,0.100979805,-0.102559913,-0.101693383,0.813074315,-0.385263406,-80.800015745,0.154997779,0.001979902,-0.000203805,0.001042215,0.000028095,-0.000203780,0.000866530,0.000866530,-0.000000000,-1.177447713,0.000778925,1.074975404,-0.101693383,-0.101693383,-0.000000000,0.000000000
904,1782712696.139053822,0.099035978,-0.101693383,-0.096519335,0.765317087,-0.496074455,-80.386159485,0.142250211,-0.001620683,0.003964591,0.001231606,-0.000021646,0.003964089,0.005174048,0.005174048,0.000000000,-1.176216107,0.000757279,1.078939493,-0.096519335,-0.096519335,-0.000000000,0.000000000
905,1782712696.238900185,0.099846363,-0.096519335,-0.097809483,0.809725540,-0.479193652,-79.689815483,0.150177873,-0.002306301,-0.002513895,0.001255999,-0.000032591,-0.002513556,-0.001290148,-0.001290148,0.000000000,-1.174960108,0.000724687,1.076425938,-0.097809483,-0.097809483,-0.000000000,0.000000000
906,1782712696.338893175,0.099992990,-0.097809483,-0.085452307,0.979992766,-0.288850209,-79.107423599,0.150302096,0.003558364,0.011540424,0.000757728,0.000060859,0.011538589,0.012357176,0.012357176,0.000000000,-1.174202380,0.000785546,1.087964527,-0.085452307,-0.085452307,-0.000000000,0.000000000
907,1782712696.439045668,0.100152493,-0.085452307,-0.083769564,0.974311487,-0.539632873,-78.438276060,0.144802833,0.001776899,0.000288798,0.001363787,0.000030213,0.000288743,0.001682743,0.001682743,-0.000000000,-1.172838593,0.000815760,1.088253270,-0.083769564,-0.083769564,-0.000000000,0.000000000
908,1782712696.539007187,0.099961519,-0.083769564,-0.087740872,0.933576924,-0.304413352,-78.175315681,0.170731631,-0.007335920,-0.004759579,0.000907095,-0.000119524,-0.004758880,-0.003971308,-0.003971308,0.000000000,-1.171931498,0.000696235,1.083494390,-0.087740872,-0.087740872,-0.000000000,0.000000000
909,1782712696.638761282,0.099754095,-0.087740872,-0.083886526,0.859108223,-0.863052380,-77.544541986,0.136958554,0.004232135,0.001728346,0.002062943,0.000063448,0.001727955,0.003854347,0.003854347,-0.000000000,-1.169868555,0.000759683,1.085222346,-0.083886526,-0.083886526,-0.000000000,0.000000000
910,1782712696.739500761,0.100739479,-0.083886526,-0.081803894,1.164528662,-0.764002317,-77.027826896,0.160534918,-0.010372012,0.000152887,0.002140566,-0.000210776,0.000152842,0.002082632,0.002082632,0.000000000,-1.167727988,0.000548907,1.085375188,-0.081803894,-0.081803894,-0.000000000,0.000000000
911,1782712696.838672876,0.099172115,-0.081803894,-0.079349168,0.949693496,-0.789338904,-76.808444281,0.150218868,-0.017836749,0.000681057,0.002069434,-0.000295607,0.000680899,0.002454726,0.002454726,-0.000000000,-1.165658554,0.000253299,1.086056087,-0.079349168,-0.079349168,-0.000000000,0.000000000
912,1782712696.938868761,0.100195885,-0.079349168,-0.074266172,0.912986144,-0.452065827,-78.096684989,0.156384214,-0.014313730,0.004077843,0.001233864,-0.000228067,0.004077199,0.005082996,0.005082996,0.000000000,-1.164424690,0.000025232,1.090133286,-0.074266172,-0.074266172,-0.000000000,0.000000000
913,1782712697.039192438,0.100323677,-0.074266172,-0.069346025,0.907488297,-0.358850433,-79.879582933,0.144791947,-0.005860083,0.004106709,0.000906844,-0.000092810,0.004106114,0.004920147,0.004920147,-0.000000000,-1.163517846,-0.000067578,1.094239399,-0.069346025,-0.069346025,-0.000000000,0.000000000
914,1782712697.138746500,0.099554062,-0.069346025,-0.056748452,1.284381526,-0.550456968,-80.250554439,0.149715860,0.003049069,0.011094190,0.001438341,0.000068341,0.011090890,0.012597573,0.012597573,-0.000000000,-1.162079505,0.000000763,1.105330290,-0.056748452,-0.056748452,-0.000000000,0.000000000
915,1782712697.238523006,0.099776506,-0.056748452,-0.071420390,1.317173833,-0.758533181,-79.548999223,0.154024858,-0.006237361,-0.016573464,0.002039060,-0.000143366,-0.016567633,-0.014671938,-0.014671938,0.000000000,-1.160040445,-0.000142602,1.088762656,-0.071420390,-0.071420390,-0.000000000,0.000000000
916,1782712697.338938475,0.100415468,-0.071420390,-0.064968335,1.153375643,-0.751641733,-79.298436708,0.153562203,0.007870548,0.004280412,0.002014467,0.000158411,0.004279177,0.006452055,0.006452055,0.000000000,-1.158025978,0.000015809,1.093041833,-0.064968335,-0.064968335,-0.000000000,0.000000000
917,1782712697.438847065,0.099908590,-0.064968335,-0.062412839,1.091608067,-0.205878038,-78.543122344,0.149919135,0.000964490,0.001998802,0.000538696,0.000018374,0.001998427,0.002555497,0.002555497,0.000000000,-1.157487282,0.000034183,1.095040260,-0.062412839,-0.062412839,-0.000000000,0.000000000
918,1782712697.538947821,0.100100756,-0.062412839,-0.051577955,1.291612437,-0.311809739,-78.009375030,0.149127624,0.003811216,0.009940085,0.000811564,0.000085907,0.009937412,0.010834884,0.010834884,-0.000000000,-1.156675718,0.000120091,1.104977672,-0.051577955,-0.051577955,-0.000000000,0.000000000
919,1782712697.639326334,0.100378513,-0.051577955,-0.054974875,1.376674917,-0.433631851,-77.322948816,0.155352075,-0.002290320,-0.004519070,0.001175740,-0.000055024,-0.004517636,-0.003396919,-0.003396919,-0.000000000,-1.155499977,0.000065067,1.100460036,-0.054974875,-0.054974875,-0.000000000,0.000000000
920,1782712697.739891529,0.100565195,-0.054974875,-0.035087952,1.204995182,-0.853072549,-76.812540729,0.163983303,0.001874255,0.017411848,0.002441445,0.000039410,0.017406068,0.019886923,0.019886923,0.000000000,-1.153058532,0.000104477,1.117866103,-0.035087952,-0.035087952,-0.000000000,0.000000000
921,1782712697.839342117,0.099450588,-0.035087952,-0.033973347,0.979136499,-0.371340877,-76.005380150,0.128939461,0.010528079,0.000099051,0.000835666,0.000179903,0.000099035,0.001114605,0.001114605,-0.000000000,-1.152222866,0.000284381,1.117965138,-0.033973347,-0.033973347,-0.000000000,0.000000000
922,1782712697.938608646,0.099266529,-0.033973347,-0.031829232,1.250606287,-0.541000635,-75.607121778,0.160555497,-0.017393730,0.001008028,0.001515981,-0.000379609,0.001007743,0.002144115,0.002144115,-0.000000000,-1.150706885,-0.000095228,1.118972881,-0.031829232,-0.031829232,-0.000000000,0.000000000
923,1782712698.038581848,0.099973202,-0.031829232,-0.027701306,1.027844678,-0.788839918,-75.555131965,0.152814915,-0.020043277,0.002384177,0.002103867,-0.000359508,0.002383567,0.004127926,0.004127926,0.000000000,-1.148603018,-0.000454737,1.121356448,-0.027701306,-0.027701306,-0.000000000,0.000000000
924,1782712698.139631271,0.101049423,-0.027701306,-0.018593195,1.058316081,-0.851601093,-77.146494792,0.151586840,-0.017704947,0.007184116,0.002252989,-0.000326975,0.007182097,0.009108111,0.009108111,0.000000000,-1.146350029,-0.000781712,1.128538546,-0.018593195,-0.018593195,-0.000000000,0.000000000
925,1782712698.239179134,0.099547863,-0.018593195,-0.013316967,1.111427885,-1.085778351,-79.286723646,0.139745816,-0.002406915,0.002675809,0.002648082,-0.000046678,0.002674825,0.005276228,0.005276228,-0.000000000,-1.143701947,-0.000828390,1.131213370,-0.013316967,-0.013316967,-0.000000000,0.000000000
926,1782712698.338645935,0.099466801,-0.013316967,-0.009820877,0.761971827,-1.113828713,-79.196723878,0.160730364,-0.005768112,0.000448510,0.003124398,-0.000076693,0.000448385,0.003496090,0.003496090,-0.000000000,-1.140577549,-0.000905083,1.131661756,-0.009820877,-0.009820877,-0.000000000,0.000000000
927,1782712698.438794613,0.100148678,-0.009820877,-0.005818135,0.555472601,-1.133658731,-78.703530234,0.144271293,0.009905631,0.001052607,0.002854377,0.000096013,0.001052352,0.004002741,0.004002741,-0.000000000,-1.137723172,-0.000809070,1.132714107,-0.005818135,-0.005818135,-0.000000000,0.000000000
928,1782712698.539508343,0.100713730,-0.005818135,-0.002559692,0.413413638,-0.891987241,-78.194066859,0.145050698,-0.002915333,0.001021552,0.002258075,-0.000021033,0.001021401,0.003258443,0.003258443,-0.000000000,-1.135465098,-0.000830103,1.133735509,-0.002559692,-0.002559692,-0.000000000,0.000000000
929,1782712698.739882469,0.200374126,-0.002559692,0.010908774,0.216824689,-0.949130649,-77.831238255,0.296968224,-0.039849598,0.008701315,0.004919189,-0.000150782,0.008700059,0.013468466,0.013468466,0.000000000,-1.130545909,-0.000980885,1.142435568,0.010908774,0.010908774,-0.000000000,0.000000000
930,1782712698.839663982,0.099781513,0.010908774,0.014265608,0.232421009,-0.826941812,-80.576830142,0.144649789,-0.027791504,0.001382077,0.002087637,-0.000112725,0.001381921,0.003356834,0.003356834,0.000000000,-1.128458272,-0.001093609,1.143817489,0.014265608,0.014265608,-0.000000000,0.000000000
931,1782712698.938921213,0.099257231,0.014265608,0.016289896,0.397101214,-1.072886662,-83.235538241,0.160084056,-0.026114882,-0.000792372,0.002997464,-0.000180962,-0.000792214,0.002024288,0.002024288,0.000000000,-1.125460808,-0.001274571,1.143025275,0.016289896,0.016289896,-0.000000000,0.000000000
932,1782712699.038705111,0.099783897,0.016289896,0.016640980,0.496177188,-1.164853659,-85.731765729,0.149965750,-0.015794081,-0.002561468,0.003048673,-0.000136746,-0.002560843,0.000351085,0.000351085,0.000000000,-1.122412135,-0.001411317,1.140464432,0.016640980,0.016640980,-0.000000000,0.000000000
933,1782712699.139556885,0.100851774,0.016640980,0.027447807,0.026233174,-0.552588032,-87.277743813,0.159595259,0.009291368,0.009263815,0.001539190,0.000004254,0.009263384,0.010806827,0.010806827,-0.000000000,-1.120872945,-0.001407063,1.149727815,0.027447807,0.027447807,-0.000000000,0.000000000
934,1782712699.238946199,0.099389315,0.027447807,0.035548420,0.437940672,-0.870615939,-86.796351978,0.138375721,-0.004592745,0.006034032,0.002102554,-0.000035100,0.006033159,0.008100613,0.008100613,0.000000000,-1.118770391,-0.001442163,1.155760975,0.035548420,0.035548420,-0.000000000,0.000000000
935,1782712699.439542055,0.200595856,0.035548420,0.041129149,0.339264654,-1.145821931,-86.387582146,0.302038847,0.009468893,-0.000515321,0.006039881,0.000056056,-0.000515209,0.005580729,0.005580729,0.000000000,-1.112730511,-0.001386107,1.155245766,0.041129149,0.041129149,-0.000000000,0.000000000
936,1782712699.538778782,0.099236727,0.041129149,0.045865501,0.023778051,-0.922133301,-84.891090828,0.157635208,0.003561372,0.002198246,0.002536913,0.000001478,0.002197961,0.004736352,0.004736352,0.000000000,-1.110193598,-0.001384629,1.157443727,0.045865501,0.045865501,-0.000000000,0.000000000
937,1782712699.739539862,0.200761080,0.045865501,0.055913341,-0.151639820,-0.563797151,-84.299064992,0.314946244,0.003010500,0.006957111,0.003099058,-0.000007967,0.006956750,0.010047841,0.010047841,0.000000000,-1.107094540,-0.001392596,1.164400477,0.055913341,0.055913341,-0.000000000,0.000000000
938,1782712699.939616203,0.200076342,0.055913341,0.068007776,0.427116020,-0.831746568,-83.547508989,0.303034825,-0.014184162,0.007802283,0.004398916,-0.000105725,0.007801244,0.012094435,0.012094435,0.000000000,-1.102695624,-0.001498321,1.172201721,0.068007776,0.068007776,-0.000000000,0.000000000
939,1782712700.039687872,0.100071669,0.068007776,0.070294418,0.401765783,-0.595683945,-83.685517265,0.163724172,-0.003134603,0.000606517,0.001702152,-0.000021979,0.000606469,0.002286642,0.002286642,-0.000000000,-1.100993472,-0.001520300,1.172808190,0.070294418,0.070294418,-0.000000000,0.000000000
940,1782712700.139072657,0.099384785,0.070294418,0.082026663,0.401631679,-0.605144026,-83.888331231,0.137646766,0.002355806,0.010262792,0.001453764,0.000016513,0.010261968,0.011732245,0.011732245,-0.000000000,-1.099539708,-0.001503787,1.183070158,0.082026663,0.082026663,-0.000000000,0.000000000
941,1782712700.238860607,0.099787951,0.082026663,0.075590303,0.490683585,-0.589462848,-83.301187070,0.147759890,-0.006450576,-0.007901965,0.001520137,-0.000055239,-0.007901257,-0.006436360,-0.006436360,0.000000000,-1.098019571,-0.001559027,1.175168901,0.075590303,0.075590303,-0.000000000,0.000000000
942,1782712700.339651585,0.100790977,0.075590303,0.085225870,0.332460092,-1.222296086,-82.924804845,0.155872132,0.006748510,0.006272968,0.003324982,0.000039149,0.006271435,0.009635567,0.009635567,-0.000000000,-1.094694589,-0.001519877,1.181440336,0.085225870,0.085225870,-0.000000000,0.000000000
943,1782712700.438746214,0.099094629,0.085225870,0.088294727,0.281935769,-0.881418776,-82.593996606,0.155481213,-0.005559581,0.000704527,0.002391776,-0.000027354,0.000704435,0.003068857,0.003068857,-0.000000000,-1.092302813,-0.001547231,1.182144771,0.088294727,0.088294727,-0.000000000,0.000000000
944,1782712700.539612055,0.100865841,0.088294727,0.093513194,0.404158642,-0.575342376,-82.174079613,0.154476432,-0.000746599,0.003672842,0.001551167,-0.000005266,0.003672565,0.005218467,0.005218467,-0.000000000,-1.090751646,-0.001552497,1.185817336,0.093513194,0.093513194,-0.000000000,0.000000000
945,1782712700.639799833,0.100187778,0.093513194,0.102796688,0.380666093,-0.659780493,-81.671396399,0.141134421,-0.001907441,0.007671669,0.001625175,-0.000012672,0.007670991,0.009283494,0.009283494,0.000000000,-1.089126470,-0.001565169,1.193488328,0.102796688,0.102796688,-0.000000000,0.000000000
946,1782712700.739036083,0.099236250,0.102796688,0.104891714,0.391761577,-1.196838377,-81.129073183,0.147603978,0.007082244,-0.001036680,0.003083041,0.000048414,-0.001036429,0.002095026,0.002095026,0.000000000,-1.086043429,-0.001516755,1.192451898,0.104891714,0.104891714,-0.000000000,0.000000000
947,1782712700.838808060,0.099771976,0.104891714,0.116494389,0.229941799,-0.918660360,-80.735963199,0.140308778,-0.006605486,0.009380896,0.002249565,-0.000026506,0.009379615,0.011602674,0.011602674,0.000000000,-1.083793864,-0.001543261,1.201831513,0.116494389,0.116494389,-0.000000000,0.000000000
948,1782712700.939610243,0.100802183,0.116494389,0.119258138,0.400879975,-1.112663500,-80.529408840,0.150886891,-0.012882362,-0.000076136,0.002929985,-0.000090116,-0.000076120,0.002763750,0.002763750,-0.000000000,-1.080863879,-0.001633377,1.201755394,0.119258138,0.119258138,-0.000000000,0.000000000
949,1782712701.038919687,0.099309444,0.119258138,0.127959359,0.857650203,-1.268136049,-81.659312178,0.154489989,-0.019137847,0.005570529,0.003419071,-0.000286390,0.005568540,0.008701221,0.008701221,-0.000000000,-1.077444808,-0.001919767,1.207323934,0.127959359,0.127959359,-0.000000000,0.000000000
950,1782712701.138877392,0.099957705,0.127959359,0.127319689,1.016719949,-0.877715944,-82.921346734,0.155744119,-0.000827488,-0.003011572,0.002385756,-0.000014681,-0.003010745,-0.000639670,-0.000639670,0.000000000,-1.075059052,-0.001934448,1.204313189,0.127319689,0.127319689,-0.000000000,0.000000000
951,1782712701.239146948,0.100269556,0.127319689,0.131430751,1.094863343,-0.554396678,-83.199931295,0.138113803,0.000974463,0.002756700,0.001336375,0.000018619,0.002756068,0.004111062,0.004111062,-0.000000000,-1.073722677,-0.001915829,1.207069257,0.131430751,0.131430751,-0.000000000,0.000000000
952,1782712701.338892221,0.099745274,0.131430751,0.134394851,1.095512149,-0.381726586,-82.597112994,0.168076055,0.006426133,0.001721814,0.001119779,0.000122859,0.001721462,0.002964100,0.002964100,0.000000000,-1.072602898,-0.001792970,1.208790719,0.134394851,0.134394851,-0.000000000,0.000000000
953,1782712701.439393282,0.100501060,0.134394851,0.140468116,1.112919445,-0.089266679,-81.988297557,0.132256282,0.001352704,0.005842046,0.000206055,0.000026273,0.005840937,0.006073265,0.006073265,0.000000000,-1.072396843,-0.001766697,1.214631655,0.140468116,0.140468116,-0.000000000,0.000000000
954,1782712701.539219856,0.099826574,0.140468116,0.143566468,0.806736315,-0.000982502,-81.419337546,0.162609277,-0.000033353,0.003096340,0.000002788,-0.000000470,0.003096033,0.003098352,0.003098352,-0.000000000,-1.072394054,-0.001767166,1.217727689,0.143566468,0.143566468,-0.000000000,0.000000000
955,1782712701.638719320,0.099499464,0.143566468,0.143207938,0.735440911,0.104153924,-81.011402754,0.149960687,0.000283297,-0.000089571,-0.000272603,0.000003636,-0.000089564,-0.000358530,-0.000358530,0.000000000,-1.072666657,-0.001763530,1.217638125,0.143207938,0.143207938,-0.000000000,0.000000000
956,1782712701.739860058,0.101140738,0.143207938,0.147470372,0.215691835,0.266918107,-80.397905272,0.150228997,-0.002306781,0.004971061,-0.000699854,-0.000008684,0.004970972,0.004262434,0.004262434,0.000000000,-1.073366511,-0.001772214,1.222609097,0.147470372,0.147470372,-0.000000000,0.000000000
957,1782712701.839774370,0.099914312,0.147470372,0.149011114,0.256436534,0.443604978,-80.005444297,0.141440063,0.001500739,0.002629201,-0.001095070,0.000006717,0.002629095,0.001540742,0.001540742,0.000000000,-1.074461581,-0.001765497,1.225238193,0.149011114,0.149011114,-0.000000000,0.000000000
958,1782712701.938851357,0.099076986,0.149011114,0.151073662,0.187838384,0.383102661,-79.571823668,0.156829481,0.008582247,0.003083116,-0.001048617,0.000028135,0.003083030,0.002062549,0.002062549,0.000000000,-1.075510199,-0.001737362,1.228321223,0.151073662,0.151073662,-0.000000000,0.000000000
959,1782712702.039812088,0.100960732,0.151073662,0.146666016,0.065596303,0.111253036,-78.978287297,0.161747534,-0.002695852,-0.004090500,-0.000314070,-0.000003086,-0.004090489,-0.004407646,-0.004407646,0.000000000,-1.075824269,-0.001740448,1.224230734,0.146666016,0.146666016,-0.000000000,0.000000000
960,1782712702.138914585,0.099102497,0.146666016,0.146303343,-0.421954486,0.386281816,-78.466503657,0.152762095,0.000936250,0.000674152,-0.001029897,-0.000006895,0.000674119,-0.000362674,-0.000362674,0.000000000,-1.076854166,-0.001747343,1.224904852,0.146303343,0.146303343,-0.000000000,0.000000000
961,1782712702.339507580,0.200592995,0.146303343,0.157706244,-0.522427185,0.753515118,-77.991759490,0.306538534,-0.001475172,0.015422696,-0.004031270,0.000013449,0.015420722,0.011402901,0.011402901,0.000000000,-1.080885436,-0.001733894,1.240325574,0.157706244,0.157706244,-0.000000000,0.000000000
962,1782712702.438878536,0.099370956,0.157706244,0.159740241,-0.296217185,0.085527992,-77.341627384,0.131232432,-0.000121074,0.002229300,-0.000195896,0.000000626,0.002229267,0.002033997,0.002033997,-0.000000000,-1.081081333,-0.001733268,1.242554841,0.159740241,0.159740241,-0.000000000,0.000000000
963,1782712702.539676189,0.100797653,0.159740241,0.156136924,-0.208245613,-0.072074548,-76.877612310,0.164616039,-0.001130336,-0.003814530,0.000207077,0.000004108,-0.003814502,-0.003603317,-0.003603317,-0.000000000,-1.080874256,-0.001729159,1.238740339,0.156136924,0.156136924,-0.000000000,0.000000000
964,1782712702.640464306,0.100788116,0.156136924,0.157912435,-0.086366686,0.121803030,-76.038183115,0.140682322,0.006308460,0.002084099,-0.000299071,-0.000009509,0.002084092,0.001775511,0.001775511,-0.000000000,-1.081173327,-0.001738669,1.240824431,0.157912435,0.157912435,-0.000000000,0.000000000
965,1782712702.739017725,0.098553419,0.157912435,0.167469600,-0.257185833,0.502131298,-75.524445041,0.147554163,-0.007892645,0.010815388,-0.001293125,0.000035427,0.010814864,0.009557165,0.009557165,0.000000000,-1.082466452,-0.001703242,1.251639295,0.167469600,0.167469600,-0.000000000,0.000000000
966,1782712702.839689970,0.100672245,0.167469600,0.166235489,-0.326339825,0.192065268,-74.811877905,0.157458407,-0.012213057,-0.000775862,-0.000527827,0.000069561,-0.000775845,-0.001234111,-0.001234111,0.000000000,-1.082994279,-0.001633681,1.250863449,0.166235489,0.166235489,-0.000000000,0.000000000
967,1782712702.939698696,0.100008726,0.166235489,0.171647406,-0.397648931,-0.228122715,-75.105339015,0.141354113,-0.016434637,0.004735210,0.000562799,0.000114059,0.004735058,0.005411916,0.005411916,-0.000000000,-1.082431480,-0.001519622,1.255598507,0.171647406,0.171647406,-0.000000000,0.000000000
968,1782712703.038702726,0.099004030,0.171647406,0.178846321,-0.472569271,-0.386137491,-76.796880255,0.155505185,-0.006141317,0.006100611,0.001047999,0.000050651,0.006100265,0.007198915,0.007198915,0.000000000,-1.081383481,-0.001468971,1.261698772,0.178846321,0.178846321,-0.000000000,0.000000000
969,1782712703.139890194,0.101187468,0.178846321,0.180745680,-0.358371024,-0.288491637,-77.712855323,0.147080387,-0.001346127,0.001150411,0.000740566,0.000008420,0.001150374,0.001899359,0.001899359,0.000000000,-1.080642915,-0.001460551,1.262849146,0.180745680,0.180745680,-0.000000000,0.000000000
970,1782712703.239822865,0.099932671,0.180745680,0.187315161,-0.314230795,-0.777047440,-77.427972995,0.147184714,0.001671233,0.004583074,0.001996063,-0.000009165,0.004582583,0.006569482,0.006569482,0.000000000,-1.078646852,-0.001469716,1.267431729,0.187315161,0.187315161,-0.000000000,0.000000000
971,1782712703.338793278,0.098970413,0.187315161,0.183821454,-0.263656520,-0.954945526,-76.807337988,0.146084051,0.004807717,-0.005907132,0.002434662,-0.000022120,-0.005906249,-0.003493708,-0.003493708,-0.000000000,-1.076212190,-0.001491836,1.261525480,0.183821454,0.183821454,-0.000000000,0.000000000
972,1782712703.439749241,0.100955963,0.183821454,0.188561720,-0.576957061,-0.374183830,-76.507795749,0.148033667,-0.004395746,0.003729510,0.000966762,0.000044263,0.003729241,0.004740266,0.004740266,0.000000000,-1.075245428,-0.001447574,1.265254721,0.188561720,0.188561720,-0.000000000,0.000000000
973,1782712703.538974047,0.099224806,0.188561720,0.195320127,-0.745477505,-0.403444912,-75.942535515,0.156887521,-0.007812944,0.005552660,0.001104705,0.000101649,0.005552053,0.006758407,0.006758407,0.000000000,-1.074140723,-0.001345924,1.270806774,0.195320127,0.195320127,-0.000000000,0.000000000
974,1782712703.639459848,0.100485802,0.195320127,0.200860165,-0.386324417,-0.522755104,-75.871123528,0.145855793,-0.023601309,0.004050431,0.001330740,0.000159127,0.004050171,0.005540038,0.005540038,0.000000000,-1.072809982,-0.001186797,1.274856945,0.200860165,0.200860165,-0.000000000,0.000000000
975,1782712703.739767075,0.100307226,0.200860165,0.197486086,-0.305732323,-0.083303760,-77.405474772,0.149868277,-0.023922744,-0.003719685,0.000217897,0.000127652,-0.003719628,-0.003374079,-0.003374079,0.000000000,-1.072592085,-0.001059145,1.271137317,0.197486086,0.197486086,-0.000000000,0.000000000
976,1782712703.939687729,0.199920654,0.197486086,0.208063018,-0.458948777,-0.271764199,-80.503480736,0.296721064,-0.017045035,0.009033396,0.001407396,0.000136531,0.009033005,0.010576931,0.010576931,0.000000000,-1.071184689,-0.000922615,1.280170321,0.208063018,0.208063018,-0.000000000,0.000000000
977,1782712704.039915085,0.100227356,0.208063018,0.210370237,-0.429852802,-0.175793560,-81.577142455,0.141436698,-0.007964842,0.001813572,0.000433952,0.000059754,0.001813513,0.002307219,0.002307219,0.000000000,-1.070750737,-0.000862861,1.281983834,0.210370237,0.210370237,-0.000000000,0.000000000
978,1782712704.139761209,0.099846125,0.210370237,0.217533736,-0.453468965,-0.309131393,-81.766057900,0.143673588,0.010074399,0.006468362,0.000775167,-0.000079732,0.006468065,0.007163500,0.007163500,-0.000000000,-1.069975570,-0.000942593,1.288451899,0.217533736,0.217533736,-0.000000000,0.000000000
979,1782712704.238628387,0.098867178,0.217533736,0.212057833,-0.363844986,-0.429013922,-81.438021503,0.155599014,-0.009380896,-0.006700864,0.001165069,0.000059569,-0.006700541,-0.005475903,-0.005475903,-0.000000000,-1.068810501,-0.000883023,1.281751358,0.212057833,0.212057833,-0.000000000,0.000000000
980,1782712704.339961529,0.101333141,0.212057833,0.226130552,-0.717159949,-0.360270594,-81.097711847,0.138354789,0.002461857,0.013234874,0.000869956,-0.000030813,0.013233576,0.014072719,0.014072719,-0.000000000,-1.067940545,-0.000913837,1.294984933,0.226130552,0.226130552,-0.000000000,0.000000000
981,1782712704.440034151,0.100072622,0.226130552,0.218965245,-0.701500907,-0.212570326,-80.734743606,0.160317120,-0.001196214,-0.007775372,0.000594783,0.000014645,-0.007774736,-0.007165307,-0.007165307,0.000000000,-1.067345761,-0.000899191,1.287210198,0.218965245,0.218965245,-0.000000000,0.000000000
982,1782712704.539803982,0.099769831,0.218965245,0.225884337,-0.546273401,-0.491471452,-80.426432582,0.136477739,-0.000085434,0.005748086,0.001170664,0.000000815,0.005747613,0.006919091,0.006919091,-0.000000000,-1.066175097,-0.000898377,1.292957811,0.225884337,0.225884337,-0.000000000,0.000000000
983,1782712704.639011621,0.099207640,0.225884337,0.224061753,-0.505767346,-0.072502697,-79.959325913,0.151557800,0.002620482,-0.001991314,0.000191783,-0.000023131,-0.001991235,-0.001822584,-0.001822584,0.000000000,-1.065983315,-0.000921508,1.290966576,0.224061753,0.224061753,-0.000000000,0.000000000
984,1782712704.739619255,0.100607634,0.224061753,0.227561669,-0.539062099,-0.169405119,-79.593015338,0.153415349,-0.001256106,0.003034647,0.000453599,0.000011818,0.003034499,0.003499916,0.003499916,-0.000000000,-1.065529716,-0.000909690,1.294001075,0.227561669,0.227561669,-0.000000000,0.000000000
985,1782712704.839054346,0.099435091,0.227561669,0.223973762,-0.748821536,0.104067351,-79.149465461,0.164752576,0.002963338,-0.003250219,-0.000299243,-0.000038728,-0.003249936,-0.003587907,-0.003587907,-0.000000000,-1.065828959,-0.000948418,1.290751139,0.223973762,0.223973762,-0.000000000,0.000000000
986,1782712704.938821793,0.099767447,0.223973762,0.234435681,-0.625835000,-0.152803371,-78.719350739,0.129731355,-0.000107969,0.010115396,0.000345983,0.000001179,0.010114757,0.010461919,0.010461919,0.000000000,-1.065482976,-0.000947239,1.300865896,0.234435681,0.234435681,-0.000000000,0.000000000
987,1782712705.039620638,0.100798845,0.234435681,0.233142237,-0.621549987,-0.651192616,-78.406640345,0.143840242,-0.011970448,-0.003058442,0.001634775,0.000129846,-0.003058064,-0.001293444,-0.001293444,-0.000000000,-1.063848201,-0.000817393,1.297807832,0.233142237,0.233142237,-0.000000000,0.000000000
988,1782712705.138809919,0.099189281,0.233142237,0.246041305,-0.633702424,-0.904665066,-79.000008297,0.149589811,-0.007697147,0.010454057,0.002361833,0.000085120,0.010452115,0.012899067,0.012899067,-0.000000000,-1.061486368,-0.000732274,1.308259946,0.246041305,0.246041305,-0.000000000,0.000000000
989,1782712705.239037514,0.100227594,0.246041305,0.247909976,-1.044929252,-0.921967871,-79.195538454,0.147919133,0.003678921,-0.000444498,0.002380120,-0.000067082,-0.000444367,0.001868671,0.001868671,0.000000000,-1.059106249,-0.000799356,1.307815580,0.247909976,0.247909976,-0.000000000,0.000000000
990,1782712705.340415239,0.101377726,0.247909976,0.242017349,-0.782767192,-0.574704121,-78.803855176,0.151424621,-0.005581122,-0.007488781,0.001518836,0.000076242,-0.007487706,-0.005892627,-0.005892627,-0.000000000,-1.057587413,-0.000723113,1.300327874,0.242017349,0.242017349,-0.000000000,0.000000000
991,1782712705.438950062,0.098534822,0.242017349,0.254559939,-0.577103459,-0.397485564,-78.478270867,0.154719951,0.001367923,0.011483876,0.001073351,-0.000013778,0.011483017,0.012542590,0.012542590,-0.000000000,-1.056514062,-0.000736891,1.311810892,0.254559939,0.254559939,-0.000000000,0.000000000
992,1782712705.539065123,0.100115061,0.254559939,0.246782730,-0.812348170,-0.242565109,-77.959900953,0.137015625,0.006564254,-0.008265111,0.000580062,-0.000093065,-0.008264206,-0.007777209,-0.007777209,0.000000000,-1.055934000,-0.000829956,1.303546686,0.246782730,0.246782730,-0.000000000,0.000000000
993,1782712705.638723612,0.099658489,0.246782730,0.256655351,-1.129215383,-0.147534238,-77.453693953,0.146930749,-0.009996323,0.009299119,0.000378340,0.000196999,0.009297282,0.009872621,0.009872621,-0.000000000,-1.055555660,-0.000632957,1.312843968,0.256655351,0.256655351,-0.000000000,0.000000000
994,1782712705.738806009,0.100082397,0.256655351,0.253237131,-0.912525653,0.398007705,-77.166535526,0.159348752,-0.015142049,-0.002552836,-0.001106914,0.000241145,-0.002552451,-0.003418220,-0.003418220,0.000000000,-1.056662574,-0.000391812,1.310291517,0.253237131,0.253237131,-0.000000000,0.000000000
995,1782712705.839013100,0.100207090,0.253237131,0.256285892,-0.730265483,-0.000228588,-78.352646782,0.139915724,-0.023492629,0.002749008,0.000000558,0.000299418,0.002748785,0.003048761,0.003048761,0.000000000,-1.056662016,-0.000092393,1.313040302,0.256285892,0.256285892,-0.000000000,0.000000000
996,1782712705.939686298,0.100673199,0.256285892,0.262941980,-0.790938456,-0.037913263,-80.683444531,0.140977056,0.011704775,0.006725017,0.000093286,-0.000161573,0.006724374,0.006656087,0.006656087,-0.000000000,-1.056568730,-0.000253967,1.319764676,0.262941980,0.262941980,-0.000000000,0.000000000
997,1782712706.038825750,0.099139452,0.262941980,0.256622851,-0.763215829,-0.171088284,-80.726037965,0.166341412,-0.006889877,-0.006908251,0.000496704,0.000091774,-0.006907607,-0.006319129,-0.006319129,0.000000000,-1.056072026,-0.000162192,1.312857069,0.256622851,0.256622851,-0.000000000,0.000000000
998,1782712706.138475180,0.099649429,0.256622851,0.267787265,-1.043290556,-0.373115059,-79.924064392,0.122689282,-0.000387178,0.010360345,0.000798958,0.000007050,0.010358408,0.011164415,0.011164415,-0.000000000,-1.055273069,-0.000155143,1.323215477,0.267787265,0.267787265,-0.000000000,0.000000000
999,1782712706.239917755,0.101442575,0.267787265,0.273194519,-0.568515911,-0.301454357,-79.573865415,0.157825511,0.001696963,0.004594006,0.000830375,-0.000016838,0.004593717,0.005407254,0.005407254,0.000000000,-1.054442694,-0.000171980,1.327809193,0.273194519,0.273194519,-0.000000000,0.000000000
1000,1782712706.339186430,0.099268675,0.273194519,0.273182081,-0.497602981,-0.388853669,-79.057072461,0.131337480,0.003123525,-0.000876717,0.000891351,-0.000027126,-0.000876664,-0.000012438,-0.000012438,0.000000000,-1.053551343,-0.000199107,1.326932530,0.273182081,0.273182081,-0.000000000,0.000000000
1001,1782712706.438689232,0.099502802,0.273182081,0.275054891,-0.527446492,-0.650522897,-78.306204042,0.154112385,-0.009353324,0.000036999,0.001749718,0.000086097,0.000036995,0.001872810,0.001872810,0.000000000,-1.051801624,-0.000113010,1.326969525,0.275054891,0.275054891,-0.000000000,0.000000000
1002,1782712706.539855957,0.101166725,0.275054891,0.287014274,-0.621746397,-0.423595343,-78.023981102,0.146719039,-0.035317026,0.010492358,0.001084704,0.000383225,0.010491454,0.011959383,0.011959383,-0.000000000,-1.050716921,0.000270216,1.337460979,0.287014274,0.287014274,-0.000000000,0.000000000
1003,1782712706.638967991,0.099112034,0.287014274,0.279515393,-0.540001728,-0.404507318,-80.162147557,0.140156564,-0.037367586,-0.008841157,0.000989495,0.000352168,-0.008840544,-0.007498881,-0.007498881,0.000000000,-1.049727426,0.000622384,1.328620434,0.279515393,0.279515393,-0.000000000,0.000000000
1004,1782712706.739586592,0.100618601,0.279515393,0.283413765,-0.253113379,-0.595863450,-84.650972134,0.137978918,-0.007272556,0.002431477,0.001434924,0.000032126,0.002431322,0.003898372,0.003898372,0.000000000,-1.048292501,0.000654510,1.331051756,0.283413765,0.283413765,-0.000000000,0.000000000
1005,1782712706.839653730,0.100067139,0.283413765,0.281648310,-0.170168952,-0.622371776,-86.869470301,0.136080899,-0.001500977,-0.003248259,0.001478141,0.000004458,-0.003248053,-0.001765454,-0.001765454,0.000000000,-1.046814360,0.000658968,1.327803703,0.281648310,0.281648310,-0.000000000,0.000000000
1006,1782712706.938667774,0.099014044,0.281648310,0.292807282,-0.399741851,-0.296018596,-86.120729451,0.152431398,0.002909468,0.010392128,0.000787533,-0.000020298,0.010391737,0.011158971,0.011158971,-0.000000000,-1.046026827,0.000638669,1.338195439,0.292807282,0.292807282,-0.000000000,0.000000000
1007,1782712707.038378000,0.099710226,0.292807282,0.294564609,-0.630932482,-0.061298466,-85.421982090,0.129401057,0.004919442,0.001673160,0.000138441,-0.000054171,0.001673058,0.001757328,0.001757328,0.000000000,-1.045888386,0.000584498,1.339868497,0.294564609,0.294564609,-0.000000000,0.000000000
1008,1782712707.139650822,0.101272821,0.294564609,0.295771651,-0.773481891,-0.227391373,-84.640468823,0.143455021,0.003653993,0.000687103,0.000569332,-0.000049326,0.000687035,0.001207041,0.001207041,0.000000000,-1.045319053,0.000535172,1.340555532,0.295771651,0.295771651,-0.000000000,0.000000000
1009,1782712707.238957405,0.099306583,0.295771651,0.300276034,-0.730883159,-0.401751833,-83.892164488,0.152191301,0.000416029,0.003442915,0.001067140,-0.000005307,0.003442550,0.004504384,0.004504384,0.000000000,-1.044251913,0.000529865,1.343998082,0.300276034,0.300276034,-0.000000000,0.000000000
1010,1782712707.339598894,0.100641489,0.300276034,0.301333562,-0.574812726,-0.306179088,-83.160500230,0.143547846,0.006344302,0.000354105,0.000767092,-0.000063646,0.000354082,0.001057528,0.001057528,-0.000000000,-1.043484821,0.000466219,1.344352164,0.301333562,0.301333562,-0.000000000,0.000000000
1011,1782712707.439794064,0.100195169,0.301333562,0.302236202,-0.899566923,-0.538698775,-82.737525001,0.137310246,-0.004311740,-0.000456108,0.001290981,0.000067690,-0.000456032,0.000902639,0.000902639,0.000000000,-1.042193840,0.000533909,1.343896132,0.302236202,0.302236202,-0.000000000,0.000000000
1012,1782712707.538736343,0.098942280,0.302236202,0.308866794,-0.928032817,-0.379831719,-81.910441597,0.151202565,0.003931355,0.005692775,0.001002362,-0.000063673,0.005691903,0.006630592,0.006630592,0.000000000,-1.041191478,0.000470236,1.349588036,0.308866794,0.308866794,-0.000000000,0.000000000
1013,1782712707.638846397,0.100110054,0.308866794,0.311756470,-0.635116388,-0.165635088,-81.216331112,0.139821546,-0.001125922,0.002473152,0.000404206,0.000012480,0.002472990,0.002889677,0.002889677,-0.000000000,-1.040787272,0.000482717,1.352061025,0.311756470,0.311756470,-0.000000000,0.000000000
1014,1782712707.738763571,0.099917173,0.311756470,0.313623715,-0.476660843,-0.317967256,-80.527173888,0.132177418,0.004238710,0.001169040,0.000733525,-0.000035262,0.001168982,0.001867245,0.001867245,-0.000000000,-1.040053747,0.000447454,1.353230007,0.313623715,0.313623715,-0.000000000,0.000000000
1015,1782712707.839098215,0.100334644,0.313623715,0.317773612,-0.510618509,-0.338604201,-79.666264023,0.164222215,0.005063232,0.003224695,0.000970508,-0.000045122,0.003224511,0.004149897,0.004149897,0.000000000,-1.039083239,0.000402332,1.356454518,0.317773612,0.317773612,-0.000000000,0.000000000
1016,1782712707.939006329,0.099908113,0.317773612,0.322350370,-0.892219533,-0.339209992,-78.752884182,0.132607853,-0.001383699,0.003770657,0.000785078,0.000021546,0.003770134,0.004576758,0.004576758,-0.000000000,-1.038298161,0.000423878,1.360224652,0.322350370,0.322350370,-0.000000000,0.000000000
1017,1782712708.038724661,0.099718332,0.322350370,0.321718407,-0.720021878,0.009373787,-77.919443913,0.163621903,0.007654864,-0.000509039,-0.000026769,-0.000096194,-0.000508999,-0.000631962,-0.000631962,0.000000000,-1.038324930,0.000327684,1.359715653,0.321718407,0.321718407,-0.000000000,0.000000000
1018,1782712708.140107155,0.101382494,0.321718407,0.322567762,-0.528959819,-0.172369206,-77.329286929,0.115401845,0.000964271,0.000511106,0.000347176,-0.000008902,0.000511081,0.000849355,0.000849355,-0.000000000,-1.037977755,0.000318782,1.360226735,0.322567762,0.322567762,-0.000000000,0.000000000
1019,1782712708.238997459,0.098890305,0.322567762,0.325018530,-0.539856399,-0.137773327,-76.621035217,0.173004397,0.008988212,0.002119550,0.000416006,-0.000084688,0.002119450,0.002450768,0.002450768,0.000000000,-1.037561749,0.000234094,1.362346185,0.325018530,0.325018530,-0.000000000,0.000000000
1020,1782712708.338733673,0.099736214,0.325018530,0.329167503,-0.823649981,0.031574385,-75.931272453,0.128574258,-0.023817593,0.003877853,-0.000070854,0.000342376,0.003877452,0.004148973,0.004148973,0.000000000,-1.037632603,0.000576470,1.366223636,0.329167503,0.329167503,-0.000000000,0.000000000
1021,1782712708.438893795,0.100160122,0.329167503,0.329645460,-1.013422867,0.145956116,-75.886230141,0.158805149,-0.026349535,0.000416532,-0.000404542,0.000466033,0.000416466,0.000477957,0.000477957,-0.000000000,-1.038037145,0.001042503,1.366640102,0.329645460,0.329645460,-0.000000000,0.000000000
1022,1782712708.540197134,0.101303339,0.329645460,0.335672869,-0.600453189,-0.276453823,-78.581228394,0.122065309,-0.017707599,0.005253224,0.000588966,0.000185568,0.005252874,0.006027409,0.006027409,-0.000000000,-1.037448179,0.001228071,1.371892977,0.335672869,0.335672869,-0.000000000,0.000000000
1023,1782712708.638886929,0.098689795,0.335672869,0.335472398,-0.718025215,-0.238741156,-80.772503365,0.152507716,0.006857678,-0.000750070,0.000635470,-0.000085937,-0.000750005,-0.000200471,-0.000200471,0.000000000,-1.036812709,0.001142134,1.371142972,0.335472398,0.335472398,-0.000000000,0.000000000
1024,1782712708.739734411,0.100847483,0.335472398,0.343774603,-0.793844386,-0.206958245,-80.568788181,0.136056258,0.003807251,0.007864312,0.000491448,-0.000052748,0.007863506,0.008302205,0.008302205,-0.000000000,-1.036321261,0.001089386,1.379006478,0.343774603,0.343774603,-0.000000000,0.000000000
1025,1782712708.839794874,0.100060463,0.343774603,0.344297392,-1.110012927,-0.227779898,-79.616330738,0.152107297,-0.000049861,-0.000082896,0.000604702,0.000000966,-0.000082879,0.000522789,0.000522789,0.000000000,-1.035716558,0.001090352,1.378923598,0.344297392,0.344297392,-0.000000000,0.000000000
1026,1782712708.938772917,0.098978043,0.344297392,0.346213083,-0.821369318,-0.224177573,-79.020590893,0.140147629,0.002553143,0.001404100,0.000548345,-0.000036599,0.001403945,0.001915691,0.001915691,-0.000000000,-1.035168213,0.001053753,1.380327543,0.346213083,0.346213083,-0.000000000,0.000000000
1027,1782712709.039153814,0.100380898,0.346213083,0.348022680,-0.692590128,-0.329652948,-78.471870579,0.150044998,0.001152187,0.000960326,0.000863284,-0.000013927,0.000960240,0.001809597,0.001809597,-0.000000000,-1.034304929,0.001039826,1.381287783,0.348022680,0.348022680,-0.000000000,0.000000000
1028,1782712709.139822006,0.100668192,0.348022680,0.346536556,-0.625119946,-0.198503177,-77.867090766,0.146682299,0.009061014,-0.001895576,0.000508185,-0.000098857,-0.001895452,-0.001486124,-0.001486124,0.000000000,-1.033796745,0.000940969,1.379392331,0.346536556,0.346536556,-0.000000000,0.000000000
1029,1782712709.238683701,0.098861694,0.346536556,0.352666073,-0.857291643,0.330029377,-77.136246807,0.141673606,0.001441861,0.006968035,-0.000816050,-0.000021573,0.006967139,0.006129517,0.006129517,0.000000000,-1.034612794,0.000919396,1.386359470,0.352666073,0.352666073,-0.000000000,0.000000000
1030,1782712709.338880777,0.100197077,0.352666073,0.353594226,-1.012242951,0.286703970,-76.438263274,0.146723787,-0.004392365,0.001585018,-0.000734192,0.000077595,0.001584751,0.000928153,0.000928153,-0.000000000,-1.035346986,0.000996991,1.387944221,0.353594226,0.353594226,-0.000000000,0.000000000
1031,1782712709.438718796,0.099838018,0.353594226,0.362257572,-0.851776714,-0.068263713,-75.869112072,0.133934769,-0.024847442,0.008135301,0.000159573,0.000369376,0.008134397,0.008663346,0.008663346,0.000000000,-1.035187413,0.001366367,1.396078618,0.362257572,0.362257572,-0.000000000,0.000000000
1032,1782712709.539745092,0.101026297,0.362257572,0.361060965,-0.895343863,0.037416624,-77.186089809,0.147913580,-0.020444594,-0.001419654,-0.000096594,0.000319468,-0.001419481,-0.001196606,-0.001196606,0.000000000,-1.035284007,0.001685835,1.394659137,0.361060965,0.361060965,-0.000000000,0.000000000
1033,1782712709.639055490,0.099310398,0.361060965,0.366057843,-0.702149177,-0.147297836,-80.017701233,0.141516323,-0.006058979,0.004559171,0.000363814,0.000074250,0.004558814,0.004996878,0.004996878,-0.000000000,-1.034920193,0.001760085,1.399217951,0.366057843,0.366057843,-0.000000000,0.000000000
1034,1782712709.739861965,0.100806475,0.366057843,0.364343717,-1.202496655,-0.048080814,-80.210058257,0.141092087,-0.005299061,-0.001944162,0.000118400,0.000111206,-0.001943733,-0.001714127,-0.001714127,0.000000000,-1.034801793,0.001871291,1.397274218,0.364343717,0.364343717,-0.000000000,0.000000000
1035,1782712709.839157343,0.099295378,0.364343717,0.373882941,-1.074674661,-0.005103978,-80.167768023,0.153215254,-0.007376673,0.009388874,0.000013649,0.000138353,0.009387222,0.009539224,0.009539224,0.000000000,-1.034788144,0.002009644,1.406661441,0.373882941,0.373882941,-0.000000000,0.000000000
1036,1782712709.939120770,0.099963427,0.373882941,0.359413326,-0.571885474,0.261746310,-80.276249552,0.145717059,0.001970708,-0.013785094,-0.000665682,-0.000019670,-0.013784264,-0.014469615,-0.014469615,-0.000000000,-1.035453826,0.001989975,1.392877177,0.359413326,0.359413326,-0.000000000,0.000000000
1037,1782712710.039899826,0.100779057,0.359413326,0.368510978,-0.548106502,0.421533333,-80.078814371,0.160651914,-0.006158123,0.010221417,-0.001181929,0.000058908,0.010220673,0.009097652,0.009097652,-0.000000000,-1.036635755,0.002048882,1.403097850,0.368510978,0.368510978,-0.000000000,0.000000000
1038,1782712710.139866352,0.099966526,0.368510978,0.369236445,-0.753876297,0.904678062,-79.883525409,0.143376785,-0.027813774,0.002623885,-0.002263770,0.000365907,0.002623330,0.000725468,0.000725468,0.000000000,-1.038899524,0.002414789,1.405721180,0.369236445,0.369236445,-0.000000000,0.000000000
1039,1782712710.240016937,0.100150585,0.369236445,0.373838670,-0.556707889,0.750550789,-81.635500370,0.153476655,-0.014850171,0.006469232,-0.002010423,0.000144275,0.006468372,0.004602224,0.004602224,0.000000000,-1.040909947,0.002559065,1.412189552,0.373838670,0.373838670,-0.000000000,0.000000000
1040,1782712710.338537693,0.098520756,0.373838670,0.371915656,-0.211928168,0.428314592,-83.982322351,0.145949020,-0.003618287,-0.000845395,-0.001091032,0.000013383,-0.000845366,-0.001923014,-0.001923014,0.000000000,-1.042000979,0.002572448,1.411344187,0.371915656,0.371915656,-0.000000000,0.000000000
1041,1782712710.438896179,0.100358486,0.371915656,0.376894021,-0.331869735,0.366216123,-84.204770581,0.145064804,0.003926641,0.005928530,-0.000927201,-0.000022743,0.005928310,0.004978365,0.004978365,-0.000000000,-1.042928180,0.002549704,1.417272496,0.376894021,0.376894021,-0.000000000,0.000000000
1042,1782712710.539586782,0.100690603,0.376894021,0.376708443,-0.115729762,0.505413739,-83.502945383,0.147650773,-0.002123821,0.001112609,-0.001302430,0.000004290,0.001112563,-0.000185578,-0.000185578,0.000000000,-1.044230610,0.002553994,1.418385059,0.376708443,0.376708443,-0.000000000,0.000000000
1043,1782712710.638970137,0.099383354,0.376708443,0.380854981,-0.507470914,0.392565273,-82.951557536,0.143241677,0.006069309,0.005182037,-0.000981421,-0.000053754,0.005181712,0.004146537,0.004146537,0.000000000,-1.045212031,0.002500240,1.423566772,0.380854981,0.380854981,-0.000000000,0.000000000
1044,1782712710.738757372,0.099787235,0.380854981,0.386247567,-0.408124230,0.271014956,-82.295843263,0.149376624,-0.000581321,0.006095233,-0.000706564,0.000004141,0.006095010,0.005392586,0.005392586,0.000000000,-1.045918595,0.002504381,1.429661782,0.386247567,0.386247567,-0.000000000,0.000000000
1045,1782712710.839760303,0.101002932,0.386247567,0.389580957,-0.465457980,0.283589647,-81.661774017,0.148455359,0.005577604,0.004113673,-0.000734788,-0.000045310,0.004113487,0.003333390,0.003333390,-0.000000000,-1.046653383,0.002459070,1.433775269,0.389580957,0.389580957,-0.000000000,0.000000000
1046,1782712710.939566135,0.099805832,0.389580957,0.390073242,-0.203753638,0.270695236,-81.008650974,0.134808639,0.004090110,0.001143754,-0.000636904,-0.000014545,0.001143734,0.000492285,0.000492285,0.000000000,-1.047290287,0.002444526,1.434919003,0.390073242,0.390073242,-0.000000000,0.000000000
1047,1782712711.038772345,0.099206209,0.390073242,0.385793475,-0.456154493,0.159388244,-80.447648419,0.162187968,-0.005963631,-0.003876201,-0.000451182,0.000047478,-0.003876063,-0.004279766,-0.004279766,0.000000000,-1.047741469,0.002492004,1.431042940,0.385793475,0.385793475,-0.000000000,0.000000000
1048,1782712711.139985800,0.101213455,0.385793475,0.393848064,-0.632246701,0.144760458,-80.048377741,0.139955359,-0.002442150,0.008381781,-0.000353603,0.000026948,0.008381244,0.008054588,0.008054588,-0.000000000,-1.048095072,0.002518952,1.439424184,0.393848064,0.393848064,-0.000000000,0.000000000
1049,1782712711.239142418,0.099156618,0.393848064,0.393846367,-0.286627750,-0.462358682,-79.443264664,0.146038849,0.000816085,-0.001176142,0.001178474,-0.000004082,-0.001176089,-0.000001697,-0.000001697,0.000000000,-1.046916598,0.002514869,1.438248095,0.393846367,0.393846367,-0.000000000,0.000000000
1050,1782712711.339127302,0.099984884,0.393846367,0.396523417,-0.355625767,0.078913757,-78.679684877,0.144224079,0.011314489,0.002945977,-0.000198640,-0.000070227,0.002945917,0.002677050,0.002677050,0.000000000,-1.047115238,0.002444643,1.441194013,0.396523417,0.396523417,-0.000000000,0.000000000
1051,1782712711.439472437,0.100345135,0.396523417,0.393877610,-0.535364689,0.024804693,-78.082639259,0.144959398,-0.005206002,-0.002631809,-0.000062756,0.000048644,-0.002631694,-0.002645807,-0.002645807,0.000000000,-1.047177995,0.002493286,1.438562319,0.393877610,0.393877610,-0.000000000,0.000000000
1052,1782712711.539795399,0.100322962,0.393877610,0.403008046,-0.630914892,0.432829839,-77.365614916,0.129872645,0.010050761,0.010223105,-0.000981088,-0.000110669,0.010222193,0.009130436,0.009130436,0.000000000,-1.048159083,0.002382617,1.448784512,0.403008046,0.403008046,-0.000000000,0.000000000
1053,1782712711.638984203,0.099188805,0.403008046,0.401714296,-0.716440179,0.569367495,-76.846907266,0.143871547,-0.019527383,-0.000108244,-0.001429677,0.000244157,-0.000108230,-0.001293750,-0.001293750,-0.000000000,-1.049588760,0.002626774,1.448676282,0.401714296,0.401714296,-0.000000000,0.000000000
1054,1782712711.739025593,0.100041389,0.401714296,0.405537141,-0.781357835,0.511874534,-76.705412819,0.149550317,-0.020779621,0.004876185,-0.001336049,0.000283357,0.004875537,0.003822845,0.003822845,-0.000000000,-1.050924809,0.002910131,1.453551819,0.405537141,0.405537141,-0.000000000,0.000000000
1055,1782712711.839026690,0.100001097,0.405537141,0.403319146,-0.645371056,0.131504576,-78.922631897,0.152116357,-0.031447886,-0.002223222,-0.000349135,0.000354216,-0.002223075,-0.002217995,-0.002217995,0.000000000,-1.051273944,0.003264347,1.451328744,0.403319146,0.403319146,-0.000000000,0.000000000
1056,1782712711.938807487,0.099780798,0.403319146,0.413570579,-0.709569444,0.050271548,-82.215196711,0.149263093,-0.008392016,0.010279262,-0.000130964,0.000103927,0.010278469,0.010251432,0.010251432,0.000000000,-1.051404908,0.003368273,1.461607213,0.413570579,0.413570579,-0.000000000,0.000000000
1057,1782712712.039700985,0.100893497,0.413570579,0.413486192,-0.722431542,0.079876817,-82.954806524,0.133072008,0.004504227,0.000157935,-0.000185517,-0.000056791,0.000157923,-0.000084386,-0.000084386,0.000000000,-1.051590426,0.003311482,1.461765136,0.413486192,0.413486192,-0.000000000,0.000000000
1058,1782712712.138951540,0.099250555,0.413486192,0.417169945,-0.439476018,-0.054643046,-82.280415325,0.145157067,0.003876336,0.003575156,0.000138436,-0.000029732,0.003575049,0.003683753,0.003683753,0.000000000,-1.051451989,0.003281750,1.465340185,0.417169945,0.417169945,-0.000000000,0.000000000
1059,1782712712.239212513,0.100260973,0.417169945,0.424621147,-0.611907383,0.032484592,-81.728015937,0.151035076,0.003481542,0.007574448,-0.000085631,-0.000037181,0.007574015,0.007451202,0.007451202,0.000000000,-1.051537620,0.003244568,1.472914200,0.424621147,0.424621147,-0.000000000,0.000000000
1060,1782712712.339004040,0.099791527,0.424621147,0.427550966,-0.853725966,-0.173179780,-80.975184231,0.140903449,0.001205060,0.002522177,0.000425888,-0.000017955,0.002521885,0.002929818,0.002929818,0.000000000,-1.051111732,0.003226613,1.475436085,0.427550966,0.427550966,-0.000000000,0.000000000
1061,1782712712.438941240,0.099937201,0.427550966,0.430632421,-1.025307011,-0.138787941,-80.198349253,0.151190583,0.002240774,0.002755771,0.000366230,-0.000040096,0.002755322,0.003081455,0.003081455,-0.000000000,-1.050745503,0.003186517,1.478191406,0.430632421,0.430632421,-0.000000000,0.000000000
1062,1782712712.539185524,0.100244284,0.430632421,0.428052590,-1.019220209,-0.321210954,-79.587466045,0.112199680,-0.002810099,-0.003259392,0.000629009,0.000049985,-0.003258825,-0.002579831,-0.002579831,-0.000000000,-1.050116493,0.003236502,1.474932582,0.428052590,0.428052590,-0.000000000,0.000000000
1063,1782712712.638984919,0.099799395,0.428052590,0.436324668,-0.895818838,-0.068783755,-79.173469740,0.157142016,-0.012653882,0.007886564,0.000188649,0.000197835,0.007885594,0.008272079,0.008272079,-0.000000000,-1.049927844,0.003434337,1.482818176,0.436324668,0.436324668,-0.000000000,0.000000000
1064,1782712712.738833666,0.099848747,0.436324668,0.437677466,-0.850221643,-0.050456092,-79.800133282,0.137596442,-0.019987351,0.000935145,0.000121171,0.000296585,0.000935042,0.001352797,0.001352797,-0.000000000,-1.049806673,0.003730921,1.483753218,0.437677466,0.437677466,-0.000000000,0.000000000
1065,1782712712.839506865,0.100673199,0.437677466,0.444757793,-0.830073778,-0.534251613,-81.853330269,0.154121727,0.005019557,0.005716811,0.001437079,-0.000072715,0.005715962,0.007080327,0.007080327,0.000000000,-1.048369594,0.003658206,1.489469180,0.444757793,0.444757793,-0.000000000,0.000000000
1066,1782712712.938728333,0.099221468,0.444757793,0.450863354,-0.746370511,-0.757459675,-81.628184339,0.111968895,0.001296504,0.004643044,0.001480204,-0.000016887,0.004642244,0.006105561,0.006105561,0.000000000,-1.046889390,0.003641319,1.494111424,0.450863354,0.450863354,-0.000000000,0.000000000
1067,1782712713.038928032,0.100199699,0.450863354,0.448794286,-0.851928286,-0.592324773,-81.044468985,0.161807920,-0.003530111,-0.003794917,0.001672743,0.000052484,-0.003794295,-0.002069067,-0.002069067,0.000000000,-1.045216646,0.003693803,1.490317129,0.448794286,0.448794286,-0.000000000,0.000000000
1068,1782712713.139883041,0.100955009,0.448794286,0.443579289,-0.777252032,-0.328329172,-80.247966424,0.140650181,0.001537573,-0.006000772,0.000805981,-0.000020857,-0.006000121,-0.005214997,-0.005214997,0.000000000,-1.044410665,0.003672946,1.484317008,0.443579289,0.443579289,-0.000000000,0.000000000
1069,1782712713.239030600,0.099147558,0.443579289,0.454562726,-0.913773470,-0.207817405,-79.705222676,0.136963189,0.007745856,0.010611606,0.000496778,-0.000123528,0.010610187,0.010983437,0.010983437,0.000000000,-1.043913888,0.003549419,1.494927195,0.454562726,0.454562726,-0.000000000,0.000000000
1070,1782712713.338847637,0.099817038,0.454562726,0.454441148,-1.115573864,-0.079834949,-79.212393711,0.149174501,-0.002243834,-0.000373192,0.000207857,0.000043686,-0.000373121,-0.000121578,-0.000121578,-0.000000000,-1.043706030,0.003593104,1.494554074,0.454441148,0.454441148,-0.000000000,0.000000000
1071,1782712713.439787149,0.100939512,0.454441148,0.455124851,-1.192963560,-0.068323892,-78.660096353,0.143828781,-0.010349072,0.000296791,0.000171512,0.000215464,0.000296727,0.000683703,0.000683703,-0.000000000,-1.043534518,0.003808568,1.494850801,0.455124851,0.455124851,-0.000000000,0.000000000
1072,1782712713.539247513,0.099460363,0.455124851,0.465527402,-1.002628514,-0.465691440,-78.603951146,0.132720682,-0.029931965,0.008801727,0.001078722,0.000523740,0.008800089,0.010402551,0.010402551,0.000000000,-1.042455796,0.004332308,1.503650889,0.465527402,0.465527402,-0.000000000,0.000000000
1073,1782712713.638890982,0.099643469,0.465527402,0.469456638,-1.043095530,-0.385223053,-80.993075661,0.126835753,-0.034613397,0.002446831,0.000852762,0.000630103,0.002446370,0.003929236,0.003929236,0.000000000,-1.041603034,0.004962412,1.506097259,0.469456638,0.469456638,-0.000000000,0.000000000
1074,1782712713.739182711,0.100291729,0.469456638,0.466924976,-1.143641627,-0.359523624,-84.568126989,0.147623361,0.004728982,-0.003364326,0.000926311,-0.000094384,-0.003363589,-0.002531661,-0.002531661,0.000000000,-1.040676722,0.004868028,1.502733670,0.466924976,0.466924976,-0.000000000,0.000000000
1075,1782712713.839161158,0.099978447,0.466924976,0.472619449,-1.122552927,-0.452142984,-85.294952915,0.131976038,-0.002155298,0.004611816,0.001041463,0.000042223,0.004610787,0.005694473,0.005694473,0.000000000,-1.039635260,0.004910251,1.507344458,0.472619449,0.472619449,-0.000000000,0.000000000
1076,1782712713.938784122,0.099622965,0.472619449,0.473575172,-1.023012127,-0.376751810,-84.583770571,0.156459248,0.005811692,0.000030688,0.001028800,-0.000103760,0.000030682,0.000955723,0.000955723,-0.000000000,-1.038606460,0.004806492,1.507375140,0.473575172,0.473575172,-0.000000000,0.000000000
1077,1782712714.039111614,0.100327492,0.473575172,0.474898901,-1.026051734,-0.069492240,-84.101352574,0.120254403,0.000683181,0.001190302,0.000145853,-0.000012234,0.001190110,0.001323729,0.001323729,0.000000000,-1.038460607,0.004794258,1.508565251,0.474898901,0.474898901,-0.000000000,0.000000000
1078,1782712714.139460325,0.100348711,0.474898901,0.473627172,-0.824013673,-0.044723527,-83.220459799,0.171896656,0.004095184,-0.001347153,0.000134178,-0.000058894,-0.001347013,-0.001271729,-0.001271729,0.000000000,-1.038326429,0.004735364,1.507218237,0.473627172,0.473627172,-0.000000000,0.000000000
1079,1782712714.239346266,0.099885941,0.473627172,0.480373217,-1.139191816,0.066590138,-82.441351098,0.111797318,-0.000054405,0.006876260,-0.000129933,0.000001082,0.006874896,0.006746045,0.006746045,0.000000000,-1.038456362,0.004736446,1.514093134,0.480373217,0.480373217,-0.000000000,0.000000000
1080,1782712714.439039946,0.199693680,0.480373217,0.482142364,-1.115328040,0.026943988,-81.619576390,0.282917643,0.007717626,0.002052804,-0.000133045,-0.000150223,0.002052415,0.001769147,0.001769147,-0.000000000,-1.038589407,0.004586223,1.516145548,0.482142364,0.482142364,-0.000000000,0.000000000
1081,1782712714.539898396,0.100858450,0.482142364,0.489304034,-0.908493615,-0.163019775,-80.296396903,0.161699074,0.001904205,0.006732665,0.000460071,-0.000030192,0.006731791,0.007161670,0.007161670,0.000000000,-1.038129336,0.004556031,1.522877340,0.489304034,0.489304034,-0.000000000,0.000000000
1082,1782712714.638729095,0.098830700,0.489304034,0.487757430,-0.753879370,-0.329191407,-79.673798049,0.123664070,0.004308941,-0.002200643,0.000710505,-0.000056693,-0.002200416,-0.001546604,-0.001546604,0.000000000,-1.037418832,0.004499338,1.520676924,0.487757430,0.487757430,-0.000000000,0.000000000
1083,1782712714.738948822,0.100219727,0.487757430,0.489745605,-0.909153897,-0.449775017,-78.886160901,0.151015163,-0.000617070,0.000793044,0.001185465,0.000009791,0.000792920,0.001988176,0.001988176,-0.000000000,-1.036233367,0.004509128,1.521469843,0.489745605,0.489745605,-0.000000000,0.000000000
1084,1782712714.838957548,0.100008726,0.489745605,0.489543447,-0.923293303,-0.466317493,-78.133765502,0.130893174,0.001401240,-0.001245080,0.001065298,-0.000022579,-0.001244878,-0.000202158,-0.000202158,-0.000000000,-1.035168068,0.004486550,1.520224966,0.489543447,0.489543447,-0.000000000,0.000000000
1085,1782712714.939617395,0.100659847,0.489543447,0.495533316,-0.499496070,-0.786715842,-77.483370861,0.152123571,0.006573096,0.003958980,0.002088710,-0.000057297,0.003958456,0.005989869,0.005989869,0.000000000,-1.033079358,0.004429253,1.524183422,0.495533316,0.495533316,-0.000000000,0.000000000
1086,1782712715.139078856,0.199461460,0.495533316,0.504274106,-0.588880720,-0.505960906,-76.723582403,0.272288095,0.008546686,0.006424758,0.002404459,-0.000087837,0.006424168,0.008740790,0.008740790,0.000000000,-1.030674899,0.004341416,1.530607590,0.504274106,0.504274106,-0.000000000,0.000000000
1087,1782712715.239110708,0.100031853,0.504274106,0.505555680,-1.183171043,-0.106163539,-75.088175038,0.134632245,-0.001487782,0.001001608,0.000249460,0.000030721,0.001001392,0.001281574,0.001281574,0.000000000,-1.030425439,0.004372136,1.531608982,0.505555680,0.505555680,-0.000000000,0.000000000
1088,1782712715.339133978,0.100023270,0.505555680,0.505421789,-1.044530563,-0.072971546,-74.330108275,0.141907910,0.003077626,-0.000258563,0.000180733,-0.000056103,-0.000258520,-0.000133891,-0.000133891,-0.000000000,-1.030244706,0.004316033,1.531350462,0.505421789,0.505421789,-0.000000000,0.000000000
1089,1782712715.439201832,0.100067854,0.505421789,0.504574590,-0.801056285,-0.090219620,-74.046532098,0.135312023,-0.022574575,-0.001376007,0.000213066,0.000315606,-0.001375871,-0.000847199,-0.000847199,0.000000000,-1.030031640,0.004631639,1.529974591,0.504574590,0.504574590,-0.000000000,0.000000000
1090,1782712715.639476299,0.200274467,0.504574590,0.507407987,-1.135982595,0.107581328,-74.601381074,0.282366134,-0.059088237,0.002192574,-0.000530184,0.001171442,0.002192139,0.002833397,0.002833397,-0.000000000,-1.030561824,0.005803081,1.532166730,0.507407987,0.507407987,-0.000000000,0.000000000
1091,1782712715.738820791,0.099344492,0.507407987,0.519130401,-0.938430410,-0.465185375,-80.202598527,0.140150100,-0.016300056,0.010319316,0.001137868,0.000266953,0.010317592,0.011722414,0.011722414,-0.000000000,-1.029423955,0.006070034,1.542484322,0.519130401,0.519130401,-0.000000000,0.000000000
1092,1782712715.838733673,0.099912882,0.519130401,0.523944560,-0.670712913,-0.278496756,-81.039463535,0.132609349,-0.006938038,0.004088702,0.000644570,0.000081215,0.004088374,0.004814159,0.004814159,0.000000000,-1.028779386,0.006151249,1.546572696,0.523944560,0.523944560,-0.000000000,0.000000000
1093,1782712715.939694166,0.100960493,0.523944560,0.524518462,-0.530648135,-0.381994563,-82.322595380,0.124883554,-0.000965504,-0.000267657,0.000832600,0.000008942,-0.000267639,0.000573903,0.000573903,-0.000000000,-1.027946785,0.006160191,1.546305057,0.524518462,0.524518462,-0.000000000,0.000000000
1094,1782712716.039161682,0.099467516,0.524518462,0.524645889,-0.636117307,-0.407854525,-82.331403386,0.143651481,-0.001588145,-0.000912845,0.001022561,0.000017631,-0.000912765,0.000127427,0.000127427,0.000000000,-1.026924225,0.006177822,1.545392292,0.524645889,0.524645889,-0.000000000,0.000000000
1095,1782712716.138695478,0.099533796,0.524645889,0.526473023,-1.002498987,-0.430584911,-81.709584311,0.142219632,0.001839785,0.000790677,0.001068788,-0.000032188,0.000790534,0.001827134,0.001827134,-0.000000000,-1.025855436,0.006145634,1.546182825,0.526473023,0.526473023,-0.000000000,0.000000000
1096,1782712716.239416838,0.100721359,0.526473023,0.531048602,-1.255225302,-0.191141955,-81.145401816,0.141389795,-0.001687352,0.004067931,0.000471683,0.000036963,0.004066932,0.004575579,0.004575579,-0.000000000,-1.025383753,0.006182597,1.550249758,0.531048602,0.531048602,-0.000000000,0.000000000
1097,1782712716.339010000,0.099593163,0.531048602,0.530128828,-1.139827600,-0.021844094,-80.854076669,0.143779883,-0.001640174,-0.001007416,0.000054816,0.000032627,-0.001007217,-0.000919774,-0.000919774,0.000000000,-1.025328937,0.006215224,1.549242541,0.530128828,0.530128828,-0.000000000,0.000000000
1098,1782712716.438745737,0.099735737,0.530128828,0.535423107,-0.961455567,0.196245657,-80.743034435,0.137756760,0.001366262,0.005789888,-0.000471834,-0.000022925,0.005789039,0.005294279,0.005294279,-0.000000000,-1.025800771,0.006192299,1.555031580,0.535423107,0.535423107,-0.000000000,0.000000000
1099,1782712716.539179325,0.100433588,0.535423107,0.542626700,-1.212925528,-0.197028601,-80.543531595,0.134874671,-0.001668583,0.006706009,0.000463806,0.000035320,0.006704466,0.007203592,0.007203592,-0.000000000,-1.025336965,0.006227619,1.561736046,0.542626700,0.542626700,-0.000000000,0.000000000
1100,1782712716.638870001,0.099690676,0.542626700,0.538283804,-1.285173696,-0.369714976,-80.062219267,0.158935748,0.004008630,-0.005279992,0.001025565,-0.000089906,-0.005278554,-0.004342895,-0.004342895,0.000000000,-1.024311401,0.006137713,1.556457492,0.538283804,0.538283804,-0.000000000,0.000000000
1101,1782712716.739869118,0.100999117,0.538283804,0.542253116,-1.374441488,-0.445419100,-79.429368587,0.129242994,0.006256220,0.003115632,0.001004729,-0.000150059,0.003114642,0.003969312,0.003969312,-0.000000000,-1.023306672,0.005987654,1.559572134,0.542253116,0.542253116,-0.000000000,0.000000000
1102,1782712716.839182377,0.099313259,0.542253116,0.542773018,-1.217503712,-0.230815284,-79.120883114,0.136207458,-0.001552135,-0.000061801,0.000548708,0.000032979,-0.000061786,0.000519902,0.000519902,0.000000000,-1.022757963,0.006020633,1.559510348,0.542773018,0.542773018,-0.000000000,0.000000000
1103,1782712716.938675880,0.099493504,0.542773018,0.543890712,-1.108554674,0.066895207,-78.536567862,0.141923812,-0.004671556,0.001193240,-0.000165702,0.000090379,0.001193016,0.001117694,0.001117694,0.000000000,-1.022923665,0.006111013,1.560703364,0.543890712,0.543890712,-0.000000000,0.000000000
1104,1782712717.039104462,0.100428581,0.543890712,0.547746093,-1.641100026,0.173560580,-78.202405376,0.146225106,0.000044460,0.004301384,-0.000442945,-0.000001273,0.004299600,0.003855382,0.003855382,-0.000000000,-1.023366610,0.006109739,1.565002964,0.547746093,0.547746093,-0.000000000,0.000000000
1105,1782712717.139117718,0.100013256,0.547746093,0.550471404,-1.690484053,0.275177406,-77.758915303,0.129103973,-0.002408682,0.003275770,-0.000620052,0.000071056,0.003274306,0.002725310,0.002725310,0.000000000,-1.023986662,0.006180795,1.568277271,0.550471404,0.550471404,-0.000000000,0.000000000
1106,1782712717.240053415,0.100935698,0.550471404,0.549688911,-1.561307239,0.147202398,-77.387833109,0.137894621,0.007908633,-0.000212816,-0.000354274,-0.000215482,-0.000212736,-0.000782492,-0.000782492,-0.000000000,-1.024340936,0.005965313,1.568064535,0.549688911,0.549688911,-0.000000000,0.000000000
1107,1782712717.338932753,0.098879337,0.549688911,0.551386854,-1.088194430,-0.064322421,-77.138210443,0.132907188,0.001000377,0.001568019,0.000149207,-0.000018999,0.001567735,0.001697943,0.001697943,0.000000000,-1.024191729,0.005946314,1.569632270,0.551386854,0.551386854,-0.000000000,0.000000000
1108,1782712717.439204931,0.100272179,0.551386854,0.560508877,-1.427263706,-0.640800792,-76.341998274,0.110256172,0.003066645,0.007968283,0.001233089,-0.000076379,0.007965313,0.009122022,0.009122022,0.000000000,-1.022958641,0.005869935,1.577597582,0.560508877,0.560508877,-0.000000000,0.000000000
1109,1782712717.539136887,0.099931955,0.560508877,0.558773970,-1.810724627,-0.940389507,-75.824825232,0.125624071,-0.004098829,-0.003928656,0.002061762,0.000129497,-0.003926166,-0.001734907,-0.001734907,0.000000000,-1.020896879,0.005999432,1.573671417,0.558773970,0.558773970,-0.000000000,0.000000000
1110,1782712717.638845682,0.099708796,0.558773970,0.558924016,-1.882430231,-0.732487098,-75.298174062,0.119322566,-0.000278218,-0.001385368,0.001525415,0.000009138,-0.001384507,0.000150047,0.000150047,-0.000000000,-1.019371464,0.006008570,1.572286910,0.558924016,0.558924016,-0.000000000,0.000000000
1111,1782712717.739845037,0.100999355,0.558924016,0.558840008,-1.762380002,-0.602537296,-75.040339708,0.117069711,0.000797083,-0.001291291,0.001231113,-0.000024513,-0.001290609,-0.000084008,-0.000084008,0.000000000,-1.018140351,0.005984058,1.570996301,0.558840008,0.558840008,-0.000000000,0.000000000
1112,1782712717.839248419,0.099403381,0.558840008,0.563226487,-1.772836883,0.294209334,-74.857901824,0.105037747,-0.005894871,0.004745805,-0.000539358,0.000182367,0.004743471,0.004386479,0.004386479,-0.000000000,-1.018679709,0.006166425,1.575739772,0.563226487,0.563226487,-0.000000000,0.000000000
1113,1782712717.939427853,0.100179434,0.563226487,0.559978227,-1.320212328,0.951453501,-74.558736685,0.076060280,-0.005373720,-0.002109905,-0.001262999,0.000123794,-0.002109054,-0.003248260,-0.003248260,0.000000000,-1.019942708,0.006290218,1.573630717,0.559978227,0.559978227,-0.000000000,0.000000000
1114,1782712718.038353920,0.098926067,0.559978227,0.561509143,-1.203973122,1.437812826,-74.919789579,0.053353983,-0.002027292,0.002828602,-0.001338755,0.000042584,0.002827087,0.001530916,0.001530916,0.000000000,-1.021281462,0.006332802,1.576457804,0.561509143,0.561509143,-0.000000000,0.000000000
1115,1782712718.139501333,0.101147413,0.561509143,0.563528702,-1.040549632,1.897603302,-75.929318900,0.031150557,0.004515385,0.003135250,-0.001031500,-0.000081955,0.003133013,0.002019559,0.002019559,-0.000000000,-1.022312962,0.006250847,1.579590817,0.563528702,0.563528702,-0.000000000,0.000000000
1116,1782712718.238811255,0.099309921,0.563528702,0.563695832,-0.864550145,1.632857798,-76.925790883,0.015039715,-0.000080597,0.000594778,-0.000428555,0.000001216,0.000594469,0.000167130,0.000167130,0.000000000,-1.022741517,0.006252063,1.580185287,0.563695832,0.563695832,-0.000000000,0.000000000
1117,1782712718.338961840,0.100150585,0.563695832,0.555595481,-1.170130118,1.691334035,-77.072019703,0.025214816,0.002561453,-0.007308557,-0.000744217,-0.000052285,-0.007303849,-0.008100351,-0.008100351,-0.000000000,-1.023485734,0.006199778,1.572881437,0.555595481,0.555595481,-0.000000000,0.000000000
1118,1782712718.439134598,0.100172758,0.555595481,0.556961104,-1.356285890,1.617542862,-76.872070799,0.035725149,-0.001290383,0.002345122,-0.001008439,0.000030530,0.002343531,0.001365623,0.001365623,0.000000000,-1.024494173,0.006230308,1.575224968,0.556961104,0.556961104,-0.000000000,0.000000000
1119,1782712718.539051056,0.099916458,0.556961104,0.560293352,-1.515473994,2.098885676,-76.742578423,0.049069303,0.001039026,0.005162104,-0.001797128,-0.000027461,0.005156836,0.003332248,0.003332248,-0.000000000,-1.026291301,0.006202847,1.580381805,0.560293352,0.560293352,-0.000000000,0.000000000
1120,1782712718.639453650,0.100402594,0.560293352,0.559184952,-1.336018964,2.383826848,-76.535122718,0.052831707,-0.000780884,0.001072090,-0.002197462,0.000018191,0.001070871,-0.001108400,-0.001108400,-0.000000000,-1.028488763,0.006221039,1.581452676,0.559184952,0.559184952,-0.000000000,0.000000000
1121,1782712718.739140987,0.099687338,0.559184952,0.564885037,-1.688455867,2.312396793,-76.206865761,0.017041714,0.010244650,0.006697655,-0.000687599,-0.000301611,0.006689295,0.005700085,0.005700085,-0.000000000,-1.029176361,0.005919427,1.588141971,0.564885037,0.564885037,-0.000000000,0.000000000
1122,1782712718.838692188,0.099551201,0.564885037,0.572865830,-3.393879955,1.829646623,-75.732246847,0.022477198,0.003589450,0.008931038,-0.000717650,-0.000212386,0.008910830,0.007980793,0.007980793,0.000000000,-1.029894012,0.005707041,1.597052801,0.572865830,0.572865830,-0.000000000,0.000000000
1123,1782712718.939767599,0.101075411,0.572865830,0.582689020,-3.811712692,1.355877622,-75.187683918,0.030238238,-0.012609333,0.009724919,-0.000715507,0.000838007,0.009700690,0.009823190,0.009823190,0.000000000,-1.030609519,0.006545048,1.606753491,0.582689020,0.582689020,-0.000000000,0.000000000
1124,1782712719.039003849,0.099236250,0.582689020,0.574942341,-2.893013736,0.232216559,-75.343311521,0.042331972,-0.000496896,-0.007609951,-0.000171569,0.000025079,-0.007600189,-0.007746679,-0.007746679,0.000000000,-1.030781087,0.006570127,1.599153301,0.574942341,0.574942341,-0.000000000,0.000000000
1125,1782712719.138897657,0.099893808,0.574942341,0.584885365,-1.777024319,-0.744799110,-75.710913951,0.046586674,-0.006193632,0.009150577,0.000605572,0.000192048,0.009145404,0.009943024,0.009943024,0.000000000,-1.030175515,0.006762175,1.608298705,0.584885365,0.584885365,-0.000000000,0.000000000
1126,1782712719.240516424,0.101618767,0.584885365,0.585175377,-1.540514582,-1.078544635,-75.545815349,0.049140683,0.004331923,-0.000518806,0.000924977,-0.000116438,-0.000518526,0.000290013,0.000290013,0.000000000,-1.029250538,0.006645737,1.607780179,0.585175377,0.585175377,-0.000000000,0.000000000
1127,1782712719.339192867,0.098676443,0.585175377,0.595643802,-1.387508135,-1.395070213,-75.416948923,0.054538692,-0.001596365,0.009107343,0.001327808,0.000038643,0.009101974,0.010468425,0.010468425,0.000000000,-1.027922730,0.006684380,1.616882152,0.595643802,0.595643802,-0.000000000,0.000000000
1128,1782712719.438989162,0.099796295,0.595643802,0.585865418,-1.722825557,-1.583962188,-75.429618133,0.062092686,-0.000358745,-0.011515125,0.001716356,0.000010781,-0.011505521,-0.009778384,-0.009778384,0.000000000,-1.026206374,0.006695161,1.605376631,0.585865418,0.585865418,-0.000000000,0.000000000
1129,1782712719.539994001,0.101004839,0.585865418,0.594230542,-2.020596487,-2.319840624,-75.326100960,0.043490788,-0.001096262,0.006575566,0.001760411,0.000038621,0.006566092,0.008365124,0.008365124,0.000000000,-1.024445963,0.006733783,1.611942723,0.594230542,0.594230542,-0.000000000,0.000000000
1130,1782712719.639077902,0.099083900,0.594230542,0.583928001,-1.999907495,-2.704204791,-75.286678206,0.033287574,0.003710767,-0.011763945,0.001570500,-0.000129354,-0.011743688,-0.010302542,-0.010302542,0.000000000,-1.022875463,0.006604429,1.600199035,0.583928001,0.583928001,-0.000000000,0.000000000
1131,1782712719.738976479,0.099898577,0.583928001,0.591395519,-2.539762766,-2.248511486,-76.618245556,0.021692916,0.000111554,0.006632978,0.000851097,-0.000004939,0.006621361,0.007467518,0.007467518,0.000000000,-1.022024367,0.006599489,1.606820396,0.591395519,0.591395519,-0.000000000,0.000000000
1132,1782712719.840333462,0.101356983,0.591395519,0.592334286,-3.046289957,-1.975341602,-76.293449625,0.037535697,0.000542584,-0.000326904,0.001293832,-0.000028817,-0.000326248,0.000938767,0.000938767,0.000000000,-1.020730534,0.006570672,1.606494148,0.592334286,0.592334286,-0.000000000,0.000000000
1133,1782712719.939499617,0.099166155,0.592334286,0.589370959,-2.860122205,-1.019815043,-75.639972450,0.052949527,-0.002708897,-0.004046560,0.000942406,0.000135147,-0.004040880,-0.002963327,-0.002963327,-0.000000000,-1.019788129,0.006705819,1.602453268,0.589370959,0.589370959,-0.000000000,0.000000000
1134,1782712720.039036989,0.099537373,0.589370959,0.589544707,-2.280654537,-0.177819499,-75.207571948,0.052849265,0.002739721,0.000118848,0.000164019,-0.000109025,0.000118754,0.000173748,0.000173748,0.000000000,-1.019624109,0.006596794,1.602572022,0.589544707,0.589544707,-0.000000000,0.000000000
1135,1782712720.139731646,0.100694656,0.589544707,0.594458937,-2.198545609,-0.157837125,-75.019135906,0.050926287,-0.002802843,0.004669872,0.000140290,0.000107523,0.004666417,0.004914231,0.004914231,-0.000000000,-1.019483819,0.006704317,1.607238439,0.594458937,0.594458937,-0.000000000,0.000000000
1136,1782712720.239058971,0.099327326,0.594458937,0.594822333,-2.259488163,-0.292216374,-75.043891271,0.070380471,-0.007165352,-0.000278265,0.000358949,0.000282492,-0.000278045,0.000363396,0.000363396,0.000000000,-1.019124870,0.006986810,1.606960394,0.594822333,0.594822333,-0.000000000,0.000000000
1137,1782712720.339193106,0.100134134,0.594822333,0.598225670,-2.295653435,-0.385063978,-75.363459462,0.057848130,-0.011754888,0.002545821,0.000388773,0.000470843,0.002543720,0.003403337,0.003403337,0.000000000,-1.018736097,0.007457653,1.609504114,0.598225670,0.598225670,-0.000000000,0.000000000
1138,1782712720.439780474,0.100587368,0.598225670,0.599954303,-2.033377206,-0.360602362,-76.389733880,0.058333763,-0.006618724,0.001127394,0.000367133,0.000234839,0.001126662,0.001728633,0.001728633,0.000000000,-1.018368964,0.007692491,1.610630776,0.599954303,0.599954303,-0.000000000,0.000000000
1139,1782712720.539301157,0.099520683,0.599954303,0.593108752,-2.140926603,-0.350338013,-77.028963354,0.048600359,0.000165580,-0.007141652,0.000297168,-0.000006186,-0.007136533,-0.006845551,-0.006845551,0.000000000,-1.018071797,0.007686306,1.603494243,0.593108752,0.593108752,-0.000000000,0.000000000
1140,1782712720.639055729,0.099754572,0.593108752,0.599391780,-1.993636276,-0.380875486,-77.112300772,0.013566762,0.001992078,0.006266074,0.000090185,-0.000069300,0.006262143,0.006283028,0.006283028,0.000000000,-1.017981612,0.007617006,1.609756386,0.599391780,0.599391780,-0.000000000,0.000000000
1141,1782712720.739321947,0.100266218,0.599391780,0.598116707,-2.068007286,-0.143582554,-76.961580097,0.008703745,-0.000176342,-0.001304101,0.000021811,0.000006363,-0.001303247,-0.001275072,-0.001275072,0.000000000,-1.017959801,0.007623369,1.608453139,0.598116707,0.598116707,-0.000000000,0.000000000
1142,1782712720.839496136,0.100174189,0.598116707,0.599175293,-2.027156087,-0.356901645,-76.884107142,-0.013102632,-0.002142205,0.001065115,-0.000081617,0.000075775,0.001064427,0.001058585,0.001058585,-0.000000000,-1.018041418,0.007699145,1.609517566,0.599175293,0.599175293,-0.000000000,0.000000000
1143,1782712720.939429522,0.099933386,0.599175293,0.595023341,-2.038381516,-0.315795328,-76.890072078,0.009336468,0.005882894,-0.003996756,0.000051459,-0.000209245,-0.003994166,-0.004151952,-0.004151952,0.000000000,-1.017989958,0.007489899,1.605523400,0.595023341,0.595023341,-0.000000000,0.000000000
1144,1782712721.039109468,0.099679947,0.595023341,0.600199067,-1.984702661,-0.417940793,-76.935465360,-0.015077779,-0.005560767,0.005096323,-0.000109983,0.000192579,0.005093130,0.005175726,0.005175726,-0.000000000,-1.018099941,0.007682478,1.610616530,0.600199067,0.600199067,-0.000000000,0.000000000
1145,1782712721.139221430,0.100111961,0.600199067,0.595547057,-2.030244856,-0.288574228,-76.929802011,0.008220279,0.004074449,-0.004551983,0.000041402,-0.000144344,-0.004549068,-0.004652010,-0.004652010,-0.000000000,-1.018058540,0.007538134,1.606067462,0.595547057,0.595547057,-0.000000000,0.000000000
1146,1782712721.239665508,0.100444078,0.595547057,0.598231240,-1.995396089,-0.420557045,-76.941526330,-0.010615678,-0.005323204,0.002578391,-0.000077919,0.000185345,0.002576758,0.002684183,0.002684183,0.000000000,-1.018136459,0.007723479,1.608644220,0.598231240,0.598231240,-0.000000000,0.000000000
1147,1782712721.339114904,0.099449396,0.598231240,0.596289334,-2.022999745,-0.331553380,-76.973898271,0.002291917,0.004744734,-0.001788824,0.000013263,-0.000167490,-0.001787679,-0.001941906,-0.001941906,-0.000000000,-1.018123197,0.007555990,1.606856541,0.596289334,0.596289334,-0.000000000,0.000000000
1148,1782712721.439172268,0.100057364,0.596289334,0.597021232,-2.002392991,-0.386326190,-76.941273563,-0.004486678,-0.003761710,0.000631114,-0.000030252,0.000131436,0.000630714,0.000731898,0.000731898,-0.000000000,-1.018153449,0.007687425,1.607487255,0.597021232,0.597021232,-0.000000000,0.000000000
1149,1782712721.539801359,0.100629091,0.597021232,0.595825002,-1.979377864,-0.323357876,-76.955455944,0.011585975,0.002177016,-0.001187152,0.000065387,-0.000075192,-0.001186425,-0.001196230,-0.001196230,-0.000000000,-1.018088062,0.007612233,1.606300830,0.595825002,0.595825002,-0.000000000,0.000000000
1150,1782712721.639941692,0.100140333,0.595825002,0.596133478,-1.996608266,-0.383777101,-76.926551576,-0.003205848,-0.005620385,0.000134222,-0.000021473,0.000195812,0.000134138,0.000308476,0.000308476,-0.000000000,-1.018109535,0.007808045,1.606434968,0.596133478,0.596133478,-0.000000000,0.000000000
1151,1782712721.739121199,0.099179506,0.596133478,0.596854022,-2.021444360,-0.386515934,-76.942766193,-0.000323693,0.005849352,0.000929650,-0.000002184,-0.000206323,0.000929050,0.000720544,0.000720544,-0.000000000,-1.018111718,0.007601722,1.607364018,0.596854022,0.596854022,-0.000000000,0.000000000
1152,1782712721.839920998,0.100799799,0.596854022,0.596284749,-1.998970267,-0.356001426,-76.931642830,-0.002582191,-0.000684808,-0.000577478,-0.000016044,0.000023887,-0.000577115,-0.000569272,-0.000569272,0.000000000,-1.018127762,0.007625609,1.606786903,0.596284749,0.596284749,-0.000000000,0.000000000
1153,1782712721.940051317,0.100130320,0.596284749,0.594461832,-2.031550264,-0.406803426,-76.985604633,-0.000579059,0.004967118,-0.001643801,-0.000004111,-0.000176079,-0.001642727,-0.001822917,-0.001822917,0.000000000,-1.018131874,0.007449530,1.605144176,0.594461832,0.594461832,-0.000000000,0.000000000
1154,1782712722.038892269,0.098840952,0.594461832,0.599222043,-1.997697995,-0.396765933,-76.953169518,-0.002582963,-0.007643218,0.004514518,-0.000017887,0.000266431,0.004511666,0.004760211,0.004760211,-0.000000000,-1.018149760,0.007715961,1.609655842,0.599222043,0.599222043,-0.000000000,0.000000000
1155,1782712722.139864206,0.100971937,0.599222043,0.594527867,-2.075382525,-0.367860592,-76.954018632,0.001127904,0.004182282,-0.004553042,0.000007242,-0.000151455,-0.004549962,-0.004694176,-0.004694176,-0.000000000,-1.018142519,0.007564505,1.605105881,0.594527867,0.594527867,-0.000000000,0.000000000
1156,1782712722.239928722,0.100064516,0.594527867,0.596822449,-2.031937069,-0.395183277,-76.929398656,0.000126724,-0.001429324,0.002244494,0.000000874,0.000050678,0.002243030,0.002294581,0.002294581,0.000000000,-1.018141645,0.007615183,1.607348910,0.596822449,0.596822449,-0.000000000,0.000000000
1157,1782712722.339142084,0.099213362,0.596822449,0.595410991,-2.040089204,-0.388364817,-76.939009861,0.003328952,-0.001405941,-0.001485046,0.000022564,0.000050049,-0.001484071,-0.001411458,-0.001411458,-0.000000000,-1.018119080,0.007665232,1.605864840,0.595410991,0.595410991,-0.000000000,0.000000000
1158,1782712722.439954042,0.100811958,0.595410991,0.601505535,-2.075791487,-0.399628673,-76.947799556,-0.000721863,0.000279909,0.006113878,-0.000005035,-0.000010138,0.006109717,0.006094544,0.006094544,-0.000000000,-1.018124115,0.007655093,1.611974557,0.601505535,0.601505535,-0.000000000,0.000000000
1159,1782712722.539036989,0.099082947,0.601505535,0.597738019,-2.041664839,-0.290321481,-76.941228439,0.001916764,0.000769076,-0.003752260,0.000009712,-0.000027399,-0.003749829,-0.003767516,-0.003767516,-0.000000000,-1.018114403,0.007627694,1.608224727,0.597738019,0.597738019,-0.000000000,0.000000000
1160,1782712722.639140129,0.100103140,0.597738019,0.601996277,-2.075071767,-0.329653914,-76.945272022,-0.000884949,0.001204750,0.004309869,-0.000005092,-0.000043622,0.004306972,0.004258258,0.004258258,-0.000000000,-1.018119495,0.007584072,1.612531699,0.601996277,0.601996277,-0.000000000,0.000000000
1161,1782712722.739930153,0.100790024,0.601996277,0.596623052,-2.046646065,-0.318643943,-76.940822933,-0.003646623,0.001380644,-0.005307106,-0.000020280,-0.000049306,-0.005303639,-0.005373225,-0.005373225,-0.000000000,-1.018139775,0.007534766,1.607228060,0.596623052,0.596623052,-0.000000000,0.000000000
1162,1782712722.839103699,0.099173546,0.596623052,0.599755790,-2.028180794,-0.327938442,-76.926195747,-0.000365685,-0.002968447,0.003031725,-0.000002093,0.000105055,0.003029776,0.003132738,0.003132738,0.000000000,-1.018141868,0.007639821,1.610257837,0.599755790,0.599755790,-0.000000000,0.000000000
1163,1782712723.108552933,0.269449234,0.599755790,0.596650246,-2.034093584,-0.321336924,-76.909365928,0.001105662,0.002834943,-0.003013069,0.000006201,-0.000100622,-0.003011123,-0.003105544,-0.003105544,-0.000000000,-1.018135667,0.007539198,1.607246714,0.596650246,0.596650246,-0.000000000,0.000000000
1164,1782712723.153158665,0.044605732,0.596650246,0.598360810,-2.044657595,-0.390410445,-76.954306549,0.000646467,-0.003822065,0.001570834,0.000004405,0.000136362,0.001569797,0.001710564,0.001710564,-0.000000000,-1.018131262,0.007675561,1.608816511,0.598360810,0.598360810,-0.000000000,0.000000000
1165,1782712723.239020348,0.085861683,0.598360810,0.596900798,-2.075938993,-0.288923768,-77.000448481,-0.001147182,0.005394053,-0.001259678,-0.000005785,-0.000195392,-0.001258836,-0.001460012,-0.001460012,0.000000000,-1.018137047,0.007480169,1.607557676,0.596900798,0.596900798,-0.000000000,0.000000000
1166,1782712723.339037418,0.100017071,0.596900798,0.593353223,-2.008178786,-0.340508860,-77.007550161,0.004932951,-0.001975115,-0.003648407,0.000029316,0.000069211,-0.003646102,-0.003547575,-0.003547575,-0.000000000,-1.018107730,0.007549380,1.603911573,0.593353223,0.593353223,-0.000000000,0.000000000
1167,1782712723.443099499,0.104062080,0.593353223,0.596494087,-2.030205291,-0.398037495,-77.023743723,-0.002516167,0.002051270,0.003233119,-0.000017480,-0.000072667,0.003231011,0.003140864,0.003140864,0.000000000,-1.018125210,0.007476712,1.607142585,0.596494087,0.596494087,-0.000000000,0.000000000
1168,1782712723.539415359,0.096315861,0.596494087,0.594521500,-1.982853091,-0.336425507,-76.985187276,-0.001140309,-0.002075138,-0.002038947,-0.000006696,0.000071799,-0.002037691,-0.001972587,-0.001972587,0.000000000,-1.018131906,0.007548512,1.605104894,0.594521500,0.594521500,-0.000000000,0.000000000
1169,1782712723.638938189,0.099522829,0.594521500,0.595719313,-2.060411334,-0.400605938,-77.047051556,0.001993432,0.002317301,0.001268038,0.000013938,-0.000083312,0.001267187,0.001197813,0.001197813,-0.000000000,-1.018117968,0.007465199,1.606372081,0.595719313,0.595719313,-0.000000000,0.000000000
1170,1782712723.739050865,0.100112677,0.595719313,0.593203649,-2.008500094,-0.352513053,-77.024595214,-0.000977888,-0.004577230,-0.002671758,-0.000006016,0.000160419,-0.002670066,-0.002515664,-0.002515664,-0.000000000,-1.018123984,0.007625618,1.603702015,0.593203649,0.593203649,-0.000000000,0.000000000
1171,1782712723.838893175,0.099842310,0.593203649,0.598270852,-2.051298418,-0.436896904,-77.018490439,-0.004547796,0.003771815,0.005240397,-0.000034678,-0.000135005,0.005236887,0.005067204,0.005067204,-0.000000000,-1.018158662,0.007490613,1.608938902,0.598270852,0.598270852,-0.000000000,0.000000000
1172,1782712723.939657450,0.100764275,0.598270852,0.596361136,-2.032439370,-0.343689872,-77.052768357,0.008202386,-0.004889526,-0.002133704,0.000049202,0.000173405,-0.002132323,-0.001909716,-0.001909716,-0.000000000,-1.018109460,0.007664018,1.606806579,0.596361136,0.596361136,-0.000000000,0.000000000
1173,1782712724.038910627,0.099253178,0.596361136,0.596652169,-2.050703385,-0.433070255,-77.036167852,-0.006885409,0.003341451,0.000462952,-0.000052043,-0.000119567,0.000462642,0.000291033,0.000291033,-0.000000000,-1.018161503,0.007544451,1.607269221,0.596652169,0.596652169,-0.000000000,0.000000000
1174,1782712724.139085293,0.100174665,0.596652169,0.599917938,-2.053289381,-0.362882204,-77.052567884,0.004566145,-0.005040495,0.003058282,0.000028919,0.000180592,0.003056257,0.003265769,0.003265769,-0.000000000,-1.018132584,0.007725044,1.610325478,0.599917938,0.599917938,-0.000000000,0.000000000
1175,1782712724.239903212,0.100817919,0.599917938,0.596838094,-2.054054670,-0.345597956,-77.032772023,-0.001409117,0.001435714,-0.003021883,-0.000008499,-0.000051458,-0.003019886,-0.003079844,-0.003079844,-0.000000000,-1.018141083,0.007673585,1.607305592,0.596838094,0.596838094,-0.000000000,0.000000000
1176,1782712724.339663267,0.099760056,0.596838094,0.598769204,-2.053006690,-0.374971561,-77.028495296,-0.000723630,0.003263530,0.002054119,-0.000004736,-0.000116910,0.002052756,0.001931110,0.001931110,-0.000000000,-1.018145819,0.007556675,1.609358348,0.598769204,0.598769204,-0.000000000,0.000000000
1177,1782712724.439058304,0.099395037,0.598769204,0.597470517,-2.008907224,-0.365134509,-77.023400540,-0.003894289,-0.000378056,-0.001287940,-0.000024817,0.000013252,-0.001287122,-0.001298687,-0.001298687,0.000000000,-1.018170636,0.007569927,1.608071227,0.597470517,0.597470517,-0.000000000,0.000000000
1178,1782712724.539874792,0.100816488,0.597470517,0.600320772,-2.064215490,-0.374660910,-77.076060788,0.003381833,-0.000119446,0.002825733,0.000022114,0.000004302,0.002823839,0.002850255,0.002850255,0.000000000,-1.018148523,0.007574230,1.610895065,0.600320772,0.600320772,-0.000000000,0.000000000
1179,1782712724.638959169,0.099084377,0.600320772,0.596023816,-2.013717306,-0.350465770,-77.040577000,0.000473858,0.002622303,-0.004210390,0.000002898,-0.000092143,-0.004207712,-0.004296956,-0.004296956,-0.000000000,-1.018145624,0.007482087,1.606687354,0.596023816,0.596023816,-0.000000000,0.000000000
1180,1782712724.739204884,0.100245714,0.596023816,0.598837149,-2.021180863,-0.357476256,-77.073387771,0.011579386,-0.003197781,0.002629995,0.000072245,0.000112780,0.002628308,0.002813333,0.002813333,0.000000000,-1.018073379,0.007594867,1.609315662,0.598837149,0.598837149,-0.000000000,0.000000000
1181,1782712724.839901924,0.100697041,0.598837149,0.595634213,-2.004782794,-0.433772092,-77.042061086,0.031948828,0.004439486,-0.003291618,0.000241874,-0.000155302,-0.003289509,-0.003202937,-0.003202937,0.000000000,-1.017831505,0.007439565,1.606026152,0.595634213,0.595634213,-0.000000000,0.000000000
1182,1782712724.939426184,0.099524260,0.595634213,0.601370228,-2.005426132,-0.536793167,-77.067304769,0.042922444,0.002251721,0.005416238,0.000402126,-0.000078794,0.005412683,0.005736016,0.005736016,0.000000000,-1.017429379,0.007360772,1.611438835,0.601370228,0.601370228,-0.000000000,0.000000000
1183,1782712725.038966179,0.099539995,0.601370228,0.599610537,-2.044420362,-0.400511981,-76.877916670,0.060043298,-0.003324342,-0.002299516,0.000419714,0.000118591,-0.002297996,-0.001759691,-0.001759691,-0.000000000,-1.017009664,0.007479362,1.609140839,0.599610537,0.599610537,-0.000000000,0.000000000
1184,1782712725.140051126,0.101084948,0.599610537,0.596487785,-2.089236423,-0.262644711,-76.678588043,0.075113836,0.000346757,-0.003456766,0.000344322,-0.000012641,-0.003454432,-0.003122752,-0.003122752,0.000000000,-1.016665342,0.007466721,1.605686407,0.596487785,0.596487785,-0.000000000,0.000000000
1185,1782712725.239378691,0.099327564,0.596487785,0.595079156,-2.051319941,-0.008698935,-76.502250458,0.079655818,0.001084624,-0.001382786,0.000012094,-0.000038824,-0.001381900,-0.001408630,-0.001408630,0.000000000,-1.016653249,0.007427897,1.604304507,0.595079156,0.595079156,-0.000000000,0.000000000
1186,1782712725.339134216,0.099755526,0.595079156,0.601751333,-2.075172025,0.356796380,-76.231607702,0.081099713,-0.010600704,0.006797943,-0.000505027,0.000383851,0.006793353,0.006672177,0.006672177,0.000000000,-1.017158275,0.007811748,1.611097860,0.601751333,0.601751333,-0.000000000,0.000000000
1187,1782712725.440023899,0.100889683,0.601751333,0.604098091,-2.146372073,0.388031144,-76.432057663,0.082637015,-0.020478285,0.002141013,-0.000559648,0.000766945,0.002139461,0.002346758,0.002346758,0.000000000,-1.017717924,0.008578694,1.613237321,0.604098091,0.604098091,-0.000000000,0.000000000
1188,1782712725.539074659,0.099050760,0.604098091,0.601432450,-2.094229007,0.069872077,-78.106859116,0.076556123,-0.012637568,-0.003036126,-0.000093360,0.000461815,-0.003034096,-0.002665641,-0.002665641,-0.000000000,-1.017811284,0.009040509,1.610203225,0.601432450,0.601432450,-0.000000000,0.000000000
1189,1782712725.638966799,0.099892139,0.601432450,0.602208749,-1.717600961,-0.180769043,-79.957206567,0.075008471,-0.011435007,0.000196992,0.000236652,0.000342743,0.000196903,0.000776298,0.000776298,-0.000000000,-1.017574631,0.009383252,1.610400128,0.602208749,0.602208749,-0.000000000,0.000000000
1190,1782712725.738964796,0.099997997,0.602208749,0.598035823,-1.579939318,-0.228231511,-81.362877696,0.076883342,0.001289145,-0.004445363,0.000306256,-0.000035544,-0.004443637,-0.004172925,-0.004172925,0.000000000,-1.017268376,0.009347708,1.605956490,0.598035823,0.598035823,-0.000000000,0.000000000
1191,1782712725.839505196,0.100540400,0.598035823,0.607092367,-1.488820610,-0.199897783,-80.980762577,0.072981602,-0.000480210,0.008792466,0.000254623,0.000012477,0.008789444,0.009056544,0.009056544,-0.000000000,-1.017013753,0.009360185,1.614745935,0.607092367,0.607092367,-0.000000000,0.000000000
1192,1782712725.938726664,0.099221468,0.607092367,0.600415661,-1.368743848,-0.082788426,-80.686087922,0.077059110,0.004104128,-0.006691933,0.000111345,-0.000098034,-0.006690016,-0.006676706,-0.006676706,-0.000000000,-1.016902408,0.009262151,1.608055918,0.600415661,0.600415661,-0.000000000,0.000000000
1193,1782712726.040124893,0.101398230,0.600415661,0.604314589,-1.359812621,0.154294539,-80.328271705,0.062760168,0.000542509,0.004081976,-0.000169010,-0.000012874,0.004080811,0.003898928,0.003898928,-0.000000000,-1.017071417,0.009249276,1.612136730,0.604314589,0.604314589,-0.000000000,0.000000000
1194,1782712726.139049768,0.098924875,0.604314589,0.604254379,-1.300504880,0.311277225,-79.787753132,0.060825503,0.005916742,0.000404638,-0.000330452,-0.000134285,0.000404527,-0.000060210,-0.000060210,0.000000000,-1.017401869,0.009114991,1.612541257,0.604254379,0.604254379,-0.000000000,0.000000000
1195,1782712726.239157915,0.100108147,0.604254379,0.609303354,-1.399539190,0.587177479,-79.345557224,0.059320142,-0.001603521,0.005619697,-0.000607913,0.000039163,0.005617726,0.005048975,0.005048975,-0.000000000,-1.018009782,0.009154154,1.618158983,0.609303354,0.609303354,-0.000000000,0.000000000
1196,1782712726.339804173,0.100646257,0.609303354,0.606735572,-1.356175204,0.604983475,-78.990713588,0.051869528,0.004829011,-0.001906461,-0.000547678,-0.000114284,-0.001905821,-0.002567783,-0.002567783,-0.000000000,-1.018557460,0.009039869,1.616253162,0.606735572,0.606735572,-0.000000000,0.000000000
1197,1782712726.439018965,0.099214792,0.606735572,0.611630556,-1.453047664,0.463356404,-78.555580651,0.050351077,-0.002741703,0.005234507,-0.000407189,0.000069521,0.005232652,0.004894984,0.004894984,0.000000000,-1.018964649,0.009109391,1.621485814,0.611630556,0.611630556,-0.000000000,0.000000000
1198,1782712726.538658619,0.099639654,0.611630556,0.607718735,-1.455209422,0.000971366,-78.389031988,0.074288729,0.001918890,-0.003863076,-0.000001259,-0.000048731,-0.003861830,-0.003911820,-0.003911820,0.000000000,-1.018965909,0.009060660,1.617623985,0.607718735,0.607718735,-0.000000000,0.000000000
1199,1782712726.638874054,0.100215435,0.607718735,0.606065308,-1.318424934,-0.021563228,-78.028926221,0.065018680,0.002407162,-0.001622941,0.000024470,-0.000055386,-0.001622511,-0.001653428,-0.001653428,-0.000000000,-1.018941439,0.009005274,1.616001473,0.606065308,0.606065308,-0.000000000,0.000000000
1200,1782712726.740238905,0.101364851,0.606065308,0.609497393,-1.449692869,-0.024462481,-77.668719589,0.082002057,0.002515444,0.003461821,0.000035011,-0.000063639,0.003460713,0.003432085,0.003432085,0.000000000,-1.018906428,0.008941635,1.619462186,0.609497393,0.609497393,-0.000000000,0.000000000
1201,1782712726.838820457,0.098581553,0.609497393,0.607650546,-1.355641774,0.051021567,-77.256365129,0.075524347,0.000055909,-0.001778769,-0.000067254,-0.000001323,-0.001778271,-0.001846847,-0.001846847,0.000000000,-1.018973682,0.008940312,1.617683916,0.607650546,0.607650546,-0.000000000,0.000000000
1202,1782712726.939138651,0.100318193,0.607650546,0.610724329,-1.299034459,-0.139984897,-76.914562178,0.069306558,0.001834787,0.002946815,0.000169329,-0.000041595,0.002946049,0.003073783,0.003073783,0.000000000,-1.018804353,0.008898717,1.620629965,0.610724329,0.610724329,-0.000000000,0.000000000
1203,1782712727.039151907,0.100013256,0.610724329,0.612681681,-1.572909334,-0.024431683,-76.698230885,0.079366621,-0.010791560,0.001627905,0.000033843,0.000296217,0.001627292,0.001957352,0.001957352,0.000000000,-1.018770510,0.009194934,1.622257256,0.612681681,0.612681681,-0.000000000,0.000000000
1204,1782712727.138766050,0.099614143,0.612681681,0.608343970,-1.499612724,0.269817979,-76.733836667,0.078264693,-0.018680426,-0.004459589,-0.000368564,0.000488865,-0.004458012,-0.004337711,-0.004337711,-0.000000000,-1.019139073,0.009683799,1.617799244,0.608343970,0.608343970,-0.000000000,0.000000000
1205,1782712727.240051031,0.101284981,0.608343970,0.612756804,-1.470479561,0.272645075,-78.572060178,0.075847435,-0.024097256,0.004156799,-0.000360923,0.000618374,0.004155383,0.004412834,0.004412834,0.000000000,-1.019499996,0.010302173,1.621954627,0.612756804,0.612756804,-0.000000000,0.000000000
1206,1782712727.339787483,0.099736452,0.612756804,0.616898848,-1.439230528,0.439993721,-81.007693486,0.083094328,-0.007920932,0.004582787,-0.000638103,0.000198942,0.004581206,0.004142044,0.004142044,0.000000000,-1.020138099,0.010501115,1.626535833,0.616898848,0.616898848,-0.000000000,0.000000000
1207,1782712727.438822031,0.099034548,0.616898848,0.617344566,-1.249688898,0.174558612,-82.912431727,0.069902716,-0.007249797,0.000500692,-0.000212967,0.000158113,0.000500571,0.000445717,0.000445717,-0.000000000,-1.020351066,0.010659228,1.627036404,0.617344566,0.617344566,-0.000000000,0.000000000
1208,1782712727.538933277,0.100111246,0.617344566,0.621069340,-1.433396772,-0.072284645,-83.693185333,0.061174947,0.002401695,0.003708837,0.000077179,-0.000060078,0.003707673,0.003724774,0.003724774,-0.000000000,-1.020273888,0.010599150,1.630744077,0.621069340,0.621069340,-0.000000000,0.000000000
1209,1782712727.639832735,0.100899458,0.621069340,0.624601257,-1.575909652,-0.049663579,-83.662146527,0.071244065,-0.002663293,0.003398206,0.000061754,0.000073244,0.003396919,0.003531917,0.003531917,0.000000000,-1.020212134,0.010672394,1.634140996,0.624601257,0.624601257,-0.000000000,0.000000000
1210,1782712727.739018679,0.099185944,0.624601257,0.627352353,-1.423310053,-0.098971663,-83.231356550,0.071002642,-0.000509479,0.002616604,0.000122649,0.000012655,0.002615793,0.002751096,0.002751096,0.000000000,-1.020089485,0.010685049,1.636756789,0.627352353,0.627352353,-0.000000000,0.000000000
1211,1782712727.838988543,0.099969864,0.627352353,0.627426512,-1.395478941,-0.323874803,-83.050211877,0.071770267,-0.000181903,-0.000336068,0.000405692,0.000004430,-0.000335963,0.000074160,0.000074160,-0.000000000,-1.019683793,0.010689479,1.636420826,0.627426512,0.627426512,-0.000000000,0.000000000
1212,1782712727.939875126,0.100886583,0.627426512,0.629178901,-1.477326820,-0.451180784,-82.754296629,0.066531919,-0.001484490,0.001190645,0.000523906,0.000038271,0.001190212,0.001752389,0.001752389,0.000000000,-1.019159887,0.010727750,1.637611038,0.629178901,0.629178901,-0.000000000,0.000000000
1213,1782712728.139365435,0.199490309,0.629178901,0.630667824,-1.557843881,-0.262414284,-82.960808444,0.151447170,-0.042587171,-0.000362609,0.000693625,0.001157769,-0.000362471,0.001488923,0.001488923,0.000000000,-1.018466262,0.011885519,1.637248567,0.630667824,0.630667824,-0.000000000,0.000000000
1214,1782712728.239881992,0.100516558,0.630667824,0.632908600,-1.510114714,-0.427266562,-86.795820532,0.060730000,-0.017701823,0.001321909,0.000452872,0.000466491,0.001321413,0.002240776,0.002240776,0.000000000,-1.018013390,0.012352010,1.638569980,0.632908600,0.632908600,-0.000000000,0.000000000
1215,1782712728.339950562,0.100068569,0.632908600,0.637937478,-1.338082278,-0.438099486,-88.788918108,0.070316145,-0.024354740,0.003923700,0.000537652,0.000568711,0.003922516,0.005028878,0.005028878,0.000000000,-1.017475738,0.012920721,1.642492496,0.637937478,0.637937478,-0.000000000,0.000000000
1216,1782712728.438848019,0.098897457,0.637937478,0.644476839,-1.323379323,-0.538006208,-91.044733249,0.051452016,-0.016415010,0.005678907,0.000483126,0.000379092,0.005677142,0.006539360,0.006539360,-0.000000000,-1.016992612,0.013299813,1.648169638,0.644476839,0.644476839,-0.000000000,0.000000000
1217,1782712728.539883137,0.101035118,0.644476839,0.643096178,-0.783079071,-0.476571757,-93.717050688,0.073332887,-0.026015162,-0.002346453,0.000609957,0.000355534,-0.002346152,-0.001380661,-0.001380661,-0.000000000,-1.016382655,0.013655347,1.645823485,0.643096178,0.643096178,-0.000000000,0.000000000
1218,1782712728.639975786,0.100092649,0.643096178,0.649090986,-0.924640325,-1.020643329,-96.062178328,0.045581940,-0.010912094,0.005008256,0.000811935,0.000176064,0.005006809,0.005994808,0.005994808,0.000000000,-1.015570720,0.013831411,1.650830295,0.649090986,0.649090986,-0.000000000,0.000000000
1219,1782712728.738732338,0.098756552,0.649090986,0.647420268,-0.680508622,-1.095104174,-97.857884663,0.059781932,-0.005004273,-0.002873422,0.001142553,0.000059424,-0.002872695,-0.001670718,-0.001670718,0.000000000,-1.014428167,0.013890835,1.647957600,0.647420268,0.647420268,-0.000000000,0.000000000
1220,1782712728.840061903,0.101329565,0.647420268,0.654757748,-0.809224876,-1.014187830,-98.621320665,0.045570474,0.002757242,0.006571502,0.000806597,-0.000038935,0.006569818,0.007337480,0.007337480,0.000000000,-1.013621570,0.013851900,1.654527417,0.654757748,0.654757748,-0.000000000,0.000000000
1221,1782712728.939022303,0.098960400,0.654757748,0.648060735,-0.948907309,-0.905475454,-98.452293085,0.067605239,-0.008538395,-0.007908826,0.001068357,0.000141385,-0.007906754,-0.006697012,-0.006697012,0.000000000,-1.012553213,0.013993285,1.646620663,0.648060735,0.648060735,-0.000000000,0.000000000
1222,1782712729.039318085,0.100295782,0.648060735,0.651832856,-0.965346002,-1.056132637,-98.688211099,0.056000694,-0.015324740,0.002482551,0.001032202,0.000258142,0.002481777,0.003772121,0.003772121,-0.000000000,-1.011521011,0.014251428,1.649102440,0.651832856,0.651832856,-0.000000000,0.000000000
1223,1782712729.139116287,0.099798203,0.651832856,0.656580162,-0.826325815,-0.986671155,-99.810155431,0.048069958,-0.017008266,0.003675227,0.000827756,0.000245250,0.003674300,0.004747306,0.004747306,0.000000000,-1.010693256,0.014496678,1.652776740,0.656580162,0.656580162,-0.000000000,0.000000000
1224,1782712729.239839792,0.100723505,0.656580162,0.655070940,-0.835468946,-0.854708299,-102.042093621,0.062332442,-0.014669600,-0.002653483,0.000929808,0.000213876,-0.002652906,-0.001509222,-0.001509222,-0.000000000,-1.009763448,0.014710554,1.650123834,0.655070940,0.655070940,-0.000000000,0.000000000
1225,1782712729.338676691,0.098836899,0.655070940,0.660379071,-0.635126733,-1.039985020,-103.925298076,0.050842591,-0.017941820,0.004187428,0.000922801,0.000198849,0.004186481,0.005308131,0.005308131,0.000000000,-1.008840646,0.014909403,1.654310315,0.660379071,0.660379071,-0.000000000,0.000000000
1226,1782712729.439221859,0.100545168,0.660379071,0.661844796,-0.534871777,-0.816807492,-105.921218343,0.056715993,-0.018401538,0.000485517,0.000808515,0.000171763,0.000485447,0.001465725,0.001465725,0.000000000,-1.008032132,0.015081166,1.654795761,0.661844796,0.661844796,-0.000000000,0.000000000
1227,1782712729.540088177,0.100866318,0.661844796,0.668674303,-0.397310095,-0.737349409,-108.230368616,0.059124840,-0.023761375,0.005904516,0.000760867,0.000164755,0.005903885,0.006829507,0.006829507,0.000000000,-1.007271265,0.015245922,1.660699646,0.668674303,0.668674303,-0.000000000,0.000000000
1228,1782712729.638991356,0.098903179,0.668674303,0.671093190,-0.073367271,-0.995110552,-110.835435884,0.052023783,-0.029513652,0.001477823,0.000903501,0.000037787,0.001477599,0.002418887,0.002418887,0.000000000,-1.006367763,0.015283708,1.662177246,0.671093190,0.671093190,-0.000000000,0.000000000
1229,1782712729.738869190,0.099877834,0.671093190,0.668399206,0.023014659,-1.018687497,-113.079083518,0.059985470,-0.004961574,-0.003759038,0.001066453,-0.000001993,-0.003758444,-0.002693984,-0.002693984,0.000000000,-1.005301311,0.015281715,1.658418802,0.668399206,0.668399206,-0.000000000,0.000000000
1230,1782712729.838531733,0.099662542,0.668399206,0.678638356,-0.016164931,-1.144541691,-115.555176683,0.066323071,-0.029086303,0.008907940,0.001324783,0.000008205,0.008906162,0.010239150,0.010239150,-0.000000000,-1.003976528,0.015289920,1.667324964,0.678638356,0.678638356,-0.000000000,0.000000000
1231,1782712730.040002823,0.201471090,0.678638356,0.690018069,-0.230191085,-1.375212884,-117.777765937,0.136884201,-0.049550864,0.007897856,0.003285178,0.000199017,0.007895517,0.011379713,0.011379713,-0.000000000,-1.000691350,0.015488937,1.675220481,0.690018069,0.690018069,-0.000000000,0.000000000
1232,1782712730.139920235,0.099917412,0.690018069,0.683798400,-0.010625694,-1.432252033,-123.036467927,0.091195246,-0.028914122,-0.008507104,0.002279417,0.000005361,-0.008504446,-0.006219669,-0.006219669,-0.000000000,-0.998411933,0.015494298,1.666716035,0.683798400,0.683798400,-0.000000000,0.000000000
1233,1782712730.238995552,0.099075317,0.683798400,0.699450840,0.273189655,-1.778236198,-126.255452318,0.086435483,-0.023456403,0.013088491,0.002682188,-0.000111787,0.013082040,0.015652440,0.015652440,0.000000000,-0.995729745,0.015382511,1.679798075,0.699450840,0.699450840,-0.000000000,0.000000000
1234,1782712730.339924097,0.100928545,0.699450840,0.697279723,0.231612244,-1.492269655,-129.063707770,0.109255100,-0.003965708,-0.005002059,0.002845229,-0.000016025,-0.005000321,-0.002171117,-0.002171117,0.000000000,-0.992884516,0.015366485,1.674797753,0.697279723,0.697279723,-0.000000000,0.000000000
1235,1782712730.438631296,0.098707199,0.697279723,0.702021962,0.335590391,-1.415642026,-130.272646611,0.105727235,0.003240494,0.002111944,0.002612002,0.000018974,0.002111263,0.004742239,0.004742239,-0.000000000,-0.990272514,0.015385459,1.676909016,0.702021962,0.702021962,-0.000000000,0.000000000
1236,1782712730.539160013,0.100528717,0.702021962,0.703623834,0.237766532,-1.088129107,-129.804790866,0.115475906,0.002124798,-0.000599978,0.002192921,0.000008816,-0.000599865,0.001601872,0.001601872,0.000000000,-0.988079592,0.015394275,1.676309151,0.703623834,0.703623834,-0.000000000,0.000000000
1237,1782712730.739165306,0.200005293,0.703623834,0.715893272,0.499491006,-0.892769419,-129.090712592,0.231547092,-0.001515912,0.008676268,0.003607767,-0.000013214,0.008674885,0.012269438,0.012269438,0.000000000,-0.984471826,0.015381062,1.684984037,0.715893272,0.715893272,-0.000000000,0.000000000
1238,1782712730.839179754,0.100014448,0.715893272,0.708411996,0.438420875,-1.233263581,-127.883746155,0.112832322,-0.026529880,-0.009709328,0.002428473,-0.000202955,-0.009706795,-0.007481276,-0.007481276,-0.000000000,-0.982043353,0.015178107,1.675277242,0.708411996,0.708411996,-0.000000000,0.000000000
1239,1782712730.940007448,0.100827694,0.708411996,0.725661539,0.363815188,-1.463396749,-129.245362859,0.103327115,-0.054812502,0.014963856,0.002638800,-0.000347931,0.014958674,0.017249543,0.017249543,-0.000000000,-0.979404552,0.014830176,1.690235916,0.725661539,0.725661539,-0.000000000,0.000000000
1240,1782712731.039114475,0.099107027,0.725661539,0.723765073,0.727224488,-1.429963183,-133.985294185,0.106088511,-0.037836656,-0.004065418,0.002647436,-0.000480078,-0.004063825,-0.001896466,-0.001896466,0.000000000,-0.976757116,0.014350098,1.686172091,0.723765073,0.723765073,-0.000000000,0.000000000
1241,1782712731.139161348,0.100046873,0.723765073,0.727454186,0.993594471,-1.501857134,-138.726053033,0.104180908,-0.035629461,0.001577003,0.002730514,-0.000617625,0.001576224,0.003689113,0.003689113,0.000000000,-0.974026602,0.013732473,1.687748316,0.727454186,0.727454186,-0.000000000,0.000000000
1242,1782712731.238826275,0.099664927,0.727454186,0.730189607,1.412475850,-1.209033260,-143.324098236,0.097627410,-0.017778504,0.001114204,0.002059943,-0.000438140,0.001113618,0.002735421,0.002735421,0.000000000,-0.971966660,0.013294333,1.688861933,0.730189607,0.730189607,-0.000000000,0.000000000
1243,1782712731.338901281,0.100075006,0.730189607,0.731299774,1.507132453,-0.883094434,-146.901767068,0.107989642,0.000205995,-0.000559879,0.001664368,0.000005417,-0.000559619,0.001110167,0.001110167,0.000000000,-0.970302291,0.013299750,1.688302315,0.731299774,0.731299774,-0.000000000,0.000000000
1244,1782712731.438996315,0.100095034,0.731299774,0.734826547,1.743352449,-0.870544188,-147.677072664,0.098125506,0.004373640,0.001903985,0.001490848,0.000133042,0.001902884,0.003526774,0.003526774,0.000000000,-0.968811443,0.013432792,1.690205198,0.734826547,0.734826547,-0.000000000,0.000000000
1245,1782712731.540409803,0.101413488,0.734826547,0.747481519,1.536127657,-0.914950236,-146.703963092,0.101733941,0.001444177,0.010997107,0.001624509,0.000038710,0.010991753,0.012654972,0.012654972,-0.000000000,-0.967186934,0.013471502,1.701196951,0.747481519,0.747481519,-0.000000000,0.000000000
1246,1782712731.639526844,0.099117041,0.747481519,0.745257823,1.695291150,-0.840520014,-145.914970200,0.103138902,0.003721449,-0.003848856,0.001512977,0.000110084,-0.003846757,-0.002223696,-0.002223696,0.000000000,-0.965673957,0.013581586,1.697350194,0.745257823,0.745257823,-0.000000000,0.000000000
1247,1782712731.739073753,0.099546909,0.745257823,0.747004104,1.618609000,-1.027962362,-145.333925456,0.099012460,0.000239371,-0.000036819,0.001776320,0.000006760,-0.000036799,0.001746281,0.001746281,-0.000000000,-0.963897637,0.013588346,1.697313396,0.747004104,0.747004104,-0.000000000,0.000000000
1248,1782712731.840000153,0.100926399,0.747004104,0.753707043,2.019997427,-0.676505765,-144.617690365,0.113420196,0.002503544,0.005279198,0.001339150,0.000088240,0.005275550,0.006702939,0.006702939,0.000000000,-0.962558487,0.013676585,1.702588945,0.753707043,0.753707043,-0.000000000,0.000000000
1249,1782712731.939151049,0.099150896,0.753707043,0.750872040,2.046409654,-0.425793899,-144.174868306,0.111574586,-0.006496673,-0.003434464,0.000829160,-0.000231983,-0.003432179,-0.002835003,-0.002835003,0.000000000,-0.961729328,0.013444602,1.699156766,0.750872040,0.750872040,-0.000000000,0.000000000
1250,1782712732.039139509,0.099988461,0.750872040,0.755654043,2.235041925,-0.387588293,-143.666923643,0.093347172,-0.010141129,0.004549592,0.000631460,-0.000395484,0.004546027,0.004782003,0.004782003,0.000000000,-0.961097868,0.013049118,1.703702793,0.755654043,0.755654043,-0.000000000,0.000000000
1251,1782712732.140126228,0.100986719,0.755654043,0.761529934,1.992147613,-0.195478541,-143.972083684,0.102347838,-0.018321171,0.006167357,0.000349184,-0.000636887,0.006163594,0.005875891,0.005875891,0.000000000,-0.960748684,0.012412231,1.709866387,0.761529934,0.761529934,-0.000000000,0.000000000
1252,1782712732.238806963,0.098680735,0.761529934,0.754949510,2.294129480,-0.041110847,-145.674308068,0.107507445,-0.023611272,-0.005717002,0.000077139,-0.000945145,-0.005712418,-0.006580425,-0.006580425,-0.000000000,-0.960671545,0.011467086,1.704153968,0.754949510,0.754949510,-0.000000000,0.000000000
1253,1782712732.339229822,0.100422859,0.754949510,0.761122275,2.427496167,0.003153038,-147.554857229,0.102998764,-0.016091066,0.006866134,-0.000005668,-0.000681539,0.006859972,0.006172765,0.006172765,0.000000000,-0.960677213,0.010785547,1.711013941,0.761122275,0.761122275,-0.000000000,0.000000000
1254,1782712732.439378023,0.100148201,0.761122275,0.758821413,2.194012704,0.210229041,-149.527218283,0.106440615,-0.016251823,-0.001289095,-0.000390550,-0.000622171,-0.001288141,-0.002300862,-0.002300862,-0.000000000,-0.961067763,0.010163376,1.709725800,0.758821413,0.758821413,-0.000000000,0.000000000
1255,1782712732.539078236,0.099700212,0.758821413,0.759551461,2.503169775,0.183697826,-152.322433357,0.091415264,-0.004106393,0.001203636,-0.000293089,-0.000179344,0.001202481,0.000730048,0.000730048,-0.000000000,-0.961360852,0.009984032,1.710928281,0.759551461,0.759551461,-0.000000000,0.000000000
1256,1782712732.639004707,0.099926472,0.759551461,0.760181823,2.524332874,-0.017697573,-152.820519442,0.101842356,-0.007083069,0.000911754,0.000031457,-0.000311964,0.000910869,0.000630362,0.000630362,0.000000000,-0.961329395,0.009672068,1.711839150,0.760181823,0.760181823,-0.000000000,0.000000000
1257,1782712732.739310741,0.100306034,0.760181823,0.763522184,2.488798191,0.063006150,-151.988545284,0.101143028,0.001080828,0.003407867,-0.000111223,0.000046934,0.003404651,0.003340361,0.003340361,-0.000000000,-0.961440618,0.009719002,1.715243801,0.763522184,0.763522184,-0.000000000,0.000000000
1258,1782712732.939017773,0.199707031,0.763522184,0.764488154,2.419206792,0.117677609,-151.559104982,0.217449485,0.011940099,0.000909396,-0.000446611,0.000503997,0.000908583,0.000965970,0.000965970,-0.000000000,-0.961887229,0.010222999,1.716152384,0.764488154,0.764488154,-0.000000000,0.000000000
1259,1782712733.041190147,0.102172375,0.764488154,0.763264464,2.163816617,0.007081137,-150.364705529,0.113320551,-0.021948014,-0.000381271,-0.000014005,-0.000828686,-0.000380999,-0.001223690,-0.001223690,-0.000000000,-0.961901234,0.009394313,1.715771385,0.763264464,0.763264464,-0.000000000,0.000000000
1260,1782712733.239175797,0.197985649,0.763264464,0.766131632,2.334097146,-0.197090553,-150.977858851,0.208944787,-0.034893886,0.003572505,0.000718743,-0.001421094,0.003569520,0.002867169,0.002867169,0.000000000,-0.961182491,0.007973219,1.719340904,0.766131632,0.766131632,-0.000000000,0.000000000
1261,1782712733.338779449,0.099603653,0.766131632,0.771936192,2.569117535,0.095192910,-155.623598591,0.120053047,-0.013363759,0.006609695,-0.000199460,-0.000599023,0.006603042,0.005804559,0.005804559,0.000000000,-0.961381950,0.007374196,1.725943947,0.771936192,0.771936192,-0.000000000,0.000000000
1262,1782712733.439396143,0.100616693,0.771936192,0.769486833,2.387781586,-0.191108296,-157.076400921,0.108763812,-0.007032944,-0.002521330,0.000362778,-0.000293009,-0.002519127,-0.002449359,-0.002449359,0.000000000,-0.961019173,0.007081186,1.723424820,0.769486833,0.769486833,-0.000000000,0.000000000
1263,1782712733.538794994,0.099398851,0.769486833,0.778890900,2.201431981,-0.241072177,-157.261187302,0.113648260,-0.009147737,0.009284214,0.000478174,-0.000351387,0.009277279,0.009404066,0.009404066,-0.000000000,-0.960540999,0.006729800,1.732702099,0.778890900,0.778890900,-0.000000000,0.000000000
1264,1782712733.639363527,0.100568533,0.778890900,0.782455860,2.148325258,-0.500202368,-156.786878235,0.099642468,0.007584338,0.002412562,0.000869885,0.000284300,0.002410774,0.003564960,0.003564960,0.000000000,-0.959671113,0.007014099,1.735112873,0.782455860,0.782455860,-0.000000000,0.000000000
1265,1782712733.739217997,0.099854469,0.782455860,0.783100661,2.144245204,-0.785485345,-156.568518026,0.110027688,0.000162132,-0.000870311,0.001508356,0.000006066,-0.000869620,0.000644801,0.000644801,-0.000000000,-0.958162757,0.007020165,1.734243253,0.783100661,0.783100661,-0.000000000,0.000000000
1266,1782712733.839430809,0.100212812,0.783100661,0.787636452,2.379407949,-0.936382412,-156.473533449,0.099118532,-0.005438890,0.003144879,0.001619818,-0.000225774,0.003141748,0.004535792,0.004535792,-0.000000000,-0.956542940,0.006794391,1.737385001,0.787636452,0.787636452,-0.000000000,0.000000000
1267,1782712733.939032316,0.099601507,0.787636452,0.790005416,2.614618129,-1.135602132,-156.088366172,0.103090686,-0.019384088,0.001211426,0.002043123,-0.000884087,0.001209927,0.002368963,0.002368963,0.000000000,-0.954499816,0.005910304,1.738594928,0.790005416,0.790005416,-0.000000000,0.000000000
1268,1782712734.039714336,0.100682020,0.790005416,0.801841841,2.828285237,-1.548696770,-157.023645132,0.108417742,-0.006659540,0.009249388,0.002930159,-0.000328481,0.009234747,0.011836426,0.011836426,0.000000000,-0.951569657,0.005581824,1.747829674,0.801841841,0.801841841,-0.000000000,0.000000000
1269,1782712734.138995171,0.099280834,0.801841841,0.798286186,2.641174892,-1.668510775,-158.491026366,0.103206327,0.000843249,-0.006609364,0.003005047,0.000038841,-0.006599544,-0.003555655,-0.003555655,0.000000000,-0.948564610,0.005620665,1.741230130,0.798286186,0.798286186,-0.000000000,0.000000000
1270,1782712734.239113808,0.100118637,0.798286186,0.811032502,2.893378301,-2.097777349,-158.066503269,0.101106750,-0.001597650,0.009143677,0.003701007,-0.000080591,0.009125901,0.012746316,0.012746316,-0.000000000,-0.944863603,0.005540074,1.750356031,0.811032502,0.811032502,-0.000000000,0.000000000
1271,1782712734.339157581,0.100043774,0.811032502,0.804347818,2.691960166,-1.920217733,-157.668558481,0.105120621,0.003405303,-0.010384179,0.003522366,0.000159845,-0.010366895,-0.006684684,-0.006684684,-0.000000000,-0.941341237,0.005699918,1.739989136,0.804347818,0.804347818,-0.000000000,0.000000000
1272,1782712734.439545870,0.100388288,0.804347818,0.812054695,2.927024660,-1.782063528,-157.104517245,0.094359106,-0.004676275,0.005020159,0.002934366,-0.000238674,0.005011185,0.007706877,0.007706877,0.000000000,-0.938406871,0.005461244,1.745000321,0.812054695,0.812054695,-0.000000000,0.000000000
1273,1782712734.539028168,0.099482298,0.812054695,0.821392418,2.828484888,-1.876870730,-156.669985803,0.104789475,0.005848179,0.005627128,0.003432035,0.000288431,0.005617257,0.009337724,0.009337724,-0.000000000,-0.934974836,0.005749676,1.750617578,0.821392418,0.821392418,-0.000000000,0.000000000
1274,1782712734.639213562,0.100185394,0.821392418,0.823970100,2.974915570,-1.918057623,-156.305444786,0.097832905,-0.005861300,-0.000393529,0.003274484,-0.000304024,-0.000392779,0.002577681,0.002577681,-0.000000000,-0.931700352,0.005445652,1.750224800,0.823970100,0.823970100,-0.000000000,0.000000000
1275,1782712734.738983154,0.099769592,0.823970100,0.829658893,2.899925162,-1.797125984,-155.854653022,0.082043771,0.000693373,0.003086256,0.002572944,0.000035062,0.003080788,0.005688793,0.005688793,0.000000000,-0.929127408,0.005480714,1.753305587,0.829658893,0.829658893,-0.000000000,0.000000000
1276,1782712734.839904785,0.100921631,0.829658893,0.832780366,2.759264967,-1.795542466,-155.581356096,0.105807685,-0.004504055,0.000022957,0.003315272,-0.000216717,0.000022919,0.003121474,0.003121474,0.000000000,-0.925812136,0.005263997,1.753328506,0.832780366,0.832780366,-0.000000000,0.000000000
1277,1782712734.939146519,0.099241734,0.832780366,0.834525896,2.603925780,-1.547758208,-155.856382658,0.091292868,-0.004839401,-0.000501228,0.002465838,-0.000219781,-0.000500527,0.001745530,0.001745530,-0.000000000,-0.923346298,0.005044216,1.752827978,0.834525896,0.834525896,-0.000000000,0.000000000
1278,1782712735.038536072,0.099389553,0.834525896,0.832097076,2.966416426,-1.433600845,-156.357075394,0.100919603,-0.020005050,-0.003925208,0.002524851,-0.001034949,-0.003918722,-0.002428820,-0.002428820,-0.000000000,-0.920821447,0.004009266,1.748909257,0.832097076,0.832097076,-0.000000000,0.000000000
1279,1782712735.138600588,0.100064516,0.832097076,0.841484380,2.970715952,-1.150954849,-157.425099525,0.094186175,0.010177129,0.006978880,0.001891880,0.000527329,0.006968095,0.009387304,0.009387304,-0.000000000,-0.918929567,0.004536595,1.755877352,0.841484380,0.841484380,-0.000000000,0.000000000
1280,1782712735.238734245,0.100133657,0.841484380,0.840864704,2.962959013,-0.671229006,-158.117039519,0.098879187,-0.007577701,-0.001388319,0.001158359,-0.000391667,-0.001386368,-0.000619677,-0.000619677,-0.000000000,-0.917771208,0.004144928,1.754490983,0.840864704,0.840864704,-0.000000000,0.000000000
1281,1782712735.340110064,0.101375818,0.840864704,0.843170731,3.004243434,-0.710041891,-157.856201538,0.102377240,-0.004166508,0.001257518,0.001268685,-0.000218350,0.001255693,0.002306028,0.002306028,-0.000000000,-0.916502524,0.003926579,1.755746676,0.843170731,0.843170731,-0.000000000,0.000000000
1282,1782712735.438747644,0.098637581,0.843170731,0.844040403,2.496709322,-0.525397001,-157.425114699,0.099969690,0.000936055,-0.000087890,0.000916700,0.000040775,-0.000087803,0.000869672,0.000869672,-0.000000000,-0.915585824,0.003967353,1.755658873,0.844040403,0.844040403,-0.000000000,0.000000000
1283,1782712735.539079666,0.100332022,0.844040403,0.846519532,2.651702062,-0.345012816,-157.165617154,0.087443244,-0.004599647,0.002167740,0.000526546,-0.000212796,0.002165379,0.002479129,0.002479129,-0.000000000,-0.915059278,0.003754557,1.757824253,0.846519532,0.846519532,-0.000000000,0.000000000
1284,1782712735.638928175,0.099848509,0.846519532,0.847457280,2.611066425,-0.287053655,-157.056880453,0.107793394,0.002570866,0.000280880,0.000540046,0.000117117,0.000280585,0.000937748,0.000937748,-0.000000000,-0.914519232,0.003871674,1.758104838,0.847457280,0.847457280,-0.000000000,0.000000000
1285,1782712735.739893675,0.100965500,0.847457280,0.845483567,2.772950412,-0.143925279,-156.638736838,0.098215590,-0.004528923,-0.002003679,0.000246714,-0.000219101,-0.002001327,-0.001973713,-0.001973713,0.000000000,-0.914272517,0.003652573,1.756103511,0.845483567,0.845483567,-0.000000000,0.000000000
1286,1782712735.838951826,0.099058151,0.845483567,0.857992703,2.533721621,-0.630004810,-156.546812605,0.104165442,-0.001191452,0.011428322,0.001145345,-0.000052668,0.011416460,0.012509136,0.012509136,0.000000000,-0.913127173,0.003599906,1.767519970,0.857992703,0.857992703,-0.000000000,0.000000000
1287,1782712735.938983202,0.100031376,0.857992703,0.858771286,2.592079391,-0.797652658,-156.068967773,0.091397812,0.013427432,-0.001102215,0.001272369,0.000607195,-0.001100981,0.000778583,0.000778583,-0.000000000,-0.911854804,0.004207101,1.766418990,0.858771286,0.858771286,-0.000000000,0.000000000
1288,1782712736.038881302,0.099898100,0.858771286,0.863468308,2.053814873,-1.139202476,-155.538415656,0.107622666,-0.009953627,0.002916418,0.002139703,-0.000356649,0.002913968,0.004697022,0.004697022,0.000000000,-0.909715101,0.003850452,1.769332958,0.863468308,0.863468308,-0.000000000,0.000000000
1289,1782712736.139191866,0.100310564,0.863468308,0.867825260,2.241045699,-1.383634359,-155.530296377,0.102212392,0.003046818,0.001771632,0.002468085,0.000119107,0.001769761,0.004356952,0.004356952,0.000000000,-0.907247017,0.003969559,1.771102718,0.867825260,0.867825260,-0.000000000,0.000000000
1290,1782712736.239200592,0.100008726,0.867825260,0.863104534,2.251617059,-1.625913547,-155.554448636,0.101869451,0.002846722,-0.007732020,0.002890417,0.000111797,-0.007722940,-0.004720726,-0.004720726,0.000000000,-0.904356600,0.004081356,1.763379779,0.863104534,0.863104534,-0.000000000,0.000000000
1291,1782712736.339087486,0.099886894,0.863104534,0.872902545,2.259316077,-1.844816615,-155.472350195,0.089470880,-0.011885733,0.007395613,0.002880297,-0.000468320,0.007386033,0.009798010,0.009798010,-0.000000000,-0.901476303,0.003613036,1.770765812,0.872902545,0.872902545,-0.000000000,0.000000000
1292,1782712736.439427376,0.100339890,0.872902545,0.874671159,2.159081152,-1.996290649,-155.828564662,0.104682063,-0.006471396,-0.001636461,0.003646578,-0.000243656,-0.001634307,0.001768615,0.001768615,-0.000000000,-0.897829725,0.003369379,1.769131505,0.874671159,0.874671159,-0.000000000,0.000000000
1293,1782712736.539022684,0.099595308,0.874671159,0.885235283,2.363457662,-1.899868119,-155.830057144,0.095866942,-0.019720949,0.008210166,0.003178265,-0.000812814,0.008198672,0.010564124,0.010564124,-0.000000000,-0.894651460,0.002556566,1.777330177,0.885235283,0.885235283,-0.000000000,0.000000000
1294,1782712736.639180660,0.100157976,0.885235283,0.881920093,2.299624113,-1.933241404,-157.139964094,0.097329151,-0.028117461,-0.005478542,0.003283401,-0.001127578,-0.005471014,-0.003315190,-0.003315190,-0.000000000,-0.891368058,0.001428988,1.771859163,0.881920093,0.881920093,-0.000000000,0.000000000
1295,1782712736.739408731,0.100228071,0.881920093,0.887930464,2.485283684,-2.155677976,-159.845741107,0.094629427,-0.029908429,0.003753082,0.003559467,-0.001295995,0.003746898,0.006010371,0.006010371,0.000000000,-0.887808591,0.000132993,1.775606062,0.887930464,0.887930464,-0.000000000,0.000000000
1296,1782712736.839186668,0.099777937,0.887930464,0.890564004,2.273983383,-1.938271561,-162.376508081,0.101480789,-0.019253693,-0.000035356,0.003432361,-0.000763512,-0.000035308,0.002633541,0.002633541,-0.000000000,-0.884376230,-0.000630519,1.775570754,0.890564004,0.890564004,-0.000000000,0.000000000
1297,1782712736.939674616,0.100487947,0.890564004,0.900184526,2.431261995,-1.728598744,-164.848395691,0.086957933,0.002166664,0.006914921,0.002623100,0.000091870,0.006905552,0.009620522,0.009620522,-0.000000000,-0.881753130,-0.000538649,1.782476306,0.900184526,0.900184526,-0.000000000,0.000000000
1298,1782712737.039431095,0.099756479,0.900184526,0.894261319,2.710710883,-1.278357076,-166.024982354,0.105089903,-0.008811981,-0.007861839,0.002344523,-0.000416643,-0.007851087,-0.005923207,-0.005923207,0.000000000,-0.879408607,-0.000955292,1.774625218,0.894261319,0.894261319,-0.000000000,0.000000000
1299,1782712737.139883518,0.100452423,0.894261319,0.908939602,2.870779126,-1.119939344,-165.549505604,0.089745836,0.010400250,0.012421342,0.001754117,0.000520782,0.012403383,0.014678282,0.014678282,-0.000000000,-0.877654490,-0.000434510,1.787028602,0.908939602,0.908939602,-0.000000000,0.000000000
1300,1782712737.338902235,0.199018717,0.908939602,0.908387127,2.835972233,-1.233361300,-165.150074655,0.195616075,0.000288590,-0.004784264,0.004210549,0.000014275,-0.004777298,-0.000552474,-0.000552474,0.000000000,-0.873443941,-0.000420235,1.782251304,0.908387127,0.908387127,-0.000000000,0.000000000
1301,1782712737.439913988,0.101011753,0.908387127,0.908648908,2.603496146,-1.760697187,-163.984178046,0.104730497,-0.005653991,-0.002703438,0.003217858,-0.000256705,-0.002699372,0.000261780,0.000261780,0.000000000,-0.870226084,-0.000676940,1.779551931,0.908648908,0.908648908,-0.000000000,0.000000000
1302,1782712737.538978815,0.099064827,0.908648908,0.920317572,2.727391082,-1.637636169,-163.266882634,0.085403737,0.012115296,0.008665066,0.002440689,0.000576259,0.008651716,0.011668664,0.011668664,-0.000000000,-0.867785394,-0.000100682,1.788203647,0.920317572,0.920317572,-0.000000000,0.000000000
1303,1782712737.639051437,0.100072622,0.920317572,0.917871665,2.912047830,-1.364885965,-163.062773861,0.109182772,-0.016543604,-0.004212995,0.002600679,-0.000840225,-0.004206361,-0.002445907,-0.002445907,-0.000000000,-0.865184715,-0.000940907,1.783997287,0.917871665,0.917871665,-0.000000000,0.000000000
1304,1782712737.739327431,0.100275993,0.917871665,0.926188459,2.829482768,-1.240343506,-163.498468580,0.086596159,-0.011022611,0.006996457,0.001874494,-0.000543990,0.006986290,0.008316794,0.008316794,-0.000000000,-0.863310221,-0.001484897,1.790983577,0.926188459,0.926188459,-0.000000000,0.000000000
1305,1782712737.840102673,0.100775242,0.926188459,0.917209969,2.920721556,-0.913371877,-164.499415432,0.110222939,-0.018855615,-0.009788826,0.001757028,-0.000960649,-0.009774868,-0.008978490,-0.008978490,0.000000000,-0.861553193,-0.002445546,1.781208708,0.917209969,0.917209969,-0.000000000,0.000000000
1306,1782712737.939114332,0.099011660,0.917209969,0.926395113,3.394008564,-0.643001204,-165.467464554,0.081950716,-0.002272640,0.008415298,0.000919672,-0.000134536,0.008400009,0.009185144,0.009185144,-0.000000000,-0.860633522,-0.002580082,1.789608717,0.926395113,0.926395113,-0.000000000,0.000000000
1307,1782712738.039867401,0.100753069,0.926395113,0.929654105,3.433178815,-0.579935064,-166.539321713,0.099613248,0.001969324,0.002136765,0.001008246,0.000117926,0.002132821,0.003258992,0.003258992,-0.000000000,-0.859625276,-0.002462156,1.791741538,0.929654105,0.929654105,-0.000000000,0.000000000
1308,1782712738.139690399,0.099822998,0.929654105,0.936325077,2.873560526,-0.409953681,-167.473956719,0.092422321,0.000341904,0.006000250,0.000661280,0.000017140,0.005992552,0.006670972,0.006670972,-0.000000000,-0.858963996,-0.002445017,1.797734090,0.936325077,0.936325077,-0.000000000,0.000000000
1309,1782712738.238884211,0.099193811,0.936325077,0.931990390,2.545085967,-0.462456889,-166.959111675,0.113912377,0.000969436,-0.005302559,0.000919422,0.000043047,-0.005297156,-0.004334687,-0.004334687,0.000000000,-0.858044574,-0.002401970,1.792436934,0.931990390,0.931990390,-0.000000000,0.000000000
1310,1782712738.339844227,0.100960016,0.931990390,0.936675400,2.587106399,-0.461285967,-166.357017352,0.097969291,-0.007807754,0.004253161,0.000788738,-0.000352416,0.004248689,0.004685010,0.004685010,-0.000000000,-0.857255836,-0.002754386,1.796685622,0.936675400,0.936675400,-0.000000000,0.000000000
1311,1782712738.539180517,0.199336290,0.936675400,0.942486437,2.742675571,-0.382547377,-166.268296031,0.188390125,0.004709447,0.004332935,0.001257817,0.000225344,0.004327875,0.005811037,0.005811037,0.000000000,-0.855998019,-0.002529042,1.801013498,0.942486437,0.942486437,-0.000000000,0.000000000
1312,1782712738.639093161,0.099912643,0.942486437,0.942074218,2.575125769,-0.047656925,-165.982449417,0.110845955,-0.000871461,-0.000465734,0.000092198,-0.000039154,-0.000465263,-0.000412219,-0.000412219,0.000000000,-0.855905820,-0.002568196,1.800548235,0.942074218,0.942074218,-0.000000000,0.000000000
1313,1782712738.740195990,0.101102829,0.942074218,0.953374775,2.284009331,-0.444162581,-165.629830429,0.087999199,-0.004207302,0.010794953,0.000682172,-0.000167668,0.010786053,0.011300557,0.011300557,0.000000000,-0.855223649,-0.002735864,1.811334288,0.953374775,0.953374775,-0.000000000,0.000000000
1314,1782712738.839543343,0.099347353,0.953374775,0.956056263,2.143063336,-0.606947972,-165.193024649,0.116532923,-0.013973365,0.001971041,0.001234438,-0.000522502,0.001969552,0.002681488,0.002681488,0.000000000,-0.853989211,-0.003258366,1.813303840,0.956056263,0.956056263,-0.000000000,0.000000000
1315,1782712738.939202309,0.099658966,0.956056263,0.961255373,2.239540334,-0.869616419,-165.768036575,0.091150767,-0.005195430,0.004022242,0.001383403,-0.000203001,0.004018707,0.005199110,0.005199110,0.000000000,-0.852605807,-0.003461367,1.817322547,0.961255373,0.961255373,-0.000000000,0.000000000
1316,1782712739.040109873,0.100907564,0.961255373,0.964547360,2.324680646,-1.281406739,-166.955435470,0.113477931,-0.015615830,0.001389035,0.002537696,-0.000633254,0.001387545,0.003291987,0.003291987,0.000000000,-0.850068111,-0.004094621,1.818710092,0.964547360,0.964547360,-0.000000000,0.000000000
1317,1782712739.139473200,0.099363327,0.964547360,0.963847537,2.486180659,-1.232472307,-168.248062633,0.085605166,-0.009576114,-0.002128303,0.001841285,-0.000415301,-0.002125807,-0.000699823,-0.000699823,0.000000000,-0.848226826,-0.004509921,1.816584284,0.963847537,0.963847537,-0.000000000,0.000000000
1318,1782712739.239270210,0.099797010,0.963847537,0.972990835,2.882787711,-1.006433619,-169.201139391,0.107578318,-0.007507754,0.007642097,0.001889578,-0.000377529,0.007631249,0.009143299,0.009143299,0.000000000,-0.846337248,-0.004887450,1.824215533,0.972990835,0.972990835,-0.000000000,0.000000000
1319,1782712739.339002609,0.099732399,0.972990835,0.968448968,2.774055270,-0.847985681,-170.044267987,0.115281144,0.006069225,-0.006550077,0.001706115,0.000293703,-0.006541685,-0.004541867,-0.004541867,0.000000000,-0.844631133,-0.004593747,1.817673848,0.968448968,0.968448968,-0.000000000,0.000000000
1320,1782712739.439501286,0.100498676,0.968448968,0.976540223,2.586070287,-0.632330892,-169.857618372,0.098567419,-0.003770609,0.007181332,0.001087793,-0.000170120,0.007173581,0.008091254,0.008091254,0.000000000,-0.843543340,-0.004763867,1.824847429,0.976540223,0.976540223,-0.000000000,0.000000000
1321,1782712739.539412975,0.099911690,0.976540223,0.966165402,2.409584111,-0.625349360,-169.001767383,0.111094297,0.004668247,-0.011794710,0.001212504,0.000196254,-0.011783579,-0.010374820,-0.010374820,0.000000000,-0.842330836,-0.004567612,1.813063850,0.966165402,0.966165402,-0.000000000,0.000000000
1322,1782712739.639418602,0.100005627,0.966165402,0.976989858,2.398276257,-0.608335805,-168.668493532,0.102875313,-0.000080789,0.009744666,0.001092254,-0.000003380,0.009735582,0.010824455,0.010824455,0.000000000,-0.841238581,-0.004570993,1.822799432,0.976989858,0.976989858,-0.000000000,0.000000000
1323,1782712739.739506006,0.100087404,0.976989858,0.985076214,2.343607920,-0.679212893,-168.479391733,0.108286490,-0.024110053,0.007795617,0.001283652,-0.000985846,0.007788549,0.008086356,0.008086356,-0.000000000,-0.839954929,-0.005556838,1.830587981,0.985076214,0.985076214,-0.000000000,0.000000000
1324,1782712739.839345932,0.099839926,0.985076214,0.982213444,2.276732503,-0.348447455,-168.924091041,0.111210839,-0.009222101,-0.003175315,0.000676331,-0.000366351,-0.003172750,-0.002862770,-0.002862770,0.000000000,-0.839278598,-0.005923189,1.827415231,0.982213444,0.982213444,-0.000000000,0.000000000
1325,1782712739.939890623,0.100544691,0.982213444,0.982046378,2.430382018,-0.210413470,-170.524680896,0.108883044,-0.026433188,0.000554479,0.000399862,-0.001120904,0.000553976,-0.000167065,-0.000167065,-0.000000000,-0.838878736,-0.007044092,1.827969207,0.982046378,0.982046378,-0.000000000,0.000000000
1326,1782712740.039554834,0.099664211,0.982046378,0.992751519,2.320708777,-0.162458492,-172.903114074,0.111758218,-0.010581831,0.010825668,0.000316883,-0.000428488,0.010816745,0.010705140,0.010705140,0.000000000,-0.838561854,-0.007472580,1.838785953,0.992751519,0.992751519,-0.000000000,0.000000000
1327,1782712740.139400482,0.099845648,0.992751519,0.991662659,2.263981490,0.324024362,-174.973470542,0.113285278,-0.005226539,-0.000241930,-0.000640658,-0.000206464,-0.000241738,-0.001088860,-0.001088860,-0.000000000,-0.839202512,-0.007679044,1.838544215,0.991662659,0.991662659,-0.000000000,0.000000000
1328,1782712740.239202976,0.099802494,0.991662659,0.994526240,2.519583474,-0.119146248,-174.766240452,0.112853317,0.005485121,0.002390089,0.000234678,0.000241130,0.002387773,0.002863581,0.002863581,-0.000000000,-0.838967834,-0.007437914,1.840931988,0.994526240,0.994526240,-0.000000000,0.000000000
1329,1782712740.339041233,0.099838257,0.994526240,0.988247580,2.632531893,-0.156558608,-174.529532683,0.128353505,-0.003929764,-0.006455724,0.000350721,-0.000180494,-0.006448886,-0.006278660,-0.006278660,0.000000000,-0.838617113,-0.007618408,1.834483102,0.988247580,0.988247580,-0.000000000,0.000000000
1330,1782712740.439101934,0.100060701,0.988247580,0.997041402,2.378526504,-0.411792394,-173.796271419,0.107846814,0.010770474,0.007578468,0.000775103,0.000446976,0.007571743,0.008793822,0.008793822,0.000000000,-0.837842010,-0.007171432,1.842054845,0.997041402,0.997041402,-0.000000000,0.000000000
1331,1782712740.539161682,0.100059748,0.997041402,0.998889575,2.327986317,-0.439179553,-173.349056155,0.121887965,-0.003458932,0.001055295,0.000934278,-0.000140497,0.001054393,0.001848173,0.001848173,0.000000000,-0.836907732,-0.007311929,1.843109237,0.998889575,0.998889575,-0.000000000,0.000000000
1332,1782712740.638769150,0.099607468,0.998889575,1.003604878,2.311184553,-0.264530039,-172.665814192,0.108549218,-0.003384556,0.004354217,0.000501161,-0.000136487,0.004350628,0.004715303,0.004715303,0.000000000,-0.836406571,-0.007448416,1.847459866,1.003604878,1.003604878,-0.000000000,0.000000000
1333,1782712740.739205837,0.100436687,1.003604878,1.010122659,2.225730075,-0.239328112,-172.462665259,0.120726595,-0.019781852,0.006786931,0.000504281,-0.000768252,0.006781751,0.006517781,0.006517781,-0.000000000,-0.835902290,-0.008216669,1.854241617,1.010122659,1.010122659,-0.000000000,0.000000000
1334,1782712740.839967728,0.100761890,1.010122659,1.001899702,2.320821477,-0.423946697,-173.606955662,0.114841589,-0.012433520,-0.008576482,0.000849736,-0.000503480,-0.008569212,-0.008222957,-0.008222957,0.000000000,-0.835052554,-0.008720149,1.845672405,1.001899702,1.001899702,-0.000000000,0.000000000
1335,1782712740.939232349,0.099264622,1.001899702,0.999670512,2.637711511,-0.433078798,-175.028594762,0.121190006,-0.013679165,-0.002518450,0.000916024,-0.000629504,-0.002515710,-0.002229190,-0.002229190,0.000000000,-0.834136530,-0.009349653,1.843156695,0.999670512,0.999670512,-0.000000000,0.000000000
1336,1782712741.038999319,0.099766970,0.999670512,1.003336167,2.516712718,-0.432469576,-175.992464822,0.114878614,-0.000374819,0.002817813,0.000867098,-0.000016458,0.002815015,0.003665655,0.003665655,0.000000000,-0.833269432,-0.009366111,1.845971710,1.003336167,1.003336167,-0.000000000,0.000000000
1337,1782712741.139387846,0.100388527,1.003336167,1.010446354,2.510834207,-0.050711993,-175.885789632,0.103819225,-0.002166817,0.007120061,0.000091889,-0.000094925,0.007113223,0.007110187,0.007110187,0.000000000,-0.833177543,-0.009461036,1.853084933,1.010446354,1.010446354,-0.000000000,0.000000000
1338,1782712741.239281416,0.099893570,1.010446354,1.005751977,2.379894929,0.592401064,-175.455354931,0.129648030,0.010277673,-0.003784149,-0.001340452,0.000426758,-0.003780683,-0.004694377,-0.004694377,0.000000000,-0.834517995,-0.009034277,1.849304250,1.005751977,1.005751977,-0.000000000,0.000000000
1339,1782712741.339025021,0.099743605,1.005751977,1.013788616,2.405825415,0.477521763,-175.187252900,0.108194758,-0.017334239,0.009674840,-0.000901720,-0.000727618,0.009665977,0.008036639,0.008036639,-0.000000000,-0.835419715,-0.009761896,1.858970227,1.013788616,1.013788616,-0.000000000,0.000000000
1340,1782712741.439516544,0.100491524,1.013788616,1.009198000,2.286739736,0.147766388,-174.982624660,0.127783259,0.007392911,-0.004559688,-0.000329554,0.000294980,-0.004556042,-0.004590616,-0.004590616,0.000000000,-0.835749269,-0.009466915,1.854414184,1.009198000,1.009198000,-0.000000000,0.000000000
1341,1782712741.539435625,0.099919081,1.009198000,1.017461737,1.861204420,-0.173920536,-174.550089374,0.129600419,0.004130679,0.007740300,0.000393400,0.000134157,0.007736181,0.008263738,0.008263738,0.000000000,-0.835355870,-0.009332758,1.862150365,1.017461737,1.017461737,-0.000000000,0.000000000
1342,1782712741.639067411,0.099631786,1.017461737,1.022461710,2.594985853,0.323123912,-173.733354461,0.135997611,0.006303987,0.005487240,-0.000766965,0.000285412,0.005481526,0.004999973,0.004999973,-0.000000000,-0.836122835,-0.009047346,1.867631891,1.022461710,1.022461710,-0.000000000,0.000000000
1343,1782712741.739495993,0.100428581,1.022461710,1.032760278,2.410479986,0.182857648,-173.237376613,0.120349566,-0.005623316,0.010928891,-0.000384091,-0.000236506,0.010919165,0.010298568,0.010298568,0.000000000,-0.836506926,-0.009283853,1.878551056,1.032760278,1.032760278,-0.000000000,0.000000000
1344,1782712741.939157724,0.199661732,1.032760278,1.022639775,2.579518744,0.260587211,-172.225444733,0.242505549,-0.001647257,-0.008952594,-0.001102937,-0.000074135,-0.008943430,-0.010120503,-0.010120503,-0.000000000,-0.837609863,-0.009357988,1.869607626,1.022639775,1.022639775,-0.000000000,0.000000000
1345,1782712742.039353371,0.100195646,1.022639775,1.026004644,2.669381279,0.012799595,-171.473343420,0.138432152,0.012294338,0.002826281,-0.000030925,0.000572580,0.002823214,0.003364869,0.003364869,0.000000000,-0.837640788,-0.008785408,1.872430840,1.026004644,1.026004644,-0.000000000,0.000000000
1346,1782712742.240580082,0.201226711,1.026004644,1.037761656,2.576598931,-0.027834190,-171.001357296,0.249516790,-0.004752035,0.011861418,0.000121215,-0.000213628,0.011849425,0.011757012,0.011757012,-0.000000000,-0.837519573,-0.008999036,1.884280265,1.037761656,1.037761656,-0.000000000,0.000000000
1347,1782712742.439362288,0.198782206,1.037761656,1.036301888,2.362699951,0.217760781,-169.853699759,0.266405022,0.000038590,-0.000449236,-0.001012508,0.000001591,-0.000448851,-0.001459768,-0.001459768,0.000000000,-0.838532081,-0.008997445,1.883831414,1.036301888,1.036301888,-0.000000000,0.000000000
1348,1782712742.539153576,0.099791288,1.036301888,1.046860590,1.931166258,-0.300242976,-169.142289924,0.118199767,-0.012784621,0.010376168,0.000619391,-0.000430821,0.010370132,0.010558702,0.010558702,-0.000000000,-0.837912690,-0.009428266,1.894201546,1.046860590,1.046860590,-0.000000000,0.000000000
1349,1782712742.639085293,0.099931717,1.046860590,1.043743656,1.949976859,-0.217697616,-169.775802684,0.128679103,-0.040802159,-0.002218792,0.000488920,-0.001388363,-0.002217491,-0.003116934,-0.003116934,0.000000000,-0.837423769,-0.010816629,1.891984054,1.043743656,1.043743656,-0.000000000,0.000000000
1350,1782712742.738797426,0.099712133,1.043743656,1.044667855,2.075470680,0.179540739,-172.797718406,0.127355923,-0.001974000,0.001395690,-0.000399079,-0.000071490,0.001394768,0.000924199,0.000924199,0.000000000,-0.837822848,-0.010888118,1.893378822,1.044667855,1.044667855,-0.000000000,0.000000000
1351,1782712742.838728189,0.099930763,1.044667855,1.050931562,1.964945738,0.033328128,-174.688235231,0.135657746,-0.002326771,0.006426177,-0.000078910,-0.000079780,0.006422398,0.006263707,0.006263707,-0.000000000,-0.837901759,-0.010967899,1.899801219,1.050931562,1.050931562,-0.000000000,0.000000000
1352,1782712742.940084696,0.101356506,1.050931562,1.049805884,2.373158901,-0.316650471,-174.412796898,0.106702302,-0.002710576,-0.001604539,0.000589697,-0.000112237,-0.001603138,-0.001125678,-0.001125678,-0.000000000,-0.837312061,-0.011080136,1.898198081,1.049805884,1.049805884,-0.000000000,0.000000000
1353,1782712743.039304018,0.099219322,1.049805884,1.047986805,2.522719731,-0.449433779,-173.692908195,0.129076830,0.000370471,-0.002850717,0.001012481,0.000016306,-0.002847866,-0.001819079,-0.001819079,0.000000000,-0.836299580,-0.011063830,1.895350215,1.047986805,1.047986805,-0.000000000,0.000000000
1354,1782712743.138864517,0.099560499,1.047986805,1.050803792,2.701257490,-0.271674584,-173.036024847,0.121962135,0.004618980,0.002023280,0.000578295,0.000217683,0.002021009,0.002816987,0.002816987,0.000000000,-0.835721285,-0.010846147,1.897371224,1.050803792,1.050803792,-0.000000000,0.000000000
1355,1782712743.239228010,0.100363493,1.050803792,1.053965307,2.696626090,0.033623489,-172.144883859,0.108473345,-0.000157159,0.003236150,-0.000063657,-0.000007394,0.003232566,0.003161515,0.003161515,0.000000000,-0.835784941,-0.010853541,1.900603790,1.053965307,1.053965307,-0.000000000,0.000000000
1356,1782712743.340063334,0.100835323,1.053965307,1.055297968,2.470817074,0.500567049,-171.310910616,0.130824637,0.002743252,0.002359627,-0.001142941,0.000118259,0.002357343,0.001332661,0.001332661,0.000000000,-0.836927882,-0.010735283,1.902961133,1.055297968,1.055297968,-0.000000000,0.000000000
1357,1782712743.438653469,0.098590136,1.055297968,1.053688557,2.645299479,0.494506731,-170.827980119,0.111171826,-0.001466626,-0.000582881,-0.000959487,-0.000067686,-0.000582238,-0.001609411,-0.001609411,0.000000000,-0.837887368,-0.010802969,1.902378895,1.053688557,1.053688557,-0.000000000,0.000000000
1358,1782712743.540289402,0.101635933,1.053688557,1.058046930,2.713539423,0.687385772,-170.369716444,0.119841555,0.008251886,0.005411915,-0.001437722,0.000390637,0.005405458,0.004358373,0.004358373,0.000000000,-0.839325091,-0.010412332,1.907784353,1.058046930,1.058046930,-0.000000000,0.000000000
1359,1782712743.640141964,0.099852562,1.058046930,1.052380385,2.641022695,0.836732856,-169.768179607,0.128002217,-0.011285356,-0.003281181,-0.001869245,-0.000519954,-0.003277346,-0.005666545,-0.005666545,0.000000000,-0.841194336,-0.010932286,1.904507006,1.052380385,1.052380385,-0.000000000,0.000000000
1360,1782712743.739233732,0.099091768,1.052380385,1.061846174,2.672496409,0.185863386,-169.357345457,0.118216798,-0.000056383,0.009862683,-0.000383486,-0.000002629,0.009851904,0.009465789,0.009465789,-0.000000000,-0.841577822,-0.010934915,1.914358911,1.061846174,1.061846174,-0.000000000,0.000000000
1361,1782712743.839086056,0.099852324,1.061846174,1.051846794,2.523292629,0.353787835,-169.866031377,0.119172691,-0.011344030,-0.008772778,-0.000735858,-0.000499417,-0.008764105,-0.009999380,-0.009999380,0.000000000,-0.842313680,-0.011434332,1.905594806,1.051846794,1.051846794,-0.000000000,0.000000000
1362,1782712744.039961576,0.200875521,1.051846794,1.051791608,2.421508996,0.161196505,-169.853786862,0.247503791,-0.005711134,0.000883234,-0.000696329,-0.000241299,0.000882442,-0.000055185,-0.000055185,0.000000000,-0.843010009,-0.011675631,1.906477248,1.051791608,1.051791608,-0.000000000,0.000000000
1363,1782712744.139630318,0.099668741,1.051791608,1.056227915,2.647192168,-0.231756220,-169.823704458,0.126976339,-0.015376419,0.004637854,0.000513606,-0.000710166,0.004632867,0.004436307,0.004436307,0.000000000,-0.842496402,-0.012385797,1.911110115,1.056227915,1.056227915,-0.000000000,0.000000000
1364,1782712744.240104437,0.100474119,1.056227915,1.059902054,2.975122591,-0.028203656,-171.362344603,0.125261975,-0.007459137,0.004005024,0.000061660,-0.000387147,0.003999626,0.003674139,0.003674139,-0.000000000,-0.842434743,-0.012772944,1.915109740,1.059902054,1.059902054,-0.000000000,0.000000000
1365,1782712744.339357138,0.099252701,1.059902054,1.058368790,2.535088220,0.237891612,-171.058874949,0.119091698,0.005195147,-0.001269837,-0.000494466,0.000229786,-0.001268584,-0.001533265,-0.001533265,0.000000000,-0.842929209,-0.012543158,1.913841157,1.058368790,1.058368790,-0.000000000,0.000000000
1366,1782712744.439522266,0.100165129,1.058368790,1.059305322,2.732843967,0.157919855,-170.645058034,0.120765129,-0.004099657,0.001466528,-0.000332855,-0.000195467,0.001464854,0.000936532,0.000936532,-0.000000000,-0.843262064,-0.012738625,1.915306011,1.059305322,1.059305322,-0.000000000,0.000000000
1367,1782712744.539861917,0.100339651,1.059305322,1.052162772,2.540426713,-0.017492260,-170.158580836,0.119417472,-0.010596843,-0.006715911,0.000036458,-0.000469697,-0.006709310,-0.007142550,-0.007142550,0.000000000,-0.843225606,-0.013208322,1.908596701,1.052162772,1.052162772,-0.000000000,0.000000000
1368,1782712744.639386654,0.099524736,1.052162772,1.057109971,2.417316986,0.218674393,-170.412569525,0.116456727,-0.020725487,0.006271437,-0.000444466,-0.000874145,0.006265811,0.004947199,0.004947199,-0.000000000,-0.843670072,-0.014082468,1.914862511,1.057109971,1.057109971,-0.000000000,0.000000000
1369,1782712744.739802361,0.100415707,1.057109971,1.060841492,2.404368604,0.493729920,-171.967932608,0.119663646,-0.016374460,0.005454593,-0.001031154,-0.000686913,0.005449588,0.003731521,0.003731521,0.000000000,-0.844701227,-0.014769381,1.920312100,1.060841492,1.060841492,-0.000000000,0.000000000
1370,1782712744.840275526,0.100473166,1.060841492,1.062867564,2.514494181,0.968182570,-173.543592041,0.114581345,-0.002671999,0.004083896,-0.001936100,-0.000117210,0.004079382,0.002026072,0.002026072,0.000000000,-0.846637327,-0.014886591,1.924391482,1.062867564,1.062867564,-0.000000000,0.000000000
1371,1782712744.939061403,0.098785877,1.062867564,1.063521470,1.941393505,0.870755030,-174.021578955,0.124093741,-0.004952628,0.002709383,-0.001885847,-0.000167762,0.002707515,0.000653906,0.000653906,0.000000000,-0.848523174,-0.015054352,1.927098997,1.063521470,1.063521470,-0.000000000,0.000000000
1372,1782712745.039451122,0.100389719,1.063521470,1.064288396,1.849158495,0.446427771,-174.256329012,0.117725085,0.000726144,0.001661673,-0.000917262,0.000023431,0.001660757,0.000766926,0.000766926,-0.000000000,-0.849440436,-0.015030922,1.928759754,1.064288396,1.064288396,-0.000000000,0.000000000
1373,1782712745.139078140,0.099627018,1.064288396,1.063302403,1.993867794,-0.067254993,-174.172570004,0.121031268,-0.005993586,-0.000920088,0.000142069,-0.000208532,-0.000919530,-0.000985993,-0.000985993,0.000000000,-0.849298367,-0.015239454,1.927840224,1.063302403,1.063302403,-0.000000000,0.000000000
1374,1782712745.239875078,0.100796938,1.063302403,1.064391462,2.236616686,0.205407840,-173.899132190,0.126531626,0.001088917,0.001501337,-0.000453620,0.000042496,0.001500183,0.001089059,0.001089059,-0.000000000,-0.849751987,-0.015196957,1.929340407,1.064391462,1.064391462,-0.000000000,0.000000000
1375,1782712745.339126587,0.099251509,1.064391462,1.059977032,2.136584293,0.377051627,-173.711409438,0.126041995,-0.001758176,-0.003521959,-0.000829450,-0.000065547,-0.003519434,-0.004414431,-0.004414431,-0.000000000,-0.850581438,-0.015262504,1.925820973,1.059977032,1.059977032,-0.000000000,0.000000000
1376,1782712745.439132690,0.100006104,1.059977032,1.064409539,1.963347204,0.489000989,-173.288613096,0.122700766,0.005402405,0.005297928,-0.001047199,0.000185081,0.005294625,0.004432507,0.004432507,0.000000000,-0.851628636,-0.015077423,1.931115598,1.064409539,1.064409539,-0.000000000,0.000000000
1377,1782712745.539074659,0.099941969,1.064409539,1.064421690,2.049832183,0.079857034,-172.696109955,0.116444299,-0.012534193,0.000623179,-0.000162296,-0.000448331,0.000622779,0.000012152,0.000012152,-0.000000000,-0.851790933,-0.015525755,1.931738377,1.064421690,1.064421690,-0.000000000,0.000000000
1378,1782712745.639407635,0.100332975,1.064421690,1.066978159,2.430267627,0.093043150,-172.728886456,0.115277457,0.004805540,0.002542188,-0.000187200,0.000203771,0.002539898,0.002556469,0.002556469,0.000000000,-0.851978133,-0.015321983,1.934278275,1.066978159,1.066978159,-0.000000000,0.000000000
1379,1782712745.739173889,0.099766254,1.066978159,1.073251896,2.291347329,0.208196255,-172.243566819,0.111948456,-0.003445516,0.006823778,-0.000406787,-0.000137754,0.006818277,0.006273736,0.006273736,0.000000000,-0.852384920,-0.015459737,1.941096553,1.073251896,1.073251896,-0.000000000,0.000000000
1380,1782712745.839835167,0.100661278,1.073251896,1.058978407,2.082801033,0.215659333,-171.610409910,0.127027653,0.001554181,-0.013861102,-0.000478127,0.000056484,-0.013851847,-0.014273489,-0.014273489,0.000000000,-0.852863047,-0.015403253,1.927244706,1.058978407,1.058978407,-0.000000000,0.000000000
1381,1782712745.939441681,0.099606514,1.058978407,1.064937440,2.161397101,0.324487743,-171.211966660,0.124853873,-0.001684181,0.006734541,-0.000707091,-0.000063517,0.006729641,0.005959033,0.005959033,0.000000000,-0.853570138,-0.015466770,1.933974347,1.064937440,1.064937440,-0.000000000,0.000000000
1382,1782712746.039566278,0.100124598,1.064937440,1.068197054,1.980879375,0.432298182,-170.386011048,0.117683011,0.000538342,0.004131506,-0.000887913,0.000018608,0.004128919,0.003259614,0.003259614,0.000000000,-0.854458051,-0.015448162,1.938103267,1.068197054,1.068197054,-0.000000000,0.000000000
1383,1782712746.140045404,0.100479126,1.068197054,1.072816533,1.835489076,0.246946746,-170.288680268,0.113945498,-0.001623483,0.005165284,-0.000491107,-0.000051999,0.005162586,0.004619479,0.004619479,-0.000000000,-0.854949158,-0.015500162,1.943265853,1.072816533,1.072816533,-0.000000000,0.000000000
1384,1782712746.239989042,0.099943638,1.072816533,1.066008566,2.010357075,0.288795307,-170.019118835,0.122919819,-0.004197866,-0.006044938,-0.000619566,-0.000147260,-0.006041141,-0.006807967,-0.006807967,-0.000000000,-0.855568724,-0.015647422,1.937224712,1.066008566,1.066008566,-0.000000000,0.000000000
1385,1782712746.339392662,0.099403620,1.066008566,1.070320776,1.933471981,0.124346442,-169.719762777,0.112495815,-0.006318543,0.004772264,-0.000244144,-0.000213181,0.004769536,0.004312210,0.004312210,0.000000000,-0.855812868,-0.015860603,1.941994247,1.070320776,1.070320776,-0.000000000,0.000000000
1386,1782712746.439220428,0.099827766,1.070320776,1.073404545,1.998443056,-0.217555047,-169.512300139,0.116333428,-0.021359600,0.003388985,0.000441723,-0.000744854,0.003386899,0.003083768,0.003083768,-0.000000000,-0.855371145,-0.016605457,1.945381147,1.073404545,1.073404545,-0.000000000,0.000000000
1387,1782712746.539753199,0.100532770,1.073404545,1.079547179,1.899670998,0.104703839,-170.825840719,0.109893447,-0.014002085,0.006811372,-0.000200822,-0.000464160,0.006807617,0.006142634,0.006142634,0.000000000,-0.855571968,-0.017069617,1.952188764,1.079547179,1.079547179,-0.000000000,0.000000000
1388,1782712746.638871670,0.099118471,1.079547179,1.081551871,1.815192743,0.313222140,-172.563198395,0.108123694,-0.011793244,0.002970865,-0.000591083,-0.000373555,0.002969330,0.002004692,0.002004692,-0.000000000,-0.856163051,-0.017443172,1.955158093,1.081551871,1.081551871,-0.000000000,0.000000000
1389,1782712746.839257717,0.200386047,1.081551871,1.074544257,1.832364703,0.548104247,-173.500432688,0.246189552,-0.006726733,-0.004439939,-0.002355068,-0.000215080,-0.004437466,-0.007007614,-0.007007614,0.000000000,-0.858518119,-0.017658252,1.950720628,1.074544257,1.074544257,-0.000000000,0.000000000
1390,1782712746.938817978,0.099560261,1.074544257,1.081984500,2.199974422,0.367339426,-173.637363409,0.124914608,-0.001814962,0.008317072,-0.000800857,-0.000069670,0.008310770,0.007440243,0.007440243,-0.000000000,-0.859318976,-0.017727922,1.959031398,1.081984500,1.081984500,-0.000000000,0.000000000
1391,1782712747.039370775,0.100552797,1.081984500,1.078712393,2.210802544,0.050121009,-173.474806353,0.102311257,0.002348008,-0.003275624,-0.000089499,0.000090577,-0.003273184,-0.003272106,-0.003272106,-0.000000000,-0.859408476,-0.017637345,1.955758214,1.078712393,1.078712393,-0.000000000,0.000000000
1392,1782712747.139101028,0.099730253,1.078712393,1.082486162,2.053867452,0.215814695,-173.013853395,0.128512113,0.001120492,0.004220415,-0.000484062,0.000040157,0.004217674,0.003773768,0.003773768,0.000000000,-0.859892538,-0.017597187,1.959975888,1.082486162,1.082486162,-0.000000000,0.000000000
1393,1782712747.238622665,0.099521637,1.082486162,1.082250084,1.878338639,-0.165244636,-172.714082586,0.111885464,-0.004492469,-0.000411735,0.000322684,-0.000147251,-0.000411512,-0.000236078,-0.000236078,0.000000000,-0.859569854,-0.017744438,1.959564376,1.082250084,1.082250084,-0.000000000,0.000000000
1394,1782712747.339367628,0.100744963,1.082250084,1.080301661,2.002868163,-0.197544209,-172.286349214,0.127905262,-0.002899180,-0.002289501,0.000440990,-0.000101324,-0.002288089,-0.001948422,-0.001948422,0.000000000,-0.859128864,-0.017845762,1.957276287,1.080301661,1.080301661,-0.000000000,0.000000000
1395,1782712747.439610004,0.100242376,1.080301661,1.082643767,2.113052447,-0.030990030,-172.007728202,0.133231230,0.000937717,0.002236991,0.000072062,0.000034575,0.002235469,0.002342106,0.002342106,0.000000000,-0.859056802,-0.017811187,1.959511756,1.082643767,1.082643767,-0.000000000,0.000000000
1396,1782712747.539592266,0.099982262,1.082643767,1.086611900,2.121445573,0.086259182,-171.827684328,0.115518360,0.000013448,0.004144394,-0.000173914,0.000000498,0.004141548,0.003968133,0.003968133,-0.000000000,-0.859230715,-0.017810690,1.963653305,1.086611900,1.086611900,-0.000000000,0.000000000
1397,1782712747.739578724,0.199986458,1.086611900,1.090286109,2.021603210,0.126370606,-171.588902417,0.238435337,0.006335062,0.003979107,-0.000525889,0.000223477,0.003976621,0.003674210,0.003674210,0.000000000,-0.859756604,-0.017587213,1.967629926,1.090286109,1.090286109,-0.000000000,0.000000000
1398,1782712747.839389563,0.099810839,1.090286109,1.092184510,1.991339952,-0.013757784,-170.841593843,0.129174613,-0.007576959,0.002131958,0.000031017,-0.000263288,0.002130671,0.001898400,0.001898400,-0.000000000,-0.859725587,-0.017850500,1.969760596,1.092184510,1.092184510,-0.000000000,0.000000000
1399,1782712747.939501524,0.100111961,1.092184510,1.093489138,2.055001528,-0.085217780,-170.336065780,0.117962759,-0.002218396,0.001209507,0.000175450,-0.000079549,0.001208728,0.001304629,0.001304629,0.000000000,-0.859550137,-0.017930049,1.970969325,1.093489138,1.093489138,-0.000000000,0.000000000
1400,1782712748.038527966,0.099026442,1.093489138,1.092610335,2.064488512,0.254588566,-169.992166777,0.141012717,-0.007056766,0.000001986,-0.000626575,-0.000254213,0.000001984,-0.000878803,-0.000878803,0.000000000,-0.860176712,-0.018184262,1.970971309,1.092610335,1.092610335,-0.000000000,0.000000000
1401,1782712748.138587236,0.100059271,1.092610335,1.093810962,1.967609111,0.239051793,-170.668886594,0.105476489,-0.015708677,0.002181349,-0.000440072,-0.000539345,0.002180044,0.001200627,0.001200627,0.000000000,-0.860616784,-0.018723607,1.973151353,1.093810962,1.093810962,-0.000000000,0.000000000
1402,1782712748.239032030,0.100444794,1.093810962,1.097990549,1.766915496,0.517583212,-172.193646181,0.132315656,-0.017885347,0.005929357,-0.001195261,-0.000551447,0.005926296,0.004179587,0.004179587,0.000000000,-0.861812046,-0.019275054,1.979077648,1.097990549,1.097990549,-0.000000000,0.000000000
1403,1782712748.339452028,0.100419998,1.097990549,1.095871619,2.014218473,0.364968275,-173.541614924,0.140311635,0.003753428,-0.001357952,-0.000893765,0.000131921,-0.001357086,-0.002118930,-0.002118930,0.000000000,-0.862705810,-0.019143133,1.977720563,1.095871619,1.095871619,-0.000000000,0.000000000
1404,1782712748.438517094,0.099065065,1.095871619,1.095917633,2.139661708,-0.023205878,-173.229847677,0.114022364,-0.005978969,0.000223216,0.000046181,-0.000223228,0.000223061,0.000046014,0.000046014,-0.000000000,-0.862659629,-0.019366361,1.977943623,1.095917633,1.095917633,-0.000000000,0.000000000
1405,1782712748.539211273,0.100694180,1.095917633,1.107029853,2.128031309,-0.007990354,-172.828447867,0.127495316,0.000530084,0.011082399,0.000017780,0.000019683,0.011074756,0.011112220,0.011112220,-0.000000000,-0.862641849,-0.019346677,1.989018379,1.107029853,1.107029853,-0.000000000,0.000000000
1406,1782712748.639522314,0.100311041,1.107029853,1.109883320,2.040085583,-0.005791071,-172.168478427,0.118324989,-0.000553966,0.002863043,0.000011959,-0.000019720,0.002861228,0.002853467,0.002853467,-0.000000000,-0.862629889,-0.019366398,1.991879607,1.109883320,1.109883320,-0.000000000,0.000000000
1407,1782712748.738576412,0.099054098,1.109883320,1.109926370,2.042405968,0.371718140,-171.554027607,0.136974282,-0.001720386,0.000993656,-0.000888643,-0.000061312,0.000993004,0.000043049,0.000043049,0.000000000,-0.863518532,-0.019427710,1.992872611,1.109926370,1.109926370,-0.000000000,0.000000000
1408,1782712748.839469910,0.100893497,1.109926370,1.116051528,2.293006662,0.009657960,-171.301089218,0.127299322,-0.005978478,0.006390931,-0.000021458,-0.000239198,0.006385814,0.006125158,0.006125158,0.000000000,-0.863539990,-0.019666907,1.999258425,1.116051528,1.116051528,-0.000000000,0.000000000
1409,1782712748.938634157,0.099164248,1.116051528,1.113639795,2.421058357,-0.065389915,-171.067679312,0.128429432,0.003343446,-0.002701955,0.000146573,0.000141237,-0.002699541,-0.002411732,-0.002411732,-0.000000000,-0.863393417,-0.019525671,1.996558883,1.113639795,1.113639795,-0.000000000,0.000000000
1410,1782712749.039504528,0.100870371,1.113639795,1.113186638,2.428149653,-0.203880800,-170.403234617,0.130502196,0.004399120,-0.001104908,0.000464377,0.000186374,-0.001103909,-0.000453157,-0.000453157,0.000000000,-0.862929040,-0.019339297,1.995454975,1.113186638,1.113186638,-0.000000000,0.000000000
1411,1782712749.139575243,0.100070715,1.113186638,1.120870756,2.247832085,-0.325806306,-169.793323166,0.131412913,-0.008986124,0.007295036,0.000747261,-0.000352448,0.007289304,0.007684118,0.007684118,-0.000000000,-0.862181779,-0.019691745,2.002744279,1.120870756,1.120870756,-0.000000000,0.000000000
1412,1782712749.240041494,0.100466251,1.120870756,1.116144650,2.141104880,0.044023919,-169.598920838,0.136289108,-0.009026861,-0.004287131,-0.000104719,-0.000337249,-0.004284137,-0.004726106,-0.004726106,-0.000000000,-0.862286498,-0.020028994,1.998460142,1.116144650,1.116144650,-0.000000000,0.000000000
1413,1782712749.338642597,0.098601103,1.116144650,1.119641547,2.067057045,-0.063171813,-169.851061731,0.126119920,-0.022498888,0.004172074,0.000139054,-0.000811515,0.004169357,0.003496897,0.003496897,0.000000000,-0.862147444,-0.020840508,2.002629499,1.119641547,1.119641547,-0.000000000,0.000000000
1414,1782712749.439066172,0.100423574,1.119641547,1.114661724,2.114611425,-0.175074592,-171.406202645,0.137781985,-0.009870940,-0.005040067,0.000421010,-0.000364222,-0.005036611,-0.004979823,-0.004979823,-0.000000000,-0.861726434,-0.021204730,1.997592889,1.114661724,1.114661724,-0.000000000,0.000000000
1415,1782712749.639061928,0.199995756,1.114661724,1.111396687,2.188787160,0.084368163,-172.929262031,0.266572087,-0.035608781,-0.001513637,-0.000392528,-0.001359978,-0.001512531,-0.003265037,-0.003265037,0.000000000,-0.862118962,-0.022564708,1.996080358,1.111396687,1.111396687,-0.000000000,0.000000000
1416,1782712749.739003897,0.099941969,1.111396687,1.117891455,2.205905338,0.196851520,-175.615713101,0.123389082,-0.007095743,0.007197191,-0.000423928,-0.000273119,0.007191815,0.006494767,0.006494767,0.000000000,-0.862542890,-0.022837827,2.003272173,1.117891455,1.117891455,-0.000000000,0.000000000
1417,1782712749.839604139,0.100600243,1.117891455,1.123522977,2.363646742,0.051850334,-175.156571857,0.144069591,0.011063329,0.005310149,-0.000130377,0.000456271,0.005305629,0.005631522,0.005631522,0.000000000,-0.862673267,-0.022381557,2.008577802,1.123522977,1.123522977,-0.000000000,0.000000000
1418,1782712750.038989067,0.199384928,1.123522977,1.122932734,2.617077910,0.068080527,-175.029953643,0.262065965,0.004550086,-0.000487117,-0.000311394,0.000207760,-0.000486609,-0.000590243,-0.000590243,0.000000000,-0.862984662,-0.022173797,2.008091193,1.122932734,1.122932734,-0.000000000,0.000000000
1419,1782712750.139253616,0.100264549,1.122932734,1.129659018,2.567999307,-0.319699602,-173.701133468,0.126837321,-0.005756036,0.006282861,0.000707725,-0.000257895,0.006276454,0.006726283,0.006726283,0.000000000,-0.862276937,-0.022431692,2.014367647,1.129659018,1.129659018,-0.000000000,0.000000000
1420,1782712750.239055157,0.099801540,1.129659018,1.134604818,2.187772868,-0.087288776,-173.083283665,0.134264871,-0.000423415,0.004760891,0.000204549,-0.000016164,0.004757415,0.004945801,0.004945801,0.000000000,-0.862072388,-0.022447856,2.019125062,1.134604818,1.134604818,-0.000000000,0.000000000
1421,1782712750.440222263,0.201167107,1.134604818,1.130191069,2.363645990,0.272606350,-172.641332167,0.278502872,-0.006047163,-0.002841728,-0.001325078,-0.000249392,-0.002839279,-0.004413749,-0.004413749,0.000000000,-0.863397466,-0.022697248,2.016285783,1.130191069,1.130191069,-0.000000000,0.000000000
1422,1782712750.539353132,0.099130869,1.130191069,1.136562857,2.418478299,0.468946693,-172.100078396,0.122446554,0.005061981,0.007166986,-0.001002173,0.000213598,0.007160363,0.006371788,0.006371788,0.000000000,-0.864399638,-0.022483651,2.023446146,1.136562857,1.136562857,-0.000000000,0.000000000
1423,1782712750.639176130,0.099822998,1.136562857,1.136604759,2.259725528,0.289991874,-171.602889910,0.135055436,-0.011553386,0.001181929,-0.000683555,-0.000455538,0.001180995,0.000041902,0.000041902,-0.000000000,-0.865083193,-0.022939188,2.024627140,1.136604759,1.136604759,-0.000000000,0.000000000
1424,1782712750.739228010,0.100051880,1.136604759,1.141506322,2.239317609,0.318272109,-171.614425134,0.129120570,-0.011147320,0.006059089,-0.000717248,-0.000435558,0.006054369,0.004901563,0.004901563,-0.000000000,-0.865800441,-0.023374746,2.030681509,1.141506322,1.141506322,-0.000000000,0.000000000
1425,1782712750.839049339,0.099821329,1.141506322,1.139533440,2.546684919,0.093612647,-172.367996597,0.142012005,-0.001546771,-0.001673783,-0.000232026,-0.000068728,-0.001672128,-0.001972882,-0.001972882,-0.000000000,-0.866032467,-0.023443475,2.029009381,1.139533440,1.139533440,-0.000000000,0.000000000
1426,1782712750.939336061,0.100286722,1.139533440,1.146507355,2.759794949,0.119485557,-171.879346597,0.120292069,-0.005355435,0.007491337,-0.000250859,-0.000257858,0.007482632,0.006973916,0.006973916,0.000000000,-0.866283326,-0.023701332,2.036492013,1.146507355,1.146507355,-0.000000000,0.000000000
1427,1782712751.039517164,0.100181103,1.146507355,1.134359847,2.646717583,0.201674830,-171.315809362,0.143031484,0.004870147,-0.011881692,-0.000503454,0.000224890,-0.011868944,-0.012147508,-0.012147508,-0.000000000,-0.866786780,-0.023476442,2.024623070,1.134359847,1.134359847,-0.000000000,0.000000000
1428,1782712751.139207125,0.099689960,1.134359847,1.148636445,2.769318052,0.104922387,-170.628346395,0.119258144,-0.000364838,0.014529607,-0.000218390,-0.000017627,0.014512615,0.014276597,0.014276597,0.000000000,-0.867005170,-0.023494070,2.039135684,1.148636445,1.148636445,-0.000000000,0.000000000
1429,1782712751.239197493,0.099990368,1.148636445,1.149897435,2.601703308,0.329252076,-169.884124137,0.142323237,-0.003422590,0.002236551,-0.000817861,-0.000155358,0.002234209,0.001260990,0.001260990,0.000000000,-0.867823031,-0.023649428,2.041369893,1.149897435,1.149897435,-0.000000000,0.000000000
1430,1782712751.339382887,0.100185394,1.149897435,1.146494283,2.783444300,0.136231757,-169.776332021,0.133579063,-0.023426423,-0.001950238,-0.000317610,-0.001137611,-0.001947931,-0.003403152,-0.003403152,0.000000000,-0.868140640,-0.024787039,2.039421962,1.146494283,1.146494283,-0.000000000,0.000000000
1431,1782712751.439399481,0.100016594,1.146494283,1.153739395,2.826396390,0.418790568,-170.397856923,0.128924535,-0.026941837,0.009527757,-0.000942336,-0.001328464,0.009515913,0.007245112,0.007245112,0.000000000,-0.869082977,-0.026115503,2.048937875,1.153739395,1.153739395,-0.000000000,0.000000000
1432,1782712751.539199114,0.099799633,1.153739395,1.153017900,3.102720880,0.648438502,-173.282518945,0.138007267,-0.029238115,0.002426513,-0.001561848,-0.001582448,0.002422801,-0.000721495,-0.000721495,0.000000000,-0.870644825,-0.027697951,2.051360676,1.153017900,1.153017900,-0.000000000,0.000000000
1433,1782712751.638974667,0.099775553,1.153017900,1.149706846,2.801742310,0.522593548,-175.586463616,0.137219180,-0.012929572,-0.001429294,-0.001251556,-0.000631973,-0.001427526,-0.003311055,-0.003311055,0.000000000,-0.871896381,-0.028329924,2.049933150,1.149706846,1.149706846,-0.000000000,0.000000000
1434,1782712751.739218950,0.100244284,1.149706846,1.150708713,2.459241152,0.581587255,-177.377920736,0.129422441,-0.001123242,0.002366057,-0.001313694,-0.000048194,0.002363756,0.001001867,0.001001867,-0.000000000,-0.873210075,-0.028378118,2.052296906,1.150708713,1.150708713,-0.000000000,0.000000000
1435,1782712751.839117765,0.099898815,1.150708713,1.148991360,2.568212765,0.531620640,-177.302611963,0.140436735,0.002533150,-0.000528381,-0.001303028,0.000113502,-0.000527827,-0.001717353,-0.001717353,-0.000000000,-0.874513103,-0.028264616,2.051769079,1.148991360,1.148991360,-0.000000000,0.000000000
1436,1782712751.940724373,0.101606607,1.148991360,1.156887592,2.529805930,0.593291225,-176.871046629,0.125023760,-0.004542941,0.009400992,-0.001294584,-0.000200511,0.009391326,0.007896232,0.007896232,0.000000000,-0.875807687,-0.028465126,2.061160405,1.156887592,1.156887592,-0.000000000,0.000000000
1437,1782712752.039875031,0.099150658,1.156887592,1.156874371,2.603902884,0.631844360,-176.517489067,0.126286434,0.003903435,0.001203396,-0.001392629,0.000177326,0.001202081,-0.000013222,-0.000013222,-0.000000000,-0.877200316,-0.028287800,2.062362486,1.156874371,1.156874371,-0.000000000,0.000000000
1438,1782712752.139409542,0.099534512,1.156874371,1.149760002,2.463600225,0.670566666,-175.775590672,0.156188451,0.000181006,-0.005299485,-0.001827925,0.000007780,-0.005294224,-0.007114369,-0.007114369,0.000000000,-0.879028240,-0.028280020,2.057068262,1.149760002,1.149760002,-0.000000000,0.000000000
1439,1782712752.239371538,0.099961996,1.149760002,1.152920989,2.407669869,0.669497339,-174.930373650,0.122023405,-0.000632169,0.004617736,-0.001425803,-0.000026555,0.004613345,0.003160987,0.003160987,-0.000000000,-0.880454043,-0.028306575,2.061681607,1.152920989,1.152920989,-0.000000000,0.000000000
1440,1782712752.339972258,0.100600719,1.152920989,1.148194572,2.605138759,0.737322000,-174.441831076,0.142877400,0.000062513,-0.002893893,-0.001838595,0.000002841,-0.002890663,-0.004726417,-0.004726417,0.000000000,-0.882292638,-0.028303734,2.058790944,1.148194572,1.148194572,-0.000000000,0.000000000
1441,1782712752.438680410,0.098708153,1.148194572,1.159590039,2.735860104,0.851570833,-173.863081046,0.126473822,0.002443805,0.013174978,-0.001879675,0.000116634,0.013158508,0.011395467,0.011395467,0.000000000,-0.884172314,-0.028187100,2.071949452,1.159590039,1.159590039,-0.000000000,0.000000000
1442,1782712752.539474487,0.100794077,1.159590039,1.155533326,2.706449172,0.898684843,-173.384074330,0.154373058,-0.001631481,-0.001560374,-0.002421244,-0.000077027,-0.001558442,-0.004056713,-0.004056713,-0.000000000,-0.886593557,-0.028264127,2.070391010,1.155533326,1.155533326,-0.000000000,0.000000000
1443,1782712752.639342785,0.099868298,1.155533326,1.159537653,2.863417397,0.622124253,-172.727671602,0.116936602,-0.001945709,0.005378237,-0.001269686,-0.000097193,0.005371206,0.004004327,0.004004327,0.000000000,-0.887863243,-0.028361320,2.075762216,1.159537653,1.159537653,-0.000000000,0.000000000
1444,1782712752.739382982,0.100040197,1.159537653,1.158098151,2.644321208,-0.122056616,-172.097584136,0.151160928,0.006908295,-0.002082459,0.000322016,0.000318719,-0.002080236,-0.001439502,-0.001439502,0.000000000,-0.887541227,-0.028042601,2.073681980,1.158098151,1.158098151,-0.000000000,0.000000000
1445,1782712752.839363575,0.099980593,1.158098151,1.161989867,2.786205941,-0.212862993,-171.554084095,0.135367425,-0.001860062,0.003483363,0.000502910,-0.000090416,0.003479221,0.003891716,0.003891716,0.000000000,-0.887038317,-0.028133017,2.077161201,1.161989867,1.161989867,-0.000000000,0.000000000
1446,1782712752.940095425,0.100731850,1.161989867,1.164282215,2.756379012,-0.075196531,-170.712559494,0.151426866,0.003713505,0.001917252,0.000198737,0.000178580,0.001915032,0.002292348,0.002292348,0.000000000,-0.886839580,-0.027954437,2.079076233,1.164282215,1.164282215,-0.000000000,0.000000000
1447,1782712753.039677858,0.099582434,1.164282215,1.160584757,2.428664742,0.596847250,-170.144308731,0.125176811,-0.015342635,-0.001745067,-0.001303937,-0.000650117,-0.001743405,-0.003697459,-0.003697459,0.000000000,-0.888143517,-0.028604554,2.077332827,1.160584757,1.160584757,-0.000000000,0.000000000
1448,1782712753.139682531,0.100004673,1.160584757,1.164384905,2.308527331,0.901143470,-169.946581438,0.146682886,-0.010322123,0.006528904,-0.002306922,-0.000415729,0.006522798,0.003800148,0.003800148,0.000000000,-0.890450439,-0.029020283,2.083855626,1.164384905,1.164384905,-0.000000000,0.000000000
1449,1782712753.238570690,0.098888159,1.164384905,1.169127276,2.454546393,0.858472975,-170.806532141,0.130517715,-0.011465562,0.007196257,-0.001955497,-0.000490978,0.007188848,0.004742372,0.004742372,0.000000000,-0.892405936,-0.029511261,2.091044473,1.169127276,1.169127276,-0.000000000,0.000000000
1450,1782712753.338762999,0.100192308,1.169127276,1.154288413,2.607637884,0.821814382,-171.715080884,0.144657771,-0.011753595,-0.012243302,-0.002074808,-0.000534688,-0.012229366,-0.014838863,-0.014838863,-0.000000000,-0.894480744,-0.030045950,2.078815107,1.154288413,1.154288413,-0.000000000,0.000000000
1451,1782712753.439534426,0.100771427,1.154288413,1.165661392,2.829499232,0.733102292,-172.673741538,0.144150731,-0.001932466,0.013330071,-0.001844365,-0.000095386,0.013312730,0.011372978,0.011372978,0.000000000,-0.896325109,-0.030141336,2.092127837,1.165661392,1.165661392,-0.000000000,0.000000000
1452,1782712753.539552212,0.100017786,1.165661392,1.162552505,2.644339782,0.998873036,-172.460119319,0.127301034,0.003605750,-0.001057297,-0.002219206,0.000166330,-0.001056011,-0.003108887,-0.003108887,-0.000000000,-0.898544315,-0.029975006,2.091071826,1.162552505,1.162552505,-0.000000000,0.000000000
1453,1782712753.639384270,0.099832058,1.162552505,1.154264158,2.574405229,1.147508816,-171.851756714,0.148432046,-0.014653131,-0.004663379,-0.002972570,-0.000658039,-0.004657738,-0.008288347,-0.008288347,0.000000000,-0.901516885,-0.030633045,2.086414088,1.154264158,1.154264158,-0.000000000,0.000000000
1454,1782712753.738643885,0.099259615,1.154264158,1.155883193,2.863525451,1.271240492,-171.428459336,0.141172519,0.010192870,0.004248287,-0.003131985,0.000509081,0.004241938,0.001619035,0.001619035,0.000000000,-0.904648869,-0.030123964,2.090656026,1.155883193,1.155883193,-0.000000000,0.000000000
1455,1782712753.838842869,0.100198984,1.155883193,1.163338168,2.653819697,0.776339907,-171.138606478,0.140068913,-0.005917916,0.009638009,-0.001897832,-0.000273982,0.009626788,0.007454974,0.007454974,-0.000000000,-0.906546701,-0.030397946,2.100282815,1.163338168,1.163338168,-0.000000000,0.000000000
1456,1782712753.939624310,0.100781441,1.163338168,1.165199480,2.703749393,0.295191417,-170.800374714,0.136378223,-0.013176248,0.003189070,-0.000702626,-0.000621539,0.003185477,0.001861312,0.001861312,0.000000000,-0.907249327,-0.031019485,2.103468292,1.165199480,1.165199480,-0.000000000,0.000000000
1457,1782712754.038913012,0.099288702,1.165199480,1.165095894,2.591091512,0.003999494,-170.851196191,0.109280426,-0.024190141,0.000998644,-0.000007628,-0.001093580,0.000997623,-0.000103585,-0.000103585,0.000000000,-0.907256956,-0.032113065,2.104465915,1.165095894,1.165095894,-0.000000000,0.000000000
1458,1782712754.239212513,0.200299501,1.165095894,1.162180181,2.631441945,-0.183905590,-172.201246825,0.317768021,0.012193122,-0.004500236,0.001019957,0.000559798,-0.004495467,-0.002915713,-0.002915713,0.000000000,-0.906236999,-0.031553267,2.099970448,1.162180181,1.162180181,-0.000000000,0.000000000
1459,1782712754.440112352,0.200899839,1.162180181,1.166317603,3.131342143,0.207736965,-171.363986974,0.279706325,-0.000783070,0.005202125,-0.001014127,-0.000042775,0.005194323,0.004137421,0.004137421,-0.000000000,-0.907251126,-0.031596042,2.105164771,1.166317603,1.166317603,-0.000000000,0.000000000
1460,1782712754.539155722,0.099043369,1.166317603,1.166004276,2.279589153,0.401286451,-170.139588101,0.145050011,-0.003270263,0.000833316,-0.001015889,-0.000130074,0.000832636,-0.000313327,-0.000313327,0.000000000,-0.908267015,-0.031726116,2.105997407,1.166004276,1.166004276,-0.000000000,0.000000000
1461,1782712754.638589621,0.099433899,1.166004276,1.169429286,2.169589137,0.352094095,-169.908561903,0.136756039,-0.016852200,0.004906977,-0.000840388,-0.000637969,0.004903367,0.003425010,0.003425010,-0.000000000,-0.909107403,-0.032364085,2.110900774,1.169429286,1.169429286,-0.000000000,0.000000000
1462,1782712754.839377403,0.200787783,1.169429286,1.173120169,2.529022459,0.036723956,-170.606857812,0.282238770,-0.041487667,0.005708008,-0.000180902,-0.001830661,0.005702447,0.003690884,0.003690884,0.000000000,-0.909288305,-0.034194746,2.116603221,1.173120169,1.173120169,-0.000000000,0.000000000
1463,1782712755.039436579,0.200059175,1.173120169,1.174816683,2.216027102,0.070058215,-174.623602317,0.266227645,0.000315014,0.002011367,-0.000325529,0.000012181,0.002009861,0.001696513,0.001696513,-0.000000000,-0.909613834,-0.034182566,2.118613082,1.174816683,1.174816683,-0.000000000,0.000000000
1464,1782712755.139472485,0.100035906,1.174816683,1.168187111,2.295379558,0.055696202,-173.214660684,0.142136692,-0.007796012,-0.006184128,-0.000138169,-0.000312240,-0.006179163,-0.006629571,-0.006629571,-0.000000000,-0.909752002,-0.034494805,2.112433919,1.168187111,1.168187111,-0.000000000,0.000000000
1465,1782712755.339371204,0.199898720,1.168187111,1.172143870,2.394155721,-0.072023843,-172.675402982,0.271095893,0.006688943,0.003339473,0.000340782,0.000279422,0.003336555,0.003956759,0.003956759,0.000000000,-0.909411220,-0.034215383,2.115770474,1.172143870,1.172143870,-0.000000000,0.000000000
1466,1782712755.439164162,0.099792957,1.172143870,1.175215743,2.367937958,-0.289085479,-171.342452010,0.150922734,0.001531446,0.002249072,0.000761476,0.000063273,0.002247123,0.003071873,0.003071873,0.000000000,-0.908649744,-0.034152110,2.118017597,1.175215743,1.175215743,-0.000000000,0.000000000
1467,1782712755.539119720,0.099955559,1.175215743,1.180530485,2.411998260,0.069571984,-170.687734668,0.130644708,-0.003567958,0.005628526,-0.000158637,-0.000150157,0.005623536,0.005314742,0.005314742,0.000000000,-0.908808381,-0.034302267,2.123641133,1.180530485,1.180530485,-0.000000000,0.000000000
1468,1782712755.639328957,0.100209236,1.180530485,1.178852844,2.403068307,0.253013014,-170.077115446,0.136289960,-0.002062726,-0.000990191,-0.000601842,-0.000086488,-0.000989311,-0.001677641,-0.001677641,0.000000000,-0.909410223,-0.034388754,2.122651822,1.178852844,1.178852844,-0.000000000,0.000000000
1469,1782712755.738689423,0.099360466,1.178852844,1.189235787,2.179190606,0.274405607,-169.423026208,0.124101315,0.001941357,0.010911494,-0.000594354,0.000073819,0.010903478,0.010382943,0.010382943,0.000000000,-0.910004577,-0.034314935,2.133555299,1.189235787,1.189235787,-0.000000000,0.000000000
1470,1782712755.838620663,0.099931240,1.189235787,1.178292380,2.429477302,-0.099556303,-169.278280738,0.154551538,-0.014473210,-0.010607991,0.000268546,-0.000613514,-0.010598440,-0.010943407,-0.010943407,0.000000000,-0.909736030,-0.034928449,2.122956859,1.178292380,1.178292380,-0.000000000,0.000000000
1471,1782712755.939627886,0.101007223,1.178292380,1.185855884,2.190223382,-0.611064600,-169.185295616,0.140981441,0.000953870,0.006028247,0.001503551,0.000036452,0.006023501,0.007563504,0.007563504,-0.000000000,-0.908232479,-0.034891997,2.128980360,1.185855884,1.185855884,-0.000000000,0.000000000
1472,1782712756.139328718,0.199700832,1.185855884,1.184762889,2.092132407,-0.593419713,-169.248912599,0.254137367,-0.014665756,-0.003192013,0.002632086,-0.000535366,-0.003189714,-0.001092995,-0.001092995,0.000000000,-0.905600393,-0.035427363,2.125790646,1.184762889,1.184762889,-0.000000000,0.000000000
1473,1782712756.339407206,0.200078487,1.184762889,1.187983289,2.354264200,-0.079731332,-169.131934951,0.283989006,-0.027166873,0.003944504,0.000395192,-0.001115962,0.003941171,0.003220400,0.003220400,0.000000000,-0.905205201,-0.036543326,2.129731816,1.187983289,1.187983289,-0.000000000,0.000000000
1474,1782712756.539719343,0.200312138,1.187983289,1.173891212,2.267632678,0.095815576,-171.072760246,0.275901147,-0.016033612,-0.013006486,-0.000461389,-0.000634406,-0.012996282,-0.014092077,-0.014092077,0.000000000,-0.905666590,-0.037177732,2.116735534,1.173891212,1.173891212,-0.000000000,0.000000000
1475,1782712756.639693975,0.099974632,1.173891212,1.195145408,2.674208553,0.239105237,-170.801417520,0.124315697,0.006223736,0.021506216,-0.000518789,0.000290377,0.021482608,0.021254196,0.021254196,-0.000000000,-0.906185379,-0.036887355,2.138218142,1.195145408,1.195145408,-0.000000000,0.000000000
1476,1782712756.839443207,0.199749231,1.195145408,1.186973830,2.495973348,0.363807882,-170.225635471,0.269255730,0.001850787,-0.006548854,-0.001709667,0.000080599,-0.006542509,-0.008171577,-0.008171577,0.000000000,-0.907895046,-0.036806756,2.131675633,1.186973830,1.186973830,-0.000000000,0.000000000
1477,1782712756.938709497,0.099266291,1.186973830,1.191187803,2.028770047,-0.362386559,-169.234652747,0.136412757,-0.001466691,0.003405314,0.000862783,-0.000051922,0.003403111,0.004213973,0.004213973,0.000000000,-0.907032263,-0.036858678,2.135078744,1.191187803,1.191187803,0.000000000,0.000000000
1478,1782712757.038689137,0.099979639,1.191187803,1.199040472,2.012860144,-0.283547493,-168.760532426,0.133878285,0.003792769,0.007061359,0.000662539,0.000133215,0.007056915,0.007852669,0.007852669,0.000000000,-0.906369724,-0.036725463,2.142135659,1.199040472,1.199040472,0.000000000,0.000000000
1479,1782712757.138600826,0.099911690,1.199040472,1.194571297,2.112254677,0.195278366,-168.377797617,0.137563722,-0.006246708,-0.003772673,-0.000468851,-0.000230236,-0.003770088,-0.004469175,-0.004469175,0.000000000,-0.906838575,-0.036955700,2.138365571,1.194571297,1.194571297,0.000000000,0.000000000
1480,1782712757.238735437,0.100134611,1.194571297,1.206415073,2.255769519,0.102024554,-168.000555942,0.140270901,-0.006495428,0.012358811,-0.000249775,-0.000255662,0.012349214,0.011843776,0.011843776,-0.000000000,-0.907088350,-0.037211362,2.150714786,1.206415073,1.206415073,0.000000000,0.000000000
1481,1782712757.338569164,0.099833727,1.206415073,1.191440333,2.020357341,-0.409527563,-167.801863526,0.144631078,0.001583371,-0.016074719,0.001033757,0.000055820,-0.016064316,-0.014974740,-0.014974740,0.000000000,-0.906054593,-0.037155542,2.134650469,1.191440333,1.191440333,0.000000000,0.000000000
1482,1782712757.438739300,0.100170135,1.191440333,1.211597855,1.587207715,-0.601941103,-167.341557856,0.142163516,-0.009158778,0.018925976,0.001493522,-0.000253670,0.018917670,0.020157522,0.020157522,-0.000000000,-0.904561072,-0.037409212,2.153568139,1.211597855,1.211597855,0.000000000,0.000000000
1483,1782712757.538682461,0.099943161,1.211597855,1.206477394,1.787908166,-0.390099109,-167.102659176,0.143709812,-0.008600158,-0.005833562,0.000978443,-0.000268317,-0.005830587,-0.005120462,-0.005120462,0.000000000,-0.903582629,-0.037677530,2.147737552,1.206477394,1.206477394,0.000000000,0.000000000
1484,1782712757.638629198,0.099946737,1.206477394,1.206966636,1.863840076,-0.404044640,-167.403513260,0.148469892,-0.013719227,-0.000111608,0.001046988,-0.000446199,-0.000111547,0.000489242,0.000489242,0.000000000,-0.902535641,-0.038123728,2.147626006,1.206966636,1.206966636,0.000000000,0.000000000
1485,1782712757.738634586,0.100005388,1.206966636,1.212173060,2.156778089,-0.207601030,-168.616889989,0.139704428,-0.011908744,0.005152086,0.000506193,-0.000448171,0.005148402,0.005206424,0.005206424,-0.000000000,-0.902029448,-0.038571899,2.152774408,1.212173060,1.212173060,0.000000000,0.000000000
1486,1782712757.839402437,0.100767851,1.212173060,1.206549262,2.338577955,0.870731701,-169.687141707,0.138271695,-0.011690904,-0.003048449,-0.002101253,-0.000476987,-0.003045559,-0.005623798,-0.005623798,-0.000000000,-0.904130701,-0.039048886,2.149728849,1.206549262,1.206549262,0.000000000,0.000000000
1487,1782712758.039126396,0.199723959,1.206549262,1.214452555,2.298446820,1.023390297,-171.205557134,0.294047767,-0.009305312,0.013541337,-0.005251864,-0.000373127,0.013528284,0.007903293,0.007903293,0.000000000,-0.909382565,-0.039422013,2.163257133,1.214452555,1.214452555,0.000000000,0.000000000
1488,1782712758.139319181,0.100192785,1.214452555,1.217192956,2.699468146,0.587683063,-170.164335535,0.149674764,0.007296646,0.003936530,-0.001535188,0.000343633,0.003931955,0.002740401,0.002740401,-0.000000000,-0.910917753,-0.039078380,2.167189089,1.217192956,1.217192956,0.000000000,0.000000000
1489,1782712758.239608526,0.100289345,1.217192956,1.217612210,2.270572066,0.241679923,-169.484294362,0.145373209,-0.005291740,0.001243089,-0.000613198,-0.000209649,0.001242102,0.000419254,0.000419254,0.000000000,-0.911530951,-0.039288029,2.168431191,1.217612210,1.217612210,0.000000000,0.000000000
1490,1782712758.339556217,0.099947691,1.217612210,1.217006869,2.180817805,0.213633184,-168.916552206,0.156820040,-0.005118933,0.000174296,-0.000584718,-0.000194791,0.000174168,-0.000605341,-0.000605341,-0.000000000,-0.912115669,-0.039482820,2.168605359,1.217006869,1.217006869,0.000000000,0.000000000
1491,1782712758.439154863,0.099598646,1.217006869,1.221816943,2.438592908,-0.067224224,-168.506609278,0.146096506,-0.003601722,0.004796256,0.000171413,-0.000153248,0.004791909,0.004810073,0.004810073,0.000000000,-0.911944257,-0.039636068,2.173397268,1.221816943,1.221816943,0.000000000,0.000000000
1492,1782712758.639528275,0.200373411,1.221816943,1.227355870,2.253512548,-0.253520997,-168.209000365,0.300402876,-0.007022988,0.004489380,0.001329211,-0.000276149,0.004485865,0.005538927,0.005538927,0.000000000,-0.910615046,-0.039912217,2.177883132,1.227355870,1.227355870,0.000000000,0.000000000
1493,1782712758.739372015,0.099843740,1.227355870,1.219698244,2.460171218,-0.296533949,-167.462386366,0.154455070,-0.028973475,-0.007220088,0.000799378,-0.001243667,-0.007213337,-0.007657626,-0.007657626,-0.000000000,-0.909815668,-0.041155884,2.170669795,1.219698244,1.219698244,0.000000000,0.000000000
1494,1782712758.839997292,0.100625277,1.219698244,1.228346781,2.332439269,-0.147870583,-169.481507260,0.150493006,-0.036175477,0.009740490,0.000388396,-0.001472247,0.009732388,0.008648537,0.008648537,0.000000000,-0.909427272,-0.042628130,2.180402183,1.228346781,1.228346781,0.000000000,0.000000000
1495,1782712759.039941788,0.199944496,1.228346781,1.225547013,2.647013412,0.457742141,-172.544338208,0.297824980,-0.037755688,0.001324621,-0.002379330,-0.001743603,0.001323165,-0.002799768,-0.002799768,0.000000000,-0.911806602,-0.044371733,2.181725348,1.225547013,1.225547013,0.000000000,0.000000000
1496,1782712759.140208244,0.100266457,1.225547013,1.236188167,2.547777985,0.325184338,-176.189452607,0.137223567,0.001983960,0.011343172,-0.000778813,0.000088190,0.011331777,0.010641154,0.010641154,-0.000000000,-0.912585416,-0.044283542,2.193057125,1.236188167,1.236188167,0.000000000,0.000000000
1497,1782712759.339589596,0.199381351,1.236188167,1.237559190,2.468068317,1.098457665,-175.072167288,0.305255457,0.007615367,0.006902725,-0.005851908,0.000327877,0.006895054,0.001371023,0.001371023,-0.000000000,-0.918437324,-0.043955665,2.199952180,1.237559190,1.237559190,0.000000000,0.000000000
1498,1782712759.438855886,0.099266291,1.237559190,1.233298670,2.135516560,1.534276111,-173.949387617,0.154769268,-0.014443453,0.000421882,-0.004143942,-0.000538016,0.000421438,-0.004260521,-0.004260521,0.000000000,-0.922581266,-0.044493681,2.200373617,1.233298670,1.233298670,0.000000000,0.000000000
1499,1782712759.639307976,0.200452089,1.233298670,1.241278564,2.228175773,0.677513824,-173.478187904,0.306407939,-0.001662707,0.011677321,-0.003623143,-0.000064640,0.011667676,0.007979894,0.007979894,0.000000000,-0.926204409,-0.044558321,2.212041294,1.241278564,1.241278564,0.000000000,0.000000000
1500,1782712759.739132881,0.099824905,1.241278564,1.237655422,2.281415450,0.170083729,-172.779181760,0.138300247,0.006495219,-0.003473922,-0.000410547,0.000258559,-0.003471154,-0.003623142,-0.003623142,0.000000000,-0.926614956,-0.044299763,2.208570140,1.237655422,1.237655422,0.000000000,0.000000000
1501,1782712759.838614464,0.099481583,1.237655422,1.239030541,2.780228515,-0.248519409,-171.896443560,0.155300913,-0.003911294,0.000892281,0.000673613,-0.000189716,0.000891222,0.001375119,0.001375119,0.000000000,-0.925941343,-0.044489479,2.209461362,1.239030541,1.239030541,0.000000000,0.000000000
1502,1782712760.039169312,0.200554848,1.239030541,1.242656983,2.555908628,-0.327006699,-171.155112347,0.300588114,-0.012936822,0.002490308,0.001715550,-0.000576898,0.002487790,0.003626442,0.003626442,0.000000000,-0.924225793,-0.045066377,2.211949153,1.242656983,1.242656983,0.000000000,0.000000000
1503,1782712760.139804840,0.100635529,1.242656983,1.242783557,2.101135426,0.253301044,-170.650091962,0.147325141,-0.019395895,0.001490018,-0.000651313,-0.000711115,0.001489001,0.000126574,0.000126574,0.000000000,-0.924877106,-0.045777492,2.213438154,1.242783557,1.242783557,0.000000000,0.000000000
1504,1782712760.339292765,0.199487925,1.242783557,1.248583922,2.424269484,0.464721229,-172.622346868,0.296953253,-0.027431380,0.009377881,-0.002408536,-0.001160278,0.009369179,0.005800365,0.005800365,-0.000000000,-0.927285642,-0.046937769,2.222807333,1.248583922,1.248583922,0.000000000,0.000000000
1505,1782712760.439882278,0.100589514,1.248583922,1.246585451,2.589021060,1.032581415,-174.399047980,0.150436620,-0.003532084,0.000873099,-0.002711014,-0.000159524,0.000872067,-0.001998471,-0.001998471,0.000000000,-0.929996656,-0.047097293,2.223679400,1.246585451,1.246585451,0.000000000,0.000000000
1506,1782712760.538786888,0.098904610,1.246585451,1.250491048,2.236699815,0.358007404,-174.294844304,0.147983330,-0.010072880,0.005227451,-0.000924654,-0.000393115,0.005223366,0.003905597,0.003905597,0.000000000,-0.930921310,-0.047490409,2.228902766,1.250491048,1.250491048,0.000000000,0.000000000
1507,1782712760.639166594,0.100379705,1.250491048,1.253125949,2.556770922,0.420212003,-174.357803102,0.153465790,-0.002066667,0.003856555,-0.001125521,-0.000092190,0.003852612,0.002634902,0.002634902,0.000000000,-0.932046831,-0.047582599,2.232755378,1.253125949,1.253125949,0.000000000,0.000000000
1508,1782712760.738807917,0.099641323,1.253125949,1.241800447,2.130349259,0.407854959,-173.925570616,0.163851575,-0.008027882,-0.009867806,-0.001166353,-0.000298413,-0.009860736,-0.011325503,-0.011325503,0.000000000,-0.933213184,-0.047881012,2.222894642,1.241800447,1.241800447,0.000000000,0.000000000
1509,1782712760.938685417,0.199877501,1.241800447,1.260034801,2.078313018,0.472127688,-173.664588857,0.297179089,-0.000409055,0.020712298,-0.002448782,-0.000014834,0.020697971,0.018234354,0.018234354,0.000000000,-0.935661966,-0.047895846,2.243592613,1.260034801,1.260034801,0.000000000,0.000000000
1510,1782712761.050965548,0.112280130,1.260034801,1.265053892,2.125327726,0.532498729,-172.954451698,0.133487853,0.000222610,0.006256008,-0.001240599,0.000008255,0.006251435,0.005019091,0.005019091,0.000000000,-0.936902565,-0.047887591,2.249844048,1.265053892,1.265053892,0.000000000,0.000000000
1511,1782712761.140075207,0.089109659,1.265053892,1.258106183,2.249308387,0.231563493,-172.211962442,0.179134697,0.000722985,-0.006256978,-0.000723979,0.000028375,-0.006252106,-0.006947710,-0.006947710,0.000000000,-0.937626544,-0.047859215,2.243591942,1.258106183,1.258106183,0.000000000,0.000000000
1512,1782712761.240047693,0.099972486,1.258106183,1.269269322,2.465604707,-0.055023858,-171.294701562,0.134972179,-0.002290890,0.011142393,0.000129620,-0.000098553,0.011132072,0.011163139,0.011163139,0.000000000,-0.937496924,-0.047957769,2.254724015,1.269269322,1.269269322,0.000000000,0.000000000
1513,1782712761.440529108,0.200481415,1.269269322,1.267232529,2.045606241,0.017152911,-170.902064624,0.312862719,-0.004845489,-0.001771299,-0.000093663,-0.000172960,-0.001770171,-0.002036793,-0.002036793,-0.000000000,-0.937590587,-0.048130728,2.252953844,1.267232529,1.267232529,0.000000000,0.000000000
1514,1782712761.539260864,0.098731756,1.267232529,1.271184027,2.099616568,0.324481663,-170.505698684,0.144372201,-0.003008046,0.004882673,-0.000817615,-0.000110204,0.004879317,0.003951498,0.003951498,0.000000000,-0.938408202,-0.048240932,2.257833161,1.271184027,1.271184027,0.000000000,0.000000000
1515,1782712761.638614893,0.099354029,1.271184027,1.267358506,1.973877557,0.363201865,-169.863710835,0.160528118,0.001013959,-0.002844597,-0.001017592,0.000034924,-0.002842852,-0.003825520,-0.003825520,0.000000000,-0.939425794,-0.048206008,2.254990309,1.267358506,1.267358506,0.000000000,0.000000000
1516,1782712761.839419365,0.200804472,1.267358506,1.279144508,2.378832441,-0.051112358,-169.359564644,0.292569870,-0.001457843,0.011595514,0.000260995,-0.000060510,0.011585516,0.011786002,0.011786002,0.000000000,-0.939164799,-0.048266518,2.266575825,1.279144508,1.279144508,0.000000000,0.000000000
1517,1782712761.939613819,0.100194454,1.279144508,1.293820165,2.439007738,-0.678860787,-168.653421092,0.152937831,-0.003505503,0.013025520,0.001812019,-0.000149169,0.013012807,0.014675657,0.014675657,0.000000000,-0.937352779,-0.048415688,2.279588632,1.293820165,1.293820165,0.000000000,0.000000000
1518,1782712762.038986683,0.099372864,1.293820165,1.288166124,2.440112253,-1.139881763,-168.110715791,0.142105981,0.008664397,-0.008859608,0.002826968,0.000368815,-0.008849823,-0.005654041,-0.005654041,0.000000000,-0.934525811,-0.048046873,2.270738808,1.288166124,1.288166124,0.000000000,0.000000000
1519,1782712762.138642788,0.099656105,1.288166124,1.303155120,2.254292426,-1.609119680,-167.860697858,0.133527837,-0.022261314,0.012128897,0.003749561,-0.000875296,0.012114731,0.014988996,0.014988996,-0.000000000,-0.930776250,-0.048922169,2.282853540,1.303155120,1.303155120,0.000000000,0.000000000
1520,1782712762.239513636,0.100870848,1.303155120,1.291072956,1.754980721,-1.356019162,-167.853874129,0.162813052,-0.016801796,-0.015432242,0.003852937,-0.000514418,-0.015420684,-0.012082165,-0.012082165,0.000000000,-0.926923313,-0.049436587,2.267432856,1.291072956,1.291072956,0.000000000,0.000000000
1521,1782712762.340457439,0.100943804,1.291072956,1.301827501,1.767761167,-0.479099417,-169.649499390,0.143691302,-0.008619560,0.009823940,0.001201513,-0.000265890,0.009818922,0.010754545,0.010754545,0.000000000,-0.925721801,-0.049702477,2.277251778,1.301827501,1.301827501,0.000000000,0.000000000
1522,1782712762.440334558,0.099877119,1.301827501,1.291347863,1.981549319,0.542934752,-171.171589382,0.147944961,-0.005633759,-0.008888653,-0.001401905,-0.000194794,-0.008882938,-0.010479637,-0.010479637,0.000000000,-0.927123706,-0.049897270,2.268368839,1.291347863,1.291347863,0.000000000,0.000000000
1523,1782712762.539866924,0.099532366,1.291347863,1.289222214,1.856052723,0.764956494,-170.789403669,0.146662333,-0.002518410,-0.000086109,-0.001958032,-0.000081560,-0.000086057,-0.002125649,-0.002125649,0.000000000,-0.929081738,-0.049978831,2.268282783,1.289222214,1.289222214,0.000000000,0.000000000
1524,1782712762.639526129,0.099659204,1.289222214,1.296937675,1.876802454,1.006459377,-170.355827158,0.137621377,-0.002348277,0.010216749,-0.002417337,-0.000076895,0.010209693,0.007715461,0.007715461,0.000000000,-0.931499075,-0.050055726,2.278492476,1.296937675,1.296937675,0.000000000,0.000000000
1525,1782712762.739249468,0.099723339,1.296937675,1.289092216,1.682972677,1.561033905,-169.837822575,0.151210593,0.001068863,-0.003760606,-0.004119250,0.000031380,-0.003757589,-0.007845459,-0.007845459,0.000000000,-0.935618325,-0.050024346,2.274734887,1.289092216,1.289092216,0.000000000,0.000000000
1526,1782712762.839327812,0.100078344,1.289092216,1.295576206,1.775292828,0.951954151,-169.406673522,0.143109495,-0.005705725,0.009043933,-0.002377617,-0.000176738,0.009038345,0.006483990,0.006483990,0.000000000,-0.937995942,-0.050201084,2.283773232,1.295576206,1.295576206,0.000000000,0.000000000
1527,1782712762.938643217,0.099315405,1.295576206,1.294102284,2.355854974,1.246403398,-168.913307378,0.152440986,-0.001351253,0.001899580,-0.003315916,-0.000055531,0.001897525,-0.001473922,-0.001473922,0.000000000,-0.941311858,-0.050256615,2.285670757,1.294102284,1.294102284,0.000000000,0.000000000
1528,1782712763.140227795,0.201584578,1.294102284,1.286201489,2.163013033,1.058411757,-168.296521863,0.303528497,-0.029320730,-0.001188697,-0.005606693,-0.001106456,-0.001187647,-0.007900796,-0.007900796,0.000000000,-0.946918551,-0.051363071,2.284483110,1.286201489,1.286201489,0.000000000,0.000000000
1529,1782712763.238998652,0.098770857,1.286201489,1.290158447,2.253130680,0.567353269,-170.150501296,0.157816661,-0.000077301,0.005527245,-0.001562704,-0.000003039,0.005522701,0.003956959,0.003956959,0.000000000,-0.948481255,-0.051366109,2.290005812,1.290158447,1.290158447,0.000000000,0.000000000
1530,1782712763.338873863,0.099875212,1.290158447,1.297186626,2.114528564,0.427469680,-170.233760501,0.135198495,-0.009926327,0.008409054,-0.001008673,-0.000366243,0.008403094,0.007028178,0.007028178,-0.000000000,-0.949489928,-0.051732352,2.298408906,1.297186626,1.297186626,0.000000000,0.000000000
1531,1782712763.440136671,0.101262808,1.297186626,1.289934067,2.049781023,0.640301833,-169.526625693,0.161236744,-0.002933205,-0.005349564,-0.001801844,-0.000104908,-0.005345807,-0.007252558,-0.007252558,-0.000000000,-0.951291772,-0.051837260,2.293063099,1.289934067,1.289934067,0.000000000,0.000000000
1532,1782712763.539192200,0.099055529,1.289934067,1.291714990,1.948208490,0.816129781,-169.075435573,0.144317577,0.004824335,0.003675039,-0.002055612,0.000163992,0.003672542,0.001780922,0.001780922,-0.000000000,-0.953347384,-0.051673268,2.296735641,1.291714990,1.291714990,0.000000000,0.000000000
1533,1782712763.639350414,0.100158215,1.291714990,1.291964770,1.964061802,1.272716075,-168.531924675,0.151271013,0.003038369,0.003508519,-0.003359920,0.000104107,0.003505593,0.000249780,0.000249780,-0.000000000,-0.956707303,-0.051569161,2.300241234,1.291964770,1.291964770,0.000000000,0.000000000
1534,1782712763.739428282,0.100077868,1.291964770,1.291163820,2.050459040,1.148802950,-168.004355798,0.161443092,-0.009694987,0.002784987,-0.003236781,-0.000346813,0.002782644,-0.000800950,-0.000800950,-0.000000000,-0.959944084,-0.051915974,2.303023878,1.291163820,1.291163820,0.000000000,0.000000000
1535,1782712763.839148998,0.099720716,1.291163820,1.288773807,2.028284196,0.672304664,-167.516662072,0.135121275,-0.029686579,0.000246246,-0.001585467,-0.001050620,0.000246074,-0.002390013,-0.002390013,0.000000000,-0.961529551,-0.052966594,2.303269953,1.288773807,1.288773807,0.000000000,0.000000000
1536,1782712764.039121866,0.199972868,1.288773807,1.292179102,1.669874961,0.897210549,-168.736794888,0.316061062,-0.052067181,0.009876873,-0.004949086,-0.001517088,0.009871468,0.003405294,0.003405294,0.000000000,-0.966478637,-0.054483682,2.313141420,1.292179102,1.292179102,0.000000000,0.000000000
1537,1782712764.139198542,0.100076675,1.292179102,1.283453281,2.060273464,0.796795761,-173.785901162,0.150690321,-0.002892512,-0.006531156,-0.002095539,-0.000103978,-0.006526303,-0.008725820,-0.008725820,0.000000000,-0.968574176,-0.054587660,2.306615117,1.283453281,1.283453281,0.000000000,0.000000000
1538,1782712764.239035845,0.099837303,1.283453281,1.283238366,2.194983567,1.100611979,-173.754900220,0.156373981,0.004099292,0.002634179,-0.003003650,0.000156975,0.002631760,-0.000214915,-0.000214915,0.000000000,-0.971577826,-0.054430684,2.309246877,1.283238366,1.283238366,0.000000000,0.000000000
1539,1782712764.339062214,0.100026369,1.283238366,1.283690651,2.256364579,1.298758989,-173.152050633,0.149261681,-0.004709574,0.004024928,-0.003383117,-0.000185372,0.004020774,0.000452284,0.000452284,-0.000000000,-0.974960944,-0.054616057,2.313267651,1.283690651,1.283690651,0.000000000,0.000000000
1540,1782712764.441289186,0.102226973,1.283690651,1.283848067,1.854616392,1.274142249,-172.382446070,0.146743890,-0.001547555,0.003473185,-0.003263018,-0.000050072,0.003470507,0.000157417,0.000157417,-0.000000000,-0.978223962,-0.054666129,2.316738158,1.283848067,1.283848067,0.000000000,0.000000000
1541,1782712764.539071083,0.097781897,1.283848067,1.279998366,2.363831626,1.083298571,-171.920384054,0.157026380,-0.000589888,-0.000857518,-0.002968741,-0.000024326,-0.000856635,-0.003849702,-0.003849702,0.000000000,-0.981192703,-0.054690454,2.315881523,1.279998366,1.279998366,0.000000000,0.000000000
1542,1782712764.740016222,0.200945139,1.279998366,1.286432934,2.123076989,0.899376929,-171.308599180,0.300597176,-0.002221235,0.011244256,-0.004718307,-0.000082278,0.011235153,0.006434568,0.006434568,0.000000000,-0.985911010,-0.054772732,2.327116676,1.286432934,1.286432934,0.000000000,0.000000000
1543,1782712764.839481592,0.099465370,1.286432934,1.286019819,1.851392466,1.128733562,-170.195541851,0.133799398,0.007358087,0.001986327,-0.002635693,0.000237674,0.001984905,-0.000413114,-0.000413114,0.000000000,-0.988546703,-0.054535059,2.329101581,1.286019819,1.286019819,0.000000000,0.000000000
1544,1782712764.940703392,0.101221800,1.286019819,1.285561293,1.854758369,0.792016531,-169.696153035,0.156479958,-0.006306496,0.001909753,-0.002163000,-0.000204096,0.001908570,-0.000458527,-0.000458527,0.000000000,-0.990709703,-0.054739155,2.331010151,1.285561293,1.285561293,0.000000000,0.000000000
1545,1782712765.040105581,0.099402189,1.285561293,1.278721181,1.761707886,0.450590107,-168.907588804,0.168277340,-0.003338829,-0.005416831,-0.001323367,-0.000102642,-0.005414104,-0.006840112,-0.006840112,0.000000000,-0.992033070,-0.054841797,2.325596047,1.278721181,1.278721181,0.000000000,0.000000000
1546,1782712765.139062166,0.098956585,1.278721181,1.290670660,1.996174571,0.132237621,-168.339963630,0.160086288,-0.003421051,0.012445706,-0.000369476,-0.000119164,0.012438120,0.011949480,0.011949480,0.000000000,-0.992402546,-0.054960961,2.338034167,1.290670660,1.290670660,0.000000000,0.000000000
1547,1782712765.239099026,0.100036860,1.290670660,1.295624369,1.883957080,0.265968631,-167.855859235,0.148038722,0.004672711,0.005490317,-0.000687197,0.000153615,0.005487291,0.004953708,0.004953708,-0.000000000,-0.993089743,-0.054807346,2.343521457,1.295624369,1.295624369,0.000000000,0.000000000
1548,1782712765.340159178,0.101060152,1.295624369,1.293963012,1.674568238,0.535791814,-167.254111236,0.160007552,-0.009177328,0.000103127,-0.001496262,-0.000268173,0.000103079,-0.001661356,-0.001661356,0.000000000,-0.994586005,-0.055075519,2.343624536,1.293963012,1.293963012,0.000000000,0.000000000
1549,1782712765.440036297,0.099877119,1.293963012,1.296481002,1.766957137,0.375777428,-166.653825767,0.145582716,0.003991330,0.003351393,-0.000954805,0.000123067,0.003349728,0.002517990,0.002517990,0.000000000,-0.995540810,-0.054952452,2.346974264,1.296481002,1.296481002,0.000000000,0.000000000
1550,1782712765.539383411,0.099347115,1.296481002,1.282877214,1.390992931,0.288254085,-165.893221911,0.164500794,-0.005905316,-0.012636724,-0.000827597,-0.000143350,-0.012632840,-0.013603788,-0.013603788,0.000000000,-0.996368407,-0.055095802,2.334341423,1.282877214,1.282877214,0.000000000,0.000000000
1551,1782712765.640185595,0.100802183,1.282877214,1.295916177,1.453388600,0.355456018,-165.751342052,0.141616066,0.001974863,0.013872167,-0.000878563,0.000050089,0.013867437,0.013038963,0.013038963,0.000000000,-0.997246970,-0.055045713,2.348208861,1.295916177,1.295916177,0.000000000,0.000000000
1552,1782712765.739082575,0.098896980,1.295916177,1.282657788,0.980798825,0.434564006,-164.726416247,0.166442220,-0.033003160,-0.011433102,-0.001262381,-0.000564910,-0.011431098,-0.013258389,-0.013258389,0.000000000,-0.998509351,-0.055610623,2.336777762,1.282657788,1.282657788,0.000000000,0.000000000
1553,1782712765.940175295,0.201092720,1.282657788,1.292410364,1.162542759,-0.329654120,-165.739511730,0.295783624,-0.087889956,0.009836119,0.001701796,-0.001783153,0.009833932,0.009752575,0.009752575,0.000000000,-0.996807555,-0.057393776,2.346611694,1.292410364,1.292410364,0.000000000,0.000000000
1554,1782712766.039184809,0.099009514,1.292410364,1.295742416,1.174128003,0.552265118,-172.930412585,0.150428576,-0.044229418,0.005689707,-0.001449935,-0.000906261,0.005688249,0.003332052,0.003332052,0.000000000,-0.998257490,-0.058300037,2.352299943,1.295742416,1.295742416,0.000000000,0.000000000
1555,1782712766.139400005,0.100215197,1.295742416,1.290309758,1.185280735,0.570301152,-176.767517962,0.136688615,-0.021589471,-0.003626518,-0.001360526,-0.000446569,-0.003625563,-0.005432657,-0.005432657,-0.000000000,-0.999618016,-0.058746605,2.348674380,1.290309758,1.290309758,0.000000000,0.000000000
1556,1782712766.239187002,0.099786997,1.290309758,1.282163347,1.625084861,0.357557622,-179.694102617,0.168024459,-0.003934073,-0.006989234,-0.001048560,-0.000111565,-0.006986287,-0.008146412,-0.008146412,0.000000000,-1.000666576,-0.058858171,2.341688093,1.282163347,1.282163347,0.000000000,0.000000000
1557,1782712766.339538813,0.100351810,1.282163347,1.300275762,1.535918336,0.181960960,-179.406719840,0.137199091,0.003853797,0.018451561,-0.000435719,0.000103295,0.018444839,0.018112415,0.018112415,0.000000000,-1.001102294,-0.058754876,2.360132932,1.300275762,1.300275762,0.000000000,0.000000000
1558,1782712766.539118052,0.199579239,1.300275762,1.302937156,1.750740675,0.694506351,-178.394148193,0.295899901,0.001490965,0.006205839,-0.003586640,0.000045548,0.006202486,0.002661394,0.002661394,0.000000000,-1.004688934,-0.058709328,2.366335418,1.302937156,1.302937156,0.000000000,0.000000000
1559,1782712766.639112711,0.099994659,1.302937156,1.299190033,1.766759852,0.303531663,-176.801381039,0.169532633,0.014790685,-0.003306629,-0.000898116,0.000456004,-0.003305010,-0.003747123,-0.003747123,0.000000000,-1.005587050,-0.058253324,2.363030408,1.299190033,1.299190033,0.000000000,0.000000000
1560,1782712766.738893747,0.099781036,1.299190033,1.306344133,1.726854266,0.506301283,-175.964714736,0.147251612,-0.008115201,0.008704123,-0.001301190,-0.000244540,0.008699830,0.007154100,0.007154100,-0.000000000,-1.006888241,-0.058497864,2.371730238,1.306344133,1.306344133,0.000000000,0.000000000
1561,1782712766.839512587,0.100618839,1.306344133,1.294883442,1.971926196,1.006996779,-175.032483560,0.150408305,-0.003173162,-0.008714675,-0.002643351,-0.000109171,-0.008708169,-0.011460692,-0.011460692,0.000000000,-1.009531592,-0.058607035,2.363022069,1.294883442,1.294883442,0.000000000,0.000000000
1562,1782712766.940158606,0.100646019,1.294883442,1.297606351,1.567788569,1.252656543,-174.129673354,0.166672690,0.001569334,0.006327535,-0.003643672,0.000042926,0.006323655,0.002722909,0.002722909,0.000000000,-1.013175264,-0.058564109,2.369345724,1.297606351,1.297606351,0.000000000,0.000000000
1563,1782712767.039318800,0.099160194,1.297606351,1.295544729,1.362456257,0.854881782,-173.474615577,0.140578270,-0.006740221,0.000196121,-0.002097421,-0.000160245,0.000196044,-0.002061622,-0.002061622,0.000000000,-1.015272684,-0.058724354,2.369541768,1.295544729,1.295544729,0.000000000,0.000000000
1564,1782712767.240053415,0.200734615,1.295544729,1.315925742,1.753143180,0.622993878,-172.349841084,0.312599306,0.017108559,0.023268819,-0.003398917,0.000523377,0.023256552,0.020381012,0.020381012,0.000000000,-1.018671602,-0.058200977,2.392798320,1.315925742,1.315925742,0.000000000,0.000000000
1565,1782712767.340101242,0.100047827,1.315925742,1.311589237,1.690554453,0.404885614,-170.775440321,0.150998982,0.000816455,-0.003295069,-0.001067039,0.000024086,-0.003293552,-0.004336505,-0.004336505,0.000000000,-1.019738640,-0.058176891,2.389504768,1.311589237,1.311589237,0.000000000,0.000000000
1566,1782712767.439188957,0.099087715,1.311589237,1.304690400,1.734578305,0.829675456,-169.738845956,0.156523156,-0.004513857,-0.004498287,-0.002266465,-0.000136618,-0.004495754,-0.006898837,-0.006898837,0.000000000,-1.022005105,-0.058313509,2.385009014,1.304690400,1.304690400,0.000000000,0.000000000
1567,1782712767.639373779,0.200184822,1.304690400,1.303691252,1.667040100,0.692420109,-169.137547139,0.312672186,-0.023284069,0.003458436,-0.003778555,-0.000677313,0.003456720,-0.000999148,-0.000999148,0.000000000,-1.025783660,-0.058990821,2.388465733,1.303691252,1.303691252,0.000000000,0.000000000
1568,1782712767.739125013,0.099751234,1.303691252,1.294887939,1.765320783,0.392346339,-169.363869687,0.171599420,-0.004828962,-0.007483225,-0.001175058,-0.000148756,-0.007479498,-0.008803313,-0.008803313,-0.000000000,-1.026958718,-0.059139578,2.380986235,1.294887939,1.294887939,0.000000000,0.000000000
1569,1782712767.839275837,0.100150824,1.294887939,1.299763372,1.543213257,0.563037546,-169.056817188,0.154911139,0.000300033,0.006392245,-0.001522265,0.000008080,0.006389618,0.004875433,0.004875433,0.000000000,-1.028480984,-0.059131498,2.387375854,1.299763372,1.299763372,0.000000000,0.000000000
1570,1782712767.939074278,0.099798441,1.299763372,1.311370112,1.791552630,0.507407415,-168.798059646,0.149866230,-0.002608271,0.013022344,-0.001327188,-0.000081540,0.013015468,0.011606740,0.011606740,0.000000000,-1.029808171,-0.059213038,2.400391322,1.311370112,1.311370112,0.000000000,0.000000000
1571,1782712768.039002419,0.099928141,1.311370112,1.309139073,1.721107574,0.881165593,-167.983667299,0.156690101,-0.005908235,0.000356273,-0.002409680,-0.000177430,0.000356070,-0.002231039,-0.002231039,0.000000000,-1.032217851,-0.059390468,2.400747392,1.309139073,1.309139073,0.000000000,0.000000000
1572,1782712768.140195847,0.101193428,1.309139073,1.314207672,1.444816031,0.684898985,-167.506943548,0.159756163,0.002399785,0.006920428,-0.001909639,0.000060504,0.006917733,0.005068599,0.005068599,0.000000000,-1.034127489,-0.059329964,2.407665125,1.314207672,1.314207672,0.000000000,0.000000000
1573,1782712768.238572359,0.098376513,1.314207672,1.317289928,1.456955718,-0.321783274,-166.976102327,0.145855008,-0.014078305,0.002621950,0.000819143,-0.000357948,0.002621061,0.003082256,0.003082256,0.000000000,-1.033308346,-0.059687912,2.410286187,1.317289928,1.317289928,0.000000000,0.000000000
1574,1782712768.340219021,0.101646662,1.317289928,1.323249494,1.261630037,-0.650120886,-167.128135885,0.160120424,-0.015027043,0.004474972,0.001816807,-0.000330841,0.004473600,0.005959566,0.005959566,-0.000000000,-1.031491539,-0.060018754,2.414759786,1.323249494,1.323249494,0.000000000,0.000000000
1575,1782712768.439290047,0.099071026,1.323249494,1.320795513,1.677762869,-0.523194090,-168.800216882,0.136659755,-0.011753806,-0.003359329,0.001247886,-0.000344117,-0.003357749,-0.002453981,-0.002453981,0.000000000,-1.030243653,-0.060362871,2.411402037,1.320795513,1.320795513,0.000000000,0.000000000
1576,1782712768.639242172,0.199952126,1.320795513,1.322683239,1.683053318,0.091797459,-169.387234008,0.317351215,0.002417671,0.002326174,-0.000508450,0.000071008,0.002325167,0.001887726,0.001887726,0.000000000,-1.030752103,-0.060291863,2.413727204,1.322683239,1.322683239,0.000000000,0.000000000
1577,1782712768.738688946,0.099446774,1.322683239,1.328617308,1.346689518,0.532604321,-167.848338788,0.141769708,0.001809257,0.007211683,-0.001317830,0.000042519,0.007209379,0.005934069,0.005934069,0.000000000,-1.032069932,-0.060249343,2.420936583,1.328617308,1.328617308,0.000000000,0.000000000
1578,1782712768.839783907,0.101094961,1.328617308,1.320266641,1.588506773,0.787930638,-167.498008989,0.172385572,-0.001763823,-0.005934049,-0.002370569,-0.000048891,-0.005931207,-0.008350667,-0.008350667,0.000000000,-1.034440501,-0.060298234,2.415005376,1.320266641,1.320266641,0.000000000,0.000000000
1579,1782712769.039841175,0.200057268,1.320266641,1.320938900,1.800705477,0.684446728,-166.680000602,0.293388549,0.006266363,0.003982307,-0.003504692,0.000196894,0.003980057,0.000672259,0.000672259,0.000000000,-1.037945193,-0.060101340,2.418985433,1.320938900,1.320938900,0.000000000,0.000000000
1580,1782712769.139663696,0.099822521,1.320938900,1.323116959,1.443401657,0.550268366,-165.497828686,0.152468275,-0.008147320,0.003848957,-0.001464282,-0.000205217,0.003847558,0.002178059,0.002178059,-0.000000000,-1.039409475,-0.060306557,2.422832991,1.323116959,1.323116959,0.000000000,0.000000000
1581,1782712769.239604950,0.099941254,1.323116959,1.330281768,1.507526540,0.697714523,-164.900457468,0.157550453,-0.002592080,0.009155355,-0.001918510,-0.000068188,0.009151507,0.007164809,0.007164809,0.000000000,-1.041327985,-0.060374745,2.431984498,1.330281768,1.330281768,0.000000000,0.000000000
1582,1782712769.338507652,0.098902702,1.330281768,1.328614481,1.417262159,0.885118467,-164.710195761,0.164903540,-0.032485186,0.001684168,-0.002547367,-0.000803372,0.001683452,-0.001667287,-0.001667287,0.000000000,-1.043875352,-0.061178117,2.433667950,1.328614481,1.328614481,0.000000000,0.000000000
1583,1782712769.439325333,0.100817680,1.328614481,1.319007474,1.571963273,0.886767264,-166.789875262,0.153628890,-0.019789110,-0.006689905,-0.002377621,-0.000542800,-0.006686587,-0.009607007,-0.009607007,0.000000000,-1.046252972,-0.061720916,2.426981363,1.319007474,1.319007474,0.000000000,0.000000000
1584,1782712769.539124012,0.099798679,1.319007474,1.329766582,1.361925243,1.083590278,-169.721464589,0.156393896,-0.002861958,0.013791059,-0.002957579,-0.000068010,0.013784698,0.010759108,0.010759108,0.000000000,-1.049210552,-0.061788927,2.440766061,1.329766582,1.329766582,0.000000000,0.000000000
1585,1782712769.639472961,0.100348949,1.329766582,1.325841885,1.668689015,0.774072373,-169.353023808,0.159297400,0.001847808,-0.001827382,-0.002152060,0.000053803,-0.001826441,-0.003924697,-0.003924697,0.000000000,-1.051362612,-0.061735124,2.438939620,1.325841885,1.325841885,0.000000000,0.000000000
1586,1782712769.739564896,0.100091934,1.325841885,1.329763989,1.461154516,0.693985522,-168.440992894,0.153743401,-0.000693371,0.005804242,-0.001862146,-0.000017679,0.005801929,0.003922104,0.003922104,-0.000000000,-1.053224757,-0.061752803,2.444741549,1.329763989,1.329763989,0.000000000,0.000000000
1587,1782712769.839364052,0.099799156,1.329763989,1.331217157,1.528908287,0.654494635,-167.861914740,0.159281752,0.006176474,0.003109141,-0.001819450,0.000164786,0.003107831,0.001453167,0.001453167,0.000000000,-1.055044207,-0.061588017,2.447849381,1.331217157,1.331217157,0.000000000,0.000000000
1588,1782712769.939653873,0.100289822,1.331217157,1.330011936,1.414189560,1.140322430,-167.046969194,0.148478767,-0.007049610,0.001924580,-0.002954886,-0.000173948,0.001923613,-0.001205221,-0.001205221,0.000000000,-1.057999093,-0.061761965,2.449772994,1.330011936,1.330011936,0.000000000,0.000000000
1589,1782712770.039421558,0.099767685,1.330011936,1.326437125,1.482735954,0.799205217,-166.228014432,0.159829180,-0.002600709,-0.001278727,-0.002229347,-0.000067289,-0.001278175,-0.003574810,-0.003574810,0.000000000,-1.060228440,-0.061829254,2.448494819,1.326437125,1.326437125,0.000000000,0.000000000
1590,1782712770.139338017,0.099916458,1.326437125,1.332393930,1.485521422,0.664540689,-166.066075364,0.147402659,-0.036224998,0.008608923,-0.001709600,-0.000939046,0.008605451,0.005956805,0.005956805,0.000000000,-1.061938040,-0.062768300,2.457100270,1.332393930,1.332393930,0.000000000,0.000000000
1591,1782712770.239529610,0.100191593,1.332393930,1.327295059,1.481147722,0.279816548,-167.712114070,0.163378989,-0.030795028,-0.003506209,-0.000797894,-0.000795981,-0.003504996,-0.005098871,-0.005098871,0.000000000,-1.062735934,-0.063564281,2.453595274,1.327295059,1.327295059,0.000000000,0.000000000
1592,1782712770.439760447,0.200230837,1.327295059,1.329063020,1.623407427,0.325982612,-170.909574045,0.309333140,-0.019048172,0.004069219,-0.001759932,-0.000539626,0.004067520,0.001767961,0.001767961,0.000000000,-1.064495866,-0.064103907,2.457662793,1.329063020,1.329063020,0.000000000,0.000000000
1593,1782712770.539533854,0.099773407,1.329063020,1.338356761,2.323209485,-0.755851481,-171.752292601,0.149281176,-0.004924434,0.007530913,0.001969275,-0.000199602,0.007524069,0.009293741,0.009293741,0.000000000,-1.062526592,-0.064303509,2.465186862,1.338356761,1.338356761,0.000000000,0.000000000
1594,1782712770.639376402,0.099842548,1.338356761,1.337512665,1.742257281,-0.438932527,-171.145506102,0.161614037,0.009238994,-0.002364231,0.001238084,0.000280889,-0.002363069,-0.000844096,-0.000844096,0.000000000,-1.061288508,-0.064022620,2.462823793,1.337512665,1.337512665,0.000000000,0.000000000
1595,1782712770.739521027,0.100144625,1.337512665,1.329300688,2.085345718,-0.313001512,-170.277922066,0.140096984,-0.007075166,-0.008725771,0.000765333,-0.000257448,-0.008719862,-0.008211977,-0.008211977,-0.000000000,-1.060523175,-0.064280068,2.454103931,1.329300688,1.329300688,0.000000000,0.000000000
1596,1782712770.839078665,0.099557638,1.329300688,1.333106205,2.203322164,-0.605974939,-169.854340089,0.176502763,0.000977641,0.001902743,0.001866704,0.000037584,0.001901230,0.003805517,0.003805517,0.000000000,-1.058656471,-0.064242484,2.456005161,1.333106205,1.333106205,0.000000000,0.000000000
1597,1782712770.938734055,0.099655390,1.333106205,1.339788993,2.732956143,-0.253739807,-169.755414725,0.151074459,-0.004975973,0.006258179,0.000669045,-0.000237257,0.006251000,0.006682788,0.006682788,0.000000000,-1.057987426,-0.064479741,2.462256160,1.339788993,1.339788993,0.000000000,0.000000000
1598,1782712771.039586782,0.100852728,1.339788993,1.345855346,2.262683954,-0.073573194,-168.782791773,0.149607752,-0.004337617,0.006050218,0.000192110,-0.000171253,0.006045496,0.006066353,0.006066353,0.000000000,-1.057795315,-0.064650995,2.468301656,1.345855346,1.345855346,0.000000000,0.000000000
1599,1782712771.139648676,0.100061893,1.345855346,1.341315190,2.483149390,0.447327217,-168.308479015,0.169821508,-0.015806174,-0.002531981,-0.001325840,-0.000684791,-0.002529526,-0.004540157,-0.004540157,0.000000000,-1.059121155,-0.065335785,2.465772130,1.341315190,1.341315190,0.000000000,0.000000000
1600,1782712771.238612413,0.098963737,1.341315190,1.357447398,1.886336543,-0.244837637,-168.512604356,0.126835747,-0.022602288,0.016343207,0.000541996,-0.000743989,0.016334202,0.016132208,0.016132208,0.000000000,-1.058579159,-0.066079774,2.482106332,1.357447398,1.357447398,0.000000000,0.000000000
1601,1782712771.338552237,0.099939823,1.357447398,1.352314736,1.963929644,0.348154454,-171.094039228,0.179415464,-0.002029770,-0.003975311,-0.001090201,-0.000069560,-0.003972902,-0.005132663,-0.005132663,0.000000000,-1.059669360,-0.066149334,2.478133429,1.352314736,1.352314736,0.000000000,0.000000000
1602,1782712771.439753294,0.101201057,1.352314736,1.356760429,2.035297816,0.430298307,-172.532270164,0.156586142,-0.005655691,0.005826361,-0.001175970,-0.000200857,0.005822521,0.004445694,0.004445694,0.000000000,-1.060845330,-0.066350191,2.483955950,1.356760429,1.356760429,0.000000000,0.000000000
1603,1782712771.539528847,0.099775553,1.356760429,1.359203630,1.785670190,0.943781713,-172.178499182,0.142168415,-0.004418382,0.004925629,-0.002341706,-0.000137662,0.004922569,0.002443201,0.002443201,0.000000000,-1.063187036,-0.066487853,2.488878519,1.359203630,1.359203630,0.000000000,0.000000000
1604,1782712771.639370918,0.099842072,1.359203630,1.360787979,1.553859640,0.721672670,-171.576609632,0.176870496,0.001254703,0.003779742,-0.002227725,0.000034021,0.003778052,0.001584348,0.001584348,0.000000000,-1.065414761,-0.066453832,2.492656572,1.360787979,1.360787979,0.000000000,0.000000000
1605,1782712771.739390612,0.100019693,1.360787979,1.355540019,1.681310526,0.704508206,-171.014402061,0.165896045,0.008019471,-0.003445174,-0.002039804,0.000235275,-0.003443431,-0.005247960,-0.005247960,0.000000000,-1.067454565,-0.066218557,2.489213141,1.355540019,1.355540019,0.000000000,0.000000000
1606,1782712771.839297533,0.099906921,1.355540019,1.357919067,1.834597585,1.103053904,-170.624073619,0.158152382,0.002666138,0.005341986,-0.003044549,0.000085339,0.005338259,0.002379048,0.002379048,0.000000000,-1.070499114,-0.066133218,2.494551400,1.357919067,1.357919067,0.000000000,0.000000000
1607,1782712771.938775063,0.099477530,1.357919067,1.357477111,2.008536188,1.073390176,-169.916071426,0.146980575,-0.017813680,0.002937997,-0.002753401,-0.000624231,0.002935677,-0.000441956,-0.000441956,-0.000000000,-1.073252516,-0.066757450,2.497487077,1.357477111,1.357477111,0.000000000,0.000000000
1608,1782712772.139577627,0.200802565,1.357477111,1.365028308,1.715762372,0.972927303,-169.311587692,0.302984779,-0.073086758,0.014892684,-0.005144672,-0.002187992,0.014883861,0.007551197,0.007551197,0.000000000,-1.078397188,-0.068945441,2.512370937,1.365028308,1.365028308,0.000000000,0.000000000
1609,1782712772.239315748,0.099738121,1.365028308,1.363540990,2.028668103,0.538558092,-174.505827425,0.171366975,0.001217503,0.000080398,-0.001610759,0.000043097,0.000080344,-0.001487318,-0.001487318,-0.000000000,-1.080007947,-0.068902344,2.512451281,1.363540990,1.363540990,0.000000000,0.000000000
1610,1782712772.338732004,0.099416256,1.363540990,1.359276433,2.077856748,0.630281370,-175.854472712,0.156699083,-0.001022928,-0.002505538,-0.001723731,-0.000037087,-0.002503739,-0.004264557,-0.004264557,0.000000000,-1.081731678,-0.068939431,2.509947543,1.359276433,1.359276433,0.000000000,0.000000000
1611,1782712772.438933134,0.100201130,1.359276433,1.360587359,1.631488412,0.955258927,-174.375871324,0.151937768,0.003065989,0.003758744,-0.002533052,0.000087280,0.003756698,0.001310926,0.001310926,-0.000000000,-1.084264730,-0.068852151,2.513704241,1.360587359,1.360587359,0.000000000,0.000000000
1612,1782712772.539638519,0.100705385,1.360587359,1.361912435,1.731261313,0.756722528,-174.029153127,0.156086717,0.000594188,0.003370382,-0.002061424,0.000017950,0.003368550,0.001325075,0.001325075,-0.000000000,-1.086326154,-0.068834201,2.517072790,1.361912435,1.361912435,0.000000000,0.000000000
1613,1782712772.639946222,0.100307703,1.361912435,1.355986127,2.338912349,0.141259756,-173.239966305,0.168897156,0.006555961,-0.005782286,-0.000416407,0.000267550,-0.005777451,-0.005926307,-0.005926307,0.000000000,-1.086742561,-0.068566651,2.511295340,1.355986127,1.355986127,0.000000000,0.000000000
1614,1782712772.739836454,0.099890232,1.355986127,1.370117109,1.937011491,0.523247423,-172.737343762,0.147981300,-0.000701012,0.015515592,-0.001351404,-0.000023694,0.015506079,0.014130982,0.014130982,0.000000000,-1.088093965,-0.068590345,2.526801419,1.370117109,1.370117109,0.000000000,0.000000000
1615,1782712772.839332342,0.099495888,1.370117109,1.360834763,2.002981019,0.679086104,-171.577311191,0.159336240,-0.004661313,-0.007235912,-0.001888455,-0.000162908,-0.007230983,-0.009282346,-0.009282346,0.000000000,-1.089982420,-0.068753253,2.519570436,1.360834763,1.360834763,0.000000000,0.000000000
1616,1782712772.939331293,0.099998951,1.360834763,1.360914318,1.625614040,0.873982029,-170.726771727,0.168775143,-0.004259757,0.002776197,-0.002574373,-0.000120829,0.002774757,0.000079555,0.000079555,0.000000000,-1.092556793,-0.068874082,2.522345193,1.360914318,1.360914318,0.000000000,0.000000000
1617,1782712773.039292097,0.099960804,1.360914318,1.359238554,1.543073808,0.431911666,-170.050852997,0.150229780,0.006124001,-0.000708482,-0.001132464,0.000164905,-0.000708205,-0.001675764,-0.001675764,0.000000000,-1.093689257,-0.068709177,2.521636988,1.359238554,1.359238554,0.000000000,0.000000000
1618,1782712773.139334679,0.100042582,1.359238554,1.360993276,1.953754580,0.404823527,-169.577882293,0.171679150,0.010061500,0.002626287,-0.001212990,0.000343017,0.002624695,0.001754722,0.001754722,0.000000000,-1.094902247,-0.068366160,2.524261683,1.360993276,1.360993276,0.000000000,0.000000000
1619,1782712773.238517046,0.099182367,1.360993276,1.353838342,1.638352720,0.915157033,-169.075061561,0.163599522,-0.011506853,-0.004215264,-0.002612983,-0.000328948,-0.004213004,-0.007154934,-0.007154934,-0.000000000,-1.097515229,-0.068695108,2.520048679,1.353838342,1.353838342,0.000000000,0.000000000
1620,1782712773.339500666,0.100983620,1.353838342,1.346550071,1.294845148,1.657717346,-168.420684588,0.164830644,-0.032272870,-0.001792184,-0.004768318,-0.000728977,-0.001790976,-0.007288272,-0.007288272,0.000000000,-1.102283547,-0.069424085,2.518257703,1.346550071,1.346550071,0.000000000,0.000000000
1621,1782712773.439678907,0.100178242,1.346550071,1.353666615,1.371283682,1.765164611,-170.371190509,0.156967569,-0.012537707,0.012260853,-0.004835082,-0.000299899,0.012251525,0.007116544,0.007116544,0.000000000,-1.107118629,-0.069723984,2.530509228,1.353666615,1.353666615,0.000000000,0.000000000
1622,1782712773.538680077,0.099001169,1.353666615,1.356175078,1.382998978,1.713798716,-172.296010863,0.151071978,-0.005513643,0.007164875,-0.004518105,-0.000133015,0.007159584,0.002508464,0.002508464,0.000000000,-1.111636734,-0.069856999,2.537668812,1.356175078,1.356175078,0.000000000,0.000000000
1623,1782712773.638783216,0.100103140,1.356175078,1.347222135,1.181788579,2.175158580,-171.853252531,0.159563488,0.002460590,-0.002950247,-0.006056162,0.000050712,-0.002947494,-0.008952944,-0.008952944,0.000000000,-1.117692896,-0.069806287,2.534721318,1.347222135,1.347222135,0.000000000,0.000000000
1624,1782712773.740228415,0.101445198,1.347222135,1.335558259,1.422417388,1.876436272,-171.154758895,0.164410285,0.008408565,-0.006494502,-0.005383473,0.000208617,-0.006489019,-0.011663876,-0.011663876,0.000000000,-1.123076369,-0.069597671,2.528232299,1.335558259,1.335558259,0.000000000,0.000000000
1625,1782712773.838675022,0.098446608,1.335558259,1.336274173,1.774639313,1.692365977,-170.500965798,0.141723189,-0.018786976,0.005488007,-0.004185520,-0.000581548,0.005482982,0.000715914,0.000715914,0.000000000,-1.127261889,-0.070179218,2.533715281,1.336274173,1.336274173,0.000000000,0.000000000
1626,1782712773.938916922,0.100241899,1.336274173,1.331459560,1.013602113,1.518183947,-170.149123503,0.180482765,-0.017809426,0.000282212,-0.004781748,-0.000314934,0.000282069,-0.004814613,-0.004814613,0.000000000,-1.132043637,-0.070494153,2.533997350,1.331459560,1.331459560,0.000000000,0.000000000
1627,1782712774.038985491,0.100068569,1.331459560,1.345566604,1.253467926,0.414098719,-171.787177447,0.141652407,-0.022221997,0.015621060,-0.001023768,-0.000486102,0.015616914,0.014107044,0.014107044,0.000000000,-1.133067405,-0.070980255,2.549614264,1.345566604,1.345566604,0.000000000,0.000000000
1628,1782712774.239697695,0.200712204,1.345566604,1.342504535,1.035001954,0.957950741,-173.331965128,0.332477365,-0.047640626,0.003357931,-0.005558561,-0.000860422,0.003356914,-0.003062069,-0.003062069,0.000000000,-1.138625966,-0.071840677,2.552971178,1.342504535,1.342504535,0.000000000,0.000000000
1629,1782712774.438785315,0.199087620,1.342504535,1.334507325,1.562847673,1.825132996,-176.607845442,0.326196017,-0.000503603,0.002407715,-0.010389080,-0.000013728,0.002405598,-0.007997210,-0.007997210,0.000000000,-1.149015046,-0.071854405,2.555376776,1.334507325,1.334507325,0.000000000,0.000000000
1630,1782712774.640416861,0.201631546,1.334507325,1.345803797,1.263741803,1.038752960,-176.019202445,0.314698414,-0.007246456,0.017168324,-0.005705062,-0.000159792,0.017161327,0.011296473,0.011296473,0.000000000,-1.154720108,-0.072014197,2.572538103,1.345803797,1.345803797,0.000000000,0.000000000
1631,1782712774.740321159,0.099904299,1.345803797,1.320040290,2.034878578,0.645162525,-175.519484675,0.169005570,-0.007476360,-0.023611442,-0.001902998,-0.000265453,-0.023595056,-0.025763507,-0.025763507,-0.000000000,-1.156623106,-0.072279650,2.548943047,1.320040290,1.320040290,0.000000000,0.000000000
1632,1782712774.838500023,0.098178864,1.320040290,1.342061207,2.000334501,0.615622205,-174.584577983,0.156959458,0.005483139,0.023531673,-0.001686440,0.000191380,0.023515976,0.022020916,0.022020916,-0.000000000,-1.158309546,-0.072088270,2.572459023,1.342061207,1.342061207,0.000000000,0.000000000
1633,1782712774.938796520,0.100296497,1.342061207,1.322417627,1.615022291,0.874104500,-173.539646448,0.169017302,-0.005161059,-0.016928404,-0.002578428,-0.000145441,-0.016919710,-0.019643579,-0.019643579,-0.000000000,-1.160887974,-0.072233711,2.555539313,1.322417627,1.322417627,0.000000000,0.000000000
1634,1782712775.139833450,0.201036930,1.322417627,1.313634923,1.659615558,0.650325396,-173.091527429,0.335563418,-0.003792060,-0.004866572,-0.003808670,-0.000109817,-0.004864217,-0.008782705,-0.008782705,0.000000000,-1.164696644,-0.072343529,2.550675096,1.313634923,1.313634923,0.000000000,0.000000000
1635,1782712775.238596439,0.098762989,1.313634923,1.324145816,1.648053652,1.761883229,-172.498123356,0.158308657,-0.002994515,0.015478021,-0.004867329,-0.000086082,0.015464304,0.010510893,0.010510893,0.000000000,-1.169563973,-0.072429610,2.566139399,1.324145816,1.324145816,0.000000000,0.000000000
1636,1782712775.339557409,0.100960970,1.324145816,1.324928960,1.326178509,1.425124114,-171.994819543,0.149769944,0.000645519,0.004495663,-0.003724860,0.000014935,0.004493069,0.000783144,0.000783144,0.000000000,-1.173288833,-0.072414675,2.570632468,1.324928960,1.324928960,0.000000000,0.000000000
1637,1782712775.439769030,0.100211620,1.324928960,1.318969931,1.499033417,1.113528374,-171.390264784,0.170250554,0.000948578,-0.002676694,-0.003308566,0.000024810,-0.002675273,-0.005959029,-0.005959029,0.000000000,-1.176597400,-0.072389865,2.567957195,1.318969931,1.318969931,0.000000000,0.000000000
1638,1782712775.539469957,0.099700928,1.318969931,1.320624377,1.482344914,1.106335227,-171.005203858,0.163194749,-0.007355522,0.004998257,-0.003150963,-0.000190244,0.004995653,0.001654446,0.001654446,0.000000000,-1.179748363,-0.072580108,2.572952848,1.320624377,1.320624377,0.000000000,0.000000000
1639,1782712775.639744997,0.100275040,1.320624377,1.323303698,1.524286300,1.051540719,-170.507655867,0.157901444,0.003065253,0.005498446,-0.002897778,0.000081524,0.005495575,0.002679320,0.002679320,-0.000000000,-1.182646141,-0.072498584,2.578448423,1.323303698,1.323303698,0.000000000,0.000000000
1640,1782712775.738927364,0.099182367,1.323303698,1.326091952,1.399897095,0.940685661,-170.143117392,0.154905312,-0.008417355,0.005539396,-0.002543131,-0.000205611,0.005536997,0.002788254,0.002788254,-0.000000000,-1.185189272,-0.072704196,2.583985420,1.326091952,1.326091952,0.000000000,0.000000000
1641,1782712775.839475870,0.100548506,1.326091952,1.319711860,1.507392539,1.199389121,-169.743164211,0.161624805,0.004684203,-0.003121960,-0.003383092,0.000123195,-0.003120196,-0.006380092,-0.006380092,0.000000000,-1.188572364,-0.072581001,2.580865224,1.319711860,1.319711860,0.000000000,0.000000000
1642,1782712775.938917875,0.099442005,1.319711860,1.316839699,1.572627226,0.652530766,-169.260810172,0.162360029,-0.000407365,-0.001012381,-0.001849048,-0.000011179,-0.001011934,-0.002872161,-0.002872161,0.000000000,-1.190421411,-0.072592180,2.579853290,1.316839699,1.316839699,0.000000000,0.000000000
1643,1782712776.038806200,0.099888325,1.316839699,1.325961347,1.643830801,0.611428338,-168.808333474,0.166196895,-0.004349975,0.011025117,-0.001773526,-0.000124778,0.011019952,0.009121648,0.009121648,0.000000000,-1.192194937,-0.072716957,2.590873242,1.325961347,1.325961347,0.000000000,0.000000000
1644,1782712776.139420986,0.100614786,1.325961347,1.318151084,1.483432113,0.775131152,-168.444372368,0.166682309,-0.013377007,-0.005211308,-0.002254908,-0.000346271,-0.005209085,-0.007810263,-0.007810263,0.000000000,-1.194449845,-0.073063228,2.585664157,1.318151084,1.318151084,0.000000000,0.000000000
1645,1782712776.239446878,0.100025892,1.318151084,1.315216588,1.638795910,0.748964615,-168.663058829,0.153090495,-0.013365954,-0.000551428,-0.002001126,-0.000382213,-0.000551156,-0.002934496,-0.002934496,0.000000000,-1.196450972,-0.073445441,2.585113001,1.315216588,1.315216588,0.000000000,0.000000000
1646,1782712776.338372231,0.098925352,1.315216588,1.313696208,1.643487129,0.874008970,-169.876305174,0.164205729,0.004686046,0.000850439,-0.002504752,0.000134382,0.000849990,-0.001520380,-0.001520380,0.000000000,-1.198955724,-0.073311060,2.585962992,1.313696208,1.313696208,0.000000000,0.000000000
1647,1782712776.438914061,0.100541830,1.313696208,1.313351110,1.541096356,0.806261346,-169.597727039,0.169025836,-0.007427120,0.002234094,-0.002378439,-0.000199725,0.002233065,-0.000345099,-0.000345099,0.000000000,-1.201334162,-0.073510785,2.588196057,1.313351110,1.313351110,0.000000000,0.000000000
1648,1782712776.538928747,0.100014687,1.313351110,1.325812861,1.368307122,1.049833462,-169.155683839,0.143628228,-0.001179140,0.015128315,-0.002631560,-0.000028152,0.015121463,0.012461751,0.012461751,0.000000000,-1.203965722,-0.073538937,2.603317520,1.325812861,1.325812861,0.000000000,0.000000000
1649,1782712776.638623953,0.099695206,1.325812861,1.308256438,1.316453188,1.017139881,-168.798651767,0.176008541,-0.014462064,-0.014105746,-0.003124417,-0.000332205,-0.014099800,-0.017556423,-0.017556423,0.000000000,-1.207090139,-0.073871142,2.589217719,1.308256438,1.308256438,0.000000000,0.000000000
1650,1782712776.839383125,0.200759172,1.308256438,1.323746255,1.829410958,0.799195705,-168.728237457,0.319489774,-0.043393502,0.021344213,-0.004456289,-0.001385152,0.021331258,0.015489817,0.015489817,0.000000000,-1.211546429,-0.075256293,2.610548977,1.323746255,1.323746255,0.000000000,0.000000000
1651,1782712776.939553499,0.100170374,1.323746255,1.327060254,1.377034955,0.754644636,-171.496935801,0.150753500,-0.026118716,0.005929365,-0.001985522,-0.000627617,0.005927138,0.003313999,0.003313999,0.000000000,-1.213531951,-0.075883910,2.616476116,1.327060254,1.327060254,0.000000000,0.000000000
1652,1782712777.039452553,0.099899054,1.327060254,1.316824872,1.612228607,0.428590634,-173.185386713,0.170199622,-0.009724856,-0.008692330,-0.001273135,-0.000273601,-0.008688646,-0.010235382,-0.010235382,0.000000000,-1.214805086,-0.076157511,2.607787470,1.316824872,1.316824872,0.000000000,0.000000000
1653,1782712777.139392138,0.099939585,1.316824872,1.320518145,1.606592579,0.570286661,-174.612349762,0.157886249,-0.008046526,0.005492767,-0.001571476,-0.000225587,0.005490335,0.003693273,0.003693273,0.000000000,-1.216376562,-0.076383098,2.613277805,1.320518145,1.320518145,0.000000000,0.000000000
1654,1782712777.238628387,0.099236250,1.320518145,1.319261630,1.394542333,0.765895856,-173.681368038,0.167648529,0.010535633,0.000728342,-0.002240959,0.000256382,0.000728062,-0.001256515,-0.001256515,0.000000000,-1.218617521,-0.076126716,2.614005867,1.319261630,1.319261630,0.000000000,0.000000000
1655,1782712777.338843346,0.100214958,1.319261630,1.319657497,1.283439208,0.574602072,-173.190485944,0.149206701,-0.008468916,0.002082498,-0.001496324,-0.000189680,0.002081871,0.000395866,0.000395866,-0.000000000,-1.220113845,-0.076316396,2.616087738,1.319657497,1.319657497,0.000000000,0.000000000
1656,1782712777.438618898,0.099775553,1.319657497,1.323087599,1.068265860,0.212548838,-172.738302270,0.156773726,0.000433561,0.004004321,-0.000581579,0.000008083,0.004003597,0.003430102,0.003430102,0.000000000,-1.220695423,-0.076308313,2.620091335,1.323087599,1.323087599,0.000000000,0.000000000
1657,1782712777.538706303,0.100087404,1.323087599,1.320117423,1.321165760,0.539105633,-172.378981635,0.159933975,-0.002375257,-0.001411026,-0.001504823,-0.000054763,-0.001410589,-0.002970175,-0.002970175,0.000000000,-1.222200247,-0.076363076,2.618680746,1.320117423,1.320117423,0.000000000,0.000000000
1658,1782712777.638588667,0.099882364,1.320117423,1.327093944,1.504626067,1.075785275,-171.841120152,0.160135119,0.005570802,0.009841918,-0.003006520,0.000146250,0.009836790,0.006976521,0.006976521,0.000000000,-1.225206766,-0.076216825,2.628517536,1.327093944,1.327093944,0.000000000,0.000000000
1659,1782712777.738614798,0.100026131,1.327093944,1.320185621,1.481954705,1.307618996,-171.118085086,0.154932437,-0.008437602,-0.003156442,-0.003535601,-0.000218157,-0.003154565,-0.006908323,-0.006908323,0.000000000,-1.228742367,-0.076434983,2.625362971,1.320185621,1.320185621,0.000000000,0.000000000
1660,1782712777.839170456,0.100555658,1.320185621,1.318194318,1.377142701,0.730091795,-170.336120271,0.165254646,0.012603066,-0.000188541,-0.002105701,0.000302869,-0.000188472,-0.001991303,-0.001991303,0.000000000,-1.230848069,-0.076132113,2.625174500,1.318194318,1.318194318,0.000000000,0.000000000
1661,1782712777.938987017,0.099816561,1.318194318,1.324401625,1.542447836,0.471188900,-169.835232740,0.148987541,-0.016352102,0.007875800,-0.001225230,-0.000440144,0.007872680,0.006207307,0.006207307,0.000000000,-1.232073298,-0.076572257,2.633047180,1.324401625,1.324401625,0.000000000,0.000000000
1662,1782712778.039006948,0.100019932,1.324401625,1.325306854,1.468984592,0.774161502,-169.274753806,0.172516877,-0.000534046,0.003251204,-0.002330920,-0.000013689,0.003249839,0.000905229,0.000905229,-0.000000000,-1.234404218,-0.076585946,2.636297018,1.325306854,1.325306854,0.000000000,0.000000000
1663,1782712778.138703108,0.099696159,1.325306854,1.325042130,1.491228348,0.357662492,-169.065536756,0.160245288,-0.037603325,0.001714763,-0.001000307,-0.000978566,0.001714149,-0.000264724,-0.000264724,0.000000000,-1.235404525,-0.077564513,2.638011167,1.325042130,1.325042130,0.000000000,0.000000000
1664,1782712778.238766432,0.100063324,1.325042130,1.328634777,1.271249324,0.699535015,-170.934618870,0.153246396,-0.022232762,0.005958737,-0.001870968,-0.000493212,0.005956827,0.003592647,0.003592647,0.000000000,-1.237275492,-0.078057725,2.643967994,1.328634777,1.328634777,0.000000000,0.000000000
1665,1782712778.338846445,0.100080013,1.328634777,1.324944068,1.697909366,0.804822153,-173.978312030,0.138892395,-0.019169142,-0.001172489,-0.001950929,-0.000567921,-0.001171859,-0.003690709,-0.003690709,0.000000000,-1.239226421,-0.078625646,2.642796135,1.324944068,1.324944068,0.000000000,0.000000000
1666,1782712778.438648462,0.099802017,1.324944068,1.332851772,1.773008603,1.050135209,-175.299850355,0.159701693,-0.014490552,0.011290165,-0.002926899,-0.000448261,0.011282864,0.007907704,0.007907704,-0.000000000,-1.242153321,-0.079073907,2.654078999,1.332851772,1.332851772,0.000000000,0.000000000
1667,1782712778.538872957,0.100224495,1.332851772,1.326809460,1.541342582,1.317661921,-176.001449770,0.166129981,0.000650772,-0.002240971,-0.003820244,0.000017500,-0.002239567,-0.006042311,-0.006042311,0.000000000,-1.245973565,-0.079056407,2.651839432,1.326809460,1.326809460,0.000000000,0.000000000
1668,1782712778.739526272,0.200653315,1.326809460,1.322388999,1.365282793,1.642335597,-176.137957369,0.322095370,-0.008107810,0.005007448,-0.009231330,-0.000193101,0.005003970,-0.004420461,-0.004420461,0.000000000,-1.255204895,-0.079249507,2.656843402,1.322388999,1.322388999,0.000000000,0.000000000
1669,1782712778.838882446,0.099356174,1.322388999,1.328431649,1.608111166,1.128892706,-175.349190506,0.161155763,-0.010745916,0.009524784,-0.003175030,-0.000301506,0.009519185,0.006042650,0.006042650,-0.000000000,-1.258379924,-0.079551013,2.666362587,1.328431649,1.328431649,0.000000000,0.000000000
1670,1782712778.938456297,0.099573851,1.328431649,1.332147513,1.591710800,1.168666159,-174.771614942,0.165048924,0.008527837,0.006849384,-0.003366281,0.000236829,0.006845317,0.003715864,0.003715864,0.000000000,-1.261746206,-0.079314185,2.673207904,1.332147513,1.332147513,0.000000000,0.000000000
1671,1782712779.039016008,0.100559711,1.332147513,1.323568220,1.457200742,0.957306213,-174.031449454,0.177484053,-0.007659723,-0.005421750,-0.002965291,-0.000194761,-0.005419241,-0.008579293,-0.008579293,0.000000000,-1.264711497,-0.079508946,2.667788663,1.323568220,1.323568220,0.000000000,0.000000000
1672,1782712779.138708830,0.099692822,1.323568220,1.324058311,1.332221464,0.581394111,-173.470699609,0.154545570,0.003419976,0.001979403,-0.001568184,0.000079509,0.001978766,0.000490091,0.000490091,0.000000000,-1.266279682,-0.079429437,2.669767429,1.324058311,1.324058311,0.000000000,0.000000000
1673,1782712779.238773346,0.100064516,1.324058311,1.323641112,1.356731680,0.864041482,-173.108915162,0.159972645,-0.011892840,0.002277611,-0.002412355,-0.000281557,0.002276714,-0.000417199,-0.000417199,0.000000000,-1.268692037,-0.079710994,2.672044143,1.323641112,1.323641112,0.000000000,0.000000000
1674,1782712779.338610411,0.099837065,1.323641112,1.332563075,1.463038497,0.767367354,-172.623016241,0.155333001,0.012227693,0.010694564,-0.002080326,0.000312170,0.010690119,0.008921963,0.008921963,-0.000000000,-1.270772363,-0.079398824,2.682734262,1.332563075,1.332563075,0.000000000,0.000000000
1675,1782712779.440380335,0.101769924,1.332563075,1.326946399,1.317781421,1.287316287,-172.018887431,0.171520799,-0.015917777,-0.001398032,-0.003853389,-0.000365978,-0.001397309,-0.005616677,-0.005616677,0.000000000,-1.274625752,-0.079764802,2.681336953,1.326946399,1.326946399,0.000000000,0.000000000
1676,1782712779.538711071,0.098330736,1.326946399,1.328721766,1.577302548,1.070846000,-171.437763178,0.154713203,0.004329798,0.004550114,-0.002891389,0.000119160,0.004547596,0.001775367,0.001775367,0.000000000,-1.277517141,-0.079645643,2.685884549,1.328721766,1.328721766,0.000000000,0.000000000
1677,1782712779.639683723,0.100972652,1.328721766,1.318131635,1.231650010,1.515400923,-171.206025568,0.173282204,-0.027079419,-0.005428862,-0.004582561,-0.000581860,-0.005425710,-0.010590131,-0.010590131,0.000000000,-1.282099702,-0.080227503,2.680458840,1.318131635,1.318131635,0.000000000,0.000000000
1678,1782712779.738687277,0.099003553,1.318131635,1.328546157,1.253316514,1.332247419,-171.436678678,0.164176206,-0.014113876,0.014547658,-0.003817098,-0.000308626,0.014540246,0.010414522,0.010414522,-0.000000000,-1.285916800,-0.080536129,2.694999086,1.328546157,1.328546157,0.000000000,0.000000000
1679,1782712779.838838100,0.100150824,1.328546157,1.321910607,0.988328543,1.192439768,-173.001091883,0.150840844,-0.039611489,-0.002814405,-0.003139073,-0.000683100,-0.002813377,-0.006635550,-0.006635550,-0.000000000,-1.289055873,-0.081219229,2.692185709,1.321910607,1.321910607,0.000000000,0.000000000
1680,1782712780.039258242,0.200420141,1.321910607,1.322290061,1.068804137,0.830805609,-175.628516951,0.321917641,-0.028392434,0.005578298,-0.004667737,-0.000529550,0.005576741,0.000379454,0.000379454,0.000000000,-1.293723609,-0.081748779,2.697762450,1.322290061,1.322290061,0.000000000,0.000000000
1681,1782712780.139318466,0.100060225,1.322290061,1.331397461,1.364505434,0.780599233,-178.052458846,0.161407566,0.002843280,0.011242883,-0.002198953,0.000067700,0.011238652,0.009107400,0.009107400,0.000000000,-1.295922562,-0.081681079,2.709001102,1.331397461,1.331397461,0.000000000,0.000000000
1682,1782712780.239000559,0.099682093,1.331397461,1.323737092,1.334756466,1.116010524,-177.104720153,0.169506430,-0.008995650,-0.004151332,-0.003301447,-0.000209503,-0.004149418,-0.007660369,-0.007660369,0.000000000,-1.299224010,-0.081890582,2.704851684,1.323737092,1.323737092,0.000000000,0.000000000
1683,1782712780.338871241,0.099870682,1.323737092,1.320504285,1.770439794,1.195770048,-176.698190743,0.174523933,-0.001148131,0.000445038,-0.003642072,-0.000035464,0.000444728,-0.003232807,-0.003232807,0.000000000,-1.302866082,-0.081926046,2.705296412,1.320504285,1.320504285,0.000000000,0.000000000
1684,1782712780.438906431,0.100035191,1.320504285,1.327397502,1.870332241,1.425766567,-176.085773209,0.150826856,0.007631373,0.010405825,-0.003752837,0.000248993,0.010397061,0.006893218,0.006893218,0.000000000,-1.306618918,-0.081677053,2.715693473,1.327397502,1.327397502,0.000000000,0.000000000
1685,1782712780.538775921,0.099869490,1.327397502,1.319939014,1.871366777,1.139399484,-175.545892370,0.142774770,-0.010421557,-0.004282292,-0.002839071,-0.000340256,-0.004279161,-0.007458488,-0.007458488,0.000000000,-1.309457989,-0.082017309,2.711414312,1.319939014,1.319939014,0.000000000,0.000000000
1686,1782712780.638586283,0.099810362,1.319939014,1.326333182,1.258508405,0.615456129,-174.896130472,0.162477598,0.005399358,0.008023242,-0.001745258,0.000118581,0.008020844,0.006394168,0.006394168,0.000000000,-1.311203247,-0.081898727,2.719435156,1.326333182,1.326333182,0.000000000,0.000000000
1687,1782712780.739000082,0.100413799,1.326333182,1.326056432,1.705729532,0.374764076,-174.419350972,0.167249373,-0.009565428,0.001102430,-0.001093948,-0.000284720,0.001101918,-0.000276750,-0.000276750,0.000000000,-1.312297195,-0.082183448,2.720537074,1.326056432,1.326056432,0.000000000,0.000000000
1688,1782712780.838776588,0.099776506,1.326056432,1.325683241,1.718585133,0.575286988,-173.846355141,0.150045120,-0.001762057,0.001186771,-0.001506526,-0.000052842,0.001186177,-0.000373191,-0.000373191,0.000000000,-1.313803720,-0.082236290,2.721723251,1.325683241,1.325683241,0.000000000,0.000000000
1689,1782712781.039582491,0.200805902,1.325683241,1.328208053,1.851262523,0.832474693,-173.410327765,0.326515190,0.000386312,0.007260801,-0.004743911,0.000012478,0.007256245,0.002524812,0.002524812,0.000000000,-1.318547631,-0.082223812,2.728979496,1.328208053,1.328208053,0.000000000,0.000000000
1690,1782712781.139786243,0.100203753,1.328208053,1.322155550,1.766923677,1.315976715,-172.123190763,0.171143397,-0.003709522,-0.002009142,-0.003930498,-0.000114348,-0.002007657,-0.006052503,-0.006052503,-0.000000000,-1.322478129,-0.082338160,2.726971839,1.322155550,1.322155550,0.000000000,0.000000000
1691,1782712781.238838673,0.099052429,1.322155550,1.324792406,1.967317972,0.990616018,-171.664553295,0.151448415,0.006519598,0.005035134,-0.002618339,0.000223781,0.005031414,0.002636856,0.002636856,-0.000000000,-1.325096468,-0.082114379,2.732003253,1.324792406,1.324792406,0.000000000,0.000000000
1692,1782712781.338694096,0.099855423,1.324792406,1.319284803,2.004710723,0.710307104,-171.105997340,0.149113779,-0.024429659,-0.002806466,-0.001848546,-0.000854524,-0.002804533,-0.005507603,-0.005507603,-0.000000000,-1.326945013,-0.082968904,2.729198719,1.319284803,1.319284803,0.000000000,0.000000000
1693,1782712781.438648224,0.099954128,1.319284803,1.329861263,1.489044024,1.197327055,-171.183687332,0.154189493,-0.014439436,0.014181393,-0.003221909,-0.000375138,0.014173508,0.010576461,0.010576461,0.000000000,-1.330166923,-0.083344042,2.743372228,1.329861263,1.329861263,0.000000000,0.000000000
1694,1782712781.639393806,0.200745583,1.329861263,1.329902675,1.830528597,1.383055282,-172.764468727,0.321368262,-0.034680701,0.008912762,-0.007756713,-0.001107494,0.008905619,0.000041412,0.000041412,0.000000000,-1.337923636,-0.084451536,2.752277847,1.329902675,1.329902675,0.000000000,0.000000000
1695,1782712781.738795757,0.099401951,1.329902675,1.330075585,1.779267257,1.244921525,-175.601899571,0.164573002,-0.002320742,0.003823253,-0.003575557,-0.000072040,0.003820507,0.000172910,0.000172910,0.000000000,-1.341499193,-0.084523576,2.756098354,1.330075585,1.330075585,0.000000000,0.000000000
1696,1782712781.838947773,0.100152016,1.330075585,1.323797150,1.694569592,1.318599517,-175.156574883,0.168060450,-0.000966713,-0.002384144,-0.003867386,-0.000028580,-0.002382470,-0.006278435,-0.006278435,0.000000000,-1.345366578,-0.084552155,2.753715884,1.323797150,1.323797150,0.000000000,0.000000000
1697,1782712781.938959360,0.100011587,1.323797150,1.323951019,1.960140248,1.430605213,-174.628762892,0.153700170,0.002002919,0.003926208,-0.003837306,0.000068487,0.003922687,0.000153869,0.000153869,0.000000000,-1.349203884,-0.084483668,2.757638572,1.323951019,1.323951019,0.000000000,0.000000000
1698,1782712782.038588047,0.099628687,1.323951019,1.322862721,1.576588268,1.732597299,-174.243978951,0.160206434,-0.015202059,0.004177086,-0.004843829,-0.000418066,0.004173596,-0.001088298,-0.001088298,0.000000000,-1.354047713,-0.084901734,2.761812167,1.322862721,1.322862721,0.000000000,0.000000000
1699,1782712782.138846397,0.100258350,1.322862721,1.316097158,2.008404827,1.049148080,-173.609653005,0.170870573,0.007804567,-0.003913444,-0.003128651,0.000273474,-0.003910385,-0.006765562,-0.006765562,0.000000000,-1.357176364,-0.084628260,2.757901783,1.316097158,1.316097158,0.000000000,0.000000000
1700,1782712782.238773584,0.099927187,1.316097158,1.313197108,1.414561773,0.970381284,-173.294889510,0.155435904,-0.004905086,-0.000146655,-0.002632391,-0.000121071,-0.000146589,-0.002900051,-0.002900051,-0.000000000,-1.359808755,-0.084749331,2.757755194,1.313197108,1.313197108,0.000000000,0.000000000
1701,1782712782.338846445,0.100072861,1.313197108,1.323308822,2.186456786,1.660408902,-172.886230766,0.162783973,-0.002692927,0.014948320,-0.004716755,-0.000102696,0.014931165,0.010111715,0.010111715,0.000000000,-1.364525509,-0.084852028,2.772686359,1.323308822,1.323308822,0.000000000,0.000000000
1702,1782712782.438659668,0.099813223,1.323308822,1.318778601,2.163120609,1.954569101,-172.169905788,0.165683844,-0.002122130,0.001202374,-0.005650987,-0.000080052,0.001200819,-0.004530221,-0.004530221,-0.000000000,-1.370176496,-0.084932080,2.773887178,1.318778601,1.318778601,0.000000000,0.000000000
1703,1782712782.640007973,0.201348305,1.318778601,1.319211366,2.216854920,1.221661572,-171.731902428,0.313256218,-0.017251177,0.007786263,-0.006678748,-0.000667154,0.007778667,0.000432764,0.000432764,0.000000000,-1.376855245,-0.085599234,2.781665845,1.319211366,1.319211366,0.000000000,0.000000000
1704,1782712782.738609552,0.098601580,1.319211366,1.324313082,1.516628267,0.823644254,-171.873666747,0.171584935,-0.036025777,0.008525482,-0.002466501,-0.000953398,0.008521615,0.005101716,0.005101716,0.000000000,-1.379321745,-0.086552632,2.790187459,1.324313082,1.324313082,0.000000000,0.000000000
1705,1782712782.838827610,0.100218058,1.324313082,1.328586218,1.299241859,1.256531160,-174.431198258,0.134481723,-0.033871439,0.007993962,-0.002949029,-0.000767820,0.007989985,0.004273136,0.004273136,0.000000000,-1.382270775,-0.087320452,2.798177444,1.328586218,1.328586218,0.000000000,0.000000000
1706,1782712782.938511848,0.099684238,1.328586218,1.329154846,1.419980218,0.876026270,-178.035821777,0.167318394,-0.028788895,0.003841708,-0.002558122,-0.000713328,0.003840079,0.000568629,0.000568629,0.000000000,-1.384828897,-0.088033780,2.802017523,1.329154846,1.329154846,0.000000000,0.000000000
1707,1782712783.039341450,0.100829601,1.329154846,1.326169467,1.207618672,0.296066493,178.585292741,0.154059018,-0.011569903,-0.001945930,-0.000796071,-0.000243837,-0.001945472,-0.002985379,-0.002985379,-0.000000000,-1.385624968,-0.088277617,2.800072052,1.326169467,1.326169467,0.000000000,0.000000000
1708,1782712783.139692307,0.100350857,1.326169467,1.318958422,1.815445765,0.454581129,177.309842038,0.161112662,-0.000168681,-0.005930620,-0.001278244,-0.000005344,-0.005927456,-0.007211044,-0.007211044,0.000000000,-1.386903212,-0.088282961,2.794144595,1.318958422,1.318958422,0.000000000,0.000000000
1709,1782712783.238712549,0.099020243,1.318958422,1.318716396,1.463323261,0.835003747,178.799068711,0.156146167,0.007406095,0.001845187,-0.002275526,0.000189110,0.001844390,-0.000242026,-0.000242026,-0.000000000,-1.389178738,-0.088093851,2.795988985,1.318716396,1.318716396,0.000000000,0.000000000
1710,1782712783.339586735,0.100874186,1.318716396,1.318821539,1.702234555,1.437969169,179.360124163,0.168978343,-0.002712201,0.004429487,-0.004240454,-0.000080541,0.004426138,0.000105143,0.000105143,0.000000000,-1.393419192,-0.088174392,2.800415123,1.318821539,1.318821539,0.000000000,0.000000000
1711,1782712783.439853907,0.100267172,1.318821539,1.323199034,1.417619326,1.081758951,-179.933711517,0.154529011,0.006073245,0.007148107,-0.002917374,0.000150223,0.007144646,0.004377495,0.004377495,0.000000000,-1.396336566,-0.088024169,2.807559769,1.323199034,1.323199034,0.000000000,0.000000000
1712,1782712783.538725138,0.098871231,1.323199034,1.316867930,1.497476741,0.805991973,-179.193550563,0.162910999,-0.011814952,-0.003732391,-0.002291628,-0.000308729,-0.003730747,-0.006331104,-0.006331104,-0.000000000,-1.398628194,-0.088332898,2.803829022,1.316867930,1.316867930,0.000000000,0.000000000
1713,1782712783.639538527,0.100813389,1.316867930,1.311540495,1.639508702,0.712940024,-178.507630541,0.160183856,0.013490906,-0.003722063,-0.001993140,0.000385957,-0.003720251,-0.005327434,-0.005327434,0.000000000,-1.400621335,-0.087946941,2.800108771,1.311540495,1.311540495,0.000000000,0.000000000
1714,1782712783.739615440,0.100076914,1.311540495,1.313439782,1.942439851,1.308458573,-177.726905503,0.174080604,-0.007462674,0.006132411,-0.003975118,-0.000252885,0.006127289,0.001899287,0.001899287,-0.000000000,-1.404596452,-0.088199826,2.806236060,1.313439782,1.313439782,0.000000000,0.000000000
1715,1782712783.839038372,0.099422932,1.313439782,1.307531120,1.617246322,1.395950999,-176.869027691,0.155783414,0.011772487,-0.002447391,-0.003795122,0.000332151,-0.002445690,-0.005908661,-0.005908661,0.000000000,-1.408391575,-0.087867675,2.803790370,1.307531120,1.307531120,0.000000000,0.000000000
1716,1782712783.938916445,0.099878073,1.307531120,1.311393086,1.694408435,1.266618315,-175.852308008,0.167546838,-0.009764793,0.007859583,-0.003703599,-0.000288662,0.007854227,0.003861966,0.003861966,0.000000000,-1.412095174,-0.088156337,2.811644597,1.311393086,1.311393086,0.000000000,0.000000000
1717,1782712784.038818836,0.099902391,1.311393086,1.309012518,1.828042302,1.016338578,-175.277629614,0.160178486,0.007776911,0.000212699,-0.002841170,0.000248044,0.000212558,-0.002380568,-0.002380568,-0.000000000,-1.414936344,-0.087908293,2.811857155,1.309012518,1.309012518,0.000000000,0.000000000
1718,1782712784.138886213,0.100067377,1.309012518,1.310942303,2.109412103,0.902832829,-174.586006479,0.164122112,-0.007702180,0.004803132,-0.002586032,-0.000283466,0.004799282,0.001929785,0.001929785,0.000000000,-1.417522375,-0.088191758,2.816656436,1.310942303,1.310942303,0.000000000,0.000000000
1719,1782712784.238817453,0.099931240,1.310942303,1.306849591,1.648547488,1.024239507,-173.685754523,0.160236289,0.008609199,-0.001476906,-0.002864288,0.000247635,-0.001476059,-0.004092712,-0.004092712,0.000000000,-1.420386663,-0.087944123,2.815180377,1.306849591,1.306849591,0.000000000,0.000000000
1720,1782712784.338840723,0.100023270,1.306849591,1.308530306,1.934932515,0.930220952,-172.803354850,0.177402508,-0.013876898,0.005032811,-0.002880077,-0.000468485,0.005029278,0.001680716,0.001680716,-0.000000000,-1.423266741,-0.088412608,2.820209655,1.308530306,1.308530306,0.000000000,0.000000000
1721,1782712784.439097881,0.100257158,1.308530306,1.304137581,1.778791555,0.953908225,-172.057717663,0.157182501,0.009072541,-0.002058797,-0.002616785,0.000281580,-0.002057520,-0.004392726,-0.004392726,0.000000000,-1.425883526,-0.088131029,2.818152135,1.304137581,1.304137581,0.000000000,0.000000000
1722,1782712784.539218187,0.100120306,1.304137581,1.313434899,2.027219815,1.529092747,-171.427759701,0.171317273,0.000537858,0.013863431,-0.004571522,0.000019020,0.013849820,0.009297318,0.009297318,0.000000000,-1.430455048,-0.088112009,2.832001956,1.313434899,1.313434899,0.000000000,0.000000000
1723,1782712784.639796495,0.100578308,1.313434899,1.307938442,1.916271629,1.527211350,-170.489957649,0.155611180,-0.003844165,-0.001221770,-0.004147304,-0.000128499,-0.001220653,-0.005496457,-0.005496457,-0.000000000,-1.434602352,-0.088240508,2.830781302,1.307938442,1.307938442,0.000000000,0.000000000
1724,1782712784.738907337,0.099110842,1.307938442,1.310983325,1.861222036,0.854210566,-169.585798993,0.183277447,0.006022781,0.005585202,-0.002732343,0.000195591,0.005581635,0.003044883,0.003044883,0.000000000,-1.437334695,-0.088044918,2.836362938,1.310983325,1.310983325,0.000000000,0.000000000
1725,1782712784.839633703,0.100726366,1.310983325,1.305163417,1.916521044,0.542391780,-168.852688145,0.153227091,-0.007991768,-0.004104622,-0.001450506,-0.000267260,-0.004102142,-0.005819908,-0.005819908,0.000000000,-1.438785201,-0.088312178,2.832260796,1.305163417,1.305163417,0.000000000,0.000000000
1726,1782712784.939023972,0.099390268,1.305163417,1.308456075,2.035527666,0.734741000,-168.170352195,0.172601806,0.009297067,0.005179479,-0.002213324,0.000330197,0.005175785,0.003292657,0.003292657,-0.000000000,-1.440998525,-0.087981980,2.837436581,1.308456075,1.308456075,0.000000000,0.000000000
1727,1782712785.038732290,0.099708319,1.308456075,1.307433730,2.006740605,0.689865378,-167.327586185,0.163985019,-0.006838393,0.001192317,-0.001974401,-0.000239443,0.001191499,-0.001022345,-0.001022345,0.000000000,-1.442972927,-0.088221424,2.838628080,1.307433730,1.307433730,0.000000000,0.000000000
1728,1782712785.138847589,0.100115299,1.307433730,1.309183497,1.943354704,0.719812020,-166.660949733,0.156794357,-0.014933621,0.004228683,-0.001969770,-0.000506381,0.004225918,0.001749767,0.001749767,0.000000000,-1.444942696,-0.088727804,2.842853997,1.309183497,1.309183497,0.000000000,0.000000000
1729,1782712785.238690615,0.099843025,1.309183497,1.309989320,2.150854911,0.749137180,-166.981211462,0.176680496,-0.030799339,0.004275037,-0.002310016,-0.001155821,0.004271660,0.000805823,0.000805823,0.000000000,-1.447252712,-0.089883626,2.847125658,1.309989320,1.309989320,0.000000000,0.000000000
1730,1782712785.347794771,0.109104156,1.309989320,1.306932306,2.112584574,0.775448513,-168.962043141,0.158071270,-0.010882573,-0.000516991,-0.002139292,-0.000401130,-0.000516592,-0.003057014,-0.003057014,0.000000000,-1.449392004,-0.090284755,2.846609066,1.306932306,1.306932306,0.000000000,0.000000000
1731,1782712785.438786745,0.090991974,1.306932306,1.310907353,1.725080833,0.862470776,-170.169393150,0.172517912,0.001833465,0.006520359,-0.002596806,0.000055188,0.006516665,0.003975047,0.003975047,0.000000000,-1.451988810,-0.090229567,2.853125731,1.310907353,1.310907353,0.000000000,0.000000000
1732,1782712785.639365435,0.200578690,1.310907353,1.312002446,2.746460069,1.147453314,-169.478657096,0.327822385,-0.012129205,0.008252103,-0.006564807,-0.000581071,0.008240971,0.001095093,0.001095093,0.000000000,-1.458553617,-0.090810639,2.861366702,1.312002446,1.312002446,0.000000000,0.000000000
1733,1782712785.738841057,0.099475622,1.312002446,1.307016464,1.681655387,1.420968944,-168.591763921,0.163916614,-0.029937613,-0.000042917,-0.004064811,-0.000878285,-0.000042885,-0.004985982,-0.004985982,0.000000000,-1.462618429,-0.091688924,2.861323817,1.307016464,1.307016464,0.000000000,0.000000000
1734,1782712785.838604212,0.099763155,1.307016464,1.298295154,1.398448758,1.138915488,-170.415906338,0.165772034,-0.056249724,-0.004055839,-0.003294971,-0.001372510,-0.004053830,-0.008721310,-0.008721310,0.000000000,-1.465913399,-0.093061434,2.857269986,1.298295154,1.298295154,0.000000000,0.000000000
1735,1782712785.938666105,0.100061893,1.298295154,1.304633507,1.616005762,0.915190496,-174.789488429,0.156607281,-0.031736576,0.009739750,-0.002501395,-0.000894885,0.009734634,0.006338353,0.006338353,-0.000000000,-1.468414795,-0.093956319,2.867004621,1.304633507,1.304633507,0.000000000,0.000000000
1736,1782712786.139598131,0.200932026,1.304633507,1.305806580,1.548600209,1.241318350,-178.148045399,0.322029052,-0.001853332,0.008204311,-0.006976243,-0.000050074,0.008199390,0.001173073,0.001173073,-0.000000000,-1.475391038,-0.094006393,2.875204011,1.305806580,1.305806580,0.000000000,0.000000000
1737,1782712786.239428043,0.099829912,1.305806580,1.302001299,1.375230428,0.800543438,-177.955310481,0.173721473,-0.002293373,-0.001323578,-0.002427178,-0.000055036,-0.001323067,-0.003805281,-0.003805281,-0.000000000,-1.477818216,-0.094061429,2.873880944,1.302001299,1.302001299,0.000000000,0.000000000
1738,1782712786.339599609,0.100171566,1.302001299,1.306221143,1.542297208,0.453835956,-177.376652435,0.152050065,0.004753666,0.005298355,-0.001204366,0.000127940,0.005296270,0.004219845,0.004219845,-0.000000000,-1.479022582,-0.093933488,2.879177213,1.306221143,1.306221143,0.000000000,0.000000000
1739,1782712786.438931942,0.099332333,1.306221143,1.299130863,1.511576042,0.370386215,-176.408360536,0.180969131,0.001657646,-0.005966347,-0.001169859,0.000043726,-0.005964147,-0.007090280,-0.007090280,0.000000000,-1.480192441,-0.093889762,2.873213067,1.299130863,1.299130863,0.000000000,0.000000000
1740,1782712786.538795710,0.099863768,1.299130863,1.301771237,1.789678164,0.720146824,-175.628630073,0.155313764,0.004555962,0.004452700,-0.001952077,0.000142275,0.004450177,0.002640374,0.002640374,-0.000000000,-1.482144518,-0.093747488,2.877663243,1.301771237,1.301771237,0.000000000,0.000000000
1741,1782712786.639731407,0.100935698,1.301771237,1.295466815,1.476218224,0.766291829,-174.802209533,0.168235266,-0.004752511,-0.003933692,-0.002249964,-0.000122423,-0.003932035,-0.006304423,-0.006304423,0.000000000,-1.484394482,-0.093869911,2.873731208,1.295466815,1.295466815,0.000000000,0.000000000
1742,1782712786.738741398,0.099009991,1.295466815,1.299507075,1.819938211,1.146627147,-174.026103915,0.157453690,0.001070267,0.007162142,-0.003150819,0.000033983,0.007157096,0.004040260,0.004040260,-0.000000000,-1.487545301,-0.093835928,2.880888304,1.299507075,1.299507075,0.000000000,0.000000000
1743,1782712786.839159727,0.100418329,1.299507075,1.294661006,1.880133339,1.017763803,-173.286091585,0.172330475,-0.012737455,-0.001368187,-0.003061002,-0.000417832,-0.001367234,-0.004846069,-0.004846069,0.000000000,-1.490606303,-0.094253760,2.879521069,1.294661006,1.294661006,0.000000000,0.000000000
1744,1782712786.939549923,0.100390196,1.294661006,1.296761733,2.083209829,0.943169978,-172.880541947,0.161188652,-0.029757557,0.005840219,-0.002653275,-0.001081566,0.005835568,0.002100727,0.002100727,0.000000000,-1.493259578,-0.095335326,2.885356637,1.296761733,1.296761733,0.000000000,0.000000000
1745,1782712787.038759232,0.099209309,1.296761733,1.290527746,1.768752984,1.000139307,-174.724507749,0.164805000,-0.033533279,-0.002323934,-0.002876644,-0.001034869,-0.002322473,-0.006233987,-0.006233987,0.000000000,-1.496136222,-0.096370196,2.883034164,1.290527746,1.290527746,0.000000000,0.000000000
1746,1782712787.138602495,0.099843264,1.290527746,1.296980387,2.143269792,0.965573720,-177.093680195,0.166129151,-0.022315738,0.010095138,-0.002799549,-0.000834454,0.010086644,0.006452640,0.006452640,-0.000000000,-1.498935771,-0.097204650,2.893120808,1.296980387,1.296980387,0.000000000,0.000000000
1747,1782712787.239698172,0.101095676,1.296980387,1.287990372,1.918444941,0.917909989,-179.219675498,0.156801268,-0.026168306,-0.005606018,-0.002511935,-0.000875922,-0.005602157,-0.008990014,-0.008990014,-0.000000000,-1.501447707,-0.098080572,2.887518651,1.287990372,1.287990372,0.000000000,0.000000000
1748,1782712787.338634729,0.098936558,1.287990372,1.289044069,2.139270788,0.622636672,178.711475836,0.169463255,-0.007902296,0.003192606,-0.001841531,-0.000294965,0.003190192,0.001053697,0.001053697,0.000000000,-1.503289238,-0.098375536,2.890708843,1.289044069,1.289044069,0.000000000,0.000000000
1749,1782712787.539078236,0.200443506,1.289044069,1.291102453,1.943165545,1.024581515,177.176311718,0.325398744,-0.001027813,0.007917623,-0.005818575,-0.000034846,0.007911805,0.002058384,0.002058384,-0.000000000,-1.509107812,-0.098410382,2.898620647,1.291102453,1.291102453,0.000000000,0.000000000
1750,1782712787.638858318,0.099780083,1.291102453,1.284129519,2.242082401,0.818883000,178.518873339,0.171063050,-0.012402500,-0.004046502,-0.002444785,-0.000485158,-0.004042992,-0.006972934,-0.006972934,0.000000000,-1.511552597,-0.098895540,2.894577656,1.284129519,1.284129519,0.000000000,0.000000000
1751,1782712787.738823175,0.099964857,1.284129519,1.285217272,2.588132623,0.784719833,178.991119517,0.166714267,0.014818704,0.002704912,-0.002283238,0.000669092,0.002701900,0.001087754,0.001087754,-0.000000000,-1.513835835,-0.098226448,2.897279556,1.285217272,1.285217272,0.000000000,0.000000000
1752,1782712787.839867592,0.101044416,1.285217272,1.288351868,2.095764685,0.945439224,179.712126947,0.154426044,-0.025084156,0.006605184,-0.002548073,-0.000917199,0.006599867,0.003134595,0.003134595,0.000000000,-1.516383908,-0.099143647,2.903879422,1.288351868,1.288351868,0.000000000,0.000000000
1753,1782712787.938912153,0.099044561,1.288351868,1.283753427,2.090586430,0.609169803,179.951640192,0.162855764,-0.030751316,-0.001746519,-0.001731453,-0.001121730,-0.001745258,-0.004598441,-0.004598441,0.000000000,-1.518115361,-0.100265376,2.902134165,1.283753427,1.283753427,0.000000000,0.000000000
1754,1782712788.038812637,0.099900484,1.283753427,1.291586111,1.529332223,0.820233973,177.479078229,0.162858970,-0.048506965,0.011463771,-0.002331374,-0.001294456,0.011458514,0.007832684,0.007832684,-0.000000000,-1.520446735,-0.101559832,2.913592678,1.291586111,1.291586111,0.000000000,0.000000000
1755,1782712788.139545441,0.100732803,1.291586111,1.278227202,1.651758523,1.380890360,173.413402771,0.159640347,-0.042320982,-0.008298100,-0.003847133,-0.001219532,-0.008292243,-0.013358908,-0.013358908,0.000000000,-1.524293868,-0.102779365,2.905300435,1.278227202,1.278227202,0.000000000,0.000000000
1756,1782712788.239033222,0.099487782,1.278227202,1.279000777,1.221845984,1.227261683,169.542033774,0.154575454,-0.032372290,0.004776608,-0.003310716,-0.000690136,0.004774426,0.000773575,0.000773575,-0.000000000,-1.527604583,-0.103469501,2.910074861,1.279000777,1.279000777,0.000000000,0.000000000
1757,1782712788.338734627,0.099701405,1.279000777,1.275473346,1.283406198,1.103707327,166.915691460,0.159206595,-0.007417364,-0.000294799,-0.003066659,-0.000166102,-0.000294670,-0.003527431,-0.003527431,-0.000000000,-1.530671242,-0.103635603,2.909780191,1.275473346,1.275473346,0.000000000,0.000000000
1758,1782712788.439566135,0.100831509,1.275473346,1.287470487,1.306241363,1.403894813,165.305260904,0.162023297,-0.026269736,0.016574686,-0.003969593,-0.000598671,0.016565405,0.011997141,0.011997141,-0.000000000,-1.534640835,-0.104234274,2.926345596,1.287470487,1.287470487,0.000000000,0.000000000
1759,1782712788.539187908,0.099621773,1.287470487,1.273367594,1.363594483,2.065703147,164.258445830,0.171824916,-0.016612817,-0.007521315,-0.006193517,-0.000395078,-0.007514299,-0.014102893,-0.014102893,-0.000000000,-1.540834352,-0.104629352,2.918831297,1.273367594,1.273367594,0.000000000,0.000000000
1760,1782712788.639814138,0.100626230,1.273367594,1.289755166,1.510251750,1.716541810,163.160799501,0.148800792,-0.048628200,0.022143561,-0.004457302,-0.001281061,0.022125935,0.016387573,0.016387573,-0.000000000,-1.545291654,-0.105910412,2.940957232,1.289755166,1.289755166,0.000000000,0.000000000
1761,1782712788.739305496,0.099491358,1.289755166,1.286718108,1.333496952,1.428835396,160.412338838,0.153974772,-0.042053320,0.001781738,-0.003839407,-0.000978353,0.001780701,-0.003037058,-0.003037058,0.000000000,-1.549131060,-0.106888765,2.942737934,1.286718108,1.286718108,0.000000000,0.000000000
1762,1782712788.839694738,0.100389242,1.286718108,1.283966836,1.863266328,0.828957020,155.719645943,0.156699590,-0.056824631,0.001364072,-0.002267055,-0.001847425,0.001363208,-0.002751272,-0.002751272,-0.000000000,-1.551398116,-0.108736190,2.944101142,1.283966836,1.283966836,0.000000000,0.000000000
1763,1782712788.938672066,0.098977327,1.283966836,1.280436693,1.569945039,1.288122220,150.838894584,0.167938207,-0.046769960,0.001527127,-0.003775264,-0.001281046,0.001526168,-0.003530143,-0.003530143,-0.000000000,-1.555173380,-0.110017236,2.945627310,1.280436693,1.280436693,0.000000000,0.000000000
1764,1782712789.038717270,0.100045204,1.280436693,1.280704721,1.714547975,0.958099876,146.179269264,0.158723675,-0.035117371,0.003974982,-0.002654053,-0.001050566,0.003972647,0.000268027,0.000268027,0.000000000,-1.557827433,-0.111067803,2.949599956,1.280704721,1.280704721,0.000000000,0.000000000
1765,1782712789.238732815,0.200015545,1.280704721,1.283457200,1.946976748,0.978406839,142.737010168,0.332066118,-0.047975853,0.010059701,-0.005670225,-0.001629724,0.010052428,0.002752479,0.002752479,0.000000000,-1.563497658,-0.112697526,2.959652384,1.283457200,1.283457200,0.000000000,0.000000000
1766,1782712789.338772058,0.100039244,1.283457200,1.290085458,1.974635046,1.249380728,140.129879229,0.156475026,-0.017707651,0.010658923,-0.003411794,-0.000610009,0.010650061,0.006628258,0.006628258,-0.000000000,-1.566909452,-0.113307535,2.970302445,1.290085458,1.290085458,0.000000000,0.000000000
1767,1782712789.539548635,0.200776577,1.290085458,1.287433987,2.414642294,1.371326222,138.954345347,0.330481755,-0.068750593,0.008162860,-0.007909047,-0.002895701,0.008153277,-0.002651471,-0.002651471,-0.000000000,-1.574818500,-0.116203235,2.978455721,1.287433987,1.287433987,0.000000000,0.000000000
1768,1782712789.639872074,0.100323439,1.287433987,1.292619781,1.753451934,0.821727900,134.265022474,0.175549079,-0.046638502,0.009135557,-0.002517614,-0.001426932,0.009130341,0.005185795,0.005185795,0.000000000,-1.577336113,-0.117630168,2.987586062,1.292619781,1.292619781,0.000000000,0.000000000
1769,1782712789.739472389,0.099600315,1.292619781,1.295492433,1.687819885,0.768928520,131.049947676,0.149849177,-0.057771028,0.006588489,-0.002010966,-0.001701420,0.006585037,0.002872651,0.002872651,-0.000000000,-1.579347079,-0.119331588,2.994171099,1.295492433,1.295492433,0.000000000,0.000000000
1770,1782712789.838670015,0.099197626,1.295492433,1.282919797,1.437800126,1.126712626,126.499767921,0.163915004,-0.035417157,-0.008465276,-0.003223155,-0.000888505,-0.008460974,-0.012572635,-0.012572635,0.000000000,-1.582570234,-0.120220093,2.985710125,1.282919797,1.282919797,0.000000000,0.000000000
1771,1782712789.939541578,0.100871563,1.282919797,1.291256992,1.385938484,1.099840219,121.622573968,0.159676060,-0.001578530,0.011445750,-0.003064927,-0.000038173,0.011440294,0.008337194,0.008337194,0.000000000,-1.585635161,-0.120258266,2.997150418,1.291256992,1.291256992,0.000000000,0.000000000
1772,1782712790.040390491,0.100848913,1.291256992,1.298453491,1.555858367,1.497879198,120.158212213,0.163347484,-0.001245956,0.011508386,-0.004269894,-0.000033818,0.011500212,0.007196500,0.007196500,-0.000000000,-1.589905055,-0.120292084,3.008650631,1.298453491,1.298453491,0.000000000,0.000000000
1773,1782712790.139795065,0.099404573,1.298453491,1.278837121,2.136890660,1.207580280,121.546121810,0.176256546,0.001886010,-0.015986791,-0.003714552,0.000070308,-0.015972126,-0.019616370,-0.019616370,-0.000000000,-1.593619608,-0.120221776,2.992678505,1.278837121,1.278837121,0.000000000,0.000000000
1774,1782712790.239512444,0.099717379,1.278837121,1.280995201,2.146165086,1.625635497,122.473069064,0.167130139,0.001780164,0.006840286,-0.004741296,0.000066638,0.006832737,0.002158079,0.002158079,-0.000000000,-1.598360903,-0.120155137,2.999511242,1.280995201,1.280995201,0.000000000,0.000000000
1775,1782712790.338986874,0.099474430,1.280995201,1.263607915,1.860203926,1.741191255,123.562394564,0.169001037,-0.001726641,-0.012208260,-0.005135070,-0.000056023,-0.012196193,-0.017387285,-0.017387285,-0.000000000,-1.603495973,-0.120211160,2.987315049,1.263607915,1.263607915,0.000000000,0.000000000
1776,1782712790.439857006,0.100870132,1.263607915,1.264896822,1.885185675,2.361434943,124.664668461,0.172105560,-0.044535999,0.009857745,-0.007091291,-0.001463846,0.009844043,0.001288906,0.001288906,-0.000000000,-1.610587264,-0.121675006,2.997159092,1.264896822,1.264896822,0.000000000,0.000000000
1777,1782712790.540221691,0.100364685,1.264896822,1.264814067,1.845553792,2.395052554,122.414837042,0.157024624,-0.064330805,0.008561113,-0.006561962,-0.002069991,0.008549198,-0.000082755,-0.000082755,0.000000000,-1.617149226,-0.123744997,3.005708289,1.264814067,1.264814067,0.000000000,0.000000000
1778,1782712790.640566826,0.100345135,1.264814067,1.271449443,1.718483928,3.176544131,117.024658637,0.149920590,-0.086796009,0.017576689,-0.008307513,-0.002598901,0.017541790,0.006635376,0.006635376,-0.000000000,-1.625456739,-0.126343897,3.023250079,1.271449443,1.271449443,0.000000000,0.000000000
1779,1782712790.738773823,0.098206997,1.271449443,1.264052996,1.851383632,2.905510452,109.862873183,0.155485707,-0.063566780,0.002540577,-0.007881414,-0.002051019,0.002535987,-0.007396447,-0.007396447,0.000000000,-1.633338153,-0.128394917,3.025786066,1.264052996,1.264052996,0.000000000,0.000000000
1780,1782712790.839714050,0.100940228,1.264052996,1.251600869,1.547975560,2.194082041,102.880692902,0.152028449,-0.075555831,-0.004597259,-0.005820348,-0.002039568,-0.004592212,-0.012452127,-0.012452127,-0.000000000,-1.639158501,-0.130434484,3.021193854,1.251600869,1.251600869,0.000000000,0.000000000
1781,1782712790.939573050,0.099858999,1.251600869,1.251506197,1.648524652,2.507261301,96.370310812,0.163404100,-0.043090865,0.008303447,-0.007148276,-0.001238460,0.008292064,-0.000094672,-0.000094672,0.000000000,-1.646306776,-0.131672945,3.029485918,1.251506197,1.251506197,0.000000000,0.000000000
1782,1782712791.038768053,0.099195004,1.251506197,1.249497549,1.384058093,2.640192220,90.960779949,0.160400208,0.004142738,0.005287181,-0.007388634,0.000099958,0.005280028,-0.002008649,-0.002008649,-0.000000000,-1.653695410,-0.131572987,3.034765946,1.249497549,1.249497549,0.000000000,0.000000000
1783,1782712791.139580727,0.100812674,1.249497549,1.235813591,0.901386289,3.121221818,89.646683636,0.161708309,-0.004534580,-0.004815666,-0.008804800,-0.000071230,-0.004807927,-0.013683957,-0.013683957,0.000000000,-1.662500211,-0.131644217,3.029958019,1.235813591,1.235813591,0.000000000,0.000000000
1784,1782712791.239453077,0.099872351,1.235813591,1.233129504,1.000354016,3.151669445,90.988043098,0.161447142,0.022407327,0.005811225,-0.008876247,0.000390609,0.005801551,-0.002684087,-0.002684087,-0.000000000,-1.671376457,-0.131253609,3.035759570,1.233129504,1.233129504,0.000000000,0.000000000
1785,1782712791.339533567,0.100080490,1.233129504,1.229047156,1.174833706,3.617060452,92.400982990,0.151215291,0.047371086,0.004498052,-0.009539823,0.000969328,0.004488148,-0.004082348,-0.004082348,0.000000000,-1.680916280,-0.130284281,3.040247717,1.229047156,1.229047156,0.000000000,0.000000000
1786,1782712791.439454794,0.099921227,1.229047156,1.225609706,1.885769663,3.298595927,97.530200198,0.126772853,0.069530808,0.001576212,-0.007294454,0.002284256,0.001572748,-0.003437450,-0.003437450,0.000000000,-1.688210735,-0.128000025,3.041820466,1.225609706,1.225609706,0.000000000,0.000000000
1787,1782712791.538614035,0.099159241,1.225609706,1.218805284,2.473355052,3.337196934,105.845261801,0.134403535,0.056366801,-0.001412584,-0.007823918,0.002428372,-0.001408875,-0.006804421,-0.006804421,-0.000000000,-1.696034653,-0.125571653,3.040411591,1.218805284,1.218805284,0.000000000,0.000000000
1788,1782712791.639027834,0.100413799,1.218805284,1.216936833,3.309666987,3.331167101,113.561601990,0.138006316,0.048201683,0.003383946,-0.008019145,0.002778100,0.003372593,-0.001868451,-0.001868451,-0.000000000,-1.704053798,-0.122793553,3.043784184,1.216936833,1.216936833,0.000000000,0.000000000
1789,1782712791.739625216,0.100597382,1.216936833,1.207938209,4.773589812,3.249311017,120.375903052,0.141469967,0.005911436,-0.001478644,-0.008018628,0.000491150,-0.001471146,-0.008998625,-0.008998625,0.000000000,-1.712072426,-0.122302403,3.042313038,1.207938209,1.207938209,0.000000000,0.000000000
1790,1782712791.839016438,0.099391222,1.207938209,1.211288373,5.211379265,2.782370502,125.137212255,0.148202857,-0.027188532,0.013080351,-0.007194129,-0.002466633,0.013010926,0.003350164,0.003350164,-0.000000000,-1.719266555,-0.124769036,3.055323963,1.211288373,1.211288373,0.000000000,0.000000000
1791,1782712791.939062119,0.100045681,1.211288373,1.207490050,5.306064496,2.399246833,124.373397396,0.142968440,-0.055769376,0.007377556,-0.005985019,-0.005152807,0.007339503,-0.003798323,-0.003798323,0.000000000,-1.725251574,-0.129921842,3.062663466,1.207490050,1.207490050,0.000000000,0.000000000
1792,1782712792.039763212,0.100701094,1.207490050,1.207159568,5.224354788,3.176203087,119.425485210,0.149989819,-0.063254886,0.013809350,-0.008310458,-0.005750882,0.013730858,-0.000330482,-0.000330482,-0.000000000,-1.733562032,-0.135672725,3.076394325,1.207159568,1.207159568,0.000000000,0.000000000
1793,1782712792.238818407,0.199055195,1.207159568,1.188900863,4.891171630,3.333513610,113.367114273,0.310737174,-0.099589301,0.008331370,-0.018068736,-0.008476955,0.008286986,-0.018258705,-0.018258705,-0.000000000,-1.751630768,-0.144149680,3.084681310,1.188900863,1.188900863,0.000000000,0.000000000
1794,1782712792.339338541,0.100520134,1.188900863,1.171126009,3.937904497,3.960453552,103.555415961,0.117451465,-0.007721197,-0.009177267,-0.008112129,-0.000528989,-0.009133736,-0.017774854,-0.017774854,-0.000000000,-1.759742897,-0.144678669,3.075547575,1.171126009,1.171126009,0.000000000,0.000000000
1795,1782712792.439734697,0.100396156,1.171126009,1.161054387,3.639381568,4.208277606,104.150819265,0.113744921,0.008297206,-0.002260659,-0.008346862,0.000525257,-0.002250018,-0.010071622,-0.010071622,0.000000000,-1.768089758,-0.144153412,3.073297557,1.161054387,1.161054387,0.000000000,0.000000000
1796,1782712792.639453888,0.199719191,1.161054387,1.153585918,3.159517327,3.579931609,105.061940947,0.191425119,0.006063243,0.004165213,-0.011952766,0.000333530,0.004150767,-0.007468469,-0.007468469,0.000000000,-1.780042524,-0.143819882,3.077448324,1.153585918,1.153585918,0.000000000,0.000000000
1797,1782712792.738647223,0.099193335,1.153585918,1.161867655,3.350419779,3.333842384,106.388147099,0.114614510,0.000157604,0.014988742,-0.006665258,0.000009195,0.014937799,0.008281737,0.008281737,-0.000000000,-1.786707782,-0.143810687,3.092386123,1.161867655,1.161867655,0.000000000,0.000000000
1798,1782712792.939530134,0.200882912,1.161867655,1.146034687,3.132135785,3.592073096,106.938057796,0.279109670,-0.004470372,0.001904291,-0.017486902,-0.000243776,0.001897710,-0.015832968,-0.015832968,0.000000000,-1.804194684,-0.144054463,3.094283833,1.146034687,1.146034687,0.000000000,0.000000000
1799,1782712793.038687706,0.099157572,1.146034687,1.123503210,2.587990404,3.935721034,108.227328598,0.156399722,-0.005274132,-0.011598194,-0.010734852,-0.000237584,-0.011559040,-0.022531476,-0.022531476,0.000000000,-1.814929536,-0.144292047,3.082724793,1.123503210,1.123503210,0.000000000,0.000000000
1800,1782712793.138700962,0.100013256,1.123503210,1.128126643,2.949398687,3.533721551,108.892758090,0.140503982,0.000178424,0.013317298,-0.008660101,0.000009163,0.013274371,0.004623433,0.004623433,0.000000000,-1.823589637,-0.144282884,3.095999165,1.128126643,1.128126643,0.000000000,0.000000000
1801,1782712793.238748312,0.100047350,1.128126643,1.115153373,3.438504242,3.986012653,109.409588460,0.150020692,0.000451066,-0.002582765,-0.010428379,0.000026988,-0.002571879,-0.012973271,-0.012973271,0.000000000,-1.834018017,-0.144255896,3.093427285,1.115153373,1.115153373,0.000000000,0.000000000
1802,1782712793.338691711,0.099943399,1.115153373,1.104141748,3.766275271,3.940460407,110.128786919,0.173934612,-0.039479680,0.003544297,-0.011952753,-0.002587154,0.003528282,-0.011011625,-0.011011625,-0.000000000,-1.845970769,-0.146843050,3.096955567,1.104141748,1.104141748,0.000000000,0.000000000
1803,1782712793.439028025,0.100336313,1.104141748,1.106561531,3.474188586,3.715751209,109.093277887,0.155116723,-0.028669950,0.014262230,-0.010052594,-0.001733715,0.014206093,0.002419784,0.002419784,0.000000000,-1.856023363,-0.148576765,3.111161660,1.106561531,1.106561531,0.000000000,0.000000000
1804,1782712793.539571047,0.100543022,1.106561531,1.088438182,3.744320365,3.870733247,105.514377177,0.168219413,-0.017899977,-0.005626125,-0.011355763,-0.001166277,-0.005601309,-0.018123350,-0.018123350,0.000000000,-1.867379127,-0.149743042,3.105560350,1.088438182,1.088438182,0.000000000,0.000000000
1805,1782712793.639514923,0.099943876,1.088438182,1.069151675,4.048360473,3.830033297,104.341880716,0.167406811,0.008442506,-0.008740224,-0.011182259,0.000594697,-0.008698944,-0.019286506,-0.019286506,0.000000000,-1.878561386,-0.149148346,3.096861407,1.069151675,1.069151675,0.000000000,0.000000000
1806,1782712793.738503695,0.098988771,1.069151675,1.074090208,4.102665756,3.742569370,105.374234127,0.155448327,-0.004972091,0.015512937,-0.010146690,-0.000354964,0.015440186,0.004938532,0.004938532,-0.000000000,-1.888708076,-0.149503310,3.112301593,1.074090208,1.074090208,0.000000000,0.000000000
1807,1782712793.838720798,0.100217104,1.074090208,1.065981702,3.547262161,3.454757464,106.274244360,0.171633846,0.000763516,0.002195245,-0.010342718,0.000047154,0.002187057,-0.008108506,-0.008108506,0.000000000,-1.899050794,-0.149456155,3.114488651,1.065981702,1.065981702,0.000000000,0.000000000
1808,1782712793.938858271,0.100137472,1.065981702,1.059426030,3.794112834,3.217345714,107.142547712,0.158499289,-0.006557194,0.002783599,-0.008895578,-0.000433215,0.002773120,-0.006555672,-0.006555672,0.000000000,-1.907946371,-0.149889370,3.117261771,1.059426030,1.059426030,0.000000000,0.000000000
1809,1782712794.038825512,0.099967241,1.059426030,1.048815786,3.685284362,3.461222628,107.839184659,0.178651160,-0.006729414,0.000609583,-0.010785706,-0.000431751,0.000607213,-0.010610243,-0.010610243,0.000000000,-1.918732077,-0.150321121,3.117868984,1.048815786,1.048815786,0.000000000,0.000000000
1810,1782712794.139419794,0.100594282,1.048815786,1.048297525,3.753063349,3.353087172,108.505040462,0.152207195,-0.015728399,0.009448353,-0.008902448,-0.001027763,0.009411950,-0.000518262,-0.000518262,-0.000000000,-1.927634525,-0.151348884,3.127280934,1.048297525,1.048297525,0.000000000,0.000000000
1811,1782712794.238734007,0.099314213,1.048297525,1.046112346,3.353853249,3.463455036,108.187926618,0.163715769,-0.051200545,0.010733035,-0.009890379,-0.002989882,0.010695082,-0.002185178,-0.002185178,0.000000000,-1.937524904,-0.154338766,3.137976016,1.046112346,1.046112346,0.000000000,0.000000000
1812,1782712794.338794947,0.100060940,1.046112346,1.035700480,3.390290874,3.279365185,105.200082081,0.152877173,-0.040801383,0.000744842,-0.008745258,-0.002408929,0.000742321,-0.010411866,-0.010411866,-0.000000000,-1.946270162,-0.156747695,3.138718337,1.035700480,1.035700480,0.000000000,0.000000000
1813,1782712794.438934088,0.100139141,1.035700480,1.025651208,3.115052802,3.621290082,100.627200044,0.177184840,-0.036681742,0.003142220,-0.011191236,-0.001989348,0.003131312,-0.010049272,-0.010049272,0.000000000,-1.957461398,-0.158737043,3.141849649,1.025651208,1.025651208,0.000000000,0.000000000
1814,1782712794.538859606,0.099925518,1.025651208,1.011105673,2.892749208,3.372111166,97.680532188,0.159102125,-0.009118620,-0.004741927,-0.009358462,-0.000459389,-0.004727684,-0.014545535,-0.014545535,-0.000000000,-1.966819860,-0.159196431,3.137121964,1.011105673,1.011105673,0.000000000,0.000000000
1815,1782712794.639496088,0.100636482,1.011105673,1.012631498,2.938930708,3.439159788,97.145358783,0.172727164,-0.006366702,0.012251481,-0.010361665,-0.000325843,0.012213332,0.001525825,0.001525825,-0.000000000,-1.977181525,-0.159522274,3.149335297,1.012631498,1.012631498,0.000000000,0.000000000
1816,1782712794.739615440,0.100119352,1.012631498,0.996221340,3.160788334,3.374334939,97.498933957,0.155010823,-0.007655518,-0.006887363,-0.009123816,-0.000421380,-0.006864963,-0.016410158,-0.016410158,-0.000000000,-1.986305341,-0.159943653,3.142470334,0.996221340,0.996221340,0.000000000,0.000000000
1817,1782712794.839531183,0.099915743,0.996221340,1.004405594,3.274314868,2.978569345,98.270043909,0.142786460,0.004146422,0.015413227,-0.007419531,0.000236509,0.015367277,0.008184254,0.008184254,0.000000000,-1.993724872,-0.159707144,3.157837611,1.004405594,1.004405594,0.000000000,0.000000000
1818,1782712794.939851761,0.100320578,1.004405594,0.982923693,3.414860930,3.167924275,98.990622363,0.166648885,-0.004500061,-0.012044582,-0.009209441,-0.000267638,-0.012004823,-0.021481901,-0.021481901,-0.000000000,-2.002934313,-0.159974782,3.145832788,0.982923693,0.982923693,0.000000000,0.000000000
1819,1782712795.038962364,0.099110603,0.982923693,0.978371686,3.591692301,3.474753694,100.007945584,0.159902153,-0.009421987,0.005750468,-0.009691466,-0.000589163,0.005728622,-0.004552006,-0.004552006,-0.000000000,-2.012625779,-0.160563945,3.151561410,0.978371686,0.978371686,0.000000000,0.000000000
1820,1782712795.138991117,0.100028753,0.978371686,0.968092971,3.453678679,3.531290242,100.589668921,0.151141445,0.005938761,-0.001331387,-0.009309350,0.000357081,-0.001326446,-0.010278715,-0.010278715,-0.000000000,-2.021935129,-0.160206864,3.150234964,0.968092971,0.968092971,0.000000000,0.000000000
1821,1782712795.238792658,0.099801540,0.968092971,0.961100774,3.486867792,3.439102188,101.306400749,0.143402278,-0.010531394,0.002257766,-0.008602361,-0.000639363,0.002249528,-0.006992197,-0.006992197,-0.000000000,-2.030537490,-0.160846227,3.152484492,0.961100774,0.961100774,0.000000000,0.000000000
1822,1782712795.339032412,0.100239754,0.961100774,0.962007502,2.902483493,3.573503792,102.058783985,0.166116199,0.007937251,0.010894582,-0.010353853,0.000401131,0.010859450,0.000906728,0.000906728,0.000000000,-2.040891343,-0.160445096,3.163343942,0.962007502,0.962007502,0.000000000,0.000000000
1823,1782712795.438937902,0.099905491,0.962007502,0.956856560,3.014352218,3.336534772,102.478225803,0.145102376,-0.009354841,0.003796886,-0.008445047,-0.000491101,0.003785206,-0.005150942,-0.005150942,0.000000000,-2.049336390,-0.160936197,3.167129147,0.956856560,0.956856560,0.000000000,0.000000000
1824,1782712795.539533854,0.100595951,0.956856560,0.940243050,2.718013419,3.298888888,103.155765353,0.165301479,-0.004075498,-0.006927610,-0.009512218,-0.000192942,-0.006908350,-0.016613510,-0.016613510,0.000000000,-2.058848609,-0.161129139,3.160220797,0.940243050,0.940243050,0.000000000,0.000000000
1825,1782712795.638625383,0.099091530,0.940243050,0.941119110,2.868265400,3.098417148,103.591103382,0.145026971,-0.021922009,0.009837001,-0.007838886,-0.001095369,0.009810315,0.000876060,0.000876060,-0.000000000,-2.066687495,-0.162224508,3.170031112,0.941119110,0.941119110,0.000000000,0.000000000
1826,1782712795.738686562,0.100061178,0.941119110,0.925580925,2.852393407,3.401233549,103.130818192,0.156105733,-0.023183175,-0.005140543,-0.009261420,-0.001151634,-0.005125130,-0.015538185,-0.015538185,-0.000000000,-2.075948914,-0.163376142,3.164905982,0.925580925,0.925580925,0.000000000,0.000000000
1827,1782712795.838453531,0.099766970,0.925580925,0.922559706,2.692174597,3.855502056,101.320734163,0.151735167,-0.020871626,0.008187186,-0.010202738,-0.000978122,0.008159641,-0.003021220,-0.003021220,0.000000000,-2.086151653,-0.164354264,3.173065623,0.922559706,0.922559706,0.000000000,0.000000000
1828,1782712795.939489126,0.101035595,0.922559706,0.910571056,2.820061183,4.166408137,99.918811197,0.161214538,-0.015306181,0.000477049,-0.011712796,-0.000751066,0.000475212,-0.011988650,-0.011988650,0.000000000,-2.097864448,-0.165105330,3.173540834,0.910571056,0.910571056,0.000000000,0.000000000
1829,1782712796.039038897,0.099549770,0.910571056,0.896644011,2.890042062,3.551369943,98.912711134,0.145945441,-0.011358414,-0.004328909,-0.009040359,-0.000571584,-0.004315101,-0.013927045,-0.013927045,0.000000000,-2.106904808,-0.165676914,3.169225733,0.896644011,0.896644011,0.000000000,0.000000000
1830,1782712796.238697767,0.199658871,0.896644011,0.888361144,2.732011274,3.899062622,99.409066852,0.310857123,-0.000675380,0.012931810,-0.021137964,-0.000032117,0.012887214,-0.008282867,-0.008282867,-0.000000000,-2.128042771,-0.165709032,3.182112947,0.888361144,0.888361144,0.000000000,0.000000000
1831,1782712796.338918686,0.100220919,0.888361144,0.859184192,2.839921179,4.392437262,100.635509192,0.155394425,0.002681177,-0.017480893,-0.011901258,0.000132451,-0.017408144,-0.029176952,-0.029176952,0.000000000,-2.139944030,-0.165576581,3.164704803,0.859184192,0.859184192,0.000000000,0.000000000
1832,1782712796.438634634,0.099715948,0.859184192,0.872331144,3.109283035,4.608466298,101.018632996,0.144434541,-0.004212415,0.025097431,-0.011604768,-0.000227745,0.024979465,0.013146951,0.013146951,0.000000000,-2.151548798,-0.165804326,3.189684268,0.872331144,0.872331144,0.000000000,0.000000000
1833,1782712796.538716555,0.100081921,0.872331144,0.838419960,2.919846623,4.696135015,101.749919005,0.177736345,-0.012896799,-0.018792341,-0.014551502,-0.000654743,-0.018704939,-0.033911184,-0.033911184,-0.000000000,-2.166100300,-0.166459069,3.170979329,0.838419960,0.838419960,0.000000000,0.000000000
1834,1782712796.639767647,0.101051092,0.838419960,0.840892573,2.797906605,4.234818804,102.560340017,0.140987837,-0.000596758,0.012963610,-0.010411142,-0.000029050,0.012912805,0.002472613,0.002472613,0.000000000,-2.176511442,-0.166488120,3.183892134,0.840892573,0.840892573,0.000000000,0.000000000
1835,1782712796.738703966,0.098936319,0.840892573,0.822555835,2.765369892,3.993655370,102.906819951,0.172959522,-0.002427097,-0.006196227,-0.012045940,-0.000116814,-0.006173983,-0.018336737,-0.018336737,-0.000000000,-2.188557382,-0.166604933,3.177718150,0.822555835,0.822555835,0.000000000,0.000000000
1836,1782712796.838616133,0.099912167,0.822555835,0.821882427,2.797583464,3.894935474,103.494574324,0.145221758,0.001084606,0.009170355,-0.009864493,0.000052815,0.009138270,-0.000673409,-0.000673409,-0.000000000,-2.198421875,-0.166552118,3.186856420,0.821882427,0.821882427,0.000000000,0.000000000
1837,1782712796.938953876,0.100337744,0.821882427,0.803162849,2.830727804,3.903767636,104.191888484,0.172987022,-0.010824992,-0.006431863,-0.011777111,-0.000533356,-0.006409110,-0.018719578,-0.018719578,-0.000000000,-2.210198987,-0.167085475,3.180447310,0.803162849,0.803162849,0.000000000,0.000000000
1838,1782712797.038780451,0.099826574,0.803162849,0.795880499,3.024668610,3.529440349,104.734783345,0.155335311,-0.016402946,0.003154554,-0.009562660,-0.000863875,0.003144184,-0.007282350,-0.007282350,-0.000000000,-2.219761646,-0.167949350,3.183591495,0.795880499,0.795880499,0.000000000,0.000000000
1839,1782712797.138654947,0.099874496,0.795880499,0.792471648,2.618233485,3.259855496,104.602391952,0.147861441,-0.016240623,0.005755216,-0.008408070,-0.000740686,0.005739905,-0.003408851,-0.003408851,-0.000000000,-2.228169716,-0.168690035,3.189331400,0.792471648,0.792471648,0.000000000,0.000000000
1840,1782712797.238859177,0.100204229,0.792471648,0.778256565,2.745507610,3.815193528,102.498390976,0.168936590,-0.034933441,-0.001309101,-0.011240786,-0.001669597,-0.001304701,-0.014215084,-0.014215084,0.000000000,-2.239410502,-0.170359632,3.188026699,0.778256565,0.778256565,0.000000000,0.000000000
1841,1782712797.339060783,0.100201607,0.778256565,0.763110059,2.617355161,3.936092263,100.937165804,0.155867617,0.001279621,-0.004520834,-0.010699337,0.000058297,-0.004505465,-0.015146506,-0.015146506,-0.000000000,-2.250109840,-0.170301335,3.183521234,0.763110059,0.763110059,0.000000000,0.000000000
1842,1782712797.438966751,0.099905968,0.763110059,0.760230180,2.215389435,4.508272942,100.592994793,0.154691496,-0.008913746,0.009659934,-0.012159222,-0.000343505,0.009622849,-0.002879879,-0.002879879,-0.000000000,-2.262269062,-0.170644841,3.193144083,0.760230180,0.760230180,0.000000000,0.000000000
1843,1782712797.538991690,0.100024939,0.760230180,0.763757321,1.829287511,4.563617292,101.185194649,0.144190802,0.010160194,0.014730703,-0.011472679,0.000323302,0.014676517,0.003527140,0.003527140,-0.000000000,-2.273741740,-0.170321539,3.207820600,0.763757321,0.763757321,0.000000000,0.000000000
1844,1782712797.639045954,0.100054264,0.763757321,0.746451259,1.871756543,4.096220275,101.621271989,0.164218739,-0.019683227,-0.004949664,-0.011730415,-0.000641261,-0.004934386,-0.017306061,-0.017306061,0.000000000,-2.285472155,-0.170962800,3.202886214,0.746451259,0.746451259,0.000000000,0.000000000
1845,1782712797.739052057,0.100006104,0.746451259,0.760837514,1.910954680,3.428970151,101.828538255,0.093215091,0.002377474,0.019929156,-0.005575297,0.000079138,0.019882414,0.014386254,0.014386254,-0.000000000,-2.291047452,-0.170883662,3.222768628,0.760837514,0.760837514,0.000000000,0.000000000
1846,1782712797.838929892,0.099877834,0.760837514,0.737959938,2.383844028,3.689390465,102.053720966,0.114746348,-0.014017495,-0.014956010,-0.007383643,-0.000581834,-0.014912098,-0.022877575,-0.022877575,0.000000000,-2.298431095,-0.171465496,3.207856530,0.737959938,0.737959938,0.000000000,0.000000000
1847,1782712797.939450502,0.100520611,0.737959938,0.747015547,1.786805349,3.576385735,101.999362196,0.053426063,0.006072502,0.012229057,-0.003332674,0.000188975,0.012199307,0.009055608,0.009055608,-0.000000000,-2.301763769,-0.171276521,3.220055837,0.747015547,0.747015547,0.000000000,0.000000000
1848,1782712798.038908482,0.099457979,0.747015547,0.743426313,1.766155803,4.032416255,101.846224543,0.057477727,-0.005490375,0.000623284,-0.004041883,-0.000168796,0.000621445,-0.003589234,-0.003589234,-0.000000000,-2.305805652,-0.171445317,3.220677282,0.743426313,0.743426313,0.000000000,0.000000000
1849,1782712798.138956547,0.100048065,0.743426313,0.751725144,1.697546541,4.044916915,102.419674262,0.008947788,-0.000543499,0.008972332,-0.000631163,-0.000016060,0.008946055,0.008298831,0.008298831,0.000000000,-2.306436816,-0.171461377,3.229623337,0.751725144,0.751725144,0.000000000,0.000000000
1850,1782712798.239809513,0.100852966,0.751725144,0.747469731,1.744639629,4.178113958,102.997485845,0.008032489,-0.001570261,-0.003633846,-0.000585225,-0.000047680,-0.003622509,-0.004255413,-0.004255413,0.000000000,-2.307022041,-0.171509057,3.226000828,0.747469731,0.747469731,0.000000000,0.000000000
1851,1782712798.338879347,0.099069834,0.747469731,0.741525700,1.760331622,4.052131389,102.970138604,0.001455128,0.001640386,-0.005909024,-0.000102825,0.000050265,-0.005891470,-0.005944031,-0.005944031,0.000000000,-2.307124866,-0.171458792,3.220109358,0.741525700,0.741525700,0.000000000,0.000000000
1852,1782712798.438923359,0.100044012,0.741525700,0.741065329,1.719088689,4.018118718,102.925472526,0.009524878,0.000547093,0.000191240,-0.000667427,0.000016372,0.000190684,-0.000460370,-0.000460370,0.000000000,-2.307792292,-0.171442420,3.220300042,0.741065329,0.741065329,0.000000000,0.000000000
1853,1782712798.538906336,0.099982977,0.741065329,0.742791501,1.828011804,3.916171057,103.059584030,-0.013596885,-0.000494102,0.000815590,0.000928625,-0.000015725,0.000813271,0.001726171,0.001726171,0.000000000,-2.306863668,-0.171458145,3.221113313,0.742791501,0.742791501,0.000000000,0.000000000
1854,1782712798.638860703,0.099954367,0.742791501,0.742625626,1.704491376,3.987200122,102.981139908,0.004771468,0.004362819,0.000036551,-0.000331777,0.000129456,0.000036446,-0.000165875,-0.000165875,0.000000000,-2.307195445,-0.171328689,3.221149760,0.742625626,0.742625626,0.000000000,0.000000000
1855,1782712798.738888502,0.100027800,0.742625626,0.744048061,1.816660834,3.982771481,102.952953038,-0.000288945,-0.006190159,0.001602804,0.000020069,-0.000195763,0.001598129,0.001422436,0.001422436,-0.000000000,-2.307175376,-0.171524452,3.222747889,0.744048061,0.744048061,0.000000000,0.000000000
1856,1782712798.839083433,0.100194931,0.744048061,0.747835048,1.726550562,4.064605277,102.973197747,-0.006115811,0.003577627,0.003255633,0.000433496,0.000107521,0.003245970,0.003786987,0.003786987,-0.000000000,-2.306741880,-0.171416931,3.225993859,0.747835048,0.747835048,0.000000000,0.000000000
1857,1782712798.938854218,0.099770784,0.747835048,0.753554939,1.691442262,4.046505181,102.917005816,0.005258463,-0.002799552,0.006191514,-0.000371069,-0.000082428,0.006173389,0.005719891,0.005719891,-0.000000000,-2.307112949,-0.171499359,3.232167247,0.753554939,0.753554939,0.000000000,0.000000000
1858,1782712799.038935661,0.100081444,0.753554939,0.751436492,1.714405796,4.123492557,102.959160062,-0.007903532,0.004849290,-0.002840085,0.000568315,0.000144703,-0.002831465,-0.002118447,-0.002118447,-0.000000000,-2.306544635,-0.171354656,3.229335783,0.751436492,0.751436492,0.000000000,0.000000000
1859,1782712799.138679504,0.099743843,0.751436492,0.739660823,1.903275141,4.161715600,103.007262615,0.009375656,-0.003774167,-0.011005317,-0.000680408,-0.000125018,-0.010970243,-0.011775669,-0.011775669,0.000000000,-2.307225043,-0.171479674,3.218365540,0.739660823,0.739660823,0.000000000,0.000000000
1860,1782712799.239455700,0.100776196,0.739660823,0.741715740,1.725369935,3.955100886,103.012771667,-0.002527230,0.002840482,0.001800384,0.000174315,0.000085320,0.001795282,0.002054917,0.002054917,0.000000000,-2.307050728,-0.171394354,3.220160822,0.741715740,0.741715740,0.000000000,0.000000000
1861,1782712799.338884115,0.099428415,0.741715740,0.738773336,1.790252676,4.004123852,102.918984500,0.006503317,-0.004585689,-0.002352265,-0.000454115,-0.000142911,-0.002345378,-0.002942404,-0.002942404,-0.000000000,-2.307504843,-0.171537265,3.217815444,0.738773336,0.738773336,0.000000000,0.000000000
1862,1782712799.438746214,0.099862099,0.738773336,0.738860906,1.744627156,3.955461777,103.039882968,-0.007348553,0.004939990,-0.000571004,0.000506911,0.000150039,-0.000569379,0.000087570,0.000087570,-0.000000000,-2.306997932,-0.171387226,3.217246064,0.738860906,0.738860906,0.000000000,0.000000000
1863,1782712799.539010525,0.100264311,0.738860906,0.739273221,1.815930363,4.012360498,102.926917761,0.007633438,-0.006924509,0.001168781,-0.000534124,-0.000218891,0.001165330,0.000412315,0.000412315,0.000000000,-2.307532057,-0.171606117,3.218411395,0.739273221,0.739273221,0.000000000,0.000000000
1864,1782712799.638713837,0.099703312,0.739273221,0.744101465,1.730521553,3.928328269,103.015272871,-0.014964462,0.007550662,0.003585621,0.001025194,0.000227485,0.003575565,0.004828243,0.004828243,0.000000000,-2.306506863,-0.171378632,3.221986960,0.744101465,0.744101465,0.000000000,0.000000000
1865,1782712799.738812447,0.100098610,0.744101465,0.740740127,1.869310731,4.043861429,102.934632503,0.018757851,-0.005329017,-0.001870783,-0.001322806,-0.000173399,-0.001865133,-0.003361337,-0.003361337,0.000000000,-2.307829669,-0.171552031,3.220121827,0.740740127,0.740740127,0.000000000,0.000000000
1866,1782712799.838733196,0.099920750,0.740740127,0.743911569,1.751810676,3.888136499,102.992625137,-0.014874756,0.003758783,0.002053847,0.001008638,0.000114642,0.002048162,0.003171442,0.003171442,-0.000000000,-2.306821031,-0.171437389,3.222169989,0.743911569,0.743911569,0.000000000,0.000000000
1867,1782712800.039785385,0.201052189,0.743911569,0.750823343,1.739848333,3.992435317,102.905908983,-0.009154496,-0.008922781,0.006563592,0.000637380,-0.000270251,0.006544645,0.006911774,0.006911774,0.000000000,-2.306183651,-0.171707640,3.228714634,0.750823343,0.750823343,0.000000000,0.000000000
1868,1782712800.138798237,0.099012852,0.750823343,0.744181346,1.739330325,4.099340440,102.970052142,0.015661669,0.009004085,-0.005812545,-0.001119590,0.000272596,-0.005795003,-0.006641996,-0.006641996,0.000000000,-2.307303241,-0.171435044,3.222919631,0.744181346,0.744181346,0.000000000,0.000000000
1869,1782712800.339922667,0.201124430,0.744181346,0.744501992,1.768235990,3.933866650,102.892728814,-0.004380518,-0.002907431,0.000109934,0.000300525,-0.000089502,0.000109623,0.000320646,0.000320646,0.000000000,-2.307002716,-0.171524546,3.223029254,0.744501992,0.744501992,0.000000000,0.000000000
1870,1782712800.438947439,0.099024773,0.744501992,0.741089894,1.801336053,4.004138791,102.846494301,0.001869923,-0.002912347,-0.003199589,-0.000130574,-0.000091323,-0.003190201,-0.003412099,-0.003412099,0.000000000,-2.307133290,-0.171615869,3.219839053,0.741089894,0.741089894,0.000000000,0.000000000
1871,1782712800.538940430,0.099992990,0.741089894,0.742546349,1.665596969,3.996587422,102.765863936,0.003076692,0.003704664,0.001567948,-0.000214436,0.000107418,0.001563474,0.001456456,0.001456456,-0.000000000,-2.307347726,-0.171508451,3.221402526,0.742546349,0.742546349,0.000000000,0.000000000
1872,1782712800.638752222,0.099811792,0.742546349,0.740185341,1.771844935,3.970734985,102.716611591,0.000682648,-0.003532190,-0.002211147,-0.000047271,-0.000108952,-0.002204785,-0.002361008,-0.002361008,-0.000000000,-2.307394997,-0.171617403,3.219197742,0.740185341,0.740185341,0.000000000,0.000000000
1873,1782712800.738888979,0.100136757,0.740185341,0.744189415,1.719227760,3.975223635,102.758725059,-0.002979841,-0.000394953,0.003820223,0.000206578,-0.000011821,0.003809317,0.004004073,0.004004073,-0.000000000,-2.307188420,-0.171629224,3.223007058,0.744189415,0.744189415,0.000000000,0.000000000
1874,1782712800.839477539,0.100588560,0.744189415,0.744302376,1.766810031,3.965689815,102.712252444,0.002050646,-0.002223498,0.000324101,-0.000141821,-0.000068390,0.000323172,0.000112961,0.000112961,0.000000000,-2.307330240,-0.171697614,3.223330230,0.744302376,0.744302376,0.000000000,0.000000000
1875,1782712800.938661098,0.099183559,0.744302376,0.744206028,1.664354618,3.980339056,102.733060899,-0.010764639,0.004907439,-0.000988556,0.000747218,0.000142190,-0.000985755,-0.000096347,-0.000096347,-0.000000000,-2.306583022,-0.171555424,3.222344475,0.744206028,0.744206028,0.000000000,0.000000000
1876,1782712801.038599014,0.099937916,0.744206028,0.739941635,1.805384140,3.945657006,102.737531667,0.016512968,-0.005533818,-0.002962692,-0.001136262,-0.000173928,-0.002954203,-0.004264393,-0.004264393,-0.000000000,-2.307719284,-0.171729352,3.219390272,0.739941635,0.739941635,0.000000000,0.000000000
1877,1782712801.139103413,0.100504398,0.739941635,0.741754058,1.693696168,3.911302610,102.782657858,-0.011752918,0.004934021,0.000867639,0.000801691,0.000145492,0.000865240,0.001812423,0.001812423,0.000000000,-2.306917593,-0.171583861,3.220255512,0.741754058,0.741754058,0.000000000,0.000000000
1878,1782712801.238677025,0.099573612,0.741754058,0.741269795,1.810308369,3.940690287,102.623227140,0.006996310,-0.002646496,0.000080186,-0.000480813,-0.000083407,0.000079956,-0.000484263,-0.000484263,0.000000000,-2.307398406,-0.171667267,3.220335468,0.741269795,0.741269795,0.000000000,0.000000000
1879,1782712801.338679314,0.100002289,0.741269795,0.750989583,1.728023700,3.898017402,102.760336110,-0.021728207,0.003954438,0.008146258,0.001477100,0.000118971,0.008123717,0.009719787,0.009719787,0.000000000,-2.305921306,-0.171548297,3.228459185,0.750989583,0.750989583,0.000000000,0.000000000
1880,1782712801.438707590,0.100028276,0.750989583,0.742987628,1.840964648,4.046630196,102.662691772,0.019192631,0.001973895,-0.006731064,-0.001354392,0.000063254,-0.006710817,-0.008001955,-0.008001955,0.000000000,-2.307275697,-0.171485042,3.221748368,0.742987628,0.742987628,0.000000000,0.000000000
1881,1782712801.538678408,0.099970818,0.742987628,0.742417846,1.711825739,3.910637998,102.662857791,-0.010014767,0.002832212,-0.001340922,0.000683012,0.000084408,-0.001337203,-0.000569782,-0.000569782,0.000000000,-2.306592685,-0.171400634,3.220411165,0.742417846,0.742417846,0.000000000,0.000000000
1882,1782712801.638870001,0.100191593,0.742417846,0.739743911,1.876627732,3.958418073,102.640307067,0.017029316,-0.004507872,-0.001355047,-0.001175576,-0.000147269,-0.001351090,-0.002673935,-0.002673935,-0.000000000,-2.307768261,-0.171547903,3.219060075,0.739743911,0.739743911,0.000000000,0.000000000
1883,1782712801.738996983,0.100126982,0.739743911,0.746126014,1.802398499,3.897503674,102.673227821,-0.012487163,-0.003933900,0.005672693,0.000848775,-0.000123445,0.005656773,0.006382103,0.006382103,0.000000000,-2.306919486,-0.171671349,3.224716849,0.746126014,0.746126014,0.000000000,0.000000000
1884,1782712801.838680983,0.099684000,0.746126014,0.739074963,1.715741255,3.935733074,102.679143181,0.004861383,0.002597392,-0.006814080,-0.000333673,0.000077585,-0.006794963,-0.007051051,-0.007051051,-0.000000000,-2.307253159,-0.171593764,3.217921886,0.739074963,0.739074963,0.000000000,0.000000000
1885,1782712801.938866854,0.100185871,0.739074963,0.746256995,1.782916164,3.923429866,102.775059777,-0.009153063,0.000843419,0.006548078,0.000626282,0.000026180,0.006529569,0.007182032,0.007182032,0.000000000,-2.306626876,-0.171567584,3.224451455,0.746256995,0.746256995,0.000000000,0.000000000
1886,1782712802.039339781,0.100472927,0.746256995,0.737678393,1.735475748,3.946699013,102.706125689,0.010144052,-0.002819244,-0.007817340,-0.000698199,-0.000085179,-0.007795224,-0.008578602,-0.008578602,-0.000000000,-2.307325076,-0.171652763,3.216656231,0.737678393,0.737678393,0.000000000,0.000000000
1887,1782712802.139209509,0.099869728,0.737678393,0.748583725,1.759028218,3.879943278,102.746479062,-0.008220559,-0.000574750,0.010395395,0.000556253,-0.000017602,0.010366682,0.010905332,0.010905332,-0.000000000,-2.306768823,-0.171670365,3.227022913,0.748583725,0.748583725,0.000000000,0.000000000
1888,1782712802.238753319,0.099543810,0.748583725,0.736965114,1.728202591,3.975112090,102.652374909,0.016133694,-0.001346060,-0.010489671,-0.001118438,-0.000040497,-0.010459675,-0.011618611,-0.011618611,0.000000000,-2.307887261,-0.171710862,3.216563238,0.736965114,0.736965114,0.000000000,0.000000000
1889,1782712802.338849306,0.100095987,0.736965114,0.746863041,1.718794539,3.815759224,102.683556414,-0.018530628,0.003343061,0.008587587,0.001233183,0.000100050,0.008564695,0.009897927,0.009897927,0.000000000,-2.306654079,-0.171610812,3.225127932,0.746863041,0.746863041,0.000000000,0.000000000
1890,1782712802.539105892,0.200256586,0.746863041,0.744003754,1.704657093,3.983957627,102.675449019,0.008733550,-0.004375123,-0.002128754,-0.000606782,-0.000129834,-0.002122670,-0.002859287,-0.002859287,0.000000000,-2.307260861,-0.171740647,3.223005262,0.744003754,0.744003754,0.000000000,0.000000000
1891,1782712802.739717245,0.200611353,0.744003754,0.759499887,1.706085006,3.905586606,102.642408718,0.123041563,-0.007164182,0.024156393,-0.008380677,-0.000212800,0.024089610,0.015496133,0.015496133,-0.000000000,-2.315641538,-0.171953446,3.247094872,0.759499887,0.759499887,0.000000000,0.000000000
1892,1782712802.838887453,0.099170208,0.759499887,0.742906574,1.963737784,3.775645382,101.451368373,0.093936288,0.001186798,-0.010477090,-0.006185682,0.000040580,-0.010448211,-0.016593313,-0.016593313,0.000000000,-2.321827220,-0.171912867,3.236646661,0.742906574,0.742906574,0.000000000,0.000000000
1893,1782712803.040170670,0.201283216,0.742906574,0.728595337,1.979530062,4.096121314,101.855065178,0.256891918,-0.011255148,0.004440304,-0.018349770,-0.000387787,0.004426319,-0.014311238,-0.014311238,-0.000000000,-2.340176990,-0.172300654,3.241072980,0.728595337,0.728595337,0.000000000,0.000000000
1894,1782712803.139016867,0.098846197,0.728595337,0.724015737,1.774984658,4.546151336,102.580692733,0.127239739,0.002503760,0.005448125,-0.010085286,0.000077308,0.005428378,-0.004579600,-0.004579600,-0.000000000,-2.350262276,-0.172223345,3.246501358,0.724015737,0.724015737,0.000000000,0.000000000
1895,1782712803.238894463,0.099877596,0.724015737,0.713669992,1.906764471,4.523120440,103.206600269,0.090759802,0.006135710,-0.003404302,-0.007157443,0.000203519,-0.003391821,-0.010345745,-0.010345745,0.000000000,-2.357419719,-0.172019827,3.243109537,0.713669992,0.713669992,0.000000000,0.000000000
1896,1782712803.339744329,0.100849867,0.713669992,0.709008729,1.629804822,4.497036274,103.929600719,0.083082283,-0.008800494,0.002109890,-0.006514276,-0.000249530,0.002102544,-0.004661263,-0.004661263,-0.000000000,-2.363933995,-0.172269356,3.245212081,0.709008729,0.709008729,0.000000000,0.000000000
1897,1782712803.439009428,0.099265099,0.709008729,0.702566346,1.427571175,4.097661146,104.709662682,0.045352886,0.009595119,-0.003449936,-0.003240769,0.000238434,-0.003440049,-0.006442383,-0.006442383,0.000000000,-2.367174764,-0.172030922,3.241772032,0.702566346,0.702566346,0.000000000,0.000000000
1898,1782712803.538896084,0.099886656,0.702566346,0.694686797,1.685848851,3.526502481,105.102785552,0.067530455,-0.011247182,-0.003403392,-0.004153814,-0.000330258,-0.003395477,-0.007879549,-0.007879549,0.000000000,-2.371328577,-0.172361180,3.238376555,0.694686797,0.694686797,0.000000000,0.000000000
1899,1782712803.638945103,0.100049019,0.694686797,0.703847577,1.366320572,2.966537426,105.163435649,0.064097375,0.009607165,0.012269146,-0.003317213,0.000228771,0.012249221,0.009160779,0.009160779,0.000000000,-2.374645791,-0.172132409,3.250625776,0.703847577,0.703847577,0.000000000,0.000000000
1900,1782712803.738861799,0.099916697,0.703847577,0.691489879,1.603333151,3.291987016,105.246489006,0.089825340,-0.013125238,-0.006846871,-0.005158167,-0.000366635,-0.006832896,-0.012357698,-0.012357698,-0.000000000,-2.379803957,-0.172499044,3.243792880,0.691489879,0.691489879,0.000000000,0.000000000
1901,1782712803.838674784,0.099812984,0.691489879,0.694373762,1.372516495,3.112628660,105.375328650,0.084971111,0.002596205,0.007448750,-0.004613838,0.000062094,0.007435627,0.002883884,0.002883884,-0.000000000,-2.384417795,-0.172436950,3.251228508,0.694373762,0.694373762,0.000000000,0.000000000
1902,1782712803.938797951,0.100123167,0.694373762,0.682483694,1.374336370,3.007150229,105.480214063,0.107252821,-0.009270889,-0.006051544,-0.005626545,-0.000222050,-0.006041473,-0.011890068,-0.011890068,-0.000000000,-2.390044341,-0.172659001,3.245187035,0.682483694,0.682483694,0.000000000,0.000000000
1903,1782712804.038874865,0.100076914,0.682483694,0.687283715,1.167093478,3.017299431,105.827324692,0.093136092,0.015121432,0.009409895,-0.004902448,0.000307570,0.009394900,0.004800021,0.004800021,0.000000000,-2.394946789,-0.172351431,3.254581935,0.687283715,0.687283715,0.000000000,0.000000000
1904,1782712804.339623690,0.300748825,0.687283715,0.667807174,1.317865441,3.262566276,106.197449786,0.347641637,-0.026364891,0.000915465,-0.019784896,-0.000605385,0.000913740,-0.019476541,-0.019476541,-0.000000000,-2.414731685,-0.172956816,3.255495675,0.667807174,0.667807174,0.000000000,0.000000000
1905,1782712804.439644575,0.100020885,0.667807174,0.669752867,1.295552198,3.337847819,106.605643573,0.108467667,-0.019994358,0.008729396,-0.006315366,-0.000451300,0.008712359,0.001945693,0.001945693,-0.000000000,-2.421047051,-0.173408116,3.264208034,0.669752867,0.669752867,0.000000000,0.000000000
1906,1782712804.538934946,0.099290371,0.669752867,0.653708097,1.723748437,2.848721663,105.260993795,0.134427533,-0.009588261,-0.009091124,-0.006680926,-0.000288064,-0.009075780,-0.016044770,-0.016044770,-0.000000000,-2.427727977,-0.173696180,3.255132254,0.653708097,0.653708097,0.000000000,0.000000000
1907,1782712804.639051914,0.100116968,0.653708097,0.643165440,1.061162842,3.150173128,104.187822803,0.113636260,-0.011625242,-0.004089891,-0.006244676,-0.000214971,-0.004083010,-0.010542657,-0.010542657,0.000000000,-2.433972653,-0.173911151,3.251049243,0.643165440,0.643165440,0.000000000,0.000000000
1908,1782712804.738642454,0.099590540,0.643165440,0.640103632,1.369591635,3.413700754,103.907035733,0.131680429,-0.003123900,0.004863664,-0.007840921,-0.000074534,0.004853647,-0.003061808,-0.003061808,0.000000000,-2.441813574,-0.173985685,3.255902891,0.640103632,0.640103632,0.000000000,0.000000000
1909,1782712804.838779688,0.100137234,0.640103632,0.639873034,1.288131855,3.835602284,104.049020896,0.119956470,-0.000717289,0.007829358,-0.008024356,-0.000016089,0.007809847,-0.000230598,-0.000230598,-0.000000000,-2.449837930,-0.174001773,3.263712737,0.639873034,0.639873034,0.000000000,0.000000000
1910,1782712804.938961744,0.100182056,0.639873034,0.626137741,1.168952096,4.100598223,103.903808906,0.124464940,-0.008118491,-0.004682834,-0.008900221,-0.000165198,-0.004669874,-0.013735294,-0.013735294,-0.000000000,-2.458738151,-0.174166972,3.259042863,0.626137741,0.626137741,0.000000000,0.000000000
1911,1782712805.038591385,0.099629641,0.626137741,0.630024045,1.196882321,3.596238169,104.012590498,0.122280327,-0.011547408,0.011822920,-0.007670033,-0.000240728,0.011797064,0.003886304,0.003886304,0.000000000,-2.466408184,-0.174407699,3.270839928,0.630024045,0.630024045,0.000000000,0.000000000
1912,1782712805.138808012,0.100216627,0.630024045,0.606380792,1.147566800,3.701513310,103.420066074,0.138214356,-0.018747567,-0.014378508,-0.008922934,-0.000374683,-0.014345635,-0.023643253,-0.023643253,0.000000000,-2.475331118,-0.174782383,3.256494292,0.606380792,0.606380792,0.000000000,0.000000000
1913,1782712805.238881826,0.100073814,0.606380792,0.603786434,1.024607571,3.482665546,102.493833626,0.119455208,-0.018388329,0.005000377,-0.007256493,-0.000328210,0.004990344,-0.002594358,-0.002594358,-0.000000000,-2.482587611,-0.175110592,3.261484637,0.603786434,0.603786434,0.000000000,0.000000000
1914,1782712805.338712692,0.099830866,0.603786434,0.592175416,0.902974960,3.955431773,101.156385115,0.129340026,-0.009589771,-0.002544689,-0.008921938,-0.000150767,-0.002538312,-0.011611017,-0.011611017,-0.000000000,-2.491509549,-0.175261360,3.258946324,0.592175416,0.592175416,0.000000000,0.000000000
1915,1782712805.439058065,0.100345373,0.592175416,0.590975690,1.257559788,4.486361943,100.383953371,0.123575941,-0.011052434,0.008737297,-0.009666332,-0.000241822,0.008708428,-0.001199727,-0.001199727,-0.000000000,-2.501175881,-0.175503182,3.267654752,0.590975690,0.590975690,0.000000000,0.000000000
1916,1782712805.538630247,0.099572182,0.590975690,0.579176869,1.342752251,4.513224854,99.961698479,0.140135967,-0.006205505,-0.000628791,-0.011027187,-0.000144965,-0.000626669,-0.011798820,-0.011798820,0.000000000,-2.512203068,-0.175648146,3.267028083,0.579176869,0.579176869,0.000000000,0.000000000
1917,1782712805.640523195,0.101892948,0.579176869,0.577563122,1.530153017,4.171774429,100.071451740,0.110159277,0.009291693,0.006171084,-0.008013744,0.000247459,0.006152538,-0.001613747,-0.001613747,-0.000000000,-2.520216812,-0.175400687,3.273180622,0.577563122,0.577563122,0.000000000,0.000000000
1918,1782712805.738850832,0.098327637,0.577563122,0.564585925,1.168997970,4.233983247,100.774395073,0.140139826,-0.003538117,-0.002566265,-0.010346483,-0.000071986,-0.002558729,-0.012977198,-0.012977198,-0.000000000,-2.530563295,-0.175472673,3.270621893,0.564585925,0.564585925,0.000000000,0.000000000
1919,1782712805.838987827,0.100136995,0.564585925,0.557595532,0.668926771,4.360417881,101.288856794,0.118989733,-0.003596657,0.002104524,-0.009046814,-0.000041868,0.002098290,-0.006990393,-0.006990393,0.000000000,-2.539610109,-0.175514542,3.272720183,0.557595532,0.557595532,0.000000000,0.000000000
1920,1782712805.939530849,0.100543022,0.557595532,0.550367121,1.611158868,4.461323548,101.684598871,0.137723441,-0.008754055,0.003742764,-0.010712973,-0.000245386,0.003729948,-0.007228411,-0.007228411,0.000000000,-2.550323082,-0.175759928,3.276450131,0.550367121,0.550367121,0.000000000,0.000000000
1921,1782712806.038836718,0.099305868,0.550367121,0.541226760,1.198411203,4.768192912,101.934956381,0.123085190,0.002997602,0.001032372,-0.010231412,0.000062477,0.001028574,-0.009140361,-0.009140361,-0.000000000,-2.560554494,-0.175697451,3.277478705,0.541226760,0.541226760,0.000000000,0.000000000
1922,1782712806.139544964,0.100708246,0.541226760,0.531802953,1.083652907,4.421347884,101.727627398,0.142580166,-0.004617688,0.001660078,-0.010991579,-0.000087071,0.001654842,-0.009423807,-0.009423807,-0.000000000,-2.571546073,-0.175784521,3.279133547,0.531802953,0.531802953,0.000000000,0.000000000
1923,1782712806.239725113,0.100180149,0.531802953,0.527649175,0.917070901,3.993317450,102.597834850,0.128532448,-0.002955424,0.004856837,-0.008951016,-0.000047187,0.004844424,-0.004153779,-0.004153779,0.000000000,-2.580497088,-0.175831709,3.283977971,0.527649175,0.527649175,0.000000000,0.000000000
1924,1782712806.339111567,0.099386454,0.527649175,0.519881352,0.929566439,3.515179625,102.990992560,0.133783636,-0.000441073,0.000442885,-0.008202673,-0.000007142,0.000441993,-0.007767822,-0.007767822,0.000000000,-2.588699761,-0.175838851,3.284419965,0.519881352,0.519881352,0.000000000,0.000000000
1925,1782712806.439156055,0.100044489,0.519881352,0.511265568,1.229941895,3.313285202,103.264987563,0.132739226,-0.003482520,-0.000871082,-0.007671731,-0.000074627,-0.000869426,-0.008615784,-0.008615784,0.000000000,-2.596371493,-0.175913478,3.283550539,0.511265568,0.511265568,0.000000000,0.000000000
1926,1782712806.538957596,0.099801540,0.511265568,0.503998929,1.226179072,3.660336469,103.551844407,0.146313293,-0.012071390,0.002337311,-0.009340857,-0.000257791,0.002332009,-0.007266639,-0.007266639,-0.000000000,-2.605712349,-0.176171269,3.285882548,0.503998929,0.503998929,0.000000000,0.000000000
1927,1782712806.638896465,0.099938869,0.503998929,0.503831544,1.219021649,4.124726278,103.499266479,0.136202609,-0.012993196,0.009933057,-0.009796766,-0.000275706,0.009905086,-0.000167386,-0.000167386,0.000000000,-2.615509115,-0.176446975,3.295787634,0.503831544,0.503831544,0.000000000,0.000000000
1928,1782712806.738823652,0.099927187,0.503831544,0.492503049,1.298037917,4.216485053,102.378652731,0.131408373,-0.030365104,-0.000983587,-0.009661819,-0.000686002,-0.000980673,-0.011328494,-0.011328494,0.000000000,-2.625170934,-0.177132977,3.294806960,0.492503049,0.492503049,0.000000000,0.000000000
1929,1782712806.839652061,0.100828409,0.492503049,0.487492536,1.112159117,4.091703098,100.699145175,0.132098771,-0.020151248,0.004818450,-0.009425644,-0.000390131,0.004805263,-0.005010513,-0.005010513,-0.000000000,-2.634596579,-0.177523108,3.299612223,0.487492536,0.487492536,0.000000000,0.000000000
1930,1782712806.938945532,0.099293470,0.487492536,0.477995526,1.175373526,3.730219620,99.052866884,0.127427637,-0.026790217,-0.000659904,-0.008290268,-0.000548375,-0.000658368,-0.009497011,-0.009497011,0.000000000,-2.642886847,-0.178071483,3.298953856,0.477995526,0.477995526,0.000000000,0.000000000
1931,1782712807.038880348,0.099934816,0.477995526,0.472217169,1.074862486,3.913778454,96.505885213,0.137253788,-0.004585428,0.003684986,-0.009368286,-0.000085816,0.003675746,-0.005778357,-0.005778357,0.000000000,-2.652255133,-0.178157300,3.302629601,0.472217169,0.472217169,0.000000000,0.000000000
1932,1782712807.138685226,0.099804878,0.472217169,0.461903199,0.813444330,4.277000994,95.826205265,0.143876500,0.003678573,0.000365091,-0.010730085,0.000052079,0.000364037,-0.010313970,-0.010313970,-0.000000000,-2.662985218,-0.178105221,3.302993639,0.461903199,0.461903199,0.000000000,0.000000000
1933,1782712807.238878965,0.100193739,0.461903199,0.453544122,0.970437446,4.428123031,96.273012226,0.125909529,-0.004705433,0.001446177,-0.009721275,-0.000079456,0.001441653,-0.008359078,-0.008359078,-0.000000000,-2.672706493,-0.178184677,3.304435292,0.453544122,0.453544122,0.000000000,0.000000000
1934,1782712807.339001417,0.100122452,0.453544122,0.448460907,0.973655611,4.303893756,96.912004972,0.140534781,0.002521109,0.005436823,-0.010546643,0.000042720,0.005420708,-0.005083215,-0.005083215,0.000000000,-2.683253136,-0.178141957,3.309856000,0.448460907,0.448460907,0.000000000,0.000000000
1935,1782712807.438931942,0.099930525,0.448460907,0.445238978,1.040748662,4.381548629,97.420090020,0.130611709,-0.008075272,0.006924158,-0.009978465,-0.000146246,0.006902782,-0.003221929,-0.003221929,0.000000000,-2.693231601,-0.178288204,3.316758782,0.445238978,0.445238978,0.000000000,0.000000000
1936,1782712807.538998604,0.100066662,0.445238978,0.429755165,1.398963089,4.137452922,97.957530472,0.145521016,0.007483910,-0.005181835,-0.010499259,0.000182237,-0.005166790,-0.015483812,-0.015483812,-0.000000000,-2.703730859,-0.178105967,3.311591992,0.429755165,0.429755165,0.000000000,0.000000000
1937,1782712807.639765263,0.100766659,0.429755165,0.427195016,1.260278836,3.938490047,98.579691580,0.136940309,-0.007063883,0.007018932,-0.009405813,-0.000154998,0.007000662,-0.002560149,-0.002560149,0.000000000,-2.713136673,-0.178260965,3.318592654,0.427195016,0.427195016,0.000000000,0.000000000
1938,1782712807.738949537,0.099184275,0.427195016,0.412616340,1.089506469,3.991055597,99.270918322,0.141636425,0.001142902,-0.004754742,-0.009858001,0.000021679,-0.004742354,-0.014578676,-0.014578676,-0.000000000,-2.722994673,-0.178239286,3.313850300,0.412616340,0.412616340,0.000000000,0.000000000
1939,1782712807.838947535,0.099997997,0.412616340,0.418329298,1.152479882,4.033575311,99.810338096,0.137743918,-0.004994339,0.015543849,-0.009689050,-0.000100203,0.015502210,0.005712957,0.005712957,-0.000000000,-2.732683723,-0.178339490,3.329352510,0.418329298,0.418329298,0.000000000,0.000000000
1940,1782712807.938732386,0.099784851,0.418329298,0.407043398,1.150679531,3.899720470,100.432528655,0.154431255,0.000265008,-0.000790263,-0.010502935,0.000005310,-0.000788275,-0.011285900,-0.011285900,0.000000000,-2.743186658,-0.178334180,3.328564236,0.407043398,0.407043398,0.000000000,0.000000000
1941,1782712808.038763523,0.100031137,0.407043398,0.398159847,1.266157164,3.802514913,100.807519472,0.134253348,-0.000941288,0.000040675,-0.008903373,-0.000020754,0.000040576,-0.008883551,-0.008883551,0.000000000,-2.752090031,-0.178354934,3.328604811,0.398159847,0.398159847,0.000000000,0.000000000
1942,1782712808.138632298,0.099868774,0.398159847,0.386876359,0.990659652,3.700485362,101.413887117,0.158574234,-0.001128806,-0.001031815,-0.010234502,-0.000019476,-0.001029510,-0.011283488,-0.011283488,-0.000000000,-2.762324533,-0.178374410,3.327575301,0.386876359,0.386876359,0.000000000,0.000000000
1943,1782712808.238756180,0.100123882,0.386876359,0.375916163,0.970680574,4.384054420,102.040016568,0.140369366,-0.000413351,-0.000223850,-0.010730051,-0.000006982,-0.000223163,-0.010960196,-0.010960196,0.000000000,-2.773054583,-0.178381392,3.327352138,0.375916163,0.375916163,0.000000000,0.000000000
1944,1782712808.338869810,0.100113630,0.375916163,0.371972701,0.999232366,4.915174364,102.658503932,0.146898957,-0.006643036,0.008792043,-0.012586419,-0.000115422,0.008758379,-0.003943462,-0.003943462,0.000000000,-2.785641003,-0.178496814,3.336110518,0.371972701,0.371972701,0.000000000,0.000000000
1945,1782712808.439014196,0.100144386,0.371972701,0.359688065,1.154088926,4.737405439,103.142294026,0.142193659,0.001991628,-0.000583070,-0.011743653,0.000039977,-0.000580960,-0.012284636,-0.012284636,0.000000000,-2.797384655,-0.178456837,3.335529557,0.359688065,0.359688065,0.000000000,0.000000000
1946,1782712808.539062738,0.100048542,0.359688065,0.354425468,1.108083349,4.515132738,103.501801339,0.150323034,-0.001451576,0.006620958,-0.011833789,-0.000027984,0.006599176,-0.005262598,-0.005262598,0.000000000,-2.809218445,-0.178484821,3.342128733,0.354425468,0.354425468,0.000000000,0.000000000
1947,1782712808.638725758,0.099663019,0.354425468,0.344994899,1.162950101,3.997550144,104.238796168,0.144192779,0.003316188,0.000555986,-0.010052229,0.000067141,0.000554519,-0.009430569,-0.009430569,-0.000000000,-2.819270674,-0.178417679,3.342683253,0.344994899,0.344994899,0.000000000,0.000000000
1948,1782712808.738807440,0.100081682,0.344994899,0.329466417,1.170068669,3.784689871,104.831023852,0.153632045,-0.010284302,-0.005190501,-0.010140832,-0.000209549,-0.005178101,-0.015528482,-0.015528482,-0.000000000,-2.829411506,-0.178627228,3.337505152,0.329466417,0.329466417,0.000000000,0.000000000
1949,1782712808.839569330,0.100761890,0.329466417,0.325116652,1.226366413,3.959337499,105.572702343,0.141665711,0.009446711,0.005244052,-0.009781803,0.000201701,0.005230337,-0.004349765,-0.004349765,-0.000000000,-2.839193310,-0.178425528,3.342735489,0.325116652,0.325116652,0.000000000,0.000000000
1950,1782712808.938710451,0.099141121,0.325116652,0.315169447,1.320904006,4.881276032,106.024857831,0.161883394,-0.023397080,0.004382115,-0.013774871,-0.000537395,0.004365062,-0.009947205,-0.009947205,-0.000000000,-2.852968181,-0.178962923,3.347100551,0.315169447,0.315169447,0.000000000,0.000000000
1951,1782712809.038674355,0.099963903,0.315169447,0.309730106,1.381367820,4.792087672,106.479121785,0.151992774,-0.021041944,0.007793156,-0.012697511,-0.000505487,0.007763657,-0.005439341,-0.005439341,-0.000000000,-2.865665693,-0.179468410,3.354864208,0.309730106,0.309730106,0.000000000,0.000000000
1952,1782712809.139829397,0.101155043,0.309730106,0.293107007,1.628773721,4.512755265,104.644110522,0.155269485,-0.035298459,-0.003418109,-0.012216763,-0.001000200,-0.003406135,-0.016623098,-0.016623098,0.000000000,-2.877882455,-0.180468610,3.351458073,0.293107007,0.293107007,0.000000000,0.000000000
1953,1782712809.239456892,0.099627495,0.293107007,0.284915826,1.663038405,4.700754251,102.058800321,0.147770512,-0.016573566,0.004414927,-0.012110034,-0.000479371,0.004398223,-0.008191182,-0.008191182,0.000000000,-2.889992490,-0.180947980,3.355856296,0.284915826,0.284915826,0.000000000,0.000000000
1954,1782712809.338657141,0.099200249,0.284915826,0.271977625,1.815016561,4.594312964,100.060126264,0.160069054,-0.010988874,0.000231116,-0.012821529,-0.000346929,0.000230257,-0.012938201,-0.012938201,0.000000000,-2.902814019,-0.181294909,3.356086553,0.271977625,0.271977625,0.000000000,0.000000000
1955,1782712809.438768148,0.100111008,0.271977625,0.270471026,1.611695981,4.675100947,99.740874599,0.150908744,-0.008838834,0.011082291,-0.012299876,-0.000247771,0.011041049,-0.001506598,-0.001506598,-0.000000000,-2.915113895,-0.181542681,3.367127602,0.270471026,0.270471026,0.000000000,0.000000000
1956,1782712809.538738966,0.099970818,0.270471026,0.261630898,0.922706053,4.418738958,100.001716300,0.149308687,0.000496216,0.002663672,-0.011503505,0.000007967,0.002655410,-0.008840128,-0.008840128,-0.000000000,-2.926617400,-0.181534713,3.369783012,0.261630898,0.261630898,0.000000000,0.000000000
1957,1782712809.638883352,0.100144386,0.261630898,0.262598700,1.280152055,3.887429767,100.193125229,0.150322153,-0.005161994,0.011302983,-0.010191302,-0.000115059,0.011274162,0.000967801,0.000967801,-0.000000000,-2.936808702,-0.181649772,3.381057174,0.262598700,0.262598700,0.000000000,0.000000000
1958,1782712809.739628315,0.100744963,0.262598700,0.249932044,0.946873341,3.575887621,100.536208357,0.153267199,0.005653997,-0.003207237,-0.009559352,0.000093252,-0.003200556,-0.012666656,-0.012666656,-0.000000000,-2.946368054,-0.181556520,3.377856618,0.249932044,0.249932044,0.000000000,0.000000000
1959,1782712809.838758230,0.099129915,0.249932044,0.248277975,0.477385518,3.514637261,100.722400242,0.148869060,-0.007706521,0.007550682,-0.009126199,-0.000064089,0.007536219,-0.001654068,-0.001654068,0.000000000,-2.955494253,-0.181620609,3.385392837,0.248277975,0.248277975,0.000000000,0.000000000
1960,1782712809.938794851,0.100036621,0.248277975,0.237484167,0.448579186,3.262454397,101.179419586,0.157764527,-0.004960308,-0.001779627,-0.008978349,-0.000038772,-0.001776688,-0.010793809,-0.010793809,-0.000000000,-2.964472602,-0.181659381,3.383616149,0.237484167,0.237484167,0.000000000,0.000000000
1961,1782712810.039699554,0.100904703,0.237484167,0.230273821,0.507992274,3.288777554,101.106410989,0.154601320,-0.012497345,0.001772506,-0.008869243,-0.000110619,0.001769517,-0.007210345,-0.007210345,0.000000000,-2.973341845,-0.181770000,3.385385666,0.230273821,0.230273821,0.000000000,0.000000000
1962,1782712810.138947964,0.099248409,0.230273821,0.219913198,0.406709481,3.600926102,101.300644903,0.141068022,-0.002603564,-0.001485138,-0.008860010,-0.000018445,-0.001482169,-0.010360624,-0.010360624,-0.000000000,-2.982201855,-0.181788445,3.383903497,0.219913198,0.219913198,0.000000000,0.000000000
1963,1782712810.238702774,0.099754810,0.219913198,0.213588154,0.460436928,4.023011985,101.124393194,0.166368711,-0.011219297,0.005450449,-0.011671950,-0.000089937,0.005436843,-0.006325044,-0.006325044,-0.000000000,-2.993873805,-0.181878381,3.389340340,0.213588154,0.213588154,0.000000000,0.000000000
1964,1782712810.338682175,0.099979401,0.213588154,0.210570090,0.291259420,4.012554592,101.315650599,0.143707205,-0.010119433,0.007106683,-0.010055920,-0.000051315,0.007089171,-0.003018064,-0.003018064,-0.000000000,-3.003929725,-0.181929697,3.396429511,0.210570090,0.210570090,0.000000000,0.000000000
1965,1782712810.439904928,0.101222754,0.210570090,0.198141197,0.115355104,3.655866144,100.908587237,0.171015356,-0.013270250,-0.001500730,-0.010904557,-0.000026663,-0.001497673,-0.012428893,-0.012428893,0.000000000,-3.014834282,-0.181956360,3.394931839,0.198141197,0.198141197,0.000000000,0.000000000
1966,1782712810.539104223,0.099199295,0.198141197,0.188704900,0.307080956,3.433227071,99.989324615,0.154173604,-0.017705212,-0.000109045,-0.009232727,-0.000094722,-0.000108848,-0.009436297,-0.009436297,-0.000000000,-3.024067009,-0.182051081,3.394822990,0.188704900,0.188704900,0.000000000,0.000000000
1967,1782712810.638793707,0.099689484,0.188704900,0.176040350,0.293634255,4.023653703,98.559988498,0.158392464,-0.027048455,-0.001415651,-0.011114130,-0.000138278,-0.001412143,-0.012664550,-0.012664550,0.000000000,-3.035181139,-0.182189359,3.393410848,0.176040350,0.176040350,0.000000000,0.000000000
1968,1782712810.739206314,0.100412607,0.176040350,0.167785847,-0.012216067,4.487576182,97.181621736,0.159255843,-0.017446679,0.004215355,-0.012460643,0.000003708,0.004202432,-0.008254503,-0.008254503,0.000000000,-3.047641782,-0.182185651,3.397613279,0.167785847,0.167785847,0.000000000,0.000000000
1969,1782712810.839024067,0.099817753,0.167785847,0.152768079,0.145779357,4.403817476,95.796742389,0.151759636,-0.005029306,-0.003362012,-0.011652933,-0.000012758,-0.003352076,-0.015017767,-0.015017767,-0.000000000,-3.059294715,-0.182198409,3.394261204,0.152768079,0.152768079,0.000000000,0.000000000
1970,1782712810.939361334,0.100337267,0.152768079,0.146284258,-0.008485358,4.554323665,95.590692841,0.154600101,-0.004988573,0.005809694,-0.012275907,0.000000736,0.005791350,-0.006483821,-0.006483821,-0.000000000,-3.071570623,-0.182197673,3.400052554,0.146284258,0.146284258,0.000000000,0.000000000
1971,1782712811.038751364,0.099390030,0.146284258,0.135971738,0.323491921,5.335784883,95.853806298,0.156537787,-0.001427568,0.004270914,-0.014556834,-0.000008025,0.004252339,-0.010312520,-0.010312520,-0.000000000,-3.086127457,-0.182205698,3.404304893,0.135971738,0.135971738,0.000000000,0.000000000
1972,1782712811.138936281,0.100184917,0.135971738,0.124242755,0.438286339,5.505227341,96.415747736,0.170754703,-0.003635947,0.004702148,-0.016381620,-0.000027685,0.004680322,-0.011728983,-0.011728983,-0.000000000,-3.102509077,-0.182233382,3.408985215,0.124242755,0.124242755,0.000000000,0.000000000
1973,1782712811.238581896,0.099645615,0.124242755,0.118128106,0.125303463,4.884985452,96.934157819,0.148305815,0.000074919,0.006538056,-0.012629104,0.000000163,0.006514292,-0.006114649,-0.006114649,-0.000000000,-3.115138181,-0.182233219,3.415499506,0.118128106,0.118128106,0.000000000,0.000000000
1974,1782712811.339134216,0.100552320,0.118128106,0.108430979,0.441078797,4.633152201,97.562404415,0.162222952,-0.006821939,0.003470326,-0.013103666,-0.000052345,0.003458884,-0.009697127,-0.009697127,0.000000000,-3.128241847,-0.182285564,3.418958390,0.108430979,0.108430979,0.000000000,0.000000000
1975,1782712811.439181328,0.100047112,0.108430979,0.098530624,0.741741726,4.090603218,97.937929328,0.161358760,0.001660983,0.001592731,-0.011510343,0.000021447,0.001588540,-0.009900355,-0.009900355,-0.000000000,-3.139752190,-0.182264117,3.420546931,0.098530624,0.098530624,0.000000000,0.000000000
1976,1782712811.538664818,0.099483490,0.098530624,0.093160499,0.761792302,4.372059228,98.454728906,0.161841986,-0.001010334,0.007001929,-0.012337667,-0.000013394,0.006980937,-0.005370124,-0.005370124,-0.000000000,-3.152089858,-0.182277511,3.427527867,0.093160499,0.093160499,0.000000000,0.000000000
1977,1782712811.639109135,0.100444317,0.093160499,0.080147597,0.813171718,4.401114028,98.914791610,0.163359330,-0.003262551,-0.000432118,-0.012535936,-0.000046166,-0.000430800,-0.013012902,-0.013012902,-0.000000000,-3.164625793,-0.182323676,3.427097067,0.080147597,0.080147597,0.000000000,0.000000000
1978,1782712811.738805771,0.099696636,0.080147597,0.068868440,1.160727992,4.310690642,99.625694800,0.156358332,-0.005023999,0.000576717,-0.011752641,-0.000101484,0.000574968,-0.011279157,-0.011279157,-0.000000000,-3.176378434,-0.182425160,3.427672035,0.068868440,0.068868440,0.000000000,0.000000000
1979,1782712811.838633299,0.099827528,0.068868440,0.062623794,1.338558023,4.343250967,100.037775792,0.160274849,0.002215067,0.005860029,-0.012137847,0.000051596,0.005841606,-0.006244646,-0.006244646,-0.000000000,-3.188516281,-0.182373565,3.433513640,0.062623794,0.062623794,0.000000000,0.000000000
1980,1782712811.939138174,0.100504875,0.062623794,0.055046061,0.777913629,4.543324797,100.746228370,0.161434952,-0.008498729,0.005342298,-0.012787731,-0.000115022,0.005325020,-0.007577733,-0.007577733,0.000000000,-3.201304012,-0.182488587,3.438838660,0.055046061,0.055046061,0.000000000,0.000000000
1981,1782712812.038697243,0.099559069,0.055046061,0.046173303,0.839709400,4.083248963,101.407812830,0.165973914,0.007151338,0.002848550,-0.011818310,0.000104538,0.002841014,-0.008872758,-0.008872758,-0.000000000,-3.213122323,-0.182384049,3.441679675,0.046173303,0.046173303,0.000000000,0.000000000
1982,1782712812.138733149,0.100035906,0.046173303,0.039600499,0.759688134,4.006115436,101.841041778,0.151908437,-0.004366034,0.004108111,-0.010612771,-0.000057746,0.004097713,-0.006572804,-0.006572804,-0.000000000,-3.223735094,-0.182441795,3.445777388,0.039600499,0.039600499,0.000000000,0.000000000
1983,1782712812.239016533,0.100283384,0.039600499,0.031621119,0.894397378,3.824935940,102.092753434,0.177231080,-0.000477365,0.003859879,-0.011822758,-0.000007435,0.003850812,-0.007979380,-0.007979380,-0.000000000,-3.235557852,-0.182449230,3.449628201,0.031621119,0.031621119,0.000000000,0.000000000
1984,1782712812.338969707,0.099953175,0.031621119,0.021079392,0.839791400,3.405886491,102.577949640,0.156743185,-0.005722970,-0.001148201,-0.009311945,-0.000083731,-0.001146050,-0.010541727,-0.010541727,0.000000000,-3.244869797,-0.182532961,3.448482150,0.021079392,0.021079392,0.000000000,0.000000000
1985,1782712812.438682318,0.099712610,0.021079392,0.008960831,0.830960047,3.734442796,102.888734133,0.167839597,-0.017123674,-0.000941091,-0.010931759,-0.000247808,-0.000938994,-0.012118561,-0.012118561,-0.000000000,-3.255801556,-0.182780770,3.447543157,0.008960831,0.008960831,0.000000000,0.000000000
1986,1782712812.639611006,0.200928688,0.008960831,-0.016546579,0.518537791,4.748295450,102.576222828,0.329622926,-0.060632598,0.002333250,-0.027285711,-0.000546846,0.002325147,-0.025507410,-0.025507410,0.000000000,-3.283087267,-0.183327616,3.449868304,-0.016546579,-0.016546579,0.000000000,0.000000000
1987,1782712812.738744974,0.099133968,-0.016546579,-0.026108962,0.339903543,5.402450156,98.351689000,0.159328300,-0.026011852,0.005617195,-0.015000901,-0.000153627,0.005592145,-0.009562383,-0.009562383,0.000000000,-3.298088168,-0.183481243,3.455460449,-0.026108962,-0.026108962,0.000000000,0.000000000
1988,1782712812.838740349,0.099995375,-0.026108962,-0.046277777,0.237548703,5.214742437,96.405734995,0.180411552,-0.017235764,-0.003715669,-0.016397393,-0.000071164,-0.003700258,-0.020168815,-0.020168815,0.000000000,-3.314485561,-0.183552407,3.451760190,-0.046277777,-0.046277777,0.000000000,0.000000000
1989,1782712812.938772202,0.100031853,-0.046277777,-0.059981739,0.194700576,5.170026559,94.586892194,0.166462718,-0.001769298,0.001307573,-0.015000219,-0.000005988,0.001302246,-0.013703961,-0.013703961,-0.000000000,-3.329485781,-0.183558394,3.453062436,-0.059981739,-0.059981739,0.000000000,0.000000000
1990,1782712813.039587021,0.100814819,-0.059981739,-0.064967947,-0.139130129,5.530204488,94.498325738,0.167946251,0.000615439,0.011252749,-0.016185061,-0.000001487,0.011200341,-0.004986208,-0.004986208,0.000000000,-3.345670842,-0.183559882,3.464262777,-0.064967947,-0.064967947,0.000000000,0.000000000
1991,1782712813.139238119,0.099651098,-0.064967947,-0.073015816,0.174177055,5.650134561,95.203028900,0.151719419,-0.000014693,0.006923180,-0.014937338,-0.000000044,0.006889513,-0.008047870,-0.008047870,0.000000000,-3.360608180,-0.183559926,3.471152290,-0.073015816,-0.073015816,0.000000000,0.000000000
1992,1782712813.239026546,0.099788427,-0.073015816,-0.080640692,0.030081963,4.216224228,95.850321780,0.169792372,-0.000310354,0.004871709,-0.012483237,-0.000000163,0.004858524,-0.007624876,-0.007624876,0.000000000,-3.373091417,-0.183560089,3.476010814,-0.080640692,-0.080640692,0.000000000,0.000000000
1993,1782712813.338683844,0.099657297,-0.080640692,-0.096715484,-0.047850548,3.522814250,96.446290164,0.164058021,-0.004285686,-0.006009016,-0.010080705,0.000003572,-0.005997659,-0.016074792,-0.016074792,0.000000000,-3.383172122,-0.183556516,3.470013155,-0.096715484,-0.096715484,0.000000000,0.000000000
1994,1782712813.438744545,0.100060701,-0.096715484,-0.102971717,0.248034674,3.899178189,97.076977608,0.168370598,-0.013943889,0.005265594,-0.011449366,-0.000060223,0.005253357,-0.006256233,-0.006256233,-0.000000000,-3.394621488,-0.183616740,3.475266511,-0.102971717,-0.102971717,0.000000000,0.000000000
1995,1782712813.539094687,0.100350142,-0.102971717,-0.111366536,0.266789913,4.523204338,97.427464549,0.163647420,-0.017975304,0.004608722,-0.012905699,-0.000083439,0.004594318,-0.008394819,-0.008394819,-0.000000000,-3.407527187,-0.183700179,3.479860830,-0.111366536,-0.111366536,0.000000000,0.000000000
1996,1782712813.638682842,0.099588156,-0.111366536,-0.120084897,0.565832170,3.963722304,96.510560972,0.179936428,-0.012982427,0.003857030,-0.012438076,-0.000127901,0.003847616,-0.008718361,-0.008718361,0.000000000,-3.419965263,-0.183828079,3.483708446,-0.120084897,-0.120084897,0.000000000,0.000000000
1997,1782712813.739078522,0.100395679,-0.120084897,-0.133418598,0.620695808,3.568185789,95.692916069,0.166972333,-0.018616843,-0.002746154,-0.010391747,-0.000201285,-0.002740669,-0.013333701,-0.013333701,-0.000000000,-3.430357010,-0.184029364,3.480967777,-0.133418598,-0.133418598,0.000000000,0.000000000
1998,1782712813.838690042,0.099611521,-0.133418598,-0.138532751,0.573263294,3.807006949,94.827257988,0.172932956,-0.017414117,0.006556532,-0.011482044,-0.000173847,0.006541737,-0.005114153,-0.005114153,-0.000000000,-3.441839054,-0.184203211,3.487509514,-0.138532751,-0.138532751,0.000000000,0.000000000
1999,1782712813.939584970,0.100894928,-0.138532751,-0.148029731,0.532675229,3.931306068,93.795541854,0.168512422,-0.021157688,0.002257948,-0.011553281,-0.000196236,0.002252538,-0.009496979,-0.009496979,-0.000000000,-3.453392335,-0.184399447,3.489762051,-0.148029731,-0.148029731,0.000000000,0.000000000
2000,1782712814.038853884,0.099268913,-0.148029731,-0.161275881,0.457519180,3.965305526,92.639273948,0.174176729,-0.010949391,-0.001116898,-0.012044739,-0.000087223,-0.001114188,-0.013246151,-0.013246151,-0.000000000,-3.465437074,-0.184486670,3.488647863,-0.161275881,-0.161275881,0.000000000,0.000000000
2001,1782712814.138825893,0.099972010,-0.161275881,-0.176089077,0.435787973,4.141596791,91.654203080,0.165422894,-0.010576006,-0.002793240,-0.011947101,-0.000080230,-0.002785865,-0.014813196,-0.014813196,-0.000000000,-3.477384175,-0.184566900,3.485861998,-0.176089077,-0.176089077,0.000000000,0.000000000
2002,1782712814.238933802,0.100107908,-0.176089077,-0.186168589,0.417861415,4.821352663,91.266176153,0.174481777,-0.006339215,0.004648181,-0.014665055,-0.000046068,0.004631611,-0.010079512,-0.010079512,0.000000000,-3.492049230,-0.184612968,3.490493609,-0.186168589,-0.186168589,0.000000000,0.000000000
2003,1782712814.338934898,0.100001097,-0.186168589,-0.195785302,0.190807648,4.784282143,91.240039422,0.172044032,-0.008937113,0.004778865,-0.014349242,-0.000029659,0.004762188,-0.009616713,-0.009616713,-0.000000000,-3.506398472,-0.184642627,3.495255797,-0.195785302,-0.195785302,0.000000000,0.000000000
2004,1782712814.438857555,0.099922657,-0.195785302,-0.209708749,0.321737043,4.602484442,90.917313292,0.172248665,0.001557998,-0.000110925,-0.013821603,0.000008720,-0.000110565,-0.013923447,-0.013923447,-0.000000000,-3.520220074,-0.184633906,3.495145231,-0.209708749,-0.209708749,0.000000000,0.000000000
2005,1782712814.539114237,0.100256681,-0.209708749,-0.226944769,0.375142140,5.116166126,91.315466979,0.172805798,-0.006742072,-0.001789206,-0.015410014,-0.000043967,-0.001782039,-0.017236020,-0.017236020,-0.000000000,-3.535630088,-0.184677873,3.493363192,-0.226944769,-0.226944769,0.000000000,0.000000000
2006,1782712814.638971806,0.099857569,-0.226944769,-0.236988286,0.952328280,5.320635575,91.820071739,0.179857319,0.004055291,0.006596729,-0.016678025,0.000067111,0.006567398,-0.010043516,-0.010043516,-0.000000000,-3.552308113,-0.184610763,3.499930590,-0.236988286,-0.236988286,0.000000000,0.000000000
2007,1782712814.738824368,0.099852562,-0.236988286,-0.250692994,0.274726274,4.548935317,92.717429555,0.175944290,-0.003867159,0.000268859,-0.013954233,-0.000018484,0.000268009,-0.013704708,-0.013704708,0.000000000,-3.566262346,-0.184629247,3.500198599,-0.250692994,-0.250692994,0.000000000,0.000000000
2008,1782712814.839251518,0.100427151,-0.250692994,-0.263941621,0.612731194,4.400898244,93.325305484,0.169916302,-0.000677118,-0.000203550,-0.013038470,-0.000007220,-0.000202938,-0.013248628,-0.013248628,-0.000000000,-3.579300815,-0.184636467,3.499995661,-0.263941621,-0.263941621,0.000000000,0.000000000
2009,1782712814.939396858,0.100145340,-0.263941621,-0.266543899,0.653900539,4.466769279,93.765946332,0.171029824,-0.000952141,0.010761896,-0.013319954,-0.000010833,0.010728509,-0.002602278,-0.002602278,0.000000000,-3.592620770,-0.184647300,3.510724170,-0.266543899,-0.266543899,0.000000000,0.000000000
2010,1782712815.038713932,0.099317074,-0.266543899,-0.283495252,0.722632281,4.602413464,94.528907617,0.183450160,-0.007497480,-0.002143975,-0.014720208,-0.000094253,-0.002136892,-0.016951353,-0.016951353,-0.000000000,-3.607340978,-0.184741553,3.508587278,-0.283495252,-0.283495252,0.000000000,0.000000000
2011,1782712815.138900042,0.100186110,-0.283495252,-0.295043906,1.323613911,4.407314284,94.983067319,0.175513229,-0.003292902,0.002021244,-0.013487544,-0.000075839,0.002014729,-0.011548654,-0.011548654,0.000000000,-3.620828521,-0.184817392,3.510602007,-0.295043906,-0.295043906,0.000000000,0.000000000
2012,1782712815.238796711,0.099896669,-0.295043906,-0.303323633,1.293891710,4.358768748,95.559998930,0.171277545,-0.011109325,0.005003499,-0.013017352,-0.000250131,0.004987756,-0.008279727,-0.008279727,0.000000000,-3.633845873,-0.185067523,3.515589763,-0.303323633,-0.303323633,0.000000000,0.000000000
2013,1782712815.338927746,0.100131035,-0.303323633,-0.310115879,1.348252573,4.130289666,95.225862560,0.178858288,-0.014110004,0.006439614,-0.012882221,-0.000331136,0.006421111,-0.006792246,-0.006792246,0.000000000,-3.646728094,-0.185398659,3.522010874,-0.310115879,-0.310115879,0.000000000,0.000000000
2014,1782712815.438748837,0.099821091,-0.310115879,-0.326843344,0.848367739,3.992461963,94.545216832,0.174385107,-0.021921897,-0.004272904,-0.012141603,-0.000323794,-0.004262067,-0.016727464,-0.016727464,-0.000000000,-3.658869697,-0.185722453,3.517748807,-0.326843344,-0.326843344,0.000000000,0.000000000
2015,1782712815.538970232,0.100221395,-0.326843344,-0.330878191,1.368186866,4.000065460,93.177545301,0.172435796,-0.001815144,0.008059021,-0.012028710,-0.000043235,0.008037097,-0.004034847,-0.004034847,-0.000000000,-3.670898407,-0.185765688,3.525785904,-0.330878191,-0.330878191,0.000000000,0.000000000
2016,1782712815.638796806,0.099826574,-0.330878191,-0.345254795,0.815642130,3.677294340,93.011921777,0.177217387,-0.009432613,-0.002882669,-0.011366163,-0.000133998,-0.002876443,-0.014376604,-0.014376604,-0.000000000,-3.682264570,-0.185899686,3.522909461,-0.345254795,-0.345254795,0.000000000,0.000000000
2017,1782712815.739050388,0.100253582,-0.345254795,-0.356301038,1.051562139,4.218459806,93.412976681,0.179165407,-0.020905604,0.002522961,-0.013179320,-0.000382624,0.002515702,-0.011046242,-0.011046242,-0.000000000,-3.695443890,-0.186282311,3.525425163,-0.356301038,-0.356301038,0.000000000,0.000000000
2018,1782712815.838822603,0.099772215,-0.356301038,-0.366441295,0.761934116,4.100144980,92.431203664,0.160907231,-0.021713505,0.001656996,-0.011504862,-0.000288004,0.001652609,-0.010140258,-0.010140258,-0.000000000,-3.706948752,-0.186570315,3.527077772,-0.366441295,-0.366441295,0.000000000,0.000000000
2019,1782712815.938734293,0.099911690,-0.366441295,-0.382262579,0.382518244,4.302686255,90.834065999,0.183095044,0.001465746,-0.002100214,-0.013736793,0.000009758,-0.002094248,-0.015821283,-0.015821283,-0.000000000,-3.720685546,-0.186560557,3.524983524,-0.382262579,-0.382262579,0.000000000,0.000000000
2020,1782712816.038968801,0.100234509,-0.382262579,-0.396329097,0.856892011,4.468117249,90.592449946,0.179664044,-0.001218326,-0.000051909,-0.013996609,-0.000018165,-0.000051745,-0.014066519,-0.014066519,0.000000000,-3.734682154,-0.186578722,3.524931779,-0.396329097,-0.396329097,0.000000000,0.000000000
2021,1782712816.139105558,0.100136757,-0.396329097,-0.403261339,0.691124429,5.059601008,91.361746807,0.172715129,-0.001778923,0.008354378,-0.015232088,-0.000021374,0.008321220,-0.006932241,-0.006932241,0.000000000,-3.749914242,-0.186600096,3.533252999,-0.403261339,-0.403261339,0.000000000,0.000000000
2022,1782712816.238893747,0.099788189,-0.403261339,-0.414450123,0.892256207,4.707274185,92.316384703,0.168335828,0.001827050,0.002606454,-0.013814486,0.000028355,0.002597347,-0.011188784,-0.011188784,0.000000000,-3.763728728,-0.186571740,3.535850346,-0.414450123,-0.414450123,0.000000000,0.000000000
2023,1782712816.339143038,0.100249290,-0.414450123,-0.418431999,0.721874099,4.282863181,93.368063716,0.178507568,0.005306327,0.009309219,-0.013331029,0.000066666,0.009282486,-0.003981877,-0.003981877,-0.000000000,-3.777059758,-0.186505074,3.545132832,-0.418431999,-0.418431999,0.000000000,0.000000000
2024,1782712816.439127922,0.099984884,-0.418431999,-0.432294980,1.160535887,3.654734888,94.156471740,0.159861317,-0.002053276,-0.003639440,-0.010190185,-0.000041502,-0.003631293,-0.013862980,-0.013862980,-0.000000000,-3.787249943,-0.186546576,3.541501539,-0.432294980,-0.432294980,0.000000000,0.000000000
2025,1782712816.538922787,0.099794865,-0.432294980,-0.423908276,0.947197717,3.497600794,94.871335021,0.143923121,0.017862650,0.016906044,-0.008780281,0.000294737,0.016872248,0.008386704,0.008386704,0.000000000,-3.796030224,-0.186251839,3.558373787,-0.423908276,-0.423908276,0.000000000,0.000000000
2026,1782712816.651855469,0.112932682,-0.423908276,-0.437028871,2.616372704,3.896891130,95.462384838,0.175540597,-0.021111791,-0.000229932,-0.011929942,-0.000961492,-0.000229161,-0.013120595,-0.013120595,0.000000000,-3.807960166,-0.187213331,3.558144627,-0.437028871,-0.437028871,0.000000000,0.000000000
2027,1782712816.739932537,0.088077068,-0.437028871,-0.458271834,2.087047821,4.701303922,96.302665323,0.187884496,0.002100162,-0.005943880,-0.015399237,0.000076226,-0.005919952,-0.021242963,-0.021242963,-0.000000000,-3.823359403,-0.187137106,3.552224674,-0.458271834,-0.458271834,0.000000000,0.000000000
2028,1782712816.838727474,0.098794937,-0.458271834,-0.467981136,1.927407828,4.402745089,97.171120878,0.188397784,0.005208700,0.004594875,-0.014462695,0.000174669,0.004578724,-0.009709302,-0.009709302,0.000000000,-3.837822097,-0.186962437,3.556803398,-0.467981136,-0.467981136,0.000000000,0.000000000
2029,1782712816.939107418,0.100379944,-0.467981136,-0.476936808,1.578678407,4.416348327,98.548170331,0.180052589,-0.000484125,0.004938842,-0.013864682,-0.000013298,0.004922309,-0.008955672,-0.008955672,-0.000000000,-3.851686780,-0.186975735,3.561725707,-0.476936808,-0.476936808,0.000000000,0.000000000
2030,1782712817.038641453,0.099534035,-0.476936808,-0.486610871,1.548630593,3.714973123,99.354282147,0.177271550,-0.004797386,0.001946086,-0.011485972,-0.000129379,0.001941288,-0.009674063,-0.009674063,-0.000000000,-3.863172752,-0.187105114,3.563666995,-0.486610871,-0.486610871,0.000000000,0.000000000
2031,1782712817.139005899,0.100364447,-0.486610871,-0.501351753,1.754423847,3.476004168,99.644407473,0.174437210,0.005160904,-0.004332377,-0.010576217,0.000157714,-0.004322379,-0.014740882,-0.014740882,-0.000000000,-3.873748968,-0.186947400,3.559344615,-0.501351753,-0.501351753,0.000000000,0.000000000
2032,1782712817.238940477,0.099934578,-0.501351753,-0.509018708,2.013007448,3.870005475,99.852873068,0.178135721,0.004181646,0.004221632,-0.012022912,0.000146551,0.004209406,-0.007666955,-0.007666955,0.000000000,-3.885771881,-0.186800849,3.563554021,-0.509018708,-0.509018708,0.000000000,0.000000000
2033,1782712817.338906288,0.099965811,-0.509018708,-0.516744399,1.890487226,4.452557134,101.038454182,0.170748541,-0.004092278,0.005684967,-0.013255822,-0.000134594,0.005664725,-0.007725691,-0.007725691,-0.000000000,-3.899027703,-0.186935442,3.569218746,-0.516744399,-0.516744399,0.000000000,0.000000000
2034,1782712817.438670874,0.099764585,-0.516744399,-0.526372559,2.293617475,4.068311664,101.801327404,0.179294957,0.004343829,0.002928376,-0.012720221,0.000173404,0.002918657,-0.009628160,-0.009628160,-0.000000000,-3.911747924,-0.186762038,3.572137403,-0.526372559,-0.526372559,0.000000000,0.000000000
2035,1782712817.539614201,0.100943327,-0.526372559,-0.542776672,2.114682743,3.623862355,102.692625739,0.181602514,0.002172680,-0.005019173,-0.011478399,0.000080011,-0.005005725,-0.016404113,-0.016404113,0.000000000,-3.923226323,-0.186682027,3.567131678,-0.542776672,-0.542776672,0.000000000,0.000000000
2036,1782712817.738947868,0.199333668,-0.542776672,-0.559079833,2.293824475,4.498861723,103.257617860,0.342426024,-0.004657399,0.010784169,-0.026859654,-0.000185834,0.010742327,-0.016303161,-0.016303161,0.000000000,-3.950085977,-0.186867861,3.577874005,-0.559079833,-0.559079833,0.000000000,0.000000000
2037,1782712817.839241266,0.100293398,-0.559079833,-0.564202313,2.415175878,4.289577059,104.764465612,0.184353896,-0.001648270,0.008768291,-0.013789178,-0.000069264,0.008735962,-0.005122480,-0.005122480,-0.000000000,-3.963875155,-0.186937125,3.586609967,-0.564202313,-0.564202313,0.000000000,0.000000000
2038,1782712817.938667297,0.099426031,-0.564202313,-0.576268875,2.252155395,4.396061488,105.476045523,0.169182683,-0.015240622,0.001504112,-0.012967936,-0.000597155,0.001498529,-0.012066562,-0.012066562,-0.000000000,-3.976843091,-0.187534280,3.588108496,-0.576268875,-0.576268875,0.000000000,0.000000000
2039,1782712818.138907433,0.200240135,-0.576268875,-0.599209278,1.916652092,3.915257416,105.539789422,0.345273632,-0.072170575,0.003052199,-0.023575616,-0.002408158,0.003043372,-0.022940403,-0.022940403,-0.000000000,-4.000418707,-0.189942438,3.591151867,-0.599209278,-0.599209278,0.000000000,0.000000000
2040,1782712818.239193439,0.100286007,-0.599209278,-0.604498167,1.812277160,4.461467410,100.029212652,0.170000633,-0.016346757,0.008480552,-0.013224116,-0.000515399,0.008450625,-0.005288890,-0.005288890,-0.000000000,-4.013642824,-0.190457837,3.599602493,-0.604498167,-0.604498167,0.000000000,0.000000000
2041,1782712818.339904785,0.100711346,-0.604498167,-0.617142303,1.574483419,4.469995550,98.531063280,0.176035571,0.001734972,0.001031553,-0.013719688,0.000047526,0.001028027,-0.012644135,-0.012644135,0.000000000,-4.027362512,-0.190410311,3.600630520,-0.617142303,-0.617142303,0.000000000,0.000000000
2042,1782712818.438902378,0.098997593,-0.617142303,-0.621024182,1.494614626,3.924070060,98.886559382,0.170952657,-0.008620105,0.008063116,-0.011699045,-0.000224311,0.008041476,-0.003881879,-0.003881879,0.000000000,-4.039061557,-0.190634622,3.608671996,-0.621024182,-0.621024182,0.000000000,0.000000000
2043,1782712818.539463520,0.100561142,-0.621024182,-0.635671824,1.032170441,4.003447172,99.454842827,0.175802799,-0.003438145,-0.002317956,-0.012273935,-0.000061783,-0.002311924,-0.014647642,-0.014647642,-0.000000000,-4.051335491,-0.190696405,3.606360072,-0.635671824,-0.635671824,0.000000000,0.000000000
2044,1782712818.638708830,0.099245310,-0.635671824,-0.643646709,1.345972734,4.529992253,99.849856003,0.175802723,-0.005958044,0.006070325,-0.013885063,-0.000139514,0.006049692,-0.007974885,-0.007974885,0.000000000,-4.065220555,-0.190835919,3.612409764,-0.643646709,-0.643646709,0.000000000,0.000000000
2045,1782712818.740428448,0.101719618,-0.643646709,-0.657746998,1.460571245,4.824187924,99.906705792,0.173910810,-0.005898547,0.000677788,-0.014625641,-0.000149816,0.000675168,-0.014100289,-0.014100289,-0.000000000,-4.079846195,-0.190985735,3.613084932,-0.657746998,-0.657746998,0.000000000,0.000000000
2046,1782712818.839185953,0.098757505,-0.657746998,-0.666094407,1.455764941,5.033632966,100.763949645,0.179488525,-0.019180215,0.007919491,-0.015748413,-0.000485397,0.007886402,-0.008347408,-0.008347408,0.000000000,-4.095594608,-0.191471132,3.620971334,-0.666094407,-0.666094407,0.000000000,0.000000000
2047,1782712818.939391613,0.100205660,-0.666094407,-0.671626585,1.134906719,4.764951815,100.007140681,0.170738181,-0.022194734,0.009122139,-0.014182925,-0.000438082,0.009088829,-0.005532178,-0.005532178,0.000000000,-4.109777533,-0.191909214,3.630060162,-0.671626585,-0.671626585,0.000000000,0.000000000
2048,1782712819.039699793,0.100308180,-0.671626585,-0.679952018,1.178081692,4.075784469,97.751104127,0.172884829,-0.023699030,0.004460748,-0.012287941,-0.000486019,0.004448526,-0.008325434,-0.008325434,-0.000000000,-4.122065474,-0.192395232,3.634508688,-0.679952018,-0.679952018,0.000000000,0.000000000
2049,1782712819.138947248,0.099247456,-0.679952018,-0.692940157,0.621599424,3.677744739,96.079064520,0.187359005,-0.016908075,-0.000788671,-0.012018084,-0.000183054,-0.000787001,-0.012988139,-0.012988139,0.000000000,-4.134083559,-0.192578286,3.633721688,-0.692940157,-0.692940157,0.000000000,0.000000000
2050,1782712819.238654375,0.099707127,-0.692940157,-0.697936192,0.877940540,3.688064293,94.792490620,0.172303335,-0.009237924,0.006242190,-0.011083313,-0.000141254,0.006228531,-0.004996035,-0.004996035,0.000000000,-4.145166871,-0.192719540,3.639950219,-0.697936192,-0.697936192,0.000000000,0.000000000
2051,1782712819.338833570,0.100179195,-0.697936192,-0.709268298,0.791243489,3.919391585,94.230061337,0.182619365,-0.004806740,0.001219658,-0.012482572,-0.000066223,0.001216690,-0.011332105,-0.011332105,0.000000000,-4.157649444,-0.192785762,3.641166909,-0.709268298,-0.709268298,0.000000000,0.000000000
2052,1782712819.439304113,0.100470543,-0.709268298,-0.718683358,0.849022399,3.465646313,94.384427193,0.171699130,-0.004637290,0.001034757,-0.010379223,-0.000068588,0.001032751,-0.009415060,-0.009415060,-0.000000000,-4.168028667,-0.192854351,3.642199660,-0.718683358,-0.718683358,0.000000000,0.000000000
2053,1782712819.538903713,0.099599600,-0.718683358,-0.737412805,1.019252268,3.406529477,94.871352919,0.181383583,0.002973068,-0.008019840,-0.010777837,0.000052793,-0.008004403,-0.018729447,-0.018729447,-0.000000000,-4.178806504,-0.192801558,3.634195257,-0.737412805,-0.737412805,0.000000000,0.000000000
2054,1782712819.638920069,0.100016356,-0.737412805,-0.737770193,1.260453796,4.002944766,95.219126827,0.175414784,0.001074602,0.011896234,-0.012245310,0.000023581,0.011864341,-0.000357388,-0.000357388,-0.000000000,-4.191051814,-0.192777978,3.646059598,-0.737770193,-0.737770193,0.000000000,0.000000000
2055,1782712819.739348173,0.100428104,-0.737770193,-0.752707350,1.009749230,4.518344016,96.031003176,0.186216007,-0.006945091,-0.000145848,-0.014669775,-0.000122010,-0.000145373,-0.014937157,-0.014937157,-0.000000000,-4.205721589,-0.192899987,3.645914226,-0.752707350,-0.752707350,0.000000000,0.000000000
2056,1782712819.839079142,0.099730968,-0.752707350,-0.763571996,1.349847766,4.631283541,96.648735325,0.176248274,0.001289685,0.003347770,-0.014230842,0.000030282,0.003335913,-0.010864646,-0.010864646,-0.000000000,-4.219952430,-0.192869705,3.649250139,-0.763571996,-0.763571996,0.000000000,0.000000000
2057,1782712819.938918114,0.099838972,-0.763571996,-0.772720251,1.096712501,4.456219107,97.139431267,0.174947250,0.000681253,0.004445928,-0.013592930,0.000013000,0.004431676,-0.009148255,-0.009148255,-0.000000000,-4.233545360,-0.192856705,3.653681815,-0.772720251,-0.772720251,0.000000000,0.000000000
2058,1782712820.039005995,0.100087881,-0.772720251,-0.786998358,1.289863295,4.590765145,97.577173607,0.184548682,-0.000156849,0.000498092,-0.014770956,-0.000003519,0.000496369,-0.014278107,-0.014278107,-0.000000000,-4.248316316,-0.192860225,3.654178183,-0.786998358,-0.786998358,0.000000000,0.000000000
2059,1782712820.139221668,0.100215673,-0.786998358,-0.791933205,1.112558964,4.385986646,98.110829150,0.176403457,0.001692178,0.008549521,-0.013490484,0.000032760,0.008522876,-0.004934847,-0.004934847,0.000000000,-4.261806800,-0.192827465,3.662701060,-0.791933205,-0.791933205,0.000000000,0.000000000
2060,1782712820.239526510,0.100304842,-0.791933205,-0.805649051,1.071882315,4.554233507,98.827553361,0.181207354,-0.004014092,0.000749859,-0.014388352,-0.000074854,0.000747361,-0.013715845,-0.013715845,-0.000000000,-4.276195153,-0.192902318,3.663448420,-0.805649051,-0.805649051,0.000000000,0.000000000
2061,1782712820.439130783,0.199604273,-0.805649051,-0.832481156,0.920943544,4.137895799,99.285350386,0.351244611,-0.002610811,-0.001449409,-0.025344807,-0.000041854,-0.001445444,-0.026832105,-0.026832105,0.000000000,-4.301539960,-0.192944172,3.662002977,-0.832481156,-0.832481156,0.000000000,0.000000000
2062,1782712820.539199114,0.100068331,-0.832481156,-0.852942504,1.235335326,5.082652387,100.315873795,0.194308225,0.000980885,-0.003281782,-0.017214294,0.000021064,-0.003268118,-0.020461348,-0.020461348,0.000000000,-4.318754254,-0.192923108,3.658734859,-0.852942504,-0.852942504,0.000000000,0.000000000
2063,1782712820.639469862,0.100270748,-0.852942504,-0.859603379,1.282121356,5.529080047,101.217993540,0.180921532,-0.003603850,0.010904801,-0.017431961,-0.000080262,0.010851348,-0.006660875,-0.006660875,0.000000000,-4.336186215,-0.193003371,3.669586207,-0.859603379,-0.859603379,0.000000000,0.000000000
2064,1782712820.739203215,0.099733353,-0.859603379,-0.877857318,1.380997769,5.806486274,101.726809590,0.171440751,-0.002059842,-0.000864761,-0.017344476,-0.000049389,-0.000860075,-0.018253940,-0.018253940,0.000000000,-4.353530691,-0.193052759,3.668726132,-0.877857318,-0.877857318,0.000000000,0.000000000
2065,1782712820.838845015,0.099641800,-0.877857318,-0.886557659,1.666632340,5.659946599,102.529927372,0.190171690,0.002366170,0.010039865,-0.018755515,0.000068482,0.009986692,-0.008700341,-0.008700341,0.000000000,-4.372286206,-0.192984277,3.678712824,-0.886557659,-0.886557659,0.000000000,0.000000000
2066,1782712820.938632488,0.099787474,-0.886557659,-0.897211380,1.454406591,5.354896245,102.943102020,0.170313126,-0.007367867,0.005452414,-0.015894399,-0.000186191,0.005426870,-0.010653721,-0.010653721,-0.000000000,-4.388180605,-0.193170468,3.684139694,-0.897211380,-0.897211380,0.000000000,0.000000000
2067,1782712821.038846970,0.100214481,-0.897211380,-0.904449881,1.166401149,4.849063179,103.920015366,0.176011918,-0.006632586,0.007804058,-0.014878485,-0.000134531,0.007774515,-0.007238501,-0.007238501,0.000000000,-4.403059091,-0.193304999,3.691914208,-0.904449881,-0.904449881,0.000000000,0.000000000
2068,1782712821.139133692,0.100286722,-0.904449881,-0.922219254,1.145993981,4.116338042,103.818903174,0.190339205,-0.008210958,-0.003953662,-0.013662903,-0.000163796,-0.003942675,-0.017769373,-0.017769373,0.000000000,-4.416721994,-0.193468794,3.687971534,-0.922219254,-0.922219254,0.000000000,0.000000000
2069,1782712821.238976240,0.099842548,-0.922219254,-0.933428338,0.945475021,4.387754413,103.648328772,0.169871993,-0.003792905,0.001855223,-0.012996215,-0.000062403,0.001849533,-0.011209084,-0.011209084,-0.000000000,-4.429718208,-0.193531197,3.689821067,-0.933428338,-0.933428338,0.000000000,0.000000000
2070,1782712821.339027643,0.100051403,-0.933428338,-0.943938270,0.804918172,4.702161014,103.484406460,0.181928625,-0.002683235,0.004456874,-0.014913799,-0.000037567,0.004441435,-0.010509931,-0.010509931,-0.000000000,-4.444632007,-0.193568765,3.694262502,-0.943938270,-0.943938270,0.000000000,0.000000000
2071,1782712821.439131498,0.100103855,-0.943938270,-0.952099799,0.698135681,4.628118076,103.526287884,0.176105566,-0.015187660,0.006253394,-0.014209621,-0.000184450,0.006232542,-0.008161530,-0.008161530,0.000000000,-4.458841628,-0.193753215,3.700495044,-0.952099799,-0.952099799,0.000000000,0.000000000
2072,1782712821.539097309,0.099965811,-0.952099799,-0.957433807,0.875474097,4.650812756,103.441199473,0.172998591,-0.019209902,0.009016502,-0.014027225,-0.000292548,0.008985765,-0.005334007,-0.005334007,0.000000000,-4.472868853,-0.194045762,3.709480809,-0.957433807,-0.957433807,0.000000000,0.000000000
2073,1782712821.639049768,0.099952459,-0.957433807,-0.974698823,1.061280934,4.204564776,102.697757839,0.172654262,-0.021172158,-0.004227421,-0.012658605,-0.000391091,-0.004215320,-0.017265016,-0.017265016,0.000000000,-4.485527459,-0.194436853,3.705265489,-0.974698823,-0.974698823,0.000000000,0.000000000
2074,1782712821.739178896,0.100129128,-0.974698823,-0.976402433,0.954372889,4.298148439,101.221019259,0.177295036,-0.017265803,0.011905938,-0.013287643,-0.000286773,0.011870806,-0.001703610,-0.001703610,-0.000000000,-4.498815101,-0.194723627,3.717136295,-0.976402433,-0.976402433,0.000000000,0.000000000
2075,1782712821.939051151,0.199872255,-0.976402433,-1.002057124,0.851968426,4.937882257,99.745683910,0.356887737,-0.042927687,0.005722452,-0.030719347,-0.000635927,0.005700583,-0.025654691,-0.025654691,0.000000000,-4.529534448,-0.195359554,3.722836878,-1.002057124,-1.002057124,0.000000000,0.000000000
2076,1782712822.039108038,0.100056887,-1.002057124,-1.013364498,0.513855201,4.472292150,96.966883902,0.168891317,-0.014610369,0.001999060,-0.013169636,-0.000130632,0.001992893,-0.011307374,-0.011307374,-0.000000000,-4.542704084,-0.195490186,3.724829771,-1.013364498,-1.013364498,0.000000000,0.000000000
2077,1782712822.138661146,0.099553108,-1.013364498,-1.027445073,0.147355995,4.442351244,96.290868582,0.185769449,-0.005677314,0.000323915,-0.014388958,-0.000014557,0.000322941,-0.014080574,-0.014080574,0.000000000,-4.557093042,-0.195504743,3.725152712,-1.027445073,-1.027445073,0.000000000,0.000000000
2078,1782712822.239912271,0.101251125,-1.027445073,-1.047408934,0.132726435,4.517167443,95.759158247,0.179440657,-0.008917888,-0.005829039,-0.014132351,-0.000020594,-0.005810917,-0.019963862,-0.019963862,0.000000000,-4.571225393,-0.195525337,3.719341796,-1.047408934,-1.047408934,0.000000000,0.000000000
2079,1782712822.339357615,0.099445343,-1.047408934,-1.054977138,0.471060470,4.984245545,95.652370843,0.176199315,0.007152713,0.007711149,-0.015308517,0.000058583,0.007681730,-0.007568203,-0.007568203,0.000000000,-4.586533910,-0.195466754,3.727023526,-1.054977138,-1.054977138,0.000000000,0.000000000
2080,1782712822.440236330,0.100878716,-1.054977138,-1.063405318,0.227328747,5.107781476,96.283786005,0.177337178,-0.006870135,0.007416733,-0.015788253,-0.000027150,0.007387223,-0.008428180,-0.008428180,-0.000000000,-4.602322162,-0.195493904,3.734410749,-1.063405318,-1.063405318,0.000000000,0.000000000
2081,1782712822.539004564,0.098768234,-1.063405318,-1.070722435,0.684559171,4.650654538,96.796298867,0.180188080,0.004688294,0.007261150,-0.014609674,0.000055829,0.007236727,-0.007317118,-0.007317118,-0.000000000,-4.616931836,-0.195438075,3.741647475,-1.070722435,-1.070722435,0.000000000,0.000000000
2082,1782712822.638967752,0.099963188,-1.070722435,-1.083713568,0.656617662,4.720773476,97.281524026,0.176440997,-0.004378403,0.001585422,-0.014521067,-0.000050006,0.001579940,-0.012991133,-0.012991133,-0.000000000,-4.631452903,-0.195488080,3.743227415,-1.083713568,-1.083713568,0.000000000,0.000000000
2083,1782712822.739252806,0.100285053,-1.083713568,-1.095037141,0.964412636,4.635072562,97.856151978,0.169318359,-0.002402432,0.002407404,-0.013682459,-0.000040304,0.002399191,-0.011323572,-0.011323572,-0.000000000,-4.645135362,-0.195528384,3.745626606,-1.095037141,-1.095037141,0.000000000,0.000000000
2084,1782712822.939332485,0.200079679,-1.095037141,-1.125358057,0.892854008,4.961857764,98.575872940,0.361950935,-0.005445013,0.001073826,-0.031306059,-0.000084530,0.001069672,-0.030320916,-0.030320916,0.000000000,-4.676441421,-0.195612914,3.746696279,-1.125358057,-1.125358057,0.000000000,0.000000000
2085,1782712823.039111614,0.099779129,-1.125358057,-1.137888412,0.948811244,4.746671653,99.536843930,0.182769059,0.001112686,0.002584698,-0.015124197,0.000018362,0.002575480,-0.012530355,-0.012530355,-0.000000000,-4.691565619,-0.195594552,3.749271759,-1.137888412,-1.137888412,0.000000000,0.000000000
2086,1782712823.139115334,0.100003719,-1.137888412,-1.150054112,1.174069405,5.238028468,100.229092086,0.175973506,-0.004255367,0.004003932,-0.016065246,-0.000086828,0.003986374,-0.012165700,-0.012165700,-0.000000000,-4.707630865,-0.195681380,3.753258133,-1.150054112,-1.150054112,0.000000000,0.000000000
2087,1782712823.239072323,0.099956989,-1.150054112,-1.159070099,1.019911310,5.475378068,100.954689016,0.181250279,-0.003665797,0.008383075,-0.017294537,-0.000064953,0.008343503,-0.009015987,-0.009015987,-0.000000000,-4.724925402,-0.195746333,3.761601636,-1.159070099,-1.159070099,0.000000000,0.000000000
2088,1782712823.339824200,0.100751877,-1.159070099,-1.175074800,0.943587737,4.826633500,101.196748542,0.174428881,-0.003969249,-0.001267606,-0.014676629,-0.000065134,-0.001262939,-0.016004702,-0.016004702,0.000000000,-4.739602031,-0.195811467,3.760338697,-1.175074800,-1.175074800,0.000000000,0.000000000
2089,1782712823.438772917,0.098948717,-1.175074800,-1.189215003,1.073678131,4.675395241,101.797467356,0.182872402,-0.008642526,0.000930485,-0.014906023,-0.000161406,0.000927226,-0.014140203,-0.014140203,-0.000000000,-4.754508053,-0.195972873,3.761265923,-1.189215003,-1.189215003,0.000000000,0.000000000
2090,1782712823.538915873,0.100142956,-1.189215003,-1.201505363,1.120322270,5.360431546,101.590524650,0.182042185,-0.018510178,0.005099761,-0.017006519,-0.000360329,0.005076488,-0.012290360,-0.012290360,-0.000000000,-4.771514572,-0.196333202,3.766342411,-1.201505363,-1.201505363,0.000000000,0.000000000
2091,1782712823.639821053,0.100905180,-1.201505363,-1.213114659,0.799995475,4.971007996,100.746449386,0.166243582,-0.019655967,0.003081281,-0.014405281,-0.000273406,0.003069392,-0.011609296,-0.011609296,-0.000000000,-4.785919853,-0.196606609,3.769411802,-1.213114659,-1.213114659,0.000000000,0.000000000
2092,1782712823.739628792,0.099807739,-1.213114659,-1.222510768,0.752315682,4.907134401,99.647888095,0.175657823,-0.027154548,0.006007603,-0.015025943,-0.000355233,0.005985067,-0.009396109,-0.009396109,0.000000000,-4.800945796,-0.196961841,3.775396870,-1.222510768,-1.222510768,0.000000000,0.000000000
2093,1782712823.839017630,0.099388838,-1.222510768,-1.234029384,0.555345340,4.450840379,98.374676113,0.181266087,-0.017271407,0.002723544,-0.014066922,-0.000166897,0.002715203,-0.011518616,-0.011518616,0.000000000,-4.815012718,-0.197128739,3.778112073,-1.234029384,-1.234029384,0.000000000,0.000000000
2094,1782712823.938937902,0.099920273,-1.234029384,-1.249404642,0.397798898,4.539539488,96.566276854,0.172318915,-0.020563365,-0.001599462,-0.013638533,-0.000142320,-0.001594406,-0.015375259,-0.015375259,0.000000000,-4.828651251,-0.197271059,3.776517667,-1.249404642,-1.249404642,0.000000000,0.000000000
2095,1782712824.038990498,0.100052595,-1.249404642,-1.260995411,0.401925782,4.209184963,94.742542206,0.173839192,-0.007791389,0.001226540,-0.012759462,-0.000054508,0.001223201,-0.011590769,-0.011590769,-0.000000000,-4.841410712,-0.197325567,3.777740869,-1.260995411,-1.260995411,0.000000000,0.000000000
2096,1782712824.139373064,0.100382566,-1.260995411,-1.273406634,0.265033797,4.077076366,94.867793711,0.173431897,-0.001822684,-0.000072272,-0.012330725,-0.000008410,-0.000072088,-0.012411223,-0.012411223,-0.000000000,-4.853741438,-0.197333977,3.777668781,-1.273406634,-1.273406634,0.000000000,0.000000000
2097,1782712824.239044905,0.099671841,-1.273406634,-1.281787295,0.529521287,4.281407457,94.338298098,0.176016106,-0.006898766,0.004837128,-0.013140506,-0.000063579,0.004823424,-0.008380661,-0.008380661,0.000000000,-4.866881944,-0.197397556,3.782492204,-1.281787295,-1.281787295,0.000000000,0.000000000
2098,1782712824.338875771,0.099830866,-1.281787295,-1.285514878,0.432322332,4.686668971,95.118524190,0.175642178,0.003411455,0.010633748,-0.014351128,0.000025655,0.010597891,-0.003727583,-0.003727583,-0.000000000,-4.881233072,-0.197371901,3.793090095,-1.285514878,-1.285514878,0.000000000,0.000000000
2099,1782712824.439039946,0.100164175,-1.285514878,-1.308773282,0.422033103,4.935058153,95.696962751,0.175861989,-0.007731128,-0.008103127,-0.015128800,-0.000056735,-0.008072869,-0.023258404,-0.023258404,-0.000000000,-4.896361873,-0.197428636,3.785017227,-1.308773282,-1.308773282,0.000000000,0.000000000
2100,1782712824.539305449,0.100265503,-1.308773282,-1.315293038,0.574761245,4.483190510,96.303068527,0.176010180,0.002516333,0.007235701,-0.013758120,0.000025165,0.007213199,-0.006519756,-0.006519756,-0.000000000,-4.910119993,-0.197403471,3.792230426,-1.315293038,-1.315293038,0.000000000,0.000000000
2101,1782712824.638889551,0.099584103,-1.315293038,-1.335490530,0.481554613,4.727875694,96.746727589,0.185197165,-0.003079039,-0.004924053,-0.015264577,-0.000025790,-0.004907125,-0.020197492,-0.020197492,-0.000000000,-4.925384570,-0.197429261,3.787323301,-1.335490530,-1.335490530,0.000000000,0.000000000
2102,1782712824.739055157,0.100165606,-1.335490530,-1.344312251,0.544549534,4.850198517,97.106173027,0.170427006,-0.015756346,0.005758122,-0.014409751,-0.000149213,0.005737244,-0.008821720,-0.008821720,-0.000000000,-4.939794321,-0.197578474,3.793060545,-1.344312251,-1.344312251,0.000000000,0.000000000
2103,1782712824.839025021,0.099969864,-1.344312251,-1.366144136,0.413116886,5.165647837,97.198440696,0.188484337,-0.020390134,-0.004734541,-0.016970276,-0.000146420,-0.004715189,-0.021831885,-0.021831885,0.000000000,-4.956764598,-0.197724894,3.788345355,-1.366144136,-1.366144136,0.000000000,0.000000000
2104,1782712824.938703060,0.099678040,-1.366144136,-1.368805438,0.617391713,5.179069169,95.357222876,0.170155254,-0.004280919,0.012797329,-0.015359705,-0.000045940,0.012744343,-0.002661302,-0.002661302,0.000000000,-4.972124303,-0.197770833,3.801089698,-1.368805438,-1.368805438,0.000000000,0.000000000
2105,1782712825.039158344,0.100455284,-1.368805438,-1.393198080,0.402376765,5.148429540,95.322106518,0.181929753,-0.003165940,-0.008077606,-0.016325680,-0.000022144,-0.008044819,-0.024392643,-0.024392643,-0.000000000,-4.988449983,-0.197792977,3.793044879,-1.393198080,-1.393198080,0.000000000,0.000000000
2106,1782712825.139973879,0.100815535,-1.393198080,-1.399358109,0.454520462,4.884686923,95.941617249,0.174237654,0.003762734,0.008678469,-0.014836447,0.000029741,0.008646677,-0.006160029,-0.006160029,0.000000000,-5.003286429,-0.197763237,3.801691556,-1.399358109,-1.399358109,0.000000000,0.000000000
2107,1782712825.238703251,0.098729372,-1.399358109,-1.419767459,0.523350059,4.877363742,96.540313139,0.180841882,-0.000353581,-0.005048853,-0.015375771,-0.000003218,-0.005030361,-0.020409349,-0.020409349,-0.000000000,-5.018662200,-0.197766455,3.796661196,-1.419767459,-1.419767459,0.000000000,0.000000000
2108,1782712825.339937210,0.101233959,-1.419767459,-1.423878888,0.600883113,4.519744341,96.655680021,0.181036386,-0.009668975,0.010288358,-0.014266144,-0.000101085,0.010255799,-0.004111430,-0.004111430,-0.000000000,-5.032928343,-0.197867540,3.806916995,-1.423878888,-1.423878888,0.000000000,0.000000000
2109,1782712825.439808369,0.099871159,-1.423878888,-1.435019586,0.515756804,4.415891311,97.309135884,0.170795816,-0.038220148,0.002359942,-0.013150520,-0.000343019,0.002352841,-0.011140697,-0.011140697,-0.000000000,-5.046078864,-0.198210558,3.809269836,-1.435019586,-1.435019586,0.000000000,0.000000000
2110,1782712825.539284229,0.099475861,-1.435019586,-1.450924662,0.479855785,4.335618460,95.383925321,0.177719928,-0.020298290,-0.002306866,-0.013435382,-0.000169511,-0.002300184,-0.015905077,-0.015905077,0.000000000,-5.059514245,-0.198380069,3.806969652,-1.450924662,-1.450924662,0.000000000,0.000000000
2111,1782712825.638785839,0.099501610,-1.450924662,-1.461539744,0.742995025,4.382834254,92.982862674,0.165047852,-0.000944600,0.002016204,-0.012613008,-0.000012213,0.002010139,-0.010615082,-0.010615082,-0.000000000,-5.072127253,-0.198392282,3.808979792,-1.461539744,-1.461539744,0.000000000,0.000000000
2112,1782712825.740074635,0.101288795,-1.461539744,-1.468849791,0.508914886,4.688276909,93.403685758,0.177423991,0.009737019,0.007129569,-0.014501677,0.000086196,0.007105434,-0.007310047,-0.007310047,-0.000000000,-5.086628930,-0.198306086,3.816085226,-1.468849791,-1.468849791,0.000000000,0.000000000
2113,1782712825.839037180,0.098962545,-1.468849791,-1.487312691,0.818607832,4.599623256,94.481911768,0.179080581,-0.003583874,-0.004064470,-0.014360896,-0.000051038,-0.004050966,-0.018462900,-0.018462900,-0.000000000,-5.100989826,-0.198357124,3.812034259,-1.487312691,-1.487312691,0.000000000,0.000000000
2114,1782712825.939392567,0.100355387,-1.487312691,-1.493961384,0.407371393,4.679570566,95.142569046,0.162967100,-0.004941315,0.006704207,-0.013295368,-0.000035015,0.006681690,-0.006648693,-0.006648693,0.000000000,-5.114285194,-0.198392139,3.818715950,-1.493961384,-1.493961384,0.000000000,0.000000000
2115,1782712826.046863317,0.107470751,-1.493961384,-1.511932274,0.518008977,4.492482583,95.964791419,0.181108369,0.004287905,-0.003835568,-0.014185910,0.000038647,-0.003823628,-0.017970890,-0.017970890,0.000000000,-5.128471104,-0.198353492,3.814892322,-1.511932274,-1.511932274,0.000000000,0.000000000
2116,1782712826.138963461,0.092100143,-1.511932274,-1.528082246,0.714517378,4.803881110,96.362301705,0.177752807,-0.007628748,-0.001173416,-0.014885970,-0.000094799,-0.001169203,-0.016149972,-0.016149972,-0.000000000,-5.143357074,-0.198448291,3.813723119,-1.528082246,-1.528082246,0.000000000,0.000000000
2117,1782712826.238772869,0.099809408,-1.528082246,-1.545734779,0.567338412,4.761255146,96.908183581,0.184366348,0.003896995,-0.002396234,-0.015303139,0.000038454,-0.002387848,-0.017652533,-0.017652533,-0.000000000,-5.158660213,-0.198409837,3.811335271,-1.545734779,-1.545734779,0.000000000,0.000000000
2118,1782712826.338729858,0.099956989,-1.545734779,-1.559351432,0.301697616,5.378015605,97.775013757,0.173567052,0.000862693,0.002658362,-0.016267799,0.000004523,0.002646623,-0.013616653,-0.013616653,-0.000000000,-5.174928012,-0.198405315,3.813981894,-1.559351432,-1.559351432,0.000000000,0.000000000
2119,1782712826.438860893,0.100131035,-1.559351432,-1.568977286,0.647001715,5.494098750,98.470311737,0.184588420,-0.003529621,0.008124752,-0.017673092,-0.000039674,0.008086911,-0.009625854,-0.009625854,-0.000000000,-5.192601104,-0.198444988,3.822068806,-1.568977286,-1.568977286,0.000000000,0.000000000
2120,1782712826.538813591,0.099952698,-1.568977286,-1.590048016,0.225629600,5.601939873,99.045710987,0.172977401,-0.030957489,-0.004083472,-0.016885465,-0.000121327,-0.004063938,-0.021070730,-0.021070730,-0.000000000,-5.209486569,-0.198566316,3.818004868,-1.590048016,-1.590048016,0.000000000,0.000000000
2121,1782712826.638869762,0.100056171,-1.590048016,-1.602443783,0.516195236,5.450615976,97.862118104,0.180715383,-0.050455741,0.005246428,-0.017165751,-0.000452510,0.005222494,-0.012395767,-0.012395767,-0.000000000,-5.226652320,-0.199018825,3.823227362,-1.602443783,-1.602443783,0.000000000,0.000000000
2122,1782712826.738749743,0.099879980,-1.602443783,-1.613906250,0.095779030,5.167951568,93.410357160,0.172435223,-0.038771536,0.004151155,-0.015532192,-0.000064549,0.004134275,-0.011462467,-0.011462467,0.000000000,-5.242184512,-0.199083375,3.827361637,-1.613906250,-1.613906250,0.000000000,0.000000000
2123,1782712826.838894367,0.100144625,-1.613906250,-1.628527353,-0.042673498,5.374709363,88.763342056,0.169265149,-0.019202605,0.001224917,-0.015854873,0.000014239,0.001219531,-0.014621103,-0.014621103,-0.000000000,-5.258039385,-0.199069136,3.828581168,-1.628527353,-1.628527353,0.000000000,0.000000000
2124,1782712826.938822269,0.099927902,-1.628527353,-1.642570886,-0.080257434,5.296406382,87.112772776,0.185120585,0.004521548,0.003063994,-0.017088136,-0.000006307,0.003050909,-0.014043533,-0.014043533,-0.000000000,-5.275127521,-0.199075442,3.831632077,-1.642570886,-1.642570886,0.000000000,0.000000000
2125,1782712827.038949966,0.100127697,-1.642570886,-1.656812249,0.497392781,4.865645405,87.777771187,0.180565136,0.004848233,0.001035918,-0.015315444,0.000041936,0.001032146,-0.014241363,-0.014241363,-0.000000000,-5.290442966,-0.199033506,3.832664223,-1.656812249,-1.656812249,0.000000000,0.000000000
2126,1782712827.138738632,0.099788666,-1.656812249,-1.670650620,-0.057258825,4.335867267,88.464857770,0.175500059,-0.005289208,-0.000576971,-0.013268322,0.000005271,-0.000575319,-0.013838371,-0.013838371,-0.000000000,-5.303711288,-0.199028235,3.832088904,-1.670650620,-1.670650620,0.000000000,0.000000000
2127,1782712827.238839388,0.100100756,-1.670650620,-1.680776764,0.543476620,5.284905354,90.232130664,0.173480565,0.002868883,0.005850886,-0.015978993,0.000027097,0.005825752,-0.010126144,-0.010126144,-0.000000000,-5.319690281,-0.199001139,3.837914655,-1.680776764,-1.680776764,0.000000000,0.000000000
2128,1782712827.338836908,0.099997520,-1.680776764,-1.692804775,0.857193094,4.924150604,91.185619294,0.172665846,0.005023676,0.002728584,-0.014821098,0.000074878,0.002718209,-0.012028010,-0.012028010,-0.000000000,-5.334511379,-0.198926261,3.840632865,-1.692804775,-1.692804775,0.000000000,0.000000000
2129,1782712827.438857555,0.100020647,-1.692804775,-1.695779899,0.273952994,4.519866110,92.227391522,0.171431183,-0.003236164,0.010582926,-0.013509592,-0.000015425,0.010549893,-0.002975124,-0.002975124,-0.000000000,-5.348020971,-0.198941686,3.851182758,-1.695779899,-1.695779899,0.000000000,0.000000000
2130,1782712827.538867950,0.100010395,-1.695779899,-1.711092409,0.618070301,3.973103371,93.085005618,0.179390193,-0.015338872,-0.002724533,-0.012429619,-0.000165065,-0.002717827,-0.015312511,-0.015312511,-0.000000000,-5.360450590,-0.199106751,3.848464931,-1.711092409,-1.711092409,0.000000000,0.000000000
2131,1782712827.638945580,0.100077629,-1.711092409,-1.711438157,0.427153919,4.039796341,93.500540159,0.163534163,-0.019405274,0.011347947,-0.011520874,-0.000144310,0.011319437,-0.000345748,-0.000345748,-0.000000000,-5.371971464,-0.199251061,3.859784368,-1.711438157,-1.711438157,0.000000000,0.000000000
2132,1782712827.738761663,0.099816084,-1.711438157,-1.727717753,0.391718587,4.047288763,91.259726027,0.168420879,-0.040919993,-0.004123806,-0.011887109,-0.000279061,-0.004113426,-0.016279596,-0.016279596,0.000000000,-5.383858573,-0.199530122,3.855670942,-1.727717753,-1.727717753,0.000000000,0.000000000
2133,1782712827.838516712,0.099755049,-1.727717753,-1.736364460,0.416252634,4.563223122,88.439959998,0.172883231,-0.031830840,0.005355359,-0.013754434,-0.000230515,0.005338242,-0.008646707,-0.008646707,-0.000000000,-5.397613007,-0.199760638,3.861009184,-1.736364460,-1.736364460,0.000000000,0.000000000
2134,1782712827.939089537,0.100572824,-1.736364460,-1.753946635,0.330443532,5.220011347,85.391768351,0.183793043,-0.032070462,-0.000679245,-0.016721565,-0.000184193,-0.000676417,-0.017582175,-0.017582175,-0.000000000,-5.414334572,-0.199944830,3.860332767,-1.753946635,-1.753946635,0.000000000,0.000000000
2135,1782712828.038690329,0.099600792,-1.753946635,-1.763614703,0.329105313,4.758790599,82.638123753,0.171354560,-0.017709778,0.004665227,-0.014215764,-0.000101373,0.004649069,-0.009668068,-0.009668068,-0.000000000,-5.428550335,-0.200046204,3.864981836,-1.763614703,-1.763614703,0.000000000,0.000000000
2136,1782712828.138872385,0.100182056,-1.763614703,-1.771963817,0.450547240,4.980334026,81.308472687,0.173132790,-0.000734665,0.006712507,-0.015030317,-0.000005755,0.006686958,-0.008349114,-0.008349114,0.000000000,-5.443580652,-0.200051959,3.871668793,-1.771963817,-1.771963817,0.000000000,0.000000000
2137,1782712828.238815546,0.099943161,-1.771963817,-1.779828916,0.602083818,4.375403328,81.765579398,0.168948485,-0.004147824,0.005082701,-0.012889248,-0.000043459,0.005067608,-0.007865099,-0.007865099,0.000000000,-5.456469900,-0.200095418,3.876736402,-1.779828916,-1.779828916,0.000000000,0.000000000
2138,1782712828.339121580,0.100306034,-1.779828916,-1.786039791,0.296714029,4.530493771,82.057208223,0.171374173,-0.005070136,0.007375230,-0.013536788,-0.000026174,0.007352087,-0.006210875,-0.006210875,-0.000000000,-5.470006688,-0.200121592,3.884088488,-1.786039791,-1.786039791,0.000000000,0.000000000
2139,1782712828.439075708,0.099954128,-1.786039791,-1.794327114,0.121038902,4.054713848,82.193481377,0.181068439,-0.010173504,0.004548689,-0.012803178,-0.000021438,0.004537293,-0.008287323,-0.008287323,0.000000000,-5.482809865,-0.200143030,3.888625781,-1.794327114,-1.794327114,0.000000000,0.000000000
2140,1782712828.538817406,0.099741697,-1.794327114,-1.803442547,0.178080715,4.009125619,82.001969631,0.164601587,-0.000448747,0.002400022,-0.011508179,-0.000001391,0.002394137,-0.009115433,-0.009115433,-0.000000000,-5.494318044,-0.200144421,3.891019919,-1.803442547,-1.803442547,0.000000000,0.000000000
2141,1782712828.739196539,0.200379133,-1.803442547,-1.814352878,-0.080770574,4.224725808,81.870782938,0.347931840,-0.035809788,0.014710956,-0.025631644,0.000050344,0.014670968,-0.010910332,-0.010910332,-0.000000000,-5.519949688,-0.200094077,3.905690887,-1.814352878,-1.814352878,0.000000000,0.000000000
2142,1782712828.838915586,0.099719048,-1.814352878,-1.824141000,0.009193923,5.276662568,80.787451576,0.177339023,-0.040218706,0.006555068,-0.016308984,-0.000006426,0.006527289,-0.009788122,-0.009788122,-0.000000000,-5.536258672,-0.200100503,3.912218176,-1.824141000,-1.824141000,0.000000000,0.000000000
2143,1782712828.940024137,0.101108551,-1.824141000,-1.825405060,-0.291245010,4.325766455,78.025652450,0.169307751,-0.024315091,0.011415765,-0.012770403,0.000123245,0.011383098,-0.001264060,-0.001264060,-0.000000000,-5.549029076,-0.199977258,3.923601273,-1.825405060,-1.825405060,0.000000000,0.000000000
2144,1782712829.040177107,0.100152969,-1.825405060,-1.841301638,-0.025031100,3.858331346,75.432985204,0.173055693,-0.030829414,-0.004274839,-0.011644866,0.000013438,-0.004265149,-0.015896577,-0.015896577,-0.000000000,-5.560673942,-0.199963820,3.919336124,-1.841301638,-1.841301638,0.000000000,0.000000000
2145,1782712829.138955355,0.098778248,-1.841301638,-1.861005831,-0.375686873,4.134619645,73.107183230,0.180063280,-0.029685146,-0.006933943,-0.012982583,0.000194137,-0.006915748,-0.019704194,-0.019704194,0.000000000,-5.573656524,-0.199769683,3.912420376,-1.861005831,-1.861005831,0.000000000,0.000000000
2146,1782712829.239994287,0.101038933,-1.861005831,-1.855898059,-0.336750109,3.970268649,70.949771296,0.169494772,-0.017321031,0.016782397,-0.011735618,0.000101558,0.016741832,0.005107772,0.005107772,-0.000000000,-5.585392142,-0.199668125,3.929162208,-1.855898059,-1.855898059,0.000000000,0.000000000
2147,1782712829.339138031,0.099143744,-1.855898059,-1.872857641,-0.502245578,4.327631052,69.835662138,0.180298103,0.011416065,-0.003264003,-0.013605225,-0.000099785,-0.003254571,-0.016959581,-0.016959581,0.000000000,-5.598997367,-0.199767910,3.925907636,-1.872857641,-1.872857641,0.000000000,0.000000000
2148,1782712829.440398455,0.101260424,-1.872857641,-1.878540965,-0.450041048,3.957103695,70.256850045,0.175936732,-0.006699715,0.006421006,-0.012141323,0.000052498,0.006405500,-0.005683324,-0.005683324,-0.000000000,-5.611138690,-0.199715412,3.932313137,-1.878540965,-1.878540965,0.000000000,0.000000000
2149,1782712829.539664745,0.099266291,-1.878540965,-1.880788333,-0.415349478,3.301847689,71.207072054,0.169680894,0.010505567,0.007614480,-0.009772978,-0.000076030,0.007601640,-0.002247368,-0.002247368,0.000000000,-5.620911668,-0.199791442,3.939914777,-1.880788333,-1.880788333,0.000000000,0.000000000
2150,1782712829.639598131,0.099933386,-1.880788333,-1.900775662,-0.585070439,3.962222945,71.941994062,0.187312261,-0.036253773,-0.007431750,-0.012943040,0.000369311,-0.007413600,-0.019987329,-0.019987329,-0.000000000,-5.633854708,-0.199422131,3.932501177,-1.900775662,-1.900775662,0.000000000,0.000000000
2151,1782712829.738786936,0.099188805,-1.900775662,-1.909341809,-0.303225672,3.743823150,71.308939222,0.177352022,-0.028305101,0.002870840,-0.011580298,0.000149478,0.002864674,-0.008566146,-0.008566146,-0.000000000,-5.645435006,-0.199272653,3.935365850,-1.909341809,-1.909341809,0.000000000,0.000000000
2152,1782712829.839839220,0.101052284,-1.909341809,-1.923474336,-0.528467446,3.924466362,68.023991152,0.185048963,-0.052935277,-0.001959308,-0.012664994,0.000487097,-0.001954630,-0.014132528,-0.014132528,0.000000000,-5.658100000,-0.198785556,3.933411220,-1.923474336,-1.923474336,0.000000000,0.000000000
2153,1782712829.938902855,0.099063635,-1.923474336,-1.940705159,-0.165267036,4.349584986,64.862654912,0.184964817,-0.030396430,-0.003299721,-0.014028043,0.000087424,-0.003290204,-0.017230822,-0.017230822,-0.000000000,-5.672128044,-0.198698132,3.930121016,-1.940705159,-1.940705159,0.000000000,0.000000000
2154,1782712830.039094925,0.100192070,-1.940705159,-1.929547127,0.041526143,4.279557194,61.243974526,0.163535320,-0.052148340,0.023464637,-0.012203485,-0.000037690,0.023399207,0.011158032,0.011158032,0.000000000,-5.684331529,-0.198735822,3.953520224,-1.929547127,-1.929547127,0.000000000,0.000000000
2155,1782712830.139986038,0.100891113,-1.929547127,-1.947152956,-0.382306074,4.421228702,58.077845098,0.184988465,-0.026063619,-0.003529328,-0.014260472,0.000173391,-0.003518747,-0.017605829,-0.017605829,0.000000000,-5.698592001,-0.198562431,3.950001477,-1.947152956,-1.947152956,0.000000000,0.000000000
2156,1782712830.239068270,0.099082232,-1.947152956,-1.947812961,-0.085856851,3.398700195,55.370595398,0.177090960,-0.043785389,0.009790341,-0.010498612,0.000065496,0.009773110,-0.000660006,-0.000660006,-0.000000000,-5.709090613,-0.198496935,3.959774587,-1.947812961,-1.947812961,0.000000000,0.000000000
2157,1782712830.338845015,0.099776745,-1.947812961,-1.960942208,-0.559292840,2.782599047,52.084496260,0.178088047,-0.029161814,-0.004773888,-0.008645538,0.000284323,-0.004768032,-0.013129247,-0.013129247,-0.000000000,-5.717736152,-0.198212612,3.955006555,-1.960942208,-1.960942208,0.000000000,0.000000000
2158,1782712830.439052343,0.100207329,-1.960942208,-1.970724392,-0.806264006,3.050260892,48.585118074,0.180959291,-0.043042848,-0.000758956,-0.009629197,0.000604819,-0.000757806,-0.009782184,-0.009782184,-0.000000000,-5.727365349,-0.197607793,3.954248749,-1.970724392,-1.970724392,0.000000000,0.000000000
2159,1782712830.539008141,0.099955797,-1.970724392,-1.968753740,-0.767147930,3.200183947,45.407887503,0.182094832,-0.012917987,0.011983115,-0.010165391,0.000172687,0.011963356,0.001970652,0.001970652,-0.000000000,-5.737530740,-0.197435105,3.966212105,-1.968753740,-1.968753740,0.000000000,0.000000000
2160,1782712830.638853788,0.099845648,-1.968753740,-1.971094790,-0.918193997,3.357977627,44.016382881,0.181496545,-0.002339214,0.008267803,-0.010631019,0.000037421,0.008252548,-0.002341050,-0.002341050,0.000000000,-5.748161759,-0.197397684,3.974464653,-1.971094790,-1.971094790,0.000000000,0.000000000
2161,1782712830.739641666,0.100787878,-1.971094790,-1.975242750,-0.918574201,2.807793114,44.697856926,0.167020140,0.007242141,0.004155110,-0.008181586,-0.000115963,0.004149588,-0.004147960,-0.004147960,-0.000000000,-5.756343344,-0.197513647,3.978614241,-1.975242750,-1.975242750,0.000000000,0.000000000
2162,1782712830.839086533,0.099444866,-1.975242750,-1.973704669,-1.240703793,2.424474745,45.316076996,0.177076246,0.002753786,0.009098687,-0.007490757,-0.000059573,0.009088411,0.001538081,0.001538081,0.000000000,-5.763834101,-0.197573220,3.987702652,-1.973704669,-1.973704669,0.000000000,0.000000000
2163,1782712830.939017534,0.099931002,-1.973704669,-1.976631731,-1.394213657,1.746203166,46.328913780,0.161122495,-0.005475121,0.001850960,-0.004909769,0.000133154,0.001849553,-0.002927062,-0.002927062,-0.000000000,-5.768743871,-0.197440066,3.989552205,-1.976631731,-1.976631731,0.000000000,0.000000000
2164,1782712831.038684845,0.099667311,-1.976631731,-1.975067747,-1.158013578,1.747674996,47.286968500,0.180700286,-0.015869334,0.006758931,-0.005510989,0.000320566,0.006754407,0.001563984,0.001563984,-0.000000000,-5.774254859,-0.197119499,3.996306612,-1.975067747,-1.975067747,0.000000000,0.000000000
2165,1782712831.139030933,0.100346088,-1.975067747,-1.985250284,-1.283531931,2.306561617,46.528769072,0.190819096,-0.057904691,-0.003802838,-0.007679748,0.001296013,-0.003798803,-0.010182538,-0.010182538,-0.000000000,-5.781934607,-0.195823486,3.992507809,-1.985250284,-1.985250284,0.000000000,0.000000000
2166,1782712831.238965034,0.099934101,-1.985250284,-1.986290319,-0.972537369,2.450133680,43.119414172,0.180248398,-0.059097862,0.005669399,-0.007705595,0.001002161,0.005663400,-0.001040035,-0.001040035,0.000000000,-5.789640202,-0.194821325,3.998171208,-1.986290319,-1.986290319,0.000000000,0.000000000
2167,1782712831.339711905,0.100746870,-1.986290319,-1.987691851,-1.001262197,2.379634785,38.530055536,0.170867150,-0.040896443,0.004983994,-0.007094493,0.000714026,0.004978936,-0.001401532,-0.001401532,0.000000000,-5.796734696,-0.194107299,4.003150144,-1.987691851,-1.987691851,0.000000000,0.000000000
2168,1782712831.438930511,0.099218607,-1.987691851,-1.990194454,-0.756314738,1.447060832,34.330024256,0.176872345,-0.012169550,0.001804153,-0.004466609,0.000160584,0.001803421,-0.002502603,-0.002502603,0.000000000,-5.801201305,-0.193946715,4.004953565,-1.990194454,-1.990194454,0.000000000,0.000000000
2169,1782712831.639604568,0.200674057,-1.990194454,-1.993675771,-0.801825977,1.338326065,32.111489088,0.352332569,0.003629635,0.004800347,-0.008229105,-0.000050779,0.004798568,-0.003481317,-0.003481317,0.000000000,-5.809430409,-0.193997495,4.009752133,-1.993675771,-1.993675771,0.000000000,0.000000000
2170,1782712831.738940001,0.099335432,-1.993675771,-2.002440867,-0.667365997,1.757633853,34.229434057,0.183449667,0.003682672,-0.003097179,-0.005626711,-0.000042874,-0.003095512,-0.008765096,-0.008765096,0.000000000,-5.815057120,-0.194040368,4.006656622,-2.002440867,-2.002440867,0.000000000,0.000000000
2171,1782712831.839963913,0.101023912,-2.002440867,-2.000719518,-0.980952178,1.649895721,35.233589724,0.182202332,0.000578304,0.006981155,-0.005245994,-0.000009896,0.006977238,0.001721348,0.001721348,0.000000000,-5.820303114,-0.194050265,4.013633860,-2.000719518,-2.000719518,0.000000000,0.000000000
2172,1782712831.938433409,0.098469496,-2.000719518,-2.005091996,-0.894590906,2.039809022,36.008525974,0.180571881,-0.022825085,0.001699917,-0.006427251,0.000356140,0.001698633,-0.004372477,-0.004372477,-0.000000000,-5.826730365,-0.193694124,4.015332493,-2.005091996,-2.005091996,0.000000000,0.000000000
2173,1782712832.038917542,0.100484133,-2.005091996,-2.010999184,-1.242104342,2.442644217,35.702124874,0.185240399,-0.039634311,0.001130539,-0.007894811,0.000858377,0.001129246,-0.005907188,-0.005907188,-0.000000000,-5.834625176,-0.192835747,4.016461739,-2.010999184,-2.010999184,0.000000000,0.000000000
2174,1782712832.138710737,0.099793196,-2.010999184,-2.013213367,-0.660150110,2.500938011,32.528076790,0.173612427,-0.026762739,0.005058624,-0.007575707,0.000308054,0.005053470,-0.002214183,-0.002214183,0.000000000,-5.842200883,-0.192527693,4.021515209,-2.013213367,-2.013213367,0.000000000,0.000000000
2175,1782712832.239713907,0.101003170,-2.013213367,-2.002015788,-1.505780876,2.176327804,30.044649421,0.175718269,-0.021762707,0.017317475,-0.006672893,0.000571464,0.017299008,0.011197579,0.011197579,0.000000000,-5.848873776,-0.191956229,4.038814217,-2.002015788,-2.002015788,0.000000000,0.000000000
2176,1782712832.338644743,0.098930836,-2.002015788,-2.011260682,-0.977784550,1.555604101,28.325235563,0.174287452,0.001637620,-0.004487870,-0.004731395,-0.000027935,-0.004485563,-0.009244893,-0.009244893,-0.000000000,-5.853605171,-0.191984165,4.034328654,-2.011260682,-2.011260682,0.000000000,0.000000000
2177,1782712832.439176083,0.100531340,-2.011260682,-2.016504909,-1.405409719,1.373688891,28.335774596,0.176446739,0.004658759,-0.000900552,-0.004229975,-0.000114231,-0.000900022,-0.005244227,-0.005244227,-0.000000000,-5.857835146,-0.192098395,4.033428632,-2.016504909,-2.016504909,0.000000000,0.000000000
2178,1782712832.539729357,0.100553274,-2.016504909,-2.013274301,-1.295872239,1.483471943,28.995441219,0.185936490,-0.010519358,0.007811035,-0.004813631,0.000237819,0.007806420,0.003230608,0.003230608,0.000000000,-5.862648777,-0.191860576,4.041235052,-2.013274301,-2.013274301,0.000000000,0.000000000
2179,1782712832.639066696,0.099337339,-2.013274301,-2.015594906,-1.354614494,1.650236518,29.456142070,0.176819468,-0.023068202,0.002227890,-0.005092061,0.000545113,0.002226343,-0.002320605,-0.002320605,0.000000000,-5.867740838,-0.191315464,4.043461395,-2.015594906,-2.015594906,0.000000000,0.000000000
2180,1782712832.739436150,0.100369453,-2.015594906,-2.009078397,-1.331176026,1.454062996,28.436035022,0.178986566,-0.026602100,0.010446756,-0.004541867,0.000617803,0.010440574,0.006516510,0.006516510,0.000000000,-5.872282705,-0.190697661,4.053901969,-2.009078397,-2.009078397,0.000000000,0.000000000
2181,1782712832.839841366,0.100405216,-2.009078397,-2.015320996,-0.978582047,1.355725650,25.920334606,0.181929993,-0.015503975,-0.002203847,-0.004304403,0.000264713,-0.002202909,-0.006242599,-0.006242599,0.000000000,-5.876587108,-0.190432948,4.051699061,-2.015320996,-2.015320996,0.000000000,0.000000000
2182,1782712832.939027548,0.099186182,-2.015320996,-2.021790103,-1.320656497,1.250211324,24.980009693,0.184322781,-0.000435784,-0.002458727,-0.004021660,0.000010041,-0.002457488,-0.006469107,-0.006469107,0.000000000,-5.880608768,-0.190422907,4.049241572,-2.021790103,-2.021790103,0.000000000,0.000000000
2183,1782712833.038802624,0.099775076,-2.021790103,-2.007371025,-1.475644548,1.357045924,25.509209340,0.156713005,0.003315734,0.018226984,-0.003711388,-0.000085363,0.018215828,0.014419078,0.014419078,-0.000000000,-5.884320156,-0.190508270,4.067457401,-2.007371025,-2.007371025,0.000000000,0.000000000
2184,1782712833.139010906,0.100208282,-2.007371025,-2.022278999,-1.188897140,1.774826359,25.972582463,0.202528820,-0.003564047,-0.008715300,-0.006272644,0.000073914,-0.008709244,-0.014907974,-0.014907974,0.000000000,-5.890592800,-0.190434356,4.058748157,-2.022278999,-2.022278999,0.000000000,0.000000000
2185,1782712833.239227772,0.100216866,-2.022278999,-2.018577049,-1.021670723,1.397104219,26.391053894,0.160961864,-0.000630427,0.007618704,-0.003924516,0.000011238,0.007615228,0.003701949,0.003701949,-0.000000000,-5.894517316,-0.190423118,4.066363385,-2.018577049,-2.018577049,0.000000000,0.000000000
2186,1782712833.339119673,0.099891901,-2.018577049,-2.024818796,-1.506476074,1.466588714,27.134746254,0.174261259,0.005347094,-0.001642280,-0.004460044,-0.000140529,-0.001641174,-0.006241747,-0.006241747,0.000000000,-5.898977360,-0.190563647,4.064722211,-2.024818796,-2.024818796,0.000000000,0.000000000
2187,1782712833.439848423,0.100728750,-2.024818796,-2.023656670,-0.974838731,1.183549352,27.812691572,0.185313297,-0.003997525,0.004923606,-0.003827714,0.000067997,0.004921843,0.001162126,0.001162126,0.000000000,-5.902805073,-0.190495650,4.069644054,-2.023656670,-2.023656670,0.000000000,0.000000000
2188,1782712833.538846970,0.098998547,-2.023656670,-2.034185403,-1.256039423,1.300777914,28.464756766,0.186050722,0.002377359,-0.006256229,-0.004223520,-0.000052099,-0.006253114,-0.010528734,-0.010528734,-0.000000000,-5.907028593,-0.190547749,4.063390939,-2.034185403,-2.034185403,0.000000000,0.000000000
2189,1782712833.638812065,0.099965096,-2.034185403,-2.033708377,-1.287642253,1.626848890,29.195306010,0.180087220,0.000824951,0.005611921,-0.005112686,-0.000018531,0.005608242,0.000477026,0.000477026,0.000000000,-5.912141279,-0.190566280,4.068999182,-2.033708377,-2.033708377,0.000000000,0.000000000
2190,1782712833.738738537,0.099926472,-2.033708377,-2.038198037,-1.476462678,1.767345151,29.953969995,0.179141340,-0.008816043,0.000808861,-0.005524916,0.000227049,0.000808208,-0.004489659,-0.004489659,-0.000000000,-5.917666195,-0.190339231,4.069807390,-2.038198037,-2.038198037,0.000000000,0.000000000
2191,1782712833.839195251,0.100456715,-2.038198037,-2.038042897,-1.691882716,1.986534550,30.178866937,0.180644803,-0.033890226,0.005422751,-0.006261984,0.000999995,0.005417129,0.000155140,0.000155140,0.000000000,-5.923928179,-0.189339236,4.075224519,-2.038042897,-2.038042897,0.000000000,0.000000000
2192,1782712833.938993931,0.099798679,-2.038042897,-2.034179491,-2.075884865,1.263998182,27.887238268,0.161955741,-0.016777172,0.006834584,-0.003572604,0.000607573,0.006828437,0.003863406,0.003863406,-0.000000000,-5.927500784,-0.188731663,4.082052956,-2.034179491,-2.034179491,0.000000000,0.000000000
2193,1782712834.039075851,0.100081921,-2.034179491,-2.030694521,-2.349586590,1.264109205,25.612662303,0.194096702,-0.040356844,0.006119497,-0.004281982,0.001654088,0.006112864,0.003484970,0.003484970,-0.000000000,-5.931782766,-0.187077575,4.088165820,-2.030694521,-2.030694521,0.000000000,0.000000000
2194,1782712834.139188290,0.100112438,-2.030694521,-2.032558354,-2.282212921,1.042348841,23.367955351,0.171787810,-0.017089958,0.000581351,-0.003125063,0.000680437,0.000580794,-0.001863833,-0.001863833,-0.000000000,-5.934907830,-0.186397138,4.088746614,-2.032558354,-2.032558354,0.000000000,0.000000000
2195,1782712834.238962173,0.099773884,-2.032558354,-2.033771054,-2.197854307,1.575792081,21.108253753,0.183217603,-0.012589029,0.003346769,-0.005038355,0.000482612,0.003343043,-0.001212700,-0.001212700,0.000000000,-5.939946184,-0.185914527,4.092089657,-2.033771054,-2.033771054,0.000000000,0.000000000
2196,1782712834.339186668,0.100224495,-2.033771054,-2.032285528,-2.289251739,1.191826421,19.964161086,0.181575488,-0.002121055,0.005182810,-0.003776733,0.000084706,0.005177553,0.001485526,0.001485526,-0.000000000,-5.943722917,-0.185829821,4.097267210,-2.032285528,-2.032285528,0.000000000,0.000000000
2197,1782712834.439091206,0.099904537,-2.032285528,-2.041612902,-3.110024857,1.446420642,20.573020720,0.179443632,-0.003750525,-0.005010224,-0.004529538,0.000203414,-0.005001250,-0.009327374,-0.009327374,0.000000000,-5.948252455,-0.185626406,4.092265959,-2.041612902,-2.041612902,0.000000000,0.000000000
2198,1782712834.538968563,0.099877357,-2.041612902,-2.042029697,-3.733960649,1.157127688,20.958989050,0.180907255,-0.008172885,0.002710669,-0.003653298,0.000532141,0.002704363,-0.000416795,-0.000416795,-0.000000000,-5.951905753,-0.185094266,4.094970322,-2.042029697,-2.042029697,0.000000000,0.000000000
2199,1782712834.638983965,0.100015402,-2.042029697,-2.044976444,-4.136400689,1.452791637,20.736774414,0.188234701,-0.016826913,0.000614063,-0.004772367,0.001213354,0.000612267,-0.002946747,-0.002946747,-0.000000000,-5.956678120,-0.183880912,4.095582588,-2.044976444,-2.044976444,0.000000000,0.000000000
2200,1782712834.739078999,0.100095034,-2.044976444,-2.035713627,-4.516922221,1.729340296,19.407770757,0.161816208,-0.022262723,0.012437931,-0.004883306,0.001752469,0.012393653,0.009262817,0.009262817,0.000000000,-5.961561426,-0.182128442,4.107976241,-2.035713627,-2.035713627,0.000000000,0.000000000
2201,1782712834.839680195,0.100601196,-2.035713627,-2.044130521,-4.921544983,1.571240769,17.853638386,0.196807202,-0.039823983,-0.006461985,-0.005396431,0.003415278,-0.006435740,-0.008416894,-0.008416894,-0.000000000,-5.966957857,-0.178713165,4.101540502,-2.044130521,-2.044130521,0.000000000,0.000000000
2202,1782712834.939193010,0.099512815,-2.044130521,-2.050392378,-4.526846213,1.562161338,15.434270024,0.178566123,-0.032544400,-0.003975406,-0.004867977,0.002567651,-0.003961532,-0.006261857,-0.006261857,-0.000000000,-5.971825834,-0.176145514,4.097578970,-2.050392378,-2.050392378,0.000000000,0.000000000
2203,1782712835.038985729,0.099792719,-2.050392378,-2.033851488,-3.984706896,1.057722072,12.656024862,0.167705616,-0.029289407,0.017647363,-0.003095793,0.002034980,0.017601703,0.016540890,0.016540890,0.000000000,-5.974921627,-0.174110534,4.115180673,-2.033851488,-2.033851488,0.000000000,0.000000000
2204,1782712835.139505863,0.100520134,-2.033851488,-2.041373137,-4.134941085,1.185424375,10.169449884,0.180790097,-0.028668585,-0.005864692,-0.003740200,0.002066726,-0.005848174,-0.007521649,-0.007521649,0.000000000,-5.978661828,-0.172043807,4.109332498,-2.041373137,-2.041373137,0.000000000,0.000000000
2205,1782712835.239491701,0.099985838,-2.041373137,-2.043693328,-3.631278702,0.814954059,8.115840331,0.185538134,-0.011346687,-0.000400673,-0.002638937,0.000718574,-0.000399828,-0.002320192,-0.002320192,-0.000000000,-5.981300765,-0.171325234,4.108932670,-2.043693328,-2.043693328,0.000000000,0.000000000
2206,1782712835.338592291,0.099100590,-2.043693328,-2.033112103,-2.826275660,0.338447467,6.684424316,0.167859974,-0.008470564,0.011168895,-0.000991547,0.000417658,0.011155115,0.010581226,0.010581226,0.000000000,-5.982292312,-0.170907576,4.120087785,-2.033112103,-2.033112103,0.000000000,0.000000000
2207,1782712835.439040899,0.100448608,-2.033112103,-2.031408127,-2.826284812,0.316048856,6.185474144,0.179528110,-0.021919363,0.001615471,-0.000990289,0.001080783,0.001613481,0.001703975,0.001703975,-0.000000000,-5.983282600,-0.169826793,4.121701266,-2.031408127,-2.031408127,0.000000000,0.000000000
2208,1782712835.538878441,0.099837542,-2.031408127,-2.022849825,-3.105540095,0.117377805,6.179733461,0.184546817,-0.000643725,0.008914607,-0.000378068,0.000034874,0.008901497,0.008558303,0.008558303,-0.000000000,-5.983660668,-0.169791919,4.130602763,-2.022849825,-2.022849825,0.000000000,0.000000000
2209,1782712835.639038324,0.100159883,-2.022849825,-2.026653826,-2.455589841,-0.544317408,6.012147296,0.165474373,-0.009481304,-0.005787790,0.001572005,0.000406208,-0.005782214,-0.003804002,-0.003804002,0.000000000,-5.982088663,-0.169385711,4.124820548,-2.026653826,-2.026653826,0.000000000,0.000000000
2210,1782712835.738806725,0.099768400,-2.026653826,-2.018097351,-2.235871689,-0.898171037,6.465819758,0.179043839,0.002990579,0.005871741,0.002806584,-0.000116658,0.005866549,0.008556475,0.008556475,-0.000000000,-5.979282080,-0.169502369,4.130687098,-2.018097351,-2.018097351,0.000000000,0.000000000
2211,1782712835.838936806,0.100130081,-2.018097351,-2.019933342,-2.168074926,-0.847971701,7.115879342,0.179271344,-0.007549473,-0.004778608,0.002653101,0.000285573,-0.004774664,-0.001835991,-0.001835991,0.000000000,-5.976628979,-0.169216796,4.125912433,-2.019933342,-2.019933342,0.000000000,0.000000000
2212,1782712835.938892603,0.099955797,-2.019933342,-2.010921484,-2.089287774,-0.830471228,7.886813268,0.165595853,-0.017213400,0.005988849,0.002400138,0.000627481,0.005984240,0.009011858,0.009011858,-0.000000000,-5.974228841,-0.168589316,4.131896673,-2.010921484,-2.010921484,0.000000000,0.000000000
2213,1782712836.038920164,0.100027561,-2.010921484,-2.010457293,-1.966194346,-0.254532933,6.649599298,0.179581423,-0.023216203,-0.001130799,0.000797777,0.000796536,-0.001130122,0.000464191,0.000464191,0.000000000,-5.973431064,-0.167792779,4.130766551,-2.010457293,-2.010457293,0.000000000,0.000000000
2214,1782712836.139064550,0.100144386,-2.010457293,-2.005401456,-2.183241714,-0.051003820,5.230663382,0.193272625,-0.025432820,0.003917758,0.000172048,0.000968877,0.003914912,0.005055837,0.005055837,-0.000000000,-5.973259016,-0.166823903,4.134681463,-2.005401456,-2.005401456,0.000000000,0.000000000
2215,1782712836.239721775,0.100657225,-2.005401456,-1.998895724,-2.431881333,-0.212223492,3.559934058,0.162113884,-0.016171847,0.005223811,0.000600468,0.000686193,0.005219071,0.006505732,0.006505732,0.000000000,-5.972658548,-0.166137710,4.139900534,-1.998895724,-1.998895724,0.000000000,0.000000000
2216,1782712836.339119434,0.099397659,-1.998895724,-1.995651925,-2.571653055,-0.299499815,2.231836921,0.186314876,-0.009502545,0.001845410,0.000973911,0.000426361,0.001843527,0.003243799,0.003243799,0.000000000,-5.971684636,-0.165711349,4.141744060,-1.995651925,-1.995651925,0.000000000,0.000000000
2217,1782712836.439477444,0.100358009,-1.995651925,-1.984356539,-2.464799391,-0.346492401,1.111878439,0.171965935,-0.012862272,0.009711462,0.001039946,0.000553140,0.009702300,0.011295386,0.011295386,0.000000000,-5.970644690,-0.165158209,4.151446360,-1.984356539,-1.984356539,0.000000000,0.000000000
2218,1782712836.539096117,0.099618673,-1.984356539,-1.978943615,-2.714013324,-0.364721539,0.402657058,0.171547038,-0.008329555,0.003931019,0.001091991,0.000394403,0.003926530,0.005412924,0.005412924,-0.000000000,-5.969552699,-0.164763807,4.155372890,-1.978943615,-1.978943615,0.000000000,0.000000000
2219,1782712836.638959408,0.099863291,-1.978943615,-1.984021853,-2.656494941,-0.569108976,-0.154754849,0.181199477,-0.016680880,-0.007659727,0.001799793,0.000773087,-0.007651118,-0.005078238,-0.005078238,-0.000000000,-5.967752906,-0.163990720,4.147721772,-1.984021853,-1.984021853,0.000000000,0.000000000
2220,1782712836.738876343,0.099916935,-1.984021853,-1.981578284,-2.597502316,-0.038923177,-0.456114972,0.174145542,-0.001932677,0.002239980,0.000118304,0.000087588,0.002237678,0.002443570,0.002443570,-0.000000000,-5.967634602,-0.163903132,4.149959450,-1.981578284,-1.981578284,0.000000000,0.000000000
2221,1782712836.839208841,0.100332499,-1.981578284,-1.978498466,-1.876975547,0.668219360,-0.898366770,0.175065550,-0.006212792,0.004920993,-0.002041678,0.000203477,0.004918018,0.003079817,0.003079817,-0.000000000,-5.969676280,-0.163699655,4.154877469,-1.978498466,-1.978498466,0.000000000,0.000000000
2222,1782712836.939107180,0.099898338,-1.978498466,-1.976737158,-1.986913988,0.640548940,-0.623316945,0.181821601,-0.001389188,0.003748301,-0.002032666,0.000048162,0.003745813,0.001761309,0.001761309,0.000000000,-5.971708947,-0.163651493,4.158623282,-1.976737158,-1.976737158,0.000000000,0.000000000
2223,1782712837.039371014,0.100263834,-1.976737158,-1.968130742,-2.087026542,0.008359731,0.041730295,0.163717560,0.008390557,0.008941797,-0.000023887,-0.000305563,0.008935865,0.008606415,0.008606415,0.000000000,-5.971732834,-0.163957055,4.167559147,-1.968130742,-1.968130742,0.000000000,0.000000000
2224,1782712837.139210939,0.099839926,-1.968130742,-1.970930653,-2.144331285,0.387531735,0.725640572,0.183809216,-0.007260640,-0.001829676,-0.001243222,0.000271664,-0.001828353,-0.002799910,-0.002799910,0.000000000,-5.972976056,-0.163685391,4.165730794,-1.970930653,-1.970930653,0.000000000,0.000000000
2225,1782712837.239235640,0.100024700,-1.970930653,-1.969085364,-2.084689075,0.350392196,1.021899599,0.177871113,-0.003527691,0.002806639,-0.001087764,0.000128323,0.002804729,0.001845289,0.001845289,-0.000000000,-5.974063819,-0.163557068,4.168535523,-1.969085364,-1.969085364,0.000000000,0.000000000
2226,1782712837.339493990,0.100258350,-1.969085364,-1.967815169,-1.636796049,0.480405181,1.345248913,0.177390281,-0.000730844,0.002737871,-0.001487338,0.000020875,0.002736658,0.001270194,0.001270194,0.000000000,-5.975551158,-0.163536193,4.171272181,-1.967815169,-1.967815169,0.000000000,0.000000000
2227,1782712837.439611197,0.100117207,-1.967815169,-1.968236666,-1.554915152,0.385938850,1.933065797,0.172020479,-0.003875668,0.000632291,-0.001158705,0.000105164,0.000632044,-0.000421497,-0.000421497,-0.000000000,-5.976709862,-0.163431029,4.171904225,-1.968236666,-1.968236666,0.000000000,0.000000000
2228,1782712837.538859367,0.099248171,-1.968236666,-1.962774571,-1.551360383,0.213082427,2.842621661,0.181998408,0.002930969,0.006220617,-0.000676849,-0.000079350,0.006218294,0.005462095,0.005462095,-0.000000000,-5.977386711,-0.163510379,4.178122518,-1.962774571,-1.962774571,0.000000000,0.000000000
2229,1782712837.638945818,0.100086451,-1.962774571,-1.959371249,-1.414505629,0.225616425,3.697058811,0.173910311,-0.002159957,0.004036078,-0.000684813,0.000053319,0.004034817,0.003403322,0.003403322,-0.000000000,-5.978071524,-0.163457060,4.182157336,-1.959371249,-1.959371249,0.000000000,0.000000000
2230,1782712837.739129782,0.100183964,-1.959371249,-1.953112650,-1.666765604,-0.497744893,4.413906808,0.175678861,-0.003206447,0.004641323,0.001526154,0.000093261,0.004639184,0.006258599,0.006258599,0.000000000,-5.976545371,-0.163363799,4.186796520,-1.953112650,-1.953112650,0.000000000,0.000000000
2231,1782712837.839168072,0.100038290,-1.953112650,-1.943139624,-1.567007101,-0.856490974,5.062742419,0.173225666,0.000659265,0.007405266,0.002589383,-0.000018026,0.007401670,0.009973026,0.009973026,0.000000000,-5.973955988,-0.163381825,4.194198190,-1.943139624,-1.943139624,0.000000000,0.000000000
2232,1782712837.938997984,0.099829912,-1.943139624,-1.942472132,-1.273036787,-0.780703275,5.528486710,0.185991784,-0.001302073,-0.001896294,0.002534216,0.000028925,-0.001895650,0.000667492,0.000667492,-0.000000000,-5.971421772,-0.163352900,4.192302540,-1.942472132,-1.942472132,0.000000000,0.000000000
2233,1782712838.039048433,0.100050449,-1.942472132,-1.930796105,-1.539882333,-0.651948507,6.249693587,0.170182377,-0.001516861,0.009702996,0.001936404,0.000040760,0.009698863,0.011676027,0.011676027,0.000000000,-5.969485368,-0.163312141,4.202001404,-1.930796105,-1.930796105,0.000000000,0.000000000
2234,1782712838.139007092,0.099958658,-1.930796105,-1.924398405,-1.534171429,-0.534989306,7.004607863,0.176070486,0.001420276,0.004793648,0.001644003,-0.000038024,0.004791721,0.006397700,0.006397700,-0.000000000,-5.967841365,-0.163350164,4.206793124,-1.924398405,-1.924398405,0.000000000,0.000000000
2235,1782712838.239057779,0.100050688,-1.924398405,-1.917406814,-1.381431709,-0.507080588,7.654872661,0.174777552,-0.006620141,0.005286941,0.001546801,0.000159593,0.005285197,0.006991591,0.006991591,0.000000000,-5.966294564,-0.163190571,4.212078322,-1.917406814,-1.917406814,0.000000000,0.000000000
2236,1782712838.338977098,0.099919319,-1.917406814,-1.911253238,-1.397636069,-0.660072436,8.241030070,0.175458630,-0.003983495,0.004036574,0.002021315,0.000097155,0.004035106,0.006153576,0.006153576,-0.000000000,-5.964273249,-0.163093416,4.216113427,-1.911253238,-1.911253238,0.000000000,0.000000000
2237,1782712838.439035892,0.100058794,-1.911253238,-1.898730975,-1.056444513,-0.479850211,8.719690167,0.167343628,0.005286908,0.011220556,0.001401481,-0.000097473,0.011218255,0.012522262,0.012522262,0.000000000,-5.962871768,-0.163190889,4.227331682,-1.898730975,-1.898730975,0.000000000,0.000000000
2238,1782712838.539502621,0.100466728,-1.898730975,-1.909600907,-1.548944100,-0.250829801,9.568121577,0.180252092,-0.003858743,-0.011767755,0.000789106,0.000104304,-0.011763343,-0.010869932,-0.010869932,-0.000000000,-5.962082662,-0.163086585,4.215568340,-1.909600907,-1.909600907,0.000000000,0.000000000
2239,1782712838.639129877,0.099627256,-1.909600907,-1.894380689,-1.441474141,-0.589266558,10.405829940,0.180083317,0.000598428,0.013388156,0.001852060,-0.000015053,0.013383212,0.015220218,0.015220218,-0.000000000,-5.960230602,-0.163101638,4.228951551,-1.894380689,-1.894380689,0.000000000,0.000000000
2240,1782712838.739211082,0.100081205,-1.894380689,-1.894314902,-1.813704693,0.168424619,11.041194860,0.178304302,-0.006247011,0.000392405,-0.000524136,0.000197716,0.000392207,0.000065787,0.000065787,-0.000000000,-5.960754738,-0.162903922,4.229343758,-1.894314902,-1.894314902,0.000000000,0.000000000
2241,1782712838.839080811,0.099869728,-1.894314902,-1.889897004,-1.338374814,-0.139204885,11.165703127,0.160582452,-0.027732100,0.003380948,0.000390148,0.000647735,0.003380016,0.004417898,0.004417898,0.000000000,-5.960364590,-0.162256188,4.232723774,-1.889897004,-1.889897004,0.000000000,0.000000000
2242,1782712838.939096928,0.100016117,-1.889897004,-1.901656225,-1.654310841,-0.154210622,9.128982808,0.199731894,-0.033343882,-0.013264978,0.000537574,0.000962606,-0.013259402,-0.011759221,-0.011759221,0.000000000,-5.959827016,-0.161293581,4.219464373,-1.901656225,-1.901656225,0.000000000,0.000000000
2243,1782712839.038658381,0.099561453,-1.901656225,-1.897745756,-1.558442579,0.182592510,6.658439666,0.168696130,-0.027102357,0.003712379,-0.000537607,0.000737088,0.003710987,0.003910468,0.003910468,0.000000000,-5.960364623,-0.160556493,4.223175359,-1.897745756,-1.897745756,0.000000000,0.000000000
2244,1782712839.139244080,0.100585699,-1.897745756,-1.890792631,-1.763384483,0.396942951,5.199647656,0.188860829,0.002738098,0.008349944,-0.001308410,-0.000084255,0.008345790,0.006953125,0.006953125,0.000000000,-5.961673033,-0.160640748,4.231521149,-1.890792631,-1.890792631,0.000000000,0.000000000
2245,1782712839.238976240,0.099732161,-1.890792631,-1.884249050,-2.140745560,0.534074281,4.773222416,0.169066299,-0.002018530,0.008050055,-0.001575904,0.000075398,0.008044088,0.006543581,0.006543581,-0.000000000,-5.963248937,-0.160565350,4.239565237,-1.884249050,-1.884249050,0.000000000,0.000000000
2246,1782712839.339160204,0.100183964,-1.884249050,-1.884647266,-1.934273557,1.214625758,5.364971996,0.179560735,-0.001372017,0.003364419,-0.003806262,0.000046299,0.003361747,-0.000398216,-0.000398216,-0.000000000,-5.967055199,-0.160519051,4.242926984,-1.884647266,-1.884647266,0.000000000,0.000000000
2247,1782712839.439199686,0.100039482,-1.884647266,-1.880879547,-1.920860726,0.896575242,5.963920404,0.177343454,0.002512616,0.006631459,-0.002774991,-0.000084210,0.006626921,0.003767720,0.003767720,-0.000000000,-5.969830190,-0.160603261,4.249553904,-1.880879547,-1.880879547,0.000000000,0.000000000
2248,1782712839.539555311,0.100355625,-1.880879547,-1.876581763,-1.854968434,0.791766721,6.648858073,0.181515689,-0.008068673,0.006548959,-0.002508274,0.000261155,0.006544902,0.004297783,0.004297783,-0.000000000,-5.972338464,-0.160342106,4.256098806,-1.876581763,-1.876581763,0.000000000,0.000000000
2249,1782712839.638974667,0.099419355,-1.876581763,-1.874694337,-1.815340775,0.916235380,7.279861326,0.175140907,0.010707181,0.005030352,-0.002800616,-0.000339143,0.005027185,0.001887426,0.001887426,-0.000000000,-5.975139079,-0.160681249,4.261125991,-1.874694337,-1.874694337,0.000000000,0.000000000
2250,1782712839.739573956,0.100599289,-1.874694337,-1.887922830,-1.548878301,0.675747841,7.971280575,0.192727781,-0.013787453,-0.011333083,-0.002272984,0.000372645,-0.011328154,-0.013228493,-0.013228493,0.000000000,-5.977412063,-0.160308603,4.249797837,-1.887922830,-1.887922830,0.000000000,0.000000000
2251,1782712839.838890553,0.099316597,-1.887922830,-1.881613752,-1.662578935,0.657049571,8.754815459,0.174103987,0.012801282,0.008681212,-0.001996525,-0.000371384,0.008676986,0.006309077,0.006309077,-0.000000000,-5.979408588,-0.160679988,4.258474823,-1.881613752,-1.881613752,0.000000000,0.000000000
2252,1782712839.939012527,0.100121975,-1.881613752,-1.886624376,-1.498953258,0.649738228,9.467436925,0.189200720,-0.012481110,-0.003192886,-0.002145504,0.000326468,-0.003191588,-0.005010623,-0.005010623,-0.000000000,-5.981554091,-0.160353519,4.255283235,-1.886624376,-1.886624376,0.000000000,0.000000000
2253,1782712840.039000988,0.099988461,-1.886624376,-1.886355888,-1.762897107,0.788652983,10.203368950,0.172288329,0.004855383,0.002790830,-0.002371404,-0.000149354,0.002789245,0.000268487,0.000268487,-0.000000000,-5.983925495,-0.160502874,4.258072480,-1.886355888,-1.886355888,0.000000000,0.000000000
2254,1782712840.138958693,0.099957705,-1.886355888,-1.886436508,-1.483355817,0.927043167,10.804067326,0.185237430,-0.024437893,0.002284918,-0.002997003,0.000632530,0.002283853,-0.000080620,-0.000080620,-0.000000000,-5.986922497,-0.159870344,4.260356333,-1.886436508,-1.886436508,0.000000000,0.000000000
2255,1782712840.238984585,0.100025892,-1.886436508,-1.882085936,-1.860381038,1.106545321,10.469058202,0.193511407,-0.035056745,0.006954688,-0.003737026,0.001137872,0.006949726,0.004350573,0.004350573,0.000000000,-5.990659524,-0.158732471,4.267306059,-1.882085936,-1.882085936,0.000000000,0.000000000
2256,1782712840.339067221,0.100082636,-1.882085936,-1.874463702,-1.932832639,0.996924400,7.798119026,0.163582216,-0.024262914,0.009657100,-0.002846124,0.000818213,0.009650144,0.007622234,0.007622234,-0.000000000,-5.993505647,-0.157914258,4.276956204,-1.874463702,-1.874463702,0.000000000,0.000000000
2257,1782712840.439057827,0.099990606,-1.874463702,-1.875548144,-1.671701899,1.188472017,5.596578309,0.191789175,0.003415859,0.002995055,-0.003977950,-0.000099628,0.002993136,-0.001084442,-0.001084442,0.000000000,-5.997483597,-0.158013886,4.279949340,-1.875548144,-1.875548144,0.000000000,0.000000000
2258,1782712840.539174795,0.100116968,-1.875548144,-1.868696289,-1.682649931,0.794157377,4.895888824,0.178369416,-0.002240061,0.009263208,-0.002472239,0.000065770,0.009258324,0.006851855,0.006851855,-0.000000000,-5.999955836,-0.157948116,4.289207663,-1.868696289,-1.868696289,0.000000000,0.000000000
2259,1782712840.638858557,0.099683762,-1.868696289,-1.875887029,-1.701873937,1.158258767,5.940653630,0.180852973,-0.001352460,-0.003577436,-0.003655771,0.000040158,-0.003575127,-0.007190740,-0.007190740,-0.000000000,-6.003611607,-0.157907958,4.285632536,-1.875887029,-1.875887029,0.000000000,0.000000000
2260,1782712840.738888502,0.100029945,-1.875887029,-1.878920105,-1.722264616,0.824149363,6.705843877,0.174580517,0.002568387,-0.000445039,-0.002511100,-0.000077184,-0.000444792,-0.003033077,-0.003033077,-0.000000000,-6.006122708,-0.157985142,4.285187744,-1.878920105,-1.878920105,0.000000000,0.000000000
2261,1782712840.838932037,0.100043535,-1.878920105,-1.871567174,-1.458720354,0.782995135,7.142222171,0.179729770,-0.006801467,0.009639911,-0.002456082,0.000173127,0.009635887,0.007352931,0.007352931,0.000000000,-6.008578790,-0.157812015,4.294823631,-1.871567174,-1.871567174,0.000000000,0.000000000
2262,1782712840.939410210,0.100478172,-1.871567174,-1.870271220,-1.796314991,1.234787204,7.895405856,0.178203754,0.007337187,0.005369971,-0.003840190,-0.000229942,0.005366085,0.001295954,0.001295954,-0.000000000,-6.012418980,-0.158041957,4.300189717,-1.870271220,-1.870271220,0.000000000,0.000000000
2263,1782712841.038935184,0.099524975,-1.870271220,-1.867735613,-1.667278372,0.902142228,8.666427865,0.168048000,0.001096361,0.005216222,-0.002645866,-0.000031895,0.005213368,0.002535607,0.002535607,-0.000000000,-6.015064846,-0.158073852,4.305403084,-1.867735613,-1.867735613,0.000000000,0.000000000
2264,1782712841.139629364,0.100694180,-1.867735613,-1.878295847,-1.965572283,1.071444752,9.269121659,0.206272364,-0.002748706,-0.006802568,-0.003857118,0.000094261,-0.006797377,-0.010560234,-0.010560234,-0.000000000,-6.018921963,-0.157979590,4.298605707,-1.878295847,-1.878295847,0.000000000,0.000000000
2265,1782712841.239049911,0.099420547,-1.878295847,-1.888897058,-1.757353406,1.301400314,9.886619553,0.183562255,-0.006799276,-0.006645485,-0.004169023,0.000208458,-0.006640646,-0.010601211,-0.010601211,0.000000000,-6.023090987,-0.157771132,4.291965061,-1.888897058,-1.888897058,0.000000000,0.000000000
2266,1782712841.339185715,0.100135803,-1.888897058,-1.877456830,-1.812061209,1.520941382,10.409204454,0.165111980,0.004452218,0.015977033,-0.004382455,-0.000140735,0.015963417,0.011440228,0.011440228,-0.000000000,-6.027473441,-0.157911867,4.307928478,-1.877456830,-1.877456830,0.000000000,0.000000000
2267,1782712841.439931631,0.100745916,-1.877456830,-1.882657915,-1.774249616,1.653929534,10.913475791,0.180803559,-0.004004884,-0.000106683,-0.005218444,0.000123946,-0.000106587,-0.005201085,-0.005201085,-0.000000000,-6.032691885,-0.157787921,4.307821891,-1.882657915,-1.882657915,0.000000000,0.000000000
2268,1782712841.539206743,0.099275112,-1.882657915,-1.878310720,-1.939455841,1.546596983,11.771853121,0.181672672,-0.000360963,0.009246980,-0.004903333,0.000012212,0.009238316,0.004347195,0.004347195,-0.000000000,-6.037595218,-0.157775709,4.317060208,-1.878310720,-1.878310720,0.000000000,0.000000000
2269,1782712841.639125824,0.099919081,-1.878310720,-1.878948474,-1.698790066,1.316097085,12.392733713,0.190014931,-0.014069223,0.003311903,-0.004364302,0.000416974,0.003309574,-0.000637754,-0.000637754,-0.000000000,-6.041959521,-0.157358735,4.320369782,-1.878948474,-1.878948474,0.000000000,0.000000000
2270,1782712841.739358187,0.100232363,-1.878948474,-1.875933047,-1.972335073,1.191329898,12.633025246,0.170987375,-0.026229433,0.005672492,-0.003555021,0.000902542,0.005667906,0.003015427,0.003015427,-0.000000000,-6.045514542,-0.156456193,4.326037688,-1.875933047,-1.875933047,0.000000000,0.000000000
2271,1782712841.839068890,0.099710703,-1.875933047,-1.878735020,-1.956228507,1.050957061,11.014955908,0.178032236,-0.035794569,-0.000758819,-0.003265402,0.001221678,-0.000758249,-0.002801973,-0.002801973,-0.000000000,-6.048779943,-0.155234516,4.325279439,-1.878735020,-1.878735020,0.000000000,0.000000000
2272,1782712841.939054012,0.099985123,-1.878735020,-1.876881692,-1.688448687,1.090936052,8.471295939,0.180711328,-0.035114014,0.004262126,-0.003440613,0.001034437,0.004259504,0.001853328,0.001853328,0.000000000,-6.052220556,-0.154200079,4.329538943,-1.876881692,-1.876881692,0.000000000,0.000000000
2273,1782712842.039193630,0.100139618,-1.876881692,-1.866665621,-1.729278129,0.863471451,6.124488448,0.179064665,-0.001447033,0.012878214,-0.002698478,0.000043662,0.012870887,0.010216072,0.010216072,0.000000000,-6.054919034,-0.154156416,4.342409830,-1.866665621,-1.866665621,0.000000000,0.000000000
2274,1782712842.139318466,0.100124836,-1.866665621,-1.871393435,-1.733307115,0.784616721,4.875126583,0.181320007,-0.020893979,-0.002878383,-0.002482945,0.000631927,-0.002876796,-0.004727814,-0.004727814,-0.000000000,-6.057401979,-0.153524489,4.339533033,-1.871393435,-1.871393435,0.000000000,0.000000000
2275,1782712842.239173174,0.099854708,-1.871393435,-1.870405042,-2.017294287,0.911723320,4.493237672,0.175966636,0.002130708,0.003866235,-0.002799964,-0.000074994,0.003863350,0.000988392,0.000988392,0.000000000,-6.060201942,-0.153599483,4.343396383,-1.870405042,-1.870405042,0.000000000,0.000000000
2276,1782712842.338804245,0.099631071,-1.870405042,-1.869909730,-2.055581113,0.967678909,4.279963322,0.182587890,-0.008071302,0.003292045,-0.003083614,0.000289468,0.003289458,0.000495312,0.000495312,-0.000000000,-6.063285556,-0.153310015,4.346685841,-1.869909730,-1.869909730,0.000000000,0.000000000
2277,1782712842.439088583,0.100284338,-1.869909730,-1.877683903,-2.218885536,1.733559626,4.906290752,0.182911359,-0.002203435,-0.002328875,-0.005533381,0.000085272,-0.002326064,-0.007774173,-0.007774173,-0.000000000,-6.068818937,-0.153224743,4.344359777,-1.877683903,-1.877683903,0.000000000,0.000000000
2278,1782712842.539575100,0.100486517,-1.877683903,-1.870153122,-2.296628265,1.693049833,5.248878701,0.163432752,0.003597518,0.012519018,-0.004828620,-0.000144100,0.012503501,0.007530781,0.007530781,-0.000000000,-6.073647557,-0.153368844,4.356863278,-1.870153122,-1.870153122,0.000000000,0.000000000
2279,1782712842.739150524,0.199575424,-1.870153122,-1.883697053,-2.366236663,1.189447060,5.872678315,0.386027812,0.001388765,-0.005479185,-0.008013272,-0.000057325,-0.005473333,-0.013543931,-0.013543931,-0.000000000,-6.081660829,-0.153426169,4.351389945,-1.883697053,-1.883697053,0.000000000,0.000000000
2280,1782712842.839784861,0.100634336,-1.883697053,-1.878309237,-2.217181517,0.961464947,7.109358658,0.163164353,0.000102642,0.008136911,-0.002737888,-0.000003970,0.008129674,0.005387816,0.005387816,0.000000000,-6.084398717,-0.153430140,4.359519619,-1.878309237,-1.878309237,0.000000000,0.000000000
2281,1782712842.938778639,0.098993778,-1.878309237,-1.878731940,-2.314925528,1.224628216,7.742203106,0.191971615,0.001083330,0.003727788,-0.004102849,-0.000043748,0.003723895,-0.000422702,-0.000422702,-0.000000000,-6.088501566,-0.153473888,4.363243514,-1.878731940,-1.878731940,0.000000000,0.000000000
2282,1782712843.038978338,0.100199699,-1.878731940,-1.875980681,-1.909538864,1.088741304,8.221023336,0.160311092,0.001436975,0.005849504,-0.003046067,-0.000047874,0.005845200,0.002751259,0.002751259,-0.000000000,-6.091547634,-0.153521761,4.369088714,-1.875980681,-1.875980681,0.000000000,0.000000000
2283,1782712843.239065409,0.200087070,-1.875980681,-1.882282943,-2.273311854,1.283145675,8.918772650,0.357090931,-0.005344346,0.001483764,-0.007996425,0.000211938,0.001482224,-0.006302263,-0.006302263,-0.000000000,-6.099544058,-0.153309824,4.370570939,-1.882282943,-1.882282943,0.000000000,0.000000000
2284,1782712843.339267731,0.100202322,-1.882282943,-1.889845436,-2.583792353,1.253169637,10.199340851,0.162411253,0.002655618,-0.003895731,-0.003551965,-0.000119688,-0.003890839,-0.007562493,-0.007562493,0.000000000,-6.103096024,-0.153429511,4.366680099,-1.889845436,-1.889845436,0.000000000,0.000000000
2285,1782712843.538992167,0.199724436,-1.889845436,-1.886060379,-2.234257236,0.498403920,10.730008848,0.344324229,-0.000883468,0.006751169,-0.002995166,0.000034441,0.006745782,0.003785057,0.003785057,-0.000000000,-6.106091190,-0.153395070,4.373425881,-1.886060379,-1.886060379,0.000000000,0.000000000
2286,1782712843.638848782,0.099856615,-1.886060379,-1.886785208,-2.238410462,0.705978830,11.745206224,0.162108495,-0.005634062,0.001053413,-0.001997394,0.000220037,0.001052529,-0.000724829,-0.000724829,-0.000000000,-6.108088584,-0.153175034,4.374478410,-1.886785208,-1.886785208,0.000000000,0.000000000
2287,1782712843.739816904,0.100968122,-1.886785208,-1.879554498,-2.220866588,0.902540790,12.377929588,0.156142855,0.002680628,0.009802663,-0.002459509,-0.000103866,0.009794085,0.007230710,0.007230710,0.000000000,-6.110548093,-0.153278900,4.384272494,-1.879554498,-1.879554498,0.000000000,0.000000000
2288,1782712843.838995218,0.099178314,-1.879554498,-1.888422875,-2.035752827,0.585992327,12.791090359,0.159286358,-0.003725442,-0.007376679,-0.001629072,0.000132332,-0.007371637,-0.008868377,-0.008868377,0.000000000,-6.112177165,-0.153146567,4.376900857,-1.888422875,-1.888422875,0.000000000,0.000000000
2289,1782712843.938884020,0.099888802,-1.888422875,-1.897752349,-1.723902219,1.032606568,13.494699473,0.159382240,-0.005072709,-0.006613827,-0.002872293,0.000152579,-0.006609760,-0.009329474,-0.009329474,-0.000000000,-6.115049458,-0.152993989,4.370291097,-1.897752349,-1.897752349,0.000000000,0.000000000
2290,1782712844.039806366,0.100922346,-1.897752349,-1.892235096,-1.656092619,1.131075260,14.192553215,0.123430412,0.005576269,0.008119830,-0.002436480,-0.000161124,0.008114857,0.005517253,0.005517253,0.000000000,-6.117485938,-0.153155113,4.378405954,-1.892235096,-1.892235096,0.000000000,0.000000000
2291,1782712844.139016390,0.099210024,-1.892235096,-1.893137867,-1.717535939,2.072455052,14.491752392,0.099793748,0.004075420,0.002831291,-0.003608869,-0.000122069,0.002828168,-0.000902770,-0.000902770,-0.000000000,-6.121094807,-0.153277182,4.381234122,-1.893137867,-1.893137867,0.000000000,0.000000000
2292,1782712844.239844084,0.100827694,-1.893137867,-1.895214214,-1.422873551,1.907252398,14.577786450,0.066949496,-0.011240237,-0.000127220,-0.002228192,0.000278955,-0.000127110,-0.002076348,-0.002076348,-0.000000000,-6.123322999,-0.152998227,4.381107012,-1.895214214,-1.895214214,0.000000000,0.000000000
2293,1782712844.338862181,0.099018097,-1.895214214,-1.897686184,-1.986633312,2.293923722,14.752492434,0.048837287,-0.002078748,-0.000590049,-0.001954753,0.000072005,-0.000589222,-0.002471969,-0.002471969,-0.000000000,-6.125277752,-0.152926222,4.380517790,-1.897686184,-1.897686184,0.000000000,0.000000000
2294,1782712844.438951492,0.100089312,-1.897686184,-1.900198075,-2.015951497,2.183927588,15.112636066,0.004913482,-0.004917164,-0.002500863,-0.000187241,0.000172849,-0.002497500,-0.002511891,-0.002511891,-0.000000000,-6.125464992,-0.152753373,4.378020290,-1.900198075,-1.900198075,0.000000000,0.000000000
2295,1782712844.539393187,0.100441694,-1.900198075,-1.901242887,-2.039586327,2.287419159,15.385379732,0.015757350,0.007419469,-0.000152268,-0.000628914,-0.000263848,-0.000152050,-0.001044812,-0.001044812,-0.000000000,-6.126093906,-0.153017222,4.377868240,-1.901242887,-1.901242887,0.000000000,0.000000000
2296,1782712844.639096260,0.099703074,-1.901242887,-1.900517155,-1.971354539,2.139939881,15.335335337,-0.010352152,-0.004555655,0.000182811,0.000386553,0.000156604,0.000182575,0.000725732,0.000725732,0.000000000,-6.125707353,-0.152860617,4.378050815,-1.900517155,-1.900517155,0.000000000,0.000000000
2297,1782712844.739057064,0.099960804,-1.900517155,-1.898899139,-2.012703533,2.100264693,15.343378575,0.020714021,0.001858429,0.002445527,-0.000759134,-0.000065226,0.002442376,0.001618016,0.001618016,-0.000000000,-6.126466487,-0.152925843,4.380493192,-1.898899139,-1.898899139,0.000000000,0.000000000
2298,1782712844.839703083,0.100646019,-1.898899139,-1.904446861,-1.939041209,1.728850929,15.296235591,0.030117041,0.000805308,-0.004616612,-0.000908618,-0.000027236,-0.004611868,-0.005547722,-0.005547722,0.000000000,-6.127375105,-0.152953079,4.375881324,-1.904446861,-1.904446861,0.000000000,0.000000000
2299,1782712844.939000368,0.099297285,-1.904446861,-1.899055577,-2.019036146,1.926346546,15.125577490,0.059005711,0.002658489,0.007477221,-0.001983463,-0.000093610,0.007468356,0.005391284,0.005391284,-0.000000000,-6.129358568,-0.153046689,4.383349680,-1.899055577,-1.899055577,0.000000000,0.000000000
2300,1782712845.039402008,0.100401640,-1.899055577,-1.903584663,-2.164207626,2.033088734,15.300771953,0.056302591,-0.009271425,-0.002885434,-0.001997427,0.000349902,-0.002881561,-0.004529086,-0.004529086,-0.000000000,-6.131355995,-0.152696787,4.380468119,-1.903584663,-1.903584663,0.000000000,0.000000000
2301,1782712845.139441490,0.100039482,-1.903584663,-1.898077737,-2.266111926,1.912689719,15.454740518,0.087581646,-0.005969726,0.008205166,-0.002923172,0.000235916,0.008194181,0.005506926,0.005506926,-0.000000000,-6.134279167,-0.152460871,4.388662300,-1.898077737,-1.898077737,0.000000000,0.000000000
2302,1782712845.339418650,0.199977160,-1.898077737,-1.901638214,-2.256479450,1.844242775,15.079235252,0.190303531,-0.039923322,0.000994182,-0.006124453,0.001571079,0.000992897,-0.003560477,-0.003560477,-0.000000000,-6.140403620,-0.150889792,4.389655197,-1.901638214,-1.901638214,0.000000000,0.000000000
2303,1782712845.439246178,0.099827528,-1.901638214,-1.907656755,-2.433368675,1.668436411,11.482083809,0.089464661,-0.036989335,-0.004990147,-0.002604817,0.001569810,-0.004983534,-0.006018541,-0.006018541,-0.000000000,-6.143008436,-0.149319982,4.384671663,-1.907656755,-1.907656755,0.000000000,0.000000000
2304,1782712845.638965130,0.199718952,-1.907656755,-1.907418257,-2.601744287,1.377549920,9.395930019,0.235222738,-0.028943265,0.004585960,-0.005654864,0.001313453,0.004579909,0.000238498,0.000238498,-0.000000000,-6.148663300,-0.148006528,4.389251572,-1.907418257,-1.907418257,0.000000000,0.000000000
2305,1782712845.739245415,0.100280285,-1.907418257,-1.906450791,-2.649953365,0.886865174,6.219846705,0.123339023,-0.008554303,0.002484021,-0.001909054,0.000395452,0.002481068,0.000967466,0.000967466,0.000000000,-6.150572354,-0.147611077,4.391732640,-1.906450791,-1.906450791,0.000000000,0.000000000
2306,1782712845.838870287,0.099624872,-1.906450791,-1.905574451,-2.486864561,0.432864785,5.563517645,0.131971581,0.000077210,0.001878537,-0.000997025,-0.000003350,0.001876715,0.000876340,0.000876340,0.000000000,-6.151569379,-0.147614427,4.393609354,-1.905574451,-1.905574451,0.000000000,0.000000000
2307,1782712845.939116716,0.100246429,-1.905574451,-1.907567717,-2.387136184,0.535207577,5.041897476,0.117655579,-0.010405858,-0.001328855,-0.001099021,0.000433399,-0.001327644,-0.001993266,-0.001993266,-0.000000000,-6.152668399,-0.147181028,4.392281710,-1.907567717,-1.907567717,0.000000000,0.000000000
2308,1782712846.040070534,0.100953817,-1.907567717,-1.909270892,-2.641194874,0.869345644,5.556061536,0.123754014,0.006788836,0.000487842,-0.001877641,-0.000312802,0.000487268,-0.001703175,-0.001703175,-0.000000000,-6.154546040,-0.147493830,4.392768978,-1.909270892,-1.909270892,0.000000000,0.000000000
2309,1782712846.139024734,0.098954201,-1.909270892,-1.902479511,-2.295309719,1.024098258,5.960453629,0.123900711,-0.003212279,0.008885767,-0.002214469,0.000128631,0.008877219,0.006791381,0.006791381,0.000000000,-6.156760509,-0.147365199,4.401646197,-1.902479511,-1.902479511,0.000000000,0.000000000
2310,1782712846.239183903,0.100159168,-1.902479511,-1.907687157,-2.021526492,1.399577647,6.306751388,0.106575122,-0.005294013,-0.002793832,-0.002603077,0.000186690,-0.002791260,-0.005207647,-0.005207647,-0.000000000,-6.159363586,-0.147178508,4.398854937,-1.907687157,-1.907687157,0.000000000,0.000000000
2311,1782712846.338939905,0.099756002,-1.907687157,-1.911278180,-2.054618283,1.230136454,6.774214199,0.109178454,0.000699004,-0.001223162,-0.002343874,-0.000025055,-0.001222094,-0.003591023,-0.003591023,-0.000000000,-6.161707460,-0.147203563,4.397632843,-1.911278180,-1.911278180,0.000000000,0.000000000
2312,1782712846.438752413,0.099812508,-1.911278180,-1.905737843,-2.238971619,1.032426956,7.083561661,0.119651975,-0.002612512,0.007601247,-0.002155922,0.000102048,0.007594211,0.005540337,0.005540337,-0.000000000,-6.163863382,-0.147101515,4.405227055,-1.905737843,-1.905737843,0.000000000,0.000000000
2313,1782712846.539134979,0.100382566,-1.905737843,-1.907737208,-2.229408921,1.195992802,7.626921511,0.128600038,-0.001052318,0.000644540,-0.002684204,0.000040927,0.000643912,-0.001999365,-0.001999365,-0.000000000,-6.166547586,-0.147060588,4.405870966,-1.907737208,-1.907737208,0.000000000,0.000000000
2314,1782712846.639868975,0.100733995,-1.907737208,-1.907609624,-1.983872719,0.960107240,8.028520872,0.121301975,-0.003186130,0.002051385,-0.002032566,0.000110283,0.002049867,0.000127584,0.000127584,0.000000000,-6.168580152,-0.146950306,4.407920834,-1.907609624,-1.907609624,0.000000000,0.000000000
2315,1782712846.739043951,0.099174976,-1.907609624,-1.911342860,-2.158723176,1.066090799,8.509572424,0.125699489,-0.018002181,-0.002074325,-0.002338730,0.000677987,-0.002072494,-0.003733236,-0.003733236,-0.000000000,-6.170918882,-0.146272319,4.405848340,-1.911342860,-1.911342860,0.000000000,0.000000000
2316,1782712846.839604378,0.100560427,-1.911342860,-1.904915567,-2.275675000,0.651577616,8.191917213,0.107796660,-0.029619154,0.006482652,-0.001225856,0.001176029,0.006477121,0.006427294,0.006427294,0.000000000,-6.172144738,-0.145096290,4.412325461,-1.904915567,-1.904915567,0.000000000,0.000000000
2317,1782712846.939077139,0.099472761,-1.904915567,-1.896253184,-1.933622161,-0.191402115,5.652465435,0.106699565,-0.021467347,0.007585965,0.000356440,0.000724340,0.007581603,0.008662383,0.008662383,-0.000000000,-6.171788298,-0.144371950,4.419907064,-1.896253184,-1.896253184,0.000000000,0.000000000
2318,1782712847.038553238,0.099476099,-1.896253184,-1.894457007,-2.135874290,-0.376988712,2.907600125,0.117852642,-0.026138659,0.000046630,0.000775429,0.000974151,0.000046597,0.001796177,0.001796177,0.000000000,-6.171012869,-0.143397799,4.419953661,-1.894457007,-1.894457007,0.000000000,0.000000000
2319,1782712847.138839483,0.100286245,-1.894457007,-1.895960033,-2.192133962,-0.523587137,0.637541527,0.101773588,-0.004839116,-0.002620170,0.000930027,0.000185091,-0.002618144,-0.001503026,-0.001503026,-0.000000000,-6.170082843,-0.143212707,4.417335517,-1.895960033,-1.895960033,0.000000000,0.000000000
2320,1782712847.239116192,0.100276709,-1.895960033,-1.895575117,-1.901689113,0.186786647,-0.320678206,0.070484996,-0.003556291,0.000496962,-0.000229784,0.000118014,0.000496686,0.000384916,0.000384916,-0.000000000,-6.170312626,-0.143094694,4.417832203,-1.895575117,-1.895575117,0.000000000,0.000000000
2321,1782712847.438958645,0.199842453,-1.895575117,-1.879446873,-2.001167344,0.516633200,0.702892103,0.069233046,0.010875748,0.017143423,-0.000624262,-0.000379764,0.017132271,0.016128244,0.016128244,0.000000000,-6.170936889,-0.143474458,4.434964474,-1.879446873,-1.879446873,0.000000000,0.000000000
2322,1782712847.539007425,0.100048780,-1.879446873,-1.888277193,-1.897045462,0.775400493,1.041692279,0.041355476,-0.014516056,-0.008756752,-0.000559659,0.000480490,-0.008751152,-0.008830320,-0.008830320,-0.000000000,-6.171496548,-0.142993967,4.426213322,-1.888277193,-1.888277193,0.000000000,0.000000000
2323,1782712847.639062881,0.100055456,-1.888277193,-1.889723966,-2.130878202,0.369071621,1.012367978,0.063412123,0.005904228,-0.000819362,-0.000408467,-0.000219528,-0.000818778,-0.001446773,-0.001446773,-0.000000000,-6.171905015,-0.143213495,4.425394544,-1.889723966,-1.889723966,0.000000000,0.000000000
2324,1782712847.739108324,0.100045443,-1.889723966,-1.888771098,-2.208762108,0.557936075,1.030687320,0.065907150,-0.000898544,0.001561255,-0.000641782,0.000034629,0.001560021,0.000952868,0.000952868,-0.000000000,-6.172546797,-0.143178867,4.426954565,-1.888771098,-1.888771098,0.000000000,0.000000000
2325,1782712848.011703014,0.272594690,-1.888771098,-1.880365206,-2.165278588,0.984408773,1.355065570,0.063116569,0.001391492,0.009551050,-0.001084363,-0.000052566,0.009542821,0.008405892,0.008405892,0.000000000,-6.173631160,-0.143231433,4.436497387,-1.880365206,-1.880365206,0.000000000,0.000000000
2326,1782712848.138977528,0.127274513,-1.880365206,-1.885623459,-2.061926842,1.048366016,1.878509263,0.357128655,0.001299131,0.001323735,-0.006534175,-0.000046734,0.001322656,-0.005258253,-0.005258253,-0.000000000,-6.180165335,-0.143278167,4.437820043,-1.885623459,-1.885623459,0.000000000,0.000000000
2327,1782712848.239169598,0.100192070,-1.885623459,-1.881119128,-2.116828904,0.946757572,3.178716673,0.117048238,-0.016094936,0.005848721,-0.001934021,0.000594421,0.005843932,0.004504332,0.004504332,0.000000000,-6.182099357,-0.142683746,4.443663975,-1.881119128,-1.881119128,0.000000000,0.000000000
2328,1782712848.339146614,0.099977016,-1.881119128,-1.880916477,-2.152007000,0.918021093,2.908888041,0.130038909,-0.033448265,0.001031122,-0.002083458,0.001255847,0.001030262,0.000202651,0.000202651,0.000000000,-6.184182815,-0.141427899,4.444694237,-1.880916477,-1.880916477,0.000000000,0.000000000
2329,1782712848.439105749,0.099959135,-1.880916477,-1.882974148,-2.059457518,0.855666000,0.334575739,0.115275826,-0.016075008,-0.000914494,-0.001721487,0.000577616,-0.000913801,-0.002057672,-0.002057672,-0.000000000,-6.185904302,-0.140850282,4.443780436,-1.882974148,-1.882974148,0.000000000,0.000000000
2330,1782712848.538972616,0.099866867,-1.882974148,-1.883483446,-1.932303092,0.830414747,-2.029356077,0.121721422,-0.000765750,0.001229818,-0.001764104,0.000025817,0.001228989,-0.000509298,-0.000509298,-0.000000000,-6.187668406,-0.140824465,4.445009425,-1.883483446,-1.883483446,0.000000000,0.000000000
2331,1782712848.638997078,0.100024462,-1.883483446,-1.882822090,-1.697489465,0.781386812,-2.196864255,0.114027561,-0.001301117,0.002179009,-0.001555034,0.000038539,0.002177851,0.000661356,0.000661356,-0.000000000,-6.189223440,-0.140785926,4.447187276,-1.882822090,-1.882822090,0.000000000,0.000000000
2332,1782712848.739079714,0.100082636,-1.882822090,-1.873927405,-1.773549627,0.946161359,-1.529195213,0.105481943,0.000759254,0.010666555,-0.001741811,-0.000023495,0.010659991,0.008894685,0.008894685,-0.000000000,-6.190965250,-0.140809422,4.457847267,-1.873927405,-1.873927405,0.000000000,0.000000000
2333,1782712848.939142466,0.200062752,-1.873927405,-1.873142548,-1.709086561,0.752025795,-0.812558148,0.252886047,0.005357230,0.004266004,-0.003319117,-0.000159764,0.004263739,0.000784858,0.000784858,-0.000000000,-6.194284367,-0.140969186,4.462111005,-1.873142548,-1.873142548,0.000000000,0.000000000
2334,1782712849.039199114,0.100056648,-1.873142548,-1.875424838,-1.715510336,0.737888041,0.742260816,0.115358912,-0.007496700,-0.001021625,-0.001485617,0.000224409,-0.001021082,-0.002282291,-0.002282291,0.000000000,-6.195769984,-0.140744777,4.461089923,-1.875424838,-1.875424838,0.000000000,0.000000000
2335,1782712849.139247417,0.100048304,-1.875424838,-1.879327746,-1.925964912,1.081513001,1.465552764,0.137516172,0.001122536,-0.001270536,-0.002595596,-0.000037720,-0.001269592,-0.003902907,-0.003902907,-0.000000000,-6.198365580,-0.140782497,4.459820331,-1.879327746,-1.879327746,0.000000000,0.000000000
2336,1782712849.239145517,0.099898100,-1.879327746,-1.882520261,-1.929694422,1.524025399,1.976665201,0.125647019,0.003898104,0.000280682,-0.003341724,-0.000131215,0.000280424,-0.003192515,-0.003192515,-0.000000000,-6.201707304,-0.140913712,4.460100755,-1.882520261,-1.882520261,0.000000000,0.000000000
2337,1782712849.339640617,0.100495100,-1.882520261,-1.883485324,-1.859815463,1.340476512,2.716558935,0.132248548,-0.005276735,0.001959069,-0.003093769,0.000171205,0.001957501,-0.000965063,-0.000965063,0.000000000,-6.204801073,-0.140742506,4.462058255,-1.883485324,-1.883485324,0.000000000,0.000000000
2338,1782712849.438899755,0.099259138,-1.883485324,-1.883225325,-2.026584084,0.967987425,3.070838365,0.116878096,0.004640373,0.002400428,-0.001974511,-0.000164075,0.002398585,0.000259999,0.000259999,-0.000000000,-6.206775584,-0.140906581,4.464456840,-1.883225325,-1.883225325,0.000000000,0.000000000
2339,1782712849.538893700,0.099993944,-1.883225325,-1.886351056,-1.881236777,1.103244816,3.655373730,0.130399504,-0.008050566,-0.000879882,-0.002510720,0.000264234,-0.000879244,-0.003125731,-0.003125731,0.000000000,-6.209286304,-0.140642347,4.463577596,-1.886351056,-1.886351056,0.000000000,0.000000000
2340,1782712849.639813423,0.100919724,-1.886351056,-1.882761090,-1.942289459,1.028483179,4.409099329,0.116147993,0.008161270,0.005955704,-0.002084793,-0.000276564,0.005951323,0.003589966,0.003589966,0.000000000,-6.211371097,-0.140918911,4.469528919,-1.882761090,-1.882761090,0.000000000,0.000000000
2341,1782712849.739545107,0.099731684,-1.882761090,-1.885639125,-1.573717373,1.195463351,4.830050414,0.133747538,0.001001368,-0.000060166,-0.002790409,-0.000027495,-0.000060131,-0.002878035,-0.002878035,-0.000000000,-6.214161507,-0.140946406,4.469468788,-1.885639125,-1.885639125,0.000000000,0.000000000
2342,1782712849.839390516,0.099845409,-1.885639125,-1.891464478,-1.759222420,1.325228359,5.641294486,0.125857391,-0.002802431,-0.003002810,-0.002910771,0.000086010,-0.003000592,-0.005825353,-0.005825353,0.000000000,-6.217072278,-0.140860396,4.466468196,-1.891464478,-1.891464478,0.000000000,0.000000000
2343,1782712849.939234018,0.099843502,-1.891464478,-1.885578994,-1.839731004,1.674740949,6.254016872,0.110788691,0.002354326,0.009207576,-0.003237864,-0.000075551,0.009198899,0.005885484,0.005885484,-0.000000000,-6.220310142,-0.140935947,4.475667095,-1.885578994,-1.885578994,0.000000000,0.000000000
2344,1782712850.139240265,0.200006247,-1.885578994,-1.885771550,-1.776950878,1.260132526,6.906842686,0.232283791,-0.000754015,0.004895919,-0.005108313,0.000023375,0.004892381,-0.000192556,-0.000192556,-0.000000000,-6.225418455,-0.140912571,4.480559476,-1.885771550,-1.885771550,0.000000000,0.000000000
2345,1782712850.239400864,0.100160599,-1.885771550,-1.891522323,-2.082700748,0.790900431,8.241974236,0.089955056,0.003293297,-0.004392736,-0.001241684,-0.000119674,-0.004389416,-0.005750773,-0.005750773,-0.000000000,-6.226660139,-0.141032245,4.476170060,-1.891522323,-1.891522323,0.000000000,0.000000000
2346,1782712850.339205503,0.099804640,-1.891522323,-1.892563343,-1.985835630,1.065135267,8.619545254,0.061130491,0.001500691,0.000147445,-0.001136358,-0.000051994,0.000147331,-0.001041020,-0.001041020,-0.000000000,-6.227796496,-0.141084239,4.476317392,-1.892563343,-1.892563343,0.000000000,0.000000000
2347,1782712850.439450741,0.100245237,-1.892563343,-1.886795288,-2.111528436,1.261408053,8.976271463,0.025476074,0.004293983,0.006493037,-0.000560829,-0.000158173,0.006487056,0.005768055,0.005768055,-0.000000000,-6.228357325,-0.141242411,4.482804448,-1.886795288,-1.886795288,0.000000000,0.000000000
2348,1782712850.540097237,0.100646496,-1.886795288,-1.886818923,-1.944871078,1.283729771,9.300290876,0.009476810,-0.003211492,0.000079780,-0.000212313,0.000108964,0.000079714,-0.000023635,-0.000023635,0.000000000,-6.228569638,-0.141133447,4.482884162,-1.886818923,-1.886818923,0.000000000,0.000000000
2349,1782712850.739158869,0.199061632,-1.886818923,-1.887510562,-2.025711084,1.258127698,9.418579323,-0.006495021,-0.004264361,-0.000985802,0.000142609,0.000150700,-0.000984948,-0.000691639,-0.000691639,0.000000000,-6.228427029,-0.140982747,4.481899214,-1.887510562,-1.887510562,0.000000000,0.000000000
2350,1782712850.840112925,0.100954056,-1.887510562,-1.885068166,-2.036480685,1.121700906,9.440976385,-0.008089489,0.002068709,0.002359477,0.000158361,-0.000073499,0.002357534,0.002442396,0.002442396,-0.000000000,-6.228268668,-0.141056246,4.484256748,-1.885068166,-1.885068166,0.000000000,0.000000000
2351,1782712850.939357996,0.099245071,-1.885068166,-1.884889895,-1.994551398,1.180124262,9.480944811,-0.004818908,0.004318820,0.000229493,0.000099248,-0.000150282,0.000229306,0.000178272,0.000178272,-0.000000000,-6.228169420,-0.141206529,4.484486054,-1.884889895,-1.884889895,0.000000000,0.000000000
2352,1782712851.039362907,0.100004911,-1.884889895,-1.885919978,-1.991240418,1.196877212,9.425917485,0.005738531,-0.006361978,-0.001132157,-0.000119866,0.000221010,-0.001131227,-0.001030083,-0.001030083,-0.000000000,-6.228289286,-0.140985519,4.483354827,-1.885919978,-1.885919978,0.000000000,0.000000000
2353,1782712851.139394760,0.100031853,-1.885919978,-1.891719084,-2.007074050,1.089376664,9.487890865,-0.003549161,0.002564164,-0.005781386,0.000067477,-0.000089788,-0.005776795,-0.005799106,-0.005799106,0.000000000,-6.228221809,-0.141075307,4.477578032,-1.891719084,-1.891719084,0.000000000,0.000000000
2354,1782712851.338985682,0.199590921,-1.891719084,-1.883556777,-2.029132596,1.126069102,9.429560851,0.002180535,-0.001153416,0.008171029,-0.000042853,0.000040832,0.008164328,0.008162307,0.008162307,0.000000000,-6.228264661,-0.141034475,4.485742360,-1.883556777,-1.883556777,0.000000000,0.000000000
2355,1782712851.439721584,0.100735903,-1.883556777,-1.886900963,-2.029404458,1.142315034,9.414277531,-0.004979339,0.000271666,-0.003436673,0.000099267,-0.000009618,-0.003433835,-0.003344187,-0.003344187,-0.000000000,-6.228165394,-0.141044094,4.482308525,-1.886900963,-1.886900963,0.000000000,0.000000000
2356,1782712851.539098024,0.099376440,-1.886900963,-1.886639278,-1.995346934,1.173057684,9.457634217,0.002694380,0.001037698,0.000353257,-0.000055160,-0.000036123,0.000352969,0.000261685,0.000261685,-0.000000000,-6.228220554,-0.141080217,4.482661493,-1.886639278,-1.886639278,0.000000000,0.000000000
2357,1782712851.639127016,0.100028992,-1.886639278,-1.889988384,-2.004716929,1.104635959,9.436975360,-0.001035755,-0.000343487,-0.003383787,0.000019968,0.000012014,-0.003381088,-0.003349106,-0.003349106,0.000000000,-6.228200587,-0.141068204,4.479280406,-1.889988384,-1.889988384,0.000000000,0.000000000
2358,1782712851.739229918,0.100102901,-1.889988384,-1.889102561,-2.008680994,1.119295175,9.462687050,0.001195214,-0.002591856,0.000819001,-0.000023347,0.000090830,0.000818341,0.000885823,0.000885823,-0.000000000,-6.228223934,-0.140977374,4.480098747,-1.889102561,-1.889102561,0.000000000,0.000000000
2359,1782712851.839269638,0.100039721,-1.889102561,-1.888800809,-2.005509483,1.055786237,9.446113513,0.000336546,0.001779233,0.000370498,-0.000006201,-0.000062255,0.000370208,0.000301752,0.000301752,-0.000000000,-6.228230135,-0.141039629,4.480468955,-1.888800809,-1.888800809,0.000000000,0.000000000
2360,1782712851.939171791,0.099902153,-1.888800809,-1.887330767,-2.039120687,1.123774918,9.454871193,-0.002872072,-0.002669697,0.001319829,0.000056328,0.000094975,0.001318739,0.001470042,0.001470042,0.000000000,-6.228173807,-0.140944654,4.481787695,-1.887330767,-1.887330767,0.000000000,0.000000000
2361,1782712852.039817572,0.100645781,-1.887330767,-1.890154881,-2.021460248,1.095637436,9.459868234,0.007339251,0.006009497,-0.002473830,-0.000140336,-0.000211939,-0.002471839,-0.002824114,-0.002824114,-0.000000000,-6.228314143,-0.141156593,4.479315856,-1.890154881,-1.890154881,0.000000000,0.000000000
2362,1782712852.139212132,0.099394560,-1.890154881,-1.882598233,-1.964556124,1.035625390,9.481369318,-0.007219499,-0.001408519,0.007383429,0.000130486,0.000048278,0.007377884,0.007556648,0.007556648,0.000000000,-6.228183658,-0.141108315,4.486693740,-1.882598233,-1.882598233,0.000000000,0.000000000
2363,1782712852.239340067,0.100127935,-1.882598233,-1.892194049,-1.968538481,1.156912877,9.456078844,0.011261027,-0.002535275,-0.009463033,-0.000227367,0.000087071,-0.009455521,-0.009595816,-0.009595816,-0.000000000,-6.228411024,-0.141021245,4.477238220,-1.892194049,-1.892194049,0.000000000,0.000000000
2364,1782712852.339168549,0.099828482,-1.892194049,-1.883187504,-1.981643950,1.031119504,9.462797790,-0.020351293,0.002298144,0.008726401,0.000366231,-0.000079455,0.008719770,0.009006546,0.009006546,-0.000000000,-6.228044793,-0.141100700,4.485957990,-1.883187504,-1.883187504,0.000000000,0.000000000
2365,1782712852.439210415,0.100041866,-1.883187504,-1.890165274,-1.978683253,1.168039917,9.494256247,0.019184551,-0.005163259,-0.006770379,-0.000391072,0.000178238,-0.006764936,-0.006977770,-0.006977770,-0.000000000,-6.228435865,-0.140922462,4.479193053,-1.890165274,-1.890165274,0.000000000,0.000000000
2366,1782712852.539361954,0.100151539,-1.890165274,-1.886005318,-2.027208613,1.049084287,9.505379628,-0.021460388,0.006297573,0.003992940,0.000392917,-0.000222734,0.003989772,0.004159955,0.004159955,-0.000000000,-6.228042948,-0.141145195,4.483182825,-1.886005318,-1.886005318,0.000000000,0.000000000
2367,1782712852.640126705,0.100764751,-1.886005318,-1.892822672,-1.936855586,1.233119891,9.512847685,0.015145190,-0.005786763,-0.006692333,-0.000325930,0.000195536,-0.006686960,-0.006817354,-0.006817354,-0.000000000,-6.228368878,-0.140949659,4.476495864,-1.892822672,-1.892822672,0.000000000,0.000000000
2368,1782712852.739228964,0.099102259,-1.892822672,-1.888142848,-1.989234573,0.970542312,9.480645070,-0.005389292,0.006533250,0.004818881,0.000091286,-0.000226748,0.004815287,0.004679824,0.004679824,-0.000000000,-6.228277592,-0.141176407,4.481311151,-1.888142848,-1.888142848,0.000000000,0.000000000
2369,1782712852.839720488,0.100491524,-1.888142848,-1.888345022,-1.950706243,1.103117562,9.483370098,0.009708153,-0.006921206,-0.000251018,-0.000186900,0.000235552,-0.000250826,-0.000202174,-0.000202174,-0.000000000,-6.228464492,-0.140940855,4.481060325,-1.888345022,-1.888345022,0.000000000,0.000000000
2370,1782712852.939142466,0.099421978,-1.888345022,-1.888169983,-1.977713865,1.056521287,9.470646678,-0.015049629,0.007758407,0.000165372,0.000277496,-0.000267703,0.000165246,0.000175039,0.000175039,-0.000000000,-6.228186996,-0.141208558,4.481225571,-1.888169983,-1.888169983,0.000000000,0.000000000
2371,1782712853.039351463,0.100208998,-1.888169983,-1.886845468,-1.931497786,1.060688739,9.408338055,0.003437604,-0.005353123,0.001208650,-0.000063635,0.000180394,0.001207756,0.001324515,0.001324515,0.000000000,-6.228250631,-0.141028164,4.482433327,-1.886845468,-1.886845468,0.000000000,0.000000000
2372,1782712853.139364958,0.100013494,-1.886845468,-1.886673772,-2.014701672,1.103540000,9.352691669,0.001213315,0.004726745,0.000361496,-0.000023367,-0.000166142,0.000361206,0.000171696,0.000171696,-0.000000000,-6.228273998,-0.141194306,4.482794532,-1.886673772,-1.886673772,0.000000000,0.000000000
2373,1782712853.239155054,0.099790096,-1.886673772,-1.886937463,-1.965711740,1.072463837,9.309340445,0.007045476,-0.005565527,-0.000322939,-0.000131870,0.000190872,-0.000322693,-0.000263690,-0.000263690,0.000000000,-6.228405868,-0.141003434,4.482471840,-1.886937463,-1.886937463,0.000000000,0.000000000
2374,1782712853.338972092,0.099817038,-1.886937463,-1.887721284,-2.016661206,1.089527655,8.994746520,-0.007948518,-0.000603821,-0.000956971,0.000151139,0.000021245,-0.000956205,-0.000783822,-0.000783822,-0.000000000,-6.228254729,-0.140982190,4.481515635,-1.887721284,-1.887721284,0.000000000,0.000000000
2375,1782712853.439211369,0.100239277,-1.887721284,-1.883671797,-2.002273562,1.086783905,8.797255749,0.007237992,0.000257102,0.004199069,-0.000137282,-0.000008981,0.004195750,0.004049487,0.004049487,-0.000000000,-6.228392011,-0.140991171,4.485711385,-1.883671797,-1.883671797,0.000000000,0.000000000
2376,1782712853.539295912,0.100084543,-1.883671797,-1.891156725,-2.002928250,1.047262374,8.803902585,0.003209713,0.000989753,-0.007397431,-0.000058664,-0.000034587,-0.007391677,-0.007484928,-0.007484928,-0.000000000,-6.228450675,-0.141025758,4.478319708,-1.891156725,-1.891156725,0.000000000,0.000000000
2377,1782712853.639420509,0.100124598,-1.891156725,-1.885123277,-1.998099032,0.966079749,8.886659854,-0.003795588,-0.002085344,0.005901181,0.000063995,0.000072698,0.005896755,0.006033448,0.006033448,-0.000000000,-6.228386680,-0.140953060,4.484216463,-1.885123277,-1.885123277,0.000000000,0.000000000
2378,1782712853.739148617,0.099728107,-1.885123277,-1.891300331,-2.030255270,1.059138467,8.848117269,0.000556955,0.003581524,-0.006044724,-0.000010295,-0.000126862,-0.006039897,-0.006177054,-0.006177054,-0.000000000,-6.228396975,-0.141079922,4.478176565,-1.891300331,-1.891300331,0.000000000,0.000000000
2379,1782712853.839126825,0.099978209,-1.891300331,-1.887398078,-2.011748823,0.982917656,8.826703135,0.003013573,-0.002251260,0.003877892,-0.000051696,0.000079018,0.003874931,0.003902253,0.003902253,-0.000000000,-6.228448671,-0.141000904,4.482051497,-1.887398078,-1.887398078,0.000000000,0.000000000
2380,1782712853.939319849,0.100193024,-1.887398078,-1.886478358,-2.001154371,0.947823604,8.819829120,-0.007375403,0.002588606,0.000888761,0.000122003,-0.000090381,0.000888098,0.000919720,0.000919720,-0.000000000,-6.228326668,-0.141091285,4.482939594,-1.886478358,-1.886478358,0.000000000,0.000000000
2381,1782712854.039295912,0.099976063,-1.886478358,-1.888283786,-2.004576350,0.997315038,8.823678013,0.002722694,-0.000756952,-0.001785875,-0.000047390,0.000026474,-0.001784512,-0.001805428,-0.001805428,-0.000000000,-6.228374058,-0.141064811,4.481155083,-1.888283786,-1.888283786,0.000000000,0.000000000
2382,1782712854.139343500,0.100047588,-1.888283786,-1.886888514,-2.015239792,1.002053581,8.821780075,0.004104456,-0.001758598,0.001406304,-0.000071780,0.000061832,0.001405219,0.001395272,0.001395272,-0.000000000,-6.228445837,-0.141002979,4.482560302,-1.886888514,-1.886888514,0.000000000,0.000000000
2383,1782712854.239376068,0.100032568,-1.886888514,-1.885174295,-2.031542944,0.993608407,8.841906151,-0.008746338,0.002406931,0.001649147,0.000151669,-0.000085312,0.001647863,0.001714220,0.001714220,-0.000000000,-6.228294168,-0.141088291,4.484208164,-1.885174295,-1.885174295,0.000000000,0.000000000
2384,1782712854.339334965,0.099958897,-1.885174295,-1.886528560,-2.030010402,1.034172935,8.863703676,0.000006194,-0.002699401,-0.001450905,-0.000000112,0.000095605,-0.001449758,-0.001354265,-0.001354265,-0.000000000,-6.228294280,-0.140992686,4.482758406,-1.886528560,-1.886528560,0.000000000,0.000000000
2385,1782712854.439283848,0.099948883,-1.886528560,-1.884485085,-2.041268214,0.968135763,8.845323533,0.002584167,-0.000361852,0.002075865,-0.000043663,0.000012887,0.002074251,0.002043475,0.002043475,0.000000000,-6.228337943,-0.140979799,4.484832657,-1.884485085,-1.884485085,0.000000000,0.000000000
2386,1782712854.539154291,0.099870443,-1.884485085,-1.887766323,-1.983354855,1.087781215,8.875543453,0.004895724,-0.000648359,-0.003213235,-0.000092942,0.000022435,-0.003210732,-0.003281238,-0.003281238,0.000000000,-6.228430885,-0.140957364,4.481621925,-1.887766323,-1.887766323,0.000000000,0.000000000
2387,1782712854.639642239,0.100487947,-1.887766323,-1.883082323,-2.064981391,0.980751945,8.846806550,-0.007346023,0.002443290,0.004649988,0.000125738,-0.000088026,0.004646287,0.004684000,0.004684000,-0.000000000,-6.228305146,-0.141045390,4.486268213,-1.883082323,-1.883082323,0.000000000,0.000000000
2388,1782712854.740080595,0.100438356,-1.883082323,-1.884798531,-2.019585291,1.065036418,8.877782920,0.006107379,0.002348012,-0.001521164,-0.000113520,-0.000082732,-0.001519956,-0.001716208,-0.001716208,0.000000000,-6.228418666,-0.141128122,4.484748257,-1.884798531,-1.884798531,0.000000000,0.000000000
2389,1782712854.839240074,0.099159479,-1.884798531,-1.883590314,-2.014814279,1.014641026,8.852499315,-0.002953103,0.000748869,0.001183165,0.000052293,-0.000026325,0.001182248,0.001208217,0.001208217,-0.000000000,-6.228366373,-0.141154446,4.485930505,-1.883590314,-1.883590314,0.000000000,0.000000000
2390,1782712854.939253330,0.100013256,-1.883590314,-1.885247870,-1.963012735,1.026700678,8.870555158,0.006970725,-0.007008616,-0.001774014,-0.000124904,0.000240037,-0.001772688,-0.001657555,-0.001657555,-0.000000000,-6.228491277,-0.140914410,4.484157816,-1.885247870,-1.885247870,0.000000000,0.000000000
2391,1782712855.040194273,0.100940943,-1.885247870,-1.887371324,-2.030288513,0.990529999,8.864207171,-0.010192753,0.002418247,-0.002215720,0.000176204,-0.000085660,-0.002213998,-0.002123455,-0.002123455,-0.000000000,-6.228315073,-0.141000070,4.481943818,-1.887371324,-1.887371324,0.000000000,0.000000000
2392,1782712855.239383936,0.199189663,-1.887371324,-1.890872066,-2.011777864,0.994491131,8.877876641,-0.001317791,0.000199748,-0.003519302,0.000022872,-0.000007011,-0.003516603,-0.003500742,-0.003500742,-0.000000000,-6.228292201,-0.141007081,4.478427216,-1.890872066,-1.890872066,0.000000000,0.000000000
2393,1782712855.339246750,0.099862814,-1.890872066,-1.886945802,-2.028613371,0.944361635,8.868987088,0.014335338,-0.001411921,0.004115697,-0.000236267,0.000049973,0.004112559,0.003926264,0.003926264,0.000000000,-6.228528469,-0.140957108,4.482539774,-1.886945802,-1.886945802,0.000000000,0.000000000
2394,1782712855.439409494,0.100162745,-1.886945802,-1.889689540,-1.999164130,0.940097946,8.830811553,-0.008763564,0.000795138,-0.002861915,0.000143784,-0.000027735,-0.002859788,-0.002743738,-0.002743738,-0.000000000,-6.228384684,-0.140984842,4.479679986,-1.889689540,-1.889689540,0.000000000,0.000000000
2395,1782712855.639416695,0.200007200,-1.889689540,-1.893014958,-2.033295850,0.939210995,8.858676348,0.010420576,0.002798655,-0.003057660,-0.000170810,-0.000099284,-0.003055324,-0.003325417,-0.003325417,-0.000000000,-6.228555494,-0.141084126,4.476624662,-1.893014958,-1.893014958,0.000000000,0.000000000
2396,1782712855.739188910,0.099772215,-1.893014958,-1.883827026,-2.050410599,0.888105386,8.835028922,-0.009446222,-0.001291208,0.009002170,0.000146414,0.000046192,0.008995325,0.009187932,0.009187932,0.000000000,-6.228409080,-0.141037934,4.485619988,-1.883827026,-1.883827026,0.000000000,0.000000000
2397,1782712855.839254379,0.100065470,-1.883827026,-1.883499526,-1.976363928,1.073483226,8.880455092,-0.003091983,0.002209119,0.000346012,0.000057927,-0.000076173,0.000345746,0.000327500,0.000327500,0.000000000,-6.228351153,-0.141114107,4.485965733,-1.883499526,-1.883499526,0.000000000,0.000000000
2398,1782712855.938703060,0.099448681,-1.883499526,-1.883388885,-2.007475839,0.994004523,8.838372531,0.002273182,-0.003178719,0.000038772,-0.000039435,0.000111333,0.000038742,0.000110641,0.000110641,-0.000000000,-6.228390587,-0.141002773,4.486004476,-1.883388885,-1.883388885,0.000000000,0.000000000
2399,1782712856.039322138,0.100619078,-1.883388885,-1.890899124,-2.007454314,1.076193109,8.855488191,0.005627729,0.000867388,-0.007379991,-0.000105700,-0.000030379,-0.007374160,-0.007510239,-0.007510239,-0.000000000,-6.228496287,-0.141033152,4.478630315,-1.890899124,-1.890899124,0.000000000,0.000000000
2400,1782712856.139868259,0.100546122,-1.890899124,-1.886320527,-1.991642890,0.961890177,8.904111266,-0.010926952,0.002865394,0.004498082,0.000183435,-0.000099569,0.004494731,0.004578597,0.004578597,-0.000000000,-6.228312853,-0.141132721,4.483125046,-1.886320527,-1.886320527,0.000000000,0.000000000
2401,1782712856.239331007,0.099462748,-1.886320527,-1.885263336,-1.962479534,1.046399606,8.849231844,0.001043818,-0.001215303,0.001035422,-0.000019062,0.000041611,0.001034642,0.001057191,0.001057191,0.000000000,-6.228331915,-0.141091110,4.484159689,-1.885263336,-1.885263336,0.000000000,0.000000000
2402,1782712856.339246035,0.099915028,-1.885263336,-1.887473986,-2.007239315,0.977066995,8.874731746,0.000007157,-0.004025799,-0.002353300,-0.000000122,0.000140986,-0.002351514,-0.002210650,-0.002210650,-0.000000000,-6.228332037,-0.140950124,4.481808174,-1.887473986,-1.887473986,0.000000000,0.000000000
2403,1782712856.439446211,0.100200176,-1.887473986,-1.888682987,-2.030887761,1.003781257,8.837656004,0.009965833,0.000778162,-0.001007630,-0.000174585,-0.000027572,-0.001006843,-0.001209000,-0.001209000,-0.000000000,-6.228506622,-0.140977696,4.480801332,-1.888682987,-1.888682987,0.000000000,0.000000000
2404,1782712856.639312029,0.199865818,-1.888682987,-1.886680964,-2.008131811,0.940711771,8.881483608,-0.005499015,0.003234623,0.002026589,0.000090282,-0.000113330,0.002025071,0.002002022,0.002002022,0.000000000,-6.228416341,-0.141091027,4.482826403,-1.886680964,-1.886680964,0.000000000,0.000000000
2405,1782712856.738969564,0.099657536,-1.886680964,-1.887128842,-1.976956711,0.995043931,8.881448990,-0.006868894,-0.003319480,-0.000682167,0.000119285,0.000114497,-0.000681658,-0.000447877,-0.000447877,-0.000000000,-6.228297056,-0.140976530,4.482144744,-1.887128842,-1.887128842,0.000000000,0.000000000
2406,1782712856.839950323,0.100980759,-1.887128842,-1.886130721,-2.020357173,0.951099261,8.854193667,0.004783113,0.003727866,0.001209841,-0.000079395,-0.000131406,0.001208922,0.000998121,0.000998121,-0.000000000,-6.228376451,-0.141107936,4.483353667,-1.886130721,-1.886130721,0.000000000,0.000000000
2407,1782712856.939467430,0.099517107,-1.886130721,-1.886385166,-1.998005636,1.002686336,8.871647097,-0.003552033,-0.001592563,-0.000372402,0.000062158,0.000055516,-0.000372119,-0.000254445,-0.000254445,-0.000000000,-6.228314293,-0.141052420,4.482981548,-1.886385166,-1.886385166,0.000000000,0.000000000
2408,1782712857.039080143,0.099612713,-1.886385166,-1.881309899,-2.018604263,0.958781499,8.843135861,0.001183294,-0.002557714,0.005008796,-0.000019800,0.000090080,0.005004987,0.005075267,0.005075267,0.000000000,-6.228334093,-0.140962340,4.487986535,-1.881309899,-1.881309899,0.000000000,0.000000000
2409,1782712857.144891024,0.105810881,-1.881309899,-1.888591180,-2.035712007,1.043982491,8.832687428,-0.001499145,0.001724611,-0.007253125,0.000027314,-0.000061252,-0.007247344,-0.007281282,-0.007281282,0.000000000,-6.228306779,-0.141023592,4.480739191,-1.888591180,-1.888591180,0.000000000,0.000000000
2410,1782712857.241189957,0.096298933,-1.888591180,-1.886621148,-1.981759440,0.980678969,8.866460875,0.006289398,-0.000170510,0.002073325,-0.000107645,0.000005896,0.002071781,0.001970033,0.001970033,-0.000000000,-6.228414424,-0.141017697,4.482810972,-1.886621148,-1.886621148,0.000000000,0.000000000
2411,1782712857.439881325,0.198691368,-1.886621148,-1.886381275,-2.001577522,1.007624352,8.839890262,0.001959603,0.000498509,0.000291965,-0.000034461,-0.000017409,0.000291742,0.000239872,0.000239872,-0.000000000,-6.228448884,-0.141035105,4.483102714,-1.886381275,-1.886381275,0.000000000,0.000000000
2412,1782712857.539508343,0.099627018,-1.886381275,-1.887259429,-1.979890169,0.987318434,8.877318677,-0.006913189,0.001400955,-0.000949589,0.000119122,-0.000048394,-0.000948882,-0.000878154,-0.000878154,-0.000000000,-6.228329762,-0.141083499,4.482153832,-1.887259429,-1.887259429,0.000000000,0.000000000
2413,1782712857.639284611,0.099776268,-1.887259429,-1.882744924,-1.995028523,1.053641633,8.839218002,-0.001651028,-0.001391124,0.004439165,0.000030360,0.000048421,0.004435724,0.004514505,0.004514505,0.000000000,-6.228299402,-0.141035079,4.486589557,-1.882744924,-1.882744924,0.000000000,0.000000000
2414,1782712857.739409924,0.100125313,-1.882744924,-1.885210416,-2.000780259,1.077669384,8.865163904,0.005952036,-0.003074483,-0.002462805,-0.000111945,0.000107321,-0.002460868,-0.002465491,-0.002465491,-0.000000000,-6.228411347,-0.140927758,4.484128689,-1.885210416,-1.885210416,0.000000000,0.000000000
2415,1782712857.839377165,0.099967241,-1.885210416,-1.886051049,-2.032366089,0.981547291,8.853801279,0.004683514,-0.000672134,-0.000784845,-0.000080230,0.000023833,-0.000784236,-0.000840633,-0.000840633,0.000000000,-6.228491577,-0.140903925,4.483344453,-1.886051049,-1.886051049,0.000000000,0.000000000
2416,1782712857.938451052,0.099073887,-1.886051049,-1.882796323,-2.017809117,0.983061957,8.900949299,-0.015865530,0.000670344,0.003008431,0.000272202,-0.000023599,0.003006123,0.003254725,0.003254725,-0.000000000,-6.228219375,-0.140927524,4.486350576,-1.882796323,-1.882796323,0.000000000,0.000000000
2417,1782712858.039135218,0.100684166,-1.882796323,-1.883620459,-2.048826240,1.040681584,8.897120492,0.009688580,0.002367400,-0.000563999,-0.000175967,-0.000084623,-0.000563546,-0.000824136,-0.000824136,0.000000000,-6.228395342,-0.141012147,4.485787030,-1.883620459,-1.883620459,0.000000000,0.000000000
2418,1782712858.139517307,0.100382090,-1.883620459,-1.887835208,-2.002328252,1.036991588,8.839711512,-0.000680850,-0.000138750,-0.004235197,0.000012322,0.000004847,-0.004231918,-0.004214749,-0.004214749,0.000000000,-6.228383020,-0.141007300,4.481555112,-1.887835208,-1.887835208,0.000000000,0.000000000
2419,1782712858.239333868,0.099816561,-1.887835208,-1.886273366,-2.047834498,0.996274613,8.813810465,0.003095680,-0.000052314,0.001615075,-0.000053826,0.000001869,0.001613799,0.001561843,0.001561843,-0.000000000,-6.228436846,-0.141005431,4.483168912,-1.886273366,-1.886273366,0.000000000,0.000000000
2420,1782712858.339352131,0.100018263,-1.886273366,-1.883301249,-1.983031077,1.002108146,8.887941121,-0.005784172,0.000684679,0.002896822,0.000101161,-0.000023689,0.002894645,0.002972116,0.002972116,-0.000000000,-6.228335686,-0.141029120,4.486063556,-1.883301249,-1.883301249,0.000000000,0.000000000
2421,1782712858.439395189,0.100043058,-1.883301249,-1.892502348,-2.007248265,1.059893925,8.906574858,0.011021695,-0.001537115,-0.009058161,-0.000203875,0.000053830,-0.009051054,-0.009201099,-0.009201099,-0.000000000,-6.228539560,-0.140975290,4.477012502,-1.892502348,-1.892502348,0.000000000,0.000000000
2422,1782712858.539108276,0.099713087,-1.892502348,-1.890257704,-1.979870616,0.940374156,8.879926403,-0.013666641,0.003384100,0.002138812,0.000224295,-0.000116899,0.002137248,0.002244644,0.002244644,0.000000000,-6.228315265,-0.141092190,4.479149750,-1.890257704,-1.890257704,0.000000000,0.000000000
2423,1782712858.639048576,0.099940300,-1.890257704,-1.886493868,-2.024688302,0.960669903,8.831086249,0.004349199,-0.001850261,0.003774281,-0.000072919,0.000065361,0.003771394,0.003763836,0.003763836,0.000000000,-6.228388184,-0.141026829,4.482921145,-1.886493868,-1.886493868,0.000000000,0.000000000
2424,1782712858.739110708,0.100062132,-1.886493868,-1.884889547,-2.021338142,0.990236137,8.847989530,-0.003217532,0.001059228,0.001587296,0.000055605,-0.000037355,0.001586071,0.001604321,0.001604321,-0.000000000,-6.228332578,-0.141064184,4.484507216,-1.884889547,-1.884889547,0.000000000,0.000000000
2425,1782712858.838579893,0.099469185,-1.884889547,-1.884073132,-2.011494093,0.996305104,8.853539050,0.002049753,-0.000910301,0.000820739,-0.000035641,0.000031947,0.000820109,0.000816415,0.000816415,-0.000000000,-6.228368219,-0.141032237,4.485327325,-1.884073132,-1.884073132,0.000000000,0.000000000
2426,1782712858.939435482,0.100855589,-1.884073132,-1.887593271,-2.053923558,1.025121079,8.802455065,-0.004042000,0.001960907,-0.003525014,0.000072315,-0.000070268,-0.003522185,-0.003520139,-0.003520139,-0.000000000,-6.228295905,-0.141102505,4.481805139,-1.887593271,-1.887593271,0.000000000,0.000000000
2427,1782712859.039044619,0.099609137,-1.887593271,-1.886425448,-1.982177323,1.045877317,8.854481430,-0.000395710,-0.002806106,0.001064371,0.000007223,0.000097043,0.001063557,0.001167823,0.001167823,-0.000000000,-6.228288682,-0.141005462,4.482868696,-1.886425448,-1.886425448,0.000000000,0.000000000
2428,1782712859.139214754,0.100170135,-1.886425448,-1.885935872,-2.025376174,0.992922546,8.823319327,0.005865946,-0.000104938,0.000587974,-0.000101650,0.000003708,0.000587518,0.000489576,0.000489576,-0.000000000,-6.228390332,-0.141001754,4.483456214,-1.885935872,-1.885935872,0.000000000,0.000000000
2429,1782712859.239245415,0.100030661,-1.885935872,-1.892047853,-2.021424043,0.979466787,8.857215898,0.006847582,0.000208710,-0.005992170,-0.000117053,-0.000007361,-0.005987566,-0.006111980,-0.006111980,0.000000000,-6.228507385,-0.141009115,4.477468647,-1.892047853,-1.892047853,0.000000000,0.000000000
2430,1782712859.339473963,0.100228548,-1.892047853,-1.892247799,-2.040113848,0.940506889,8.821374677,-0.001349576,-0.005217109,-0.000408112,0.000022152,0.000185700,-0.000407798,-0.000199946,-0.000199946,0.000000000,-6.228485233,-0.140823415,4.477060849,-1.892247799,-1.892247799,0.000000000,0.000000000
2431,1782712859.439582109,0.100108147,-1.892247799,-1.880888680,-2.076666698,0.912508280,8.863044613,-0.006893034,0.006232777,0.011484168,0.000109776,-0.000225827,0.011475170,0.011359119,0.011359119,0.000000000,-6.228375458,-0.141049242,4.488536019,-1.880888680,-1.880888680,0.000000000,0.000000000
2432,1782712859.539343357,0.099761248,-1.880888680,-1.888423157,-2.022657543,1.052073315,8.796449380,0.000615667,-0.001503036,-0.007582214,-0.000011304,0.000053040,-0.007576213,-0.007534477,-0.007534477,-0.000000000,-6.228386762,-0.140996201,4.480959807,-1.888423157,-1.888423157,0.000000000,0.000000000
2433,1782712859.639498711,0.100155354,-1.888423157,-1.884326820,-2.009989922,0.972920012,8.879419185,0.000171453,0.003309929,0.004218526,-0.000002911,-0.000116075,0.004215323,0.004096337,0.004096337,0.000000000,-6.228389673,-0.141112276,4.485175129,-1.884326820,-1.884326820,0.000000000,0.000000000
2434,1782712859.739136457,0.099637747,-1.884326820,-1.888331125,-1.967600162,1.081352091,8.853570394,0.005002683,-0.005944602,-0.004117122,-0.000094411,0.000204068,-0.004113962,-0.004004305,-0.004004305,0.000000000,-6.228484084,-0.140908209,4.481061167,-1.888331125,-1.888331125,0.000000000,0.000000000
2435,1782712859.939400196,0.200263739,-1.888331125,-1.884196401,-2.041125831,1.002218049,8.813641346,-0.009014354,0.002417444,0.004066344,0.000157671,-0.000086089,0.004063142,0.004134724,0.004134724,-0.000000000,-6.228326413,-0.140994297,4.485124309,-1.884196401,-1.884196401,0.000000000,0.000000000
2436,1782712860.039410591,0.100010395,-1.884196401,-1.883287136,-1.988696817,1.090999359,8.845154657,-0.001964252,0.000899495,0.000903782,0.000037400,-0.000031209,0.000903073,0.000909265,0.000909265,0.000000000,-6.228289013,-0.141025506,4.486027383,-1.883287136,-1.883287136,0.000000000,0.000000000
2437,1782712860.239437342,0.200026751,-1.883287136,-1.882878531,-2.008149559,1.068485044,8.889519941,-0.001795897,0.000524822,0.000393814,0.000033489,-0.000018387,0.000393504,0.000408606,0.000408606,-0.000000000,-6.228255524,-0.141043893,4.486420887,-1.882878531,-1.882878531,0.000000000,0.000000000
2438,1782712860.339200974,0.099763632,-1.882878531,-1.888276548,-2.024461223,1.075768213,8.853595662,0.015665953,0.000478676,-0.005091064,-0.000294122,-0.000016907,-0.005086989,-0.005398018,-0.005398018,0.000000000,-6.228549646,-0.141060800,4.481333898,-1.888276548,-1.888276548,0.000000000,0.000000000
2439,1782712860.439071894,0.099870920,-1.888276548,-1.886389937,-1.994428472,0.940484607,8.850840784,-0.006894518,0.002705937,0.001868990,0.000113165,-0.000094160,0.001867606,0.001886611,0.001886611,0.000000000,-6.228436480,-0.141154960,4.483201503,-1.886389937,-1.886389937,0.000000000,0.000000000
2440,1782712860.539276361,0.100204468,-1.886389937,-1.886601541,-2.005539184,0.992782711,8.840587308,-0.001421518,-0.005815242,-0.000440049,0.000024630,0.000203480,-0.000439714,-0.000211603,-0.000211603,-0.000000000,-6.228411850,-0.140951480,4.482761790,-1.886601541,-1.886601541,0.000000000,0.000000000
2441,1782712860.639390469,0.100114107,-1.886601541,-1.885375105,-2.041370809,0.990948380,8.795786060,-0.000323439,0.001702532,0.001282485,0.000005594,-0.000060637,0.001281479,0.001226436,0.001226436,0.000000000,-6.228406257,-0.141012117,4.484043269,-1.885375105,-1.885375105,0.000000000,0.000000000
2442,1782712860.740049362,0.100658894,-1.885375105,-1.882747205,-1.995250067,1.049246792,8.848178588,-0.000067162,0.005665304,0.002826070,0.000001230,-0.000197214,0.002823883,0.002627899,0.002627899,0.000000000,-6.228405027,-0.141209331,4.486867152,-1.882747205,-1.882747205,0.000000000,0.000000000
2443,1782712860.839576960,0.099527597,-1.882747205,-1.885428159,-2.006137349,1.013022921,8.811432881,-0.001153134,-0.005181215,-0.002884908,0.000020387,0.000181348,-0.002882689,-0.002680954,-0.002680954,0.000000000,-6.228384640,-0.141027983,4.483984463,-1.885428159,-1.885428159,0.000000000,0.000000000
2444,1782712860.939204931,0.099627972,-1.885428159,-1.886082666,-1.996091795,1.088821940,8.820992918,0.009958622,0.002226769,-0.000388027,-0.000189238,-0.000077547,-0.000387722,-0.000654507,-0.000654507,-0.000000000,-6.228573877,-0.141105530,4.483596742,-1.886082666,-1.886082666,0.000000000,0.000000000
2445,1782712861.041240692,0.102035761,-1.886082666,-1.885990287,-2.029172219,1.023606815,8.836505160,0.000479366,-0.002618521,0.000008246,-0.000008564,0.000092703,0.000008239,0.000092379,0.000092379,-0.000000000,-6.228582441,-0.141012827,4.483604981,-1.885990287,-1.885990287,0.000000000,0.000000000
2446,1782712861.138861179,0.097620487,-1.885990287,-1.884498133,-1.997573193,1.040108447,8.890119960,-0.006433078,0.000277957,0.001386137,0.000116775,-0.000009687,0.001385066,0.001492155,0.001492155,-0.000000000,-6.228465666,-0.141022515,4.484990048,-1.884498133,-1.884498133,0.000000000,0.000000000
2447,1782712861.239310741,0.100449562,-1.884498133,-1.883458742,-1.999325550,1.063192980,8.838679429,-0.002599130,0.002141693,0.001066702,0.000048227,-0.000074706,0.001065869,0.001039391,0.001039391,0.000000000,-6.228417438,-0.141097221,4.486055917,-1.883458742,-1.883458742,0.000000000,0.000000000
2448,1782712861.338660955,0.099350214,-1.883458742,-1.882414856,-2.001965975,1.090543252,8.877018998,0.003683697,-0.006657154,0.000882176,-0.000070110,0.000232517,0.000881478,0.001043886,0.001043886,0.000000000,-6.228487548,-0.140864703,4.486937395,-1.882414856,-1.882414856,0.000000000,0.000000000
2449,1782712861.439839840,0.101178885,-1.882414856,-1.883028194,-2.005833224,1.039267063,8.879156923,0.003672225,0.003047413,-0.000440429,-0.000066605,-0.000106646,-0.000440087,-0.000613338,-0.000613338,0.000000000,-6.228554154,-0.140971349,4.486497308,-1.883028194,-1.883028194,0.000000000,0.000000000
2450,1782712861.539606571,0.099766731,-1.883028194,-1.883614921,-2.015022033,1.054928215,8.846557459,-0.009679603,0.003996187,-0.000624942,0.000178211,-0.000140488,-0.000624449,-0.000586727,-0.000586727,0.000000000,-6.228375943,-0.141111837,4.485872859,-1.883614921,-1.883614921,0.000000000,0.000000000
2451,1782712861.639559746,0.099953175,-1.883614921,-1.890478575,-1.983196068,1.154407996,8.865332069,0.007380310,-0.005880882,-0.006923990,-0.000148690,0.000203475,-0.006918438,-0.006863654,-0.006863654,0.000000000,-6.228524633,-0.140908362,4.478954420,-1.890478575,-1.890478575,0.000000000,0.000000000
2452,1782712861.739652157,0.100092411,-1.890478575,-1.884621901,-2.064861103,0.923338375,8.834495731,-0.008633099,0.004478112,0.005883468,0.000139119,-0.000161329,0.005878884,0.005856674,0.005856674,0.000000000,-6.228385514,-0.141069691,4.484833304,-1.884621901,-1.884621901,0.000000000,0.000000000
2453,1782712861.839654446,0.100002289,-1.884621901,-1.882532765,-1.985614872,1.036291985,8.865812390,0.011591961,-0.003795981,0.002168938,-0.000209649,0.000131504,0.002167282,0.002089136,0.002089136,-0.000000000,-6.228595163,-0.140938187,4.487000586,-1.882532765,-1.882532765,0.000000000,0.000000000
2454,1782712861.940083027,0.100428581,-1.882532765,-1.883467663,-2.047956079,1.014496745,8.842756260,-0.007773958,0.008019257,-0.000786634,0.000137641,-0.000286531,-0.000786008,-0.000934898,-0.000934898,0.000000000,-6.228457522,-0.141224718,4.486214578,-1.883467663,-1.883467663,0.000000000,0.000000000
2455,1782712862.039130688,0.099047661,-1.883467663,-1.892041745,-1.922710809,1.118894094,8.801588679,0.010120495,-0.008003248,-0.008651446,-0.000197624,0.000268468,-0.008644926,-0.008574082,-0.008574082,-0.000000000,-6.228655147,-0.140956250,4.477569652,-1.892041745,-1.892041745,0.000000000,0.000000000
2456,1782712862.139478207,0.100347519,-1.892041745,-1.889006828,-2.009214995,0.927279833,8.871870928,-0.007024395,0.001040903,0.002959935,0.000113678,-0.000036490,0.002957728,0.003034917,0.003034917,0.000000000,-6.228541468,-0.140992739,4.480527379,-1.889006828,-1.889006828,0.000000000,0.000000000
2457,1782712862.239742279,0.100264072,-1.889006828,-1.884707452,-2.019261573,1.009525286,8.848976347,0.001969501,-0.000815264,0.004308698,-0.000034700,0.000028722,0.004305354,0.004299376,0.004299376,0.000000000,-6.228576168,-0.140964018,4.484832734,-1.884707452,-1.884707452,0.000000000,0.000000000
2458,1782712862.339361668,0.099619389,-1.884707452,-1.883556924,-2.026023850,1.026118700,8.810463204,-0.006572283,0.003530926,0.001158551,0.000117698,-0.000124810,0.001157641,0.001150528,0.001150528,0.000000000,-6.228458470,-0.141088828,4.485990374,-1.883556924,-1.883556924,0.000000000,0.000000000
2459,1782712862.439259052,0.099897385,-1.883556924,-1.886168171,-1.969164759,1.094932836,8.915404038,0.007800594,0.002942823,-0.002362910,-0.000149062,-0.000101102,-0.002361083,-0.002611247,-0.002611247,-0.000000000,-6.228607532,-0.141189930,4.483629291,-1.886168171,-1.886168171,0.000000000,0.000000000
2460,1782712862.539080858,0.099821806,-1.886168171,-1.884913600,-1.963886338,0.996473127,8.838371131,-0.010681344,-0.001653147,0.001012917,0.000185758,0.000056644,0.001012169,0.001254571,0.001254571,0.000000000,-6.228421774,-0.141133286,4.484641460,-1.884913600,-1.884913600,0.000000000,0.000000000
2461,1782712862.638466358,0.099385500,-1.884913600,-1.885600388,-1.971056519,1.103865628,8.838482601,0.007319994,-0.001308400,-0.000591222,-0.000141019,0.000044994,-0.000590763,-0.000686788,-0.000686788,-0.000000000,-6.228562793,-0.141088292,4.484050697,-1.885600388,-1.885600388,0.000000000,0.000000000
2462,1782712862.739428997,0.100962639,-1.885600388,-1.887609920,-1.955654573,1.009980743,8.861334758,-0.001797891,-0.001149103,-0.002081967,0.000031691,0.000039208,-0.002080431,-0.002009532,-0.002009532,-0.000000000,-6.228531103,-0.141049084,4.481970267,-1.887609920,-1.887609920,0.000000000,0.000000000
2463,1782712862.839303255,0.099874258,-1.887609920,-1.885766451,-2.016007868,1.010291417,8.813395778,-0.000455958,0.000090866,0.001840050,0.000008039,-0.000003196,0.001838625,0.001843469,0.001843469,-0.000000000,-6.228523063,-0.141052280,4.483808892,-1.885766451,-1.885766451,0.000000000,0.000000000
2464,1782712863.039355755,0.200052500,-1.885766451,-1.882377927,-2.007642818,1.007303743,8.856829526,0.003290593,-0.000164140,0.003443269,-0.000057848,0.000005749,0.003440623,0.003388524,0.003388524,-0.000000000,-6.228580911,-0.141046531,4.487249515,-1.882377927,-1.882377927,0.000000000,0.000000000
2465,1782712863.139153004,0.099797249,-1.882377927,-1.884144700,-2.002720091,1.112591530,8.836765115,-0.000291971,0.001964217,-0.001705175,0.000005669,-0.000068630,-0.001703812,-0.001766773,-0.001766773,-0.000000000,-6.228575242,-0.141115161,4.485545703,-1.884144700,-1.884144700,0.000000000,0.000000000
2466,1782712863.339660645,0.200507641,-1.884144700,-1.886009829,-1.998146991,0.994346062,8.860752470,-0.001342590,0.001065239,-0.001852698,0.000023299,-0.000037136,-0.001851292,-0.001865130,-0.001865130,0.000000000,-6.228551943,-0.141152297,4.483694411,-1.886009829,-1.886009829,0.000000000,0.000000000
2467,1782712863.440146923,0.100486279,-1.886009829,-1.884638657,-1.986796646,1.006379820,8.838034159,-0.007718683,-0.001739341,0.001176199,0.000135569,0.000060292,0.001175311,0.001371172,0.001371172,-0.000000000,-6.228416374,-0.141092005,4.484869722,-1.884638657,-1.884638657,0.000000000,0.000000000
2468,1782712863.539475203,0.099328279,-1.884638657,-1.884854192,-1.989346255,1.088548539,8.873536560,0.011170315,-0.002253613,-0.000081606,-0.000212209,0.000078217,-0.000081543,-0.000215535,-0.000215535,0.000000000,-6.228628584,-0.141013788,4.484788180,-1.884854192,-1.884854192,0.000000000,0.000000000
2469,1782712863.639453411,0.099978209,-1.884854192,-1.887009923,-2.007323938,0.977247106,8.905428459,0.000252467,-0.001917323,-0.002220260,-0.000004306,0.000067149,-0.002218574,-0.002155731,-0.002155731,0.000000000,-6.228632889,-0.140946639,4.482569605,-1.887009923,-1.887009923,0.000000000,0.000000000
2470,1782712863.738744736,0.099291325,-1.887009923,-1.882409935,-2.012743205,1.031477749,8.861164287,-0.006837433,0.004811862,0.004649498,0.000123085,-0.000168974,0.004645876,0.004599988,0.004599988,0.000000000,-6.228509804,-0.141115613,4.487215482,-1.882409935,-1.882409935,0.000000000,0.000000000
2471,1782712863.839376450,0.100631714,-1.882409935,-1.881017588,-1.995695157,1.095968709,8.867839790,0.002187063,0.000806543,0.001463417,-0.000041832,-0.000028082,0.001462261,0.001392347,0.001392347,0.000000000,-6.228551636,-0.141143695,4.488677743,-1.881017588,-1.881017588,0.000000000,0.000000000
2472,1782712863.939350367,0.099973917,-1.881017588,-1.889626315,-1.999292424,1.079448664,8.857845736,0.007219871,-0.004936081,-0.008651689,-0.000136014,0.000172175,-0.008644888,-0.008608726,-0.008608726,-0.000000000,-6.228687650,-0.140971520,4.480032855,-1.889626315,-1.889626315,0.000000000,0.000000000
2473,1782712864.039178133,0.099827766,-1.889626315,-1.883674901,-2.023472077,0.955125661,8.835211496,-0.010650732,0.004429026,0.005934760,0.000177540,-0.000156362,0.005930235,0.005951413,0.005951413,0.000000000,-6.228510110,-0.141127882,4.485963091,-1.883674901,-1.883674901,0.000000000,0.000000000
2474,1782712864.139230728,0.100052595,-1.883674901,-1.887660087,-1.969740420,1.078288112,8.870899162,0.008447441,-0.002952670,-0.003930706,-0.000158969,0.000101470,-0.003927688,-0.003985186,-0.003985186,-0.000000000,-6.228669078,-0.141026412,4.482035403,-1.887660087,-1.887660087,0.000000000,0.000000000
2475,1782712864.239376307,0.100145578,-1.887660087,-1.886583024,-2.040748457,0.945239220,8.865221563,-0.001054424,0.004368326,0.001216141,0.000017395,-0.000155536,0.001215204,0.001077063,0.001077063,0.000000000,-6.228651684,-0.141181948,4.483250608,-1.886583024,-1.886583024,0.000000000,0.000000000
2476,1782712864.339394093,0.100017786,-1.886583024,-1.890946997,-1.987779789,1.015527453,8.855159075,0.004231715,-0.000106450,-0.004295924,-0.000075000,0.000003692,-0.004292664,-0.004363973,-0.004363973,-0.000000000,-6.228726684,-0.141178256,4.478957943,-1.890946997,-1.890946997,0.000000000,0.000000000
2477,1782712864.539439201,0.200045109,-1.890946997,-1.881859798,-2.012644921,0.922699219,8.855397036,-0.006185321,-0.003046177,0.008887261,0.000099605,0.000106968,0.008880626,0.009087199,0.009087199,-0.000000000,-6.228627079,-0.141071288,4.487838569,-1.881859798,-1.881859798,0.000000000,0.000000000
2478,1782712864.639228344,0.099789143,-1.881859798,-1.886802021,-2.003938118,1.023528965,8.821400444,-0.006643425,0.000520968,-0.005046571,0.000118671,-0.000018214,-0.005042680,-0.004942223,-0.004942223,-0.000000000,-6.228508407,-0.141089503,4.482795889,-1.886802021,-1.886802021,0.000000000,0.000000000
2479,1782712864.739340782,0.100112438,-1.886802021,-1.887244460,-2.007709148,1.061198528,8.852791313,0.011799171,-0.000132339,-0.000228729,-0.000218525,0.000004636,-0.000228550,-0.000442439,-0.000442439,-0.000000000,-6.228726932,-0.141084867,4.482567339,-1.887244460,-1.887244460,0.000000000,0.000000000
2480,1782712864.839493275,0.100152493,-1.887244460,-1.887114954,-1.992022962,1.019551448,8.840438795,-0.005392243,-0.001001838,-0.000001261,0.000095947,0.000034819,-0.000001260,0.000129506,0.000129506,-0.000000000,-6.228630985,-0.141050048,4.482566080,-1.887114954,-1.887114954,0.000000000,0.000000000
2481,1782712864.939649343,0.100156069,-1.887114954,-1.885973952,-2.000550569,1.020837188,8.899330230,0.004661484,-0.002203135,0.001148035,-0.000083049,0.000076897,0.001147153,0.001141001,0.001141001,0.000000000,-6.228714034,-0.140973151,4.483713233,-1.885973952,-1.885973952,0.000000000,0.000000000
2482,1782712865.039235830,0.099586487,-1.885973952,-1.885238653,-1.983962972,1.000170643,8.851048067,-0.003773107,0.006000113,0.000877789,0.000065861,-0.000207691,0.000877129,0.000735299,0.000735299,-0.000000000,-6.228648173,-0.141180842,4.484590362,-1.885238653,-1.885238653,0.000000000,0.000000000
2483,1782712865.139517307,0.100281477,-1.885238653,-1.882324454,-2.016575785,1.007875455,8.812878002,-0.003918309,-0.000130287,0.002842893,0.000068922,0.000004584,0.002840693,0.002914199,0.002914199,0.000000000,-6.228579251,-0.141176258,4.487431055,-1.882324454,-1.882324454,0.000000000,0.000000000
2484,1782712865.240134001,0.100616693,-1.882324454,-1.884149928,-1.981981984,1.099310299,8.847274070,0.005125929,-0.001589125,-0.001783477,-0.000098343,0.000054950,-0.001782082,-0.001825475,-0.001825475,-0.000000000,-6.228677594,-0.141121308,4.485648973,-1.884149928,-1.884149928,0.000000000,0.000000000
2485,1782712865.339366436,0.099232435,-1.884149928,-1.883093307,-1.987272594,1.039452624,8.855425216,-0.005661318,-0.001141152,0.000915056,0.000102701,0.000039566,0.000914355,0.001056622,0.001056622,-0.000000000,-6.228574892,-0.141081742,4.486563328,-1.883093307,-1.883093307,0.000000000,0.000000000
2486,1782712865.439584255,0.100217819,-1.883093307,-1.887470307,-2.004551736,1.152394643,8.838009316,0.005503554,0.000592601,-0.004249049,-0.000110686,-0.000020724,-0.004245590,-0.004377000,-0.004377000,-0.000000000,-6.228685578,-0.141102466,4.482317738,-1.887470307,-1.887470307,0.000000000,0.000000000
2487,1782712865.539461851,0.099877596,-1.887470307,-1.880177360,-2.022875584,0.997421505,8.855508195,-0.011846473,0.000735304,0.007118195,0.000206216,-0.000025951,0.007112681,0.007292946,0.007292946,0.000000000,-6.228479362,-0.141128418,4.489430419,-1.880177360,-1.880177360,0.000000000,0.000000000
2488,1782712865.640058756,0.100596905,-1.880177360,-1.885192112,-1.972161866,1.155806740,8.813680733,0.007737052,-0.004133493,-0.005004888,-0.000156066,0.000142221,-0.005000906,-0.005014751,-0.005014751,-0.000000000,-6.228635428,-0.140986197,4.484429513,-1.885192112,-1.885192112,0.000000000,0.000000000
2489,1782712865.840058804,0.200000048,-1.885192112,-1.887389072,-2.045823176,0.970204156,8.856009231,0.008286645,0.004307402,-0.001904387,-0.000140313,-0.000153747,-0.001902900,-0.002196960,-0.002196960,0.000000000,-6.228775741,-0.141139944,4.482526613,-1.887389072,-1.887389072,0.000000000,0.000000000
2490,1782712865.939293623,0.099234819,-1.887389072,-1.879959101,-1.983365072,0.971844594,8.872514915,-0.017766098,-0.004626678,0.006973716,0.000301332,0.000160103,0.006968536,0.007429971,0.007429971,0.000000000,-6.228474409,-0.140979841,4.489495149,-1.879959101,-1.879959101,0.000000000,0.000000000
2491,1782712866.139278412,0.199984789,-1.879959101,-1.883516828,-2.032554553,1.134822366,8.842428517,0.006829955,-0.003178434,-0.003538087,-0.000135268,0.000112708,-0.003535167,-0.003557727,-0.003557727,-0.000000000,-6.228609677,-0.140867132,4.485959981,-1.883516828,-1.883516828,0.000000000,0.000000000
2492,1782712866.239475250,0.100196838,-1.883516828,-1.886115502,-2.019850219,1.030394498,8.876366873,0.009585093,0.006286058,-0.002206513,-0.000172367,-0.000221521,-0.002204786,-0.002598674,-0.002598674,-0.000000000,-6.228782044,-0.141088653,4.483755195,-1.886115502,-1.886115502,0.000000000,0.000000000
2493,1782712866.439356565,0.199881315,-1.886115502,-1.880405622,-2.017186431,0.945322456,8.838988498,-0.008994504,-0.000291986,0.005555408,0.000148393,0.000010276,0.005551210,0.005709880,0.005709880,-0.000000000,-6.228633650,-0.141078377,4.489306405,-1.880405622,-1.880405622,0.000000000,0.000000000
2494,1782712866.539348125,0.099991560,-1.880405622,-1.886094882,-1.993931052,1.110158958,8.807048889,-0.000301937,0.001316578,-0.005653794,0.000005850,-0.000045800,-0.005649311,-0.005689261,-0.005689261,-0.000000000,-6.228627800,-0.141124177,4.483657095,-1.886094882,-1.886094882,0.000000000,0.000000000
2495,1782712866.639486313,0.100138187,-1.886094882,-1.884423435,-2.007579789,1.026287175,8.824854879,0.000755286,0.000142960,0.001691292,-0.000013528,-0.000005007,0.001689982,0.001671447,0.001671447,0.000000000,-6.228641328,-0.141129184,4.485347077,-1.884423435,-1.884423435,0.000000000,0.000000000
2496,1782712866.739338636,0.099852324,-1.884423435,-1.889759789,-1.989882442,1.068017550,8.846294177,0.003179174,0.001697904,-0.005222205,-0.000059258,-0.000058946,-0.005218150,-0.005336353,-0.005336353,-0.000000000,-6.228700586,-0.141188130,4.480128928,-1.889759789,-1.889759789,0.000000000,0.000000000
2497,1782712866.839413881,0.100075245,-1.889759789,-1.882096263,-2.015617951,0.972045436,8.855697544,-0.000100605,-0.004761442,0.007500094,0.000001707,0.000167445,0.007494374,0.007663526,0.007663526,0.000000000,-6.228698879,-0.141020685,4.487623302,-1.882096263,-1.882096263,0.000000000,0.000000000
2498,1782712866.939737558,0.100323677,-1.882096263,-1.887781338,-2.016771070,1.105850144,8.844471230,0.003645372,0.001533512,-0.005565247,-0.000070354,-0.000053957,-0.005560764,-0.005685075,-0.005685075,0.000000000,-6.228769233,-0.141074642,4.482062538,-1.887781338,-1.887781338,0.000000000,0.000000000
2499,1782712867.038757563,0.099020004,-1.887781338,-1.882447148,-1.985534042,0.985524141,8.853733926,-0.006496756,0.001330308,0.005272476,0.000111743,-0.000046085,0.005268531,0.005334190,0.005334190,0.000000000,-6.228657491,-0.141120727,4.487331069,-1.882447148,-1.882447148,0.000000000,0.000000000
2500,1782712867.140022039,0.101264477,-1.882447148,-1.887483954,-2.011360210,1.087264073,8.829283485,0.005876623,-0.001007308,-0.004964595,-0.000111510,0.000035348,-0.004960643,-0.005036805,-0.005036805,-0.000000000,-6.228769001,-0.141085379,4.482370426,-1.887483954,-1.887483954,0.000000000,0.000000000
2501,1782712867.239765406,0.099743366,-1.887483954,-1.882721897,-1.959933556,0.995768741,8.850281032,-0.005964019,-0.001018546,0.004626986,0.000103646,0.000034830,0.004623581,0.004762056,0.004762056,-0.000000000,-6.228665355,-0.141050550,4.486994007,-1.882721897,-1.882721897,0.000000000,0.000000000
2502,1782712867.339392185,0.099626780,-1.882721897,-1.885013624,-1.977864988,1.156337467,8.875694403,0.001864579,0.000321323,-0.002244805,-0.000037628,-0.000011088,-0.002243010,-0.002291726,-0.002291726,0.000000000,-6.228702983,-0.141061637,4.484750997,-1.885013624,-1.885013624,0.000000000,0.000000000
2503,1782712867.539428234,0.200036049,-1.885013624,-1.885166382,-2.006958157,1.084217221,8.823668960,-0.000235578,-0.003274621,-0.000272091,0.000004458,0.000114660,-0.000271875,-0.000152758,-0.000152758,-0.000000000,-6.228698525,-0.140946978,4.484479121,-1.885166382,-1.885166382,0.000000000,0.000000000
2504,1782712867.639515400,0.100087166,-1.885166382,-1.879891246,-2.036400239,1.039005127,8.831915879,0.000537344,0.002900312,0.005392215,-0.000009744,-0.000103044,0.005387923,0.005275136,0.005275136,-0.000000000,-6.228708269,-0.141050022,4.489867044,-1.879891246,-1.879891246,0.000000000,0.000000000
2505,1782712867.739721298,0.100205898,-1.879891246,-1.883150771,-1.971744737,1.125240676,8.840374147,-0.000328464,0.005303549,-0.003085955,0.000006450,-0.000182442,-0.003083533,-0.003259525,-0.003259525,0.000000000,-6.228701818,-0.141232464,4.486783511,-1.883150771,-1.883150771,0.000000000,0.000000000
2506,1782712867.839548826,0.099827528,-1.883150771,-1.886685847,-1.997264627,1.132377377,8.801662402,0.007244821,-0.005923660,-0.003601201,-0.000143175,0.000206410,-0.003598311,-0.003535076,-0.003535076,-0.000000000,-6.228844994,-0.141026054,4.483185200,-1.886685847,-1.886685847,0.000000000,0.000000000
2507,1782712867.939594984,0.100046158,-1.886685847,-1.882153180,-1.986812631,1.016398197,8.856140488,-0.008724158,0.002587163,0.004470986,0.000154754,-0.000089681,0.004467595,0.004532667,0.004532667,0.000000000,-6.228690240,-0.141115735,4.487652795,-1.882153180,-1.882153180,0.000000000,0.000000000
2508,1782712868.039691687,0.100096703,-1.882153180,-1.887691117,-1.983918833,1.028863528,8.891053515,0.004544871,-0.003814777,-0.005592625,-0.000081608,0.000132042,-0.005588371,-0.005537937,-0.005537937,0.000000000,-6.228771848,-0.140983693,4.482064424,-1.887691117,-1.887691117,0.000000000,0.000000000
2509,1782712868.139382362,0.099690676,-1.887691117,-1.888006842,-2.002385038,0.986983758,8.848751223,-0.000919974,0.007076603,-0.000084409,0.000015847,-0.000247228,-0.000084345,-0.000315725,-0.000315725,-0.000000000,-6.228756001,-0.141230921,4.481980079,-1.888006842,-1.888006842,0.000000000,0.000000000
2510,1782712868.240312815,0.100930452,-1.888006842,-1.885208542,-1.979240678,1.019257157,8.810689173,-0.005240026,-0.005525094,0.002516196,0.000093212,0.000190792,0.002514297,0.002798301,0.002798301,0.000000000,-6.228662789,-0.141040128,4.484494376,-1.885208542,-1.885208542,0.000000000,0.000000000
2511,1782712868.339990139,0.099677324,-1.885208542,-1.885073788,-1.986546151,1.070698343,8.827499911,0.002932165,0.002880555,0.000289606,-0.000054791,-0.000099836,0.000289381,0.000134754,0.000134754,-0.000000000,-6.228717580,-0.141139965,4.484783757,-1.885073788,-1.885073788,0.000000000,0.000000000
2512,1782712868.439461231,0.099471092,-1.885073788,-1.888165232,-1.996363965,1.049556036,8.821972858,-0.004015491,-0.001399069,-0.003216218,0.000073552,0.000048730,-0.003213727,-0.003091444,-0.003091444,0.000000000,-6.228644027,-0.141091235,4.481570031,-1.888165232,-1.888165232,0.000000000,0.000000000
2513,1782712868.539423943,0.099962711,-1.888165232,-1.883197721,-2.034693678,1.018624305,8.826500932,0.003523503,-0.001602849,0.004977174,-0.000062639,0.000056900,0.004973250,0.004967511,0.004967511,0.000000000,-6.228706666,-0.141034335,4.486543281,-1.883197721,-1.883197721,0.000000000,0.000000000
2514,1782712868.639329910,0.099905968,-1.883197721,-1.885110414,-2.006846194,1.062068909,8.815585168,-0.000515189,0.000220707,-0.001916019,0.000009549,-0.000007728,-0.001914515,-0.001912693,-0.001912693,-0.000000000,-6.228697117,-0.141042063,4.484628766,-1.885110414,-1.885110414,0.000000000,0.000000000
2515,1782712868.839483976,0.200154066,-1.885110414,-1.882716208,-2.022169486,1.059196915,8.859601542,-0.000139828,0.000597578,0.002414620,0.000002585,-0.000021083,0.002412704,0.002394206,0.002394206,-0.000000000,-6.228694532,-0.141063146,4.487041470,-1.882716208,-1.882716208,0.000000000,0.000000000
2516,1782712869.039320946,0.199836969,-1.882716208,-1.883639591,-2.012095703,1.089518043,8.796079164,-0.002506513,-0.002707561,-0.001066940,0.000047660,0.000095047,-0.001066090,-0.000923383,-0.000923383,-0.000000000,-6.228646872,-0.140968099,4.485975380,-1.883639591,-1.883639591,0.000000000,0.000000000
2517,1782712869.139389038,0.100068092,-1.883639591,-1.885407565,-2.038831347,1.102845937,8.834028897,0.006049839,0.004106717,-0.001506688,-0.000116442,-0.000146077,-0.001505455,-0.001767974,-0.001767974,0.000000000,-6.228763314,-0.141114176,4.484469925,-1.885407565,-1.885407565,0.000000000,0.000000000
2518,1782712869.239090443,0.099701405,-1.885407565,-1.879561953,-1.982533545,1.069402020,8.864628640,-0.008405549,-0.002320030,0.005612824,0.000156877,0.000080247,0.005608487,0.005845612,0.005845612,-0.000000000,-6.228606437,-0.141033929,4.490078412,-1.879561953,-1.879561953,0.000000000,0.000000000
2519,1782712869.339528084,0.100437641,-1.879561953,-1.888407323,-2.002667895,1.136393114,8.851165573,0.011939577,-0.001358807,-0.008663048,-0.000236792,0.000047476,-0.008656054,-0.008845370,-0.008845370,-0.000000000,-6.228843228,-0.140986453,4.481422358,-1.888407323,-1.888407323,0.000000000,0.000000000
2520,1782712869.439559698,0.100031614,-1.888407323,-1.876365724,-1.998929226,1.018292085,8.845138955,-0.024433013,0.007009086,0.011860919,0.000434214,-0.000244444,0.011851829,0.012041599,0.012041599,0.000000000,-6.228409014,-0.141230897,4.493274187,-1.876365724,-1.876365724,0.000000000,0.000000000
2521,1782712869.538652182,0.099092484,-1.876365724,-1.884611130,-1.946919004,1.187135286,8.833309139,0.018742986,-0.008974860,-0.008168400,-0.000388316,0.000304843,-0.008161932,-0.008245406,-0.008245406,-0.000000000,-6.228797330,-0.140926054,4.485112255,-1.884611130,-1.884611130,0.000000000,0.000000000
2522,1782712869.639349937,0.100697756,-1.884611130,-1.886865367,-2.003280351,1.070764721,8.862508078,0.003791119,0.004635651,-0.002022962,-0.000070846,-0.000162019,-0.002021373,-0.002254238,-0.002254238,-0.000000000,-6.228868176,-0.141088073,4.483090882,-1.886865367,-1.886865367,0.000000000,0.000000000
2523,1782712869.739234924,0.099884987,-1.886865367,-1.887744884,-2.007436145,1.055036607,8.840523419,0.005323530,-0.003626363,-0.000909214,-0.000098021,0.000127007,-0.000908502,-0.000879516,-0.000879516,-0.000000000,-6.228966197,-0.140961066,4.482182380,-1.887744884,-1.887744884,0.000000000,0.000000000
2524,1782712869.838798285,0.099563360,-1.887744884,-1.883878116,-2.019154043,1.008798542,8.859810651,-0.016493216,0.002945079,0.003682996,0.000290379,-0.000103750,0.003680138,0.003866768,0.003866768,0.000000000,-6.228675819,-0.141064816,4.485862518,-1.883878116,-1.883878116,0.000000000,0.000000000
2525,1782712870.039494276,0.200695992,-1.883878116,-1.884955315,-2.042685229,1.092800917,8.842796985,0.005986736,0.000228846,-0.000955646,-0.000114178,-0.000008156,-0.000954865,-0.001077198,-0.001077198,0.000000000,-6.228789997,-0.141072971,4.484907653,-1.884955315,-1.884955315,0.000000000,0.000000000
2526,1782712870.139228106,0.099733829,-1.884955315,-1.884614135,-2.026413587,1.013534100,8.847184968,0.001915731,-0.001484358,0.000322839,-0.000033887,0.000052479,0.000322587,0.000341179,0.000341179,-0.000000000,-6.228823883,-0.141020492,4.485230240,-1.884614135,-1.884614135,0.000000000,0.000000000
2527,1782712870.238755941,0.099527836,-1.884614135,-1.886327351,-2.044572932,1.008167768,8.836196239,0.000890835,-0.001084254,-0.001737593,-0.000015674,0.000038677,-0.001736218,-0.001713216,-0.001713216,-0.000000000,-6.228839557,-0.140981815,4.483494022,-1.886327351,-1.886327351,0.000000000,0.000000000
2528,1782712870.340214968,0.101459026,-1.886327351,-1.886913558,-2.016808426,1.031855229,8.854311567,-0.000556402,0.005506402,-0.000402788,0.000010020,-0.000193754,-0.000402473,-0.000586207,-0.000586207,-0.000000000,-6.228829537,-0.141175569,4.483091548,-1.886913558,-1.886913558,0.000000000,0.000000000
2529,1782712870.439558029,0.099343061,-1.886913558,-1.886714948,-1.981110764,1.026416394,8.824240523,-0.008761782,0.000432642,0.000056654,0.000156953,-0.000014954,0.000056611,0.000198611,0.000198611,-0.000000000,-6.228672584,-0.141190523,4.483148160,-1.886714948,-1.886714948,0.000000000,0.000000000
2530,1782712870.639300585,0.199742556,-1.886714948,-1.885753949,-1.996913345,1.106865549,8.835614393,0.009752979,-0.006003395,0.000940993,-0.000188401,0.000209153,0.000940246,0.000960998,0.000960998,0.000000000,-6.228860985,-0.140981370,4.484088405,-1.885753949,-1.885753949,0.000000000,0.000000000
2531,1782712870.738695383,0.099394798,-1.885753949,-1.886580219,-2.010463056,1.048942034,8.861829082,-0.005292018,0.001801406,-0.000860635,0.000096878,-0.000063186,-0.000859961,-0.000826270,-0.000826270,0.000000000,-6.228764107,-0.141044556,4.483228444,-1.886580219,-1.886580219,0.000000000,0.000000000
2532,1782712870.839673519,0.100978136,-1.886580219,-1.886196036,-1.992215522,1.072106846,8.837581506,0.009256400,0.001725238,0.000617823,-0.000173194,-0.000059965,0.000617342,0.000384183,0.000384183,-0.000000000,-6.228937300,-0.141104521,4.483845786,-1.886196036,-1.886196036,0.000000000,0.000000000
2533,1782712870.939533710,0.099860191,-1.886196036,-1.883160800,-2.012205177,1.017110735,8.844574186,-0.000175288,-0.000368342,0.003021533,0.000003112,0.000012931,0.003019194,0.003035237,0.003035237,-0.000000000,-6.228934189,-0.141091590,4.486864979,-1.883160800,-1.883160800,0.000000000,0.000000000
2534,1782712871.038695335,0.099161625,-1.883160800,-1.887218530,-1.986840204,1.030329817,8.829853469,-0.000287146,0.000951810,-0.004032976,0.000005163,-0.000032994,-0.004029900,-0.004057730,-0.004057730,0.000000000,-6.228929026,-0.141124584,4.482835080,-1.887218530,-1.887218530,0.000000000,0.000000000
2535,1782712871.138584375,0.099889040,-1.887218530,-1.881358835,-1.987521858,1.026341768,8.863738714,-0.011186534,-0.005020945,0.005489395,0.000200374,0.000174108,0.005485213,0.005859695,0.005859695,0.000000000,-6.228728651,-0.140950476,4.488320292,-1.881358835,-1.881358835,0.000000000,0.000000000
2536,1782712871.239236116,0.100651741,-1.881358835,-1.883705211,-2.007239543,1.142127533,8.864924817,0.012340124,-0.001576858,-0.002157378,-0.000245970,0.000055220,-0.002155625,-0.002346376,-0.002346376,0.000000000,-6.228974622,-0.140895257,4.486164667,-1.883705211,-1.883705211,0.000000000,0.000000000
2537,1782712871.339348555,0.100112438,-1.883705211,-1.882034474,-2.086568126,1.023740688,8.821611259,-0.006823377,0.006438270,0.001784670,0.000121911,-0.000234376,0.001783202,0.001670737,0.001670737,0.000000000,-6.228852711,-0.141129633,4.487947869,-1.882034474,-1.882034474,0.000000000,0.000000000
2538,1782712871.439611197,0.100262642,-1.882034474,-1.886115361,-1.955808979,1.107705235,8.883224724,0.000032240,-0.002200372,-0.004158545,-0.000000623,0.000075082,-0.004155346,-0.004080887,-0.004080887,0.000000000,-6.228853334,-0.141054551,4.483792524,-1.886115361,-1.886115361,0.000000000,0.000000000
2539,1782712871.539645433,0.100034237,-1.886115361,-1.883222381,-2.029564608,1.054248770,8.815834983,-0.000988584,0.003402392,0.002997655,0.000018189,-0.000120476,0.002995268,0.002892981,0.002892981,-0.000000000,-6.228835145,-0.141175027,4.486787791,-1.883222381,-1.883222381,0.000000000,0.000000000
2540,1782712871.639414072,0.099768639,-1.883222381,-1.888142344,-1.985586761,1.096189906,8.867212991,0.011636175,-0.006054764,-0.004910946,-0.000222611,0.000209748,-0.004907099,-0.004919963,-0.004919963,-0.000000000,-6.229057756,-0.140965279,4.481880692,-1.888142344,-1.888142344,0.000000000,0.000000000
2541,1782712871.739164829,0.099750757,-1.888142344,-1.881537416,-2.020010599,0.976050846,8.856348102,-0.015305137,0.005376879,0.006538723,0.000260715,-0.000189500,0.006533712,0.006604927,0.006604927,0.000000000,-6.228797041,-0.141154779,4.488414404,-1.881537416,-1.881537416,0.000000000,0.000000000
2542,1782712871.839361906,0.100197077,-1.881537416,-1.889573709,-2.009000003,1.140723979,8.827030057,0.014554878,-0.003446990,-0.007873748,-0.000289760,0.000120815,-0.007867349,-0.008036293,-0.008036293,-0.000000000,-6.229086801,-0.141033964,4.480547055,-1.889573709,-1.889573709,0.000000000,0.000000000
2543,1782712871.939511299,0.100149393,-1.889573709,-1.886494897,-1.994144530,0.968328422,8.843231133,-0.010955251,0.002230145,0.002973489,0.000185141,-0.000077592,0.002971264,0.003078813,0.003078813,-0.000000000,-6.228901660,-0.141111556,4.483518319,-1.886494897,-1.886494897,0.000000000,0.000000000
2544,1782712872.039216042,0.099704742,-1.886494897,-1.887473807,-2.002495565,1.045282346,8.806909641,0.008743239,-0.002524992,-0.000908333,-0.000159499,0.000088216,-0.000907627,-0.000978911,-0.000978911,0.000000000,-6.229061159,-0.141023340,4.482610692,-1.887473807,-1.887473807,0.000000000,0.000000000
2545,1782712872.139393806,0.100177765,-1.887473807,-1.882148033,-2.010124745,1.009700286,8.834296072,-0.012073024,-0.000406589,0.005102700,0.000212747,0.000014259,0.005098768,0.005325774,0.005325774,0.000000000,-6.228848412,-0.141009080,4.487709460,-1.882148033,-1.882148033,0.000000000,0.000000000
2546,1782712872.239341497,0.099947691,-1.882148033,-1.883281889,-2.020165319,1.107289441,8.844799631,0.004546904,0.002761868,-0.000949415,-0.000087867,-0.000097341,-0.000948647,-0.001133856,-0.001133856,0.000000000,-6.228936280,-0.141106421,4.486760812,-1.883281889,-1.883281889,0.000000000,0.000000000
2547,1782712872.338482380,0.099140882,-1.883281889,-1.885001081,-1.966064227,1.035863084,8.832571497,-0.002044073,-0.000373479,-0.001770288,0.000036953,0.000012811,-0.001768957,-0.001719192,-0.001719192,0.000000000,-6.228899326,-0.141093610,4.484991856,-1.885001081,-1.885001081,0.000000000,0.000000000
2548,1782712872.439405203,0.100922823,-1.885001081,-1.886398040,-1.993390226,1.122755076,8.820084482,0.002816177,-0.000026785,-0.001343780,-0.000055182,0.000000932,-0.001342709,-0.001396959,-0.001396959,-0.000000000,-6.228954508,-0.141092679,4.483649146,-1.886398040,-1.886398040,0.000000000,0.000000000
2549,1782712872.538467884,0.099062681,-1.886398040,-1.883563460,-2.002617537,1.049239822,8.814726135,-0.000196993,-0.003884066,0.002697366,0.000003607,0.000135707,0.002695266,0.002834580,0.002834580,-0.000000000,-6.228950901,-0.140956972,4.486344413,-1.883563460,-1.883563460,0.000000000,0.000000000
2550,1782712872.639358521,0.100890636,-1.883563460,-1.886745019,-2.004820673,1.050878083,8.889272867,0.002568150,0.002494119,-0.003049599,-0.000047101,-0.000087239,-0.003047220,-0.003181559,-0.003181559,0.000000000,-6.228998001,-0.141044211,4.483297193,-1.886745019,-1.886745019,0.000000000,0.000000000
2551,1782712872.738500118,0.099141598,-1.886745019,-1.885221144,-2.007139683,1.059700861,8.854092308,0.005635785,0.001510209,0.001682309,-0.000104229,-0.000052885,0.001680990,0.001523876,0.001523876,0.000000000,-6.229102231,-0.141097095,4.484978182,-1.885221144,-1.885221144,0.000000000,0.000000000
2552,1782712872.839231730,0.100731611,-1.885221144,-1.882781836,-1.996259461,1.020407385,8.831560838,-0.009143574,0.000190043,0.002284842,0.000162834,-0.000006619,0.002283093,0.002439308,0.002439308,0.000000000,-6.228939397,-0.141103714,4.487261276,-1.882781836,-1.882781836,0.000000000,0.000000000
2553,1782712872.939397335,0.100165606,-1.882781836,-1.880599600,-2.008750986,1.088715425,8.806385229,-0.001747042,0.000643098,0.002173307,0.000033195,-0.000022538,0.002171579,0.002182236,0.002182236,-0.000000000,-6.228906202,-0.141126252,4.489432855,-1.880599600,-1.880599600,0.000000000,0.000000000
2554,1782712873.039410591,0.100013256,-1.880599600,-1.884573357,-2.009004580,1.135186333,8.805194773,-0.002609239,-0.002905554,-0.004130637,0.000051693,0.000101839,-0.004127288,-0.003973757,-0.003973757,0.000000000,-6.228854510,-0.141024413,4.485305566,-1.884573357,-1.884573357,0.000000000,0.000000000
2555,1782712873.139254808,0.099844217,-1.884573357,-1.886524848,-2.017569168,1.102663782,8.813222371,0.014799095,0.001110932,-0.001628906,-0.000284793,-0.000039104,-0.001627594,-0.001951491,-0.001951491,0.000000000,-6.229139302,-0.141063518,4.483677972,-1.886524848,-1.886524848,0.000000000,0.000000000
2556,1782712873.239509583,0.100254774,-1.886524848,-1.880412466,-2.009633307,1.053235592,8.917591091,-0.014527667,0.002847531,0.005949847,0.000267039,-0.000099839,0.005945182,0.006112382,0.006112382,0.000000000,-6.228872264,-0.141163357,4.489623155,-1.880412466,-1.880412466,0.000000000,0.000000000
2557,1782712873.339397192,0.099887609,-1.880412466,-1.881876059,-1.962455094,1.155951706,8.835810999,0.005518353,-0.003401546,-0.001469889,-0.000111326,0.000116461,-0.001468728,-0.001463593,-0.001463593,0.000000000,-6.228983590,-0.141046896,4.488154426,-1.881876059,-1.881876059,0.000000000,0.000000000
2558,1782712873.439399719,0.100002527,-1.881876059,-1.882874997,-2.034344248,1.042081075,8.840825553,-0.003705138,-0.000425396,-0.001082282,0.000067384,0.000015098,-0.001081421,-0.000998938,-0.000998938,0.000000000,-6.228916205,-0.141031797,4.487073006,-1.882874997,-1.882874997,0.000000000,0.000000000
2559,1782712873.539804697,0.100404978,-1.882874997,-1.883664683,-2.011089858,1.139524727,8.848204274,0.011916825,-0.001073189,-0.000590829,-0.000236992,0.000037654,-0.000590348,-0.000789686,-0.000789686,-0.000000000,-6.229153197,-0.140994143,4.486482658,-1.883664683,-1.883664683,0.000000000,0.000000000
2560,1782712873.639605761,0.099801064,-1.883664683,-1.885259647,-1.988154872,1.067818879,8.885097680,-0.005956676,0.001701236,-0.001648240,0.000111008,-0.000059011,-0.001646961,-0.001594964,-0.001594964,0.000000000,-6.229042189,-0.141053154,4.484835696,-1.885259647,-1.885259647,0.000000000,0.000000000
2561,1782712873.839431047,0.199825287,-1.885259647,-1.883373718,-2.023323869,1.070355926,8.836156984,-0.002850802,0.000397443,0.001848179,0.000053253,-0.000014030,0.001846705,0.001885928,0.001885928,-0.000000000,-6.228988936,-0.141067184,4.486682401,-1.883373718,-1.883373718,0.000000000,0.000000000
2562,1782712873.939508677,0.100077629,-1.883373718,-1.884688726,-1.986062068,1.084618894,8.861018372,0.004424607,0.003784617,-0.001100975,-0.000083754,-0.000131138,-0.001100117,-0.001315008,-0.001315008,-0.000000000,-6.229072689,-0.141198321,4.485582284,-1.884688726,-1.884688726,0.000000000,0.000000000
2563,1782712874.039704084,0.100195408,-1.884688726,-1.884940201,-1.982249943,1.005083236,8.822475428,-0.007920964,-0.001429276,-0.000440179,0.000138943,0.000049431,-0.000439848,-0.000251475,-0.000251475,-0.000000000,-6.228933747,-0.141148890,4.485142436,-1.884940201,-1.884940201,0.000000000,0.000000000
2564,1782712874.140483141,0.100779057,-1.884940201,-1.880326118,-1.943979197,1.066023912,8.904685072,0.008722029,-0.003830752,0.004649907,-0.000162269,0.000129926,0.004646427,0.004614083,0.004614083,0.000000000,-6.229096016,-0.141018965,4.489788863,-1.880326118,-1.880326118,0.000000000,0.000000000
2565,1782712874.239471436,0.098988295,-1.880326118,-1.883690650,-1.982380039,1.120374852,8.822869982,-0.009572992,0.003973678,-0.003416978,0.000187181,-0.000137432,-0.003414280,-0.003364532,-0.003364532,0.000000000,-6.228908836,-0.141156397,4.486374582,-1.883690650,-1.883690650,0.000000000,0.000000000
2566,1782712874.339496136,0.100024700,-1.883690650,-1.883603828,-2.006281610,1.101022780,8.863444501,-0.001754640,0.000481610,0.000070020,0.000033716,-0.000016858,0.000069964,0.000086822,0.000086822,0.000000000,-6.228875120,-0.141173254,4.486444546,-1.883603828,-1.883603828,0.000000000,0.000000000
2567,1782712874.439712286,0.100216150,-1.883603828,-1.887589602,-1.976003834,1.116965055,8.872980227,0.006739441,-0.004755870,-0.004021510,-0.000131375,0.000163956,-0.004018355,-0.003985775,-0.003985775,-0.000000000,-6.229006495,-0.141009299,4.482426191,-1.887589602,-1.887589602,0.000000000,0.000000000
2568,1782712874.539531231,0.099818945,-1.887589602,-1.882635657,-2.008566371,1.042672057,8.864242690,-0.005906058,0.000859835,0.004880410,0.000107473,-0.000030131,0.004876604,0.004953945,0.004953945,0.000000000,-6.228899022,-0.141039430,4.487302795,-1.882635657,-1.882635657,0.000000000,0.000000000
2569,1782712874.639301062,0.099769831,-1.882635657,-1.887082714,-1.993869148,1.107542566,8.865980745,0.008566382,0.002741021,-0.004189446,-0.000165580,-0.000095349,-0.004186128,-0.004447057,-0.004447057,-0.000000000,-6.229064602,-0.141134779,4.483116667,-1.887082714,-1.887082714,0.000000000,0.000000000
2570,1782712874.738801718,0.099500656,-1.887082714,-1.883438362,-2.008281420,0.992706257,8.842104119,-0.002205150,0.000417364,0.003623541,0.000038204,-0.000014624,0.003620772,0.003644352,0.003644352,-0.000000000,-6.229026398,-0.141149403,4.486737439,-1.883438362,-1.883438362,0.000000000,0.000000000
2571,1782712874.840299368,0.101497650,-1.883438362,-1.887286433,-1.951710911,1.098135581,8.829417608,-0.000115257,-0.001218791,-0.003894755,0.000002209,0.000041501,-0.003891781,-0.003848071,-0.003848071,0.000000000,-6.229024189,-0.141107902,4.482845658,-1.887286433,-1.887286433,0.000000000,0.000000000
2572,1782712874.939360857,0.099061489,-1.887286433,-1.882801970,-2.006281134,1.026161111,8.861286849,-0.001070012,-0.004048179,0.004326946,0.000019163,0.000141700,0.004323600,0.004484463,0.004484463,0.000000000,-6.229005026,-0.140966202,4.487169258,-1.882801970,-1.882801970,0.000000000,0.000000000
2573,1782712875.039194584,0.099833727,-1.882801970,-1.885654414,-2.017968515,1.114835974,8.863743720,0.013166300,0.000266458,-0.002588990,-0.000256168,-0.000009381,-0.002586895,-0.002852444,-0.002852444,0.000000000,-6.229261194,-0.140975583,4.484582363,-1.885654414,-1.885654414,0.000000000,0.000000000
2574,1782712875.140624523,0.101429939,-1.885654414,-1.882928023,-2.005819145,1.006788903,8.885698382,-0.010543292,0.001225665,0.002586012,0.000185255,-0.000042893,0.002584029,0.002726391,0.002726391,0.000000000,-6.229075939,-0.141018476,4.487166392,-1.882928023,-1.882928023,0.000000000,0.000000000
2575,1782712875.239207029,0.098582506,-1.882928023,-1.885083650,-1.991880884,1.096627461,8.850170121,0.000343310,0.001485712,-0.002099078,-0.000006570,-0.000051631,-0.002097425,-0.002155627,-0.002155627,-0.000000000,-6.229082509,-0.141070107,4.485068966,-1.885083650,-1.885083650,0.000000000,0.000000000
2576,1782712875.339207411,0.100000381,-1.885083650,-1.882624138,-1.994661696,1.069124822,8.836465159,-0.008137778,0.005768012,0.002510358,0.000151840,-0.000200729,0.002508400,0.002459511,0.002459511,0.000000000,-6.228930669,-0.141270835,4.487577366,-1.882624138,-1.882624138,0.000000000,0.000000000
2577,1782712875.439148664,0.099941254,-1.882624138,-1.886032420,-1.935269558,1.118922412,8.858757954,0.014689872,-0.007552072,-0.003378983,-0.000286859,0.000254988,-0.003376412,-0.003408282,-0.003408282,-0.000000000,-6.229217528,-0.141015847,4.484200955,-1.886032420,-1.886032420,0.000000000,0.000000000
2578,1782712875.539113045,0.099964380,-1.886032420,-1.883001359,-2.033251296,0.994077173,8.892831397,-0.016634314,0.004475797,0.002903512,0.000288590,-0.000158775,0.002901247,0.003031061,0.003031061,0.000000000,-6.228928938,-0.141174622,4.487102202,-1.883001359,-1.883001359,0.000000000,0.000000000
2579,1782712875.639074564,0.099961519,-1.883001359,-1.885465770,-1.987656334,1.108282501,8.828403228,0.009573650,-0.002242763,-0.002358872,-0.000185173,0.000077774,-0.002357012,-0.002464411,-0.002464411,0.000000000,-6.229114112,-0.141096849,4.484745190,-1.885465770,-1.885465770,0.000000000,0.000000000
2580,1782712875.739342451,0.100267887,-1.885465770,-1.882804057,-2.021904110,1.064570362,8.826541123,-0.001829057,-0.003184097,0.002517412,0.000033982,0.000112321,0.002515411,0.002661713,0.002661713,-0.000000000,-6.229080129,-0.140984528,4.487260601,-1.882804057,-1.882804057,0.000000000,0.000000000
2581,1782712875.839174509,0.099832058,-1.882804057,-1.883677961,-1.999281900,1.100072900,8.866545437,0.004663719,0.002824212,-0.000686401,-0.000089537,-0.000098510,-0.000685857,-0.000873904,-0.000873904,0.000000000,-6.229169667,-0.141083038,4.486574744,-1.883677961,-1.883677961,0.000000000,0.000000000
2582,1782712875.939302921,0.100128412,-1.883677961,-1.881408221,-1.975923574,1.022397743,8.876757925,-0.011381493,-0.002234160,0.001991137,0.000203083,0.000077021,0.001989637,0.002269740,0.002269740,-0.000000000,-6.228966584,-0.141006018,4.488564380,-1.881408221,-1.881408221,0.000000000,0.000000000
2583,1782712876.039513826,0.100210905,-1.881408221,-1.882944366,-2.025290025,1.108096686,8.844411334,0.009728116,0.001111965,-0.001309788,-0.000188129,-0.000039290,-0.001308725,-0.001536145,-0.001536145,-0.000000000,-6.229154713,-0.141045308,4.487255655,-1.882944366,-1.882944366,0.000000000,0.000000000
2584,1782712876.138597250,0.099083424,-1.882944366,-1.886814711,-2.007792295,1.039118246,8.813702144,-0.004029162,0.002351494,-0.003864049,0.000073069,-0.000082372,-0.003861042,-0.003870345,-0.003870345,-0.000000000,-6.229081644,-0.141127680,4.483394613,-1.886814711,-1.886814711,0.000000000,0.000000000
2585,1782712876.238562346,0.099965096,-1.886814711,-1.881945593,-1.989202353,1.023987401,8.854372472,0.002702089,-0.001196524,0.004879600,-0.000048289,0.000041526,0.004875881,0.004869118,0.004869118,0.000000000,-6.229129933,-0.141086154,4.488270494,-1.881945593,-1.881945593,0.000000000,0.000000000
2586,1782712876.439511061,0.200948715,-1.881945593,-1.881115203,-2.006690116,1.107222426,8.808814775,-0.000409969,-0.000678115,0.000799366,0.000007922,0.000023741,0.000798727,0.000830390,0.000830390,-0.000000000,-6.229122011,-0.141062413,4.489069221,-1.881115203,-1.881115203,0.000000000,0.000000000
2587,1782712876.538669586,0.099158525,-1.881115203,-1.882717771,-2.003322600,1.134968717,8.811279676,0.000166537,0.001995037,-0.001530778,-0.000003299,-0.000069728,-0.001529542,-0.001602568,-0.001602568,-0.000000000,-6.229125310,-0.141132141,4.487539679,-1.882717771,-1.882717771,0.000000000,0.000000000
2588,1782712876.640333414,0.101663828,-1.882717771,-1.878324360,-1.990664985,1.100292830,8.876057371,-0.008574192,0.002185504,0.004308062,0.000164646,-0.000075903,0.004304668,0.004393411,0.004393411,0.000000000,-6.228960663,-0.141208044,4.491844347,-1.878324360,-1.878324360,0.000000000,0.000000000
2589,1782712876.840575457,0.200242043,-1.878324360,-1.879978218,-1.981681304,1.209480068,8.841752474,0.004174110,-0.005518755,-0.001757990,-0.000088106,0.000190796,-0.001756548,-0.001653858,-0.001653858,0.000000000,-6.229048770,-0.141017248,4.490087800,-1.879978218,-1.879978218,0.000000000,0.000000000
2590,1782712876.939454079,0.098878622,-1.879978218,-1.883001789,-1.987368101,1.183369744,8.874576099,0.005769097,-0.000682673,-0.002930483,-0.000119145,0.000023669,-0.002928095,-0.003023571,-0.003023571,0.000000000,-6.229167915,-0.140993579,4.487159705,-1.883001789,-1.883001789,0.000000000,0.000000000
2591,1782712877.039433479,0.099979401,-1.883001789,-1.880376823,-2.020517538,1.134506262,8.881797455,-0.006610835,0.004407037,0.002651593,0.000130892,-0.000155350,0.002649425,0.002624966,0.002624966,0.000000000,-6.229037023,-0.141148929,4.489809129,-1.880376823,-1.880376823,0.000000000,0.000000000
2592,1782712877.139267445,0.099833965,-1.880376823,-1.883552377,-1.952989964,1.194775958,8.823432932,0.004186987,-0.002405623,-0.003172747,-0.000087304,0.000081965,-0.003170215,-0.003175554,-0.003175554,0.000000000,-6.229124327,-0.141066964,4.486638914,-1.883552377,-1.883552377,0.000000000,0.000000000
2593,1782712877.239594936,0.100327492,-1.883552377,-1.881960235,-2.003791228,1.086633903,8.867187349,-0.000310693,-0.004017281,0.001446953,0.000005892,0.000140441,0.001445808,0.001592142,0.001592142,-0.000000000,-6.229118435,-0.140926523,4.488084722,-1.881960235,-1.881960235,0.000000000,0.000000000
2594,1782712877.339391947,0.099797010,-1.881960235,-1.886540005,-1.988424492,1.096834792,8.867974133,0.011796389,0.004678396,-0.004194956,-0.000225809,-0.000162299,-0.004191662,-0.004579770,-0.004579770,-0.000000000,-6.229344244,-0.141088822,4.483893061,-1.886540005,-1.886540005,0.000000000,0.000000000
2595,1782712877.439193249,0.099801302,-1.886540005,-1.883754297,-1.994228527,1.013223449,8.803735469,-0.010182745,-0.000354878,0.002595274,0.000180063,0.000012347,0.002593297,0.002785708,0.002785708,0.000000000,-6.229164181,-0.141076475,4.486486358,-1.883754297,-1.883754297,0.000000000,0.000000000
2596,1782712877.538687706,0.099494457,-1.883754297,-1.883373243,-1.989779158,1.031394090,8.876609699,-0.000173233,0.002163380,0.000453386,0.000003118,-0.000075103,0.000453039,0.000381054,0.000381054,0.000000000,-6.229161062,-0.141151578,4.486939397,-1.883373243,-1.883373243,0.000000000,0.000000000
2597,1782712877.639564753,0.100877047,-1.883373243,-1.881817633,-1.961435293,1.106477757,8.836641440,-0.003170147,-0.008645199,0.001199477,0.000061217,0.000295842,0.001198551,0.001555611,0.001555611,-0.000000000,-6.229099845,-0.140855735,4.488137948,-1.881817633,-1.881817633,0.000000000,0.000000000
2598,1782712877.739189863,0.099625111,-1.881817633,-1.882441035,-2.029696323,1.079396900,8.869240094,0.004947061,0.007099936,-0.000279017,-0.000093192,-0.000251417,-0.000278792,-0.000623402,-0.000623402,0.000000000,-6.229193038,-0.141107152,4.487859155,-1.882441035,-1.882441035,0.000000000,0.000000000
2599,1782712877.839315653,0.100125790,-1.882441035,-1.883964264,-1.993664981,1.137687216,8.855379089,-0.007796105,0.002552482,-0.001590517,0.000154792,-0.000088781,-0.001589240,-0.001523229,-0.001523229,0.000000000,-6.229038245,-0.141195933,4.486269915,-1.883964264,-1.883964264,0.000000000,0.000000000
2600,1782712877.939022064,0.099706411,-1.883964264,-1.881104492,-1.988871084,1.086884282,8.814813043,0.006053489,-0.000914250,0.002945178,-0.000114826,0.000031724,0.002942874,0.002859771,0.002859771,-0.000000000,-6.229153071,-0.141164209,4.489212789,-1.881104492,-1.881104492,0.000000000,0.000000000
2601,1782712878.039234400,0.100212336,-1.881104492,-1.885297392,-1.974963997,1.104820699,8.835604132,-0.000455295,-0.003294873,-0.004318576,0.000008779,0.000113529,-0.004315208,-0.004192900,-0.004192900,-0.000000000,-6.229144293,-0.141050680,4.484897580,-1.885297392,-1.885297392,0.000000000,0.000000000
2602,1782712878.139081001,0.099846601,-1.885297392,-1.884481043,-2.005963715,1.076023652,8.804847459,0.001423175,-0.000176016,0.000837575,-0.000026726,0.000006160,0.000836914,0.000816349,0.000816349,0.000000000,-6.229171018,-0.141044520,4.485734495,-1.884481043,-1.884481043,0.000000000,0.000000000
2603,1782712878.239188194,0.100107193,-1.884481043,-1.887940450,-1.990582760,1.043592993,8.880389446,0.000846882,0.004078124,-0.003304893,-0.000015424,-0.000141631,-0.003302351,-0.003459406,-0.003459406,-0.000000000,-6.229186443,-0.141186151,4.482432144,-1.887940450,-1.887940450,0.000000000,0.000000000
2604,1782712878.339179754,0.099991560,-1.887940450,-1.881016978,-1.981216192,1.041580858,8.860509283,-0.002285476,-0.003845214,0.006754165,0.000041545,0.000132914,0.006749012,0.006923472,0.006923472,0.000000000,-6.229144897,-0.141053237,4.489181156,-1.881016978,-1.881016978,0.000000000,0.000000000
2605,1782712878.439163446,0.099983692,-1.881016978,-1.884339668,-1.988283030,1.112735672,8.914841869,-0.003709525,0.003052219,-0.003291453,0.000072038,-0.000105877,-0.003288851,-0.003322690,-0.003322690,0.000000000,-6.229072860,-0.141159114,4.485892306,-1.884339668,-1.884339668,0.000000000,0.000000000
2606,1782712878.539825678,0.100662231,-1.884339668,-1.881688586,-1.979122821,1.082066905,8.846056330,0.001898426,0.001183903,0.002729927,-0.000035851,-0.000040879,0.002727812,0.002651082,0.002651082,0.000000000,-6.229108710,-0.141199993,4.488620118,-1.881688586,-1.881688586,0.000000000,0.000000000
2607,1782712878.739354610,0.199528933,-1.881688586,-1.884904237,-1.937625402,1.146044263,8.850404910,0.006762224,-0.006599345,-0.003306041,-0.000135251,0.000223089,-0.003303489,-0.003215651,-0.003215651,0.000000000,-6.229243961,-0.140976904,4.485316628,-1.884904237,-1.884904237,0.000000000,0.000000000
2608,1782712878.839932680,0.100578070,-1.884904237,-1.878146766,-1.989046428,1.114478235,8.885304653,-0.014499244,-0.001099265,0.006442412,0.000282012,0.000038147,0.006437313,0.006757471,0.006757471,0.000000000,-6.228961949,-0.140938757,4.491753941,-1.878146766,-1.878146766,0.000000000,0.000000000
2609,1782712878.939395905,0.099463224,-1.878146766,-1.886480753,-2.017772592,1.162422010,8.822381291,0.009739915,0.003786044,-0.008009733,-0.000197591,-0.000133277,-0.008003119,-0.008333987,-0.008333987,0.000000000,-6.229159540,-0.141072035,4.483750822,-1.886480753,-1.886480753,0.000000000,0.000000000
2610,1782712879.040851831,0.101455927,-1.886480753,-1.880338819,-1.978848498,1.111671579,8.837800257,-0.004581838,0.001273168,0.006101783,0.000088893,-0.000043955,0.006096996,0.006141934,0.006141934,-0.000000000,-6.229070647,-0.141115990,4.489847819,-1.880338819,-1.880338819,0.000000000,0.000000000
2611,1782712879.138831615,0.097979784,-1.880338819,-1.885337957,-1.981856065,1.144465350,8.868330768,0.010135651,-0.003831847,-0.004933120,-0.000202443,0.000132490,-0.004929185,-0.004999138,-0.004999138,0.000000000,-6.229273090,-0.140983499,4.484918633,-1.885337957,-1.885337957,0.000000000,0.000000000
2612,1782712879.239712238,0.100880623,-1.885337957,-1.879166639,-1.987718986,1.043657835,8.853260051,-0.009877846,0.003445045,0.006115566,0.000179918,-0.000119473,0.006110872,0.006171317,0.006171317,0.000000000,-6.229093173,-0.141102972,4.491029505,-1.879166639,-1.879166639,0.000000000,0.000000000
2613,1782712879.339533091,0.099820852,-1.879166639,-1.882204539,-1.985827436,1.185342646,8.895430745,0.006263136,-0.000416376,-0.002925144,-0.000129563,0.000014425,-0.002922761,-0.003037899,-0.003037899,0.000000000,-6.229222736,-0.141088546,4.488106744,-1.882204539,-1.882204539,0.000000000,0.000000000
2614,1782712879.439375639,0.099842548,-1.882204539,-1.887365321,-2.011735040,1.085600064,8.828219086,-0.005056721,0.001982350,-0.005191142,0.000095805,-0.000069576,-0.005187011,-0.005160782,-0.005160782,-0.000000000,-6.229126931,-0.141158123,4.482919733,-1.887365321,-1.887365321,0.000000000,0.000000000
2615,1782712879.539447784,0.100072145,-1.887365321,-1.884687531,-2.003431738,1.075885935,8.820313866,0.000088945,-0.000374207,0.002668482,-0.000001670,0.000013080,0.002666380,0.002677790,0.002677790,0.000000000,-6.229128601,-0.141145043,4.485586113,-1.884687531,-1.884687531,0.000000000,0.000000000
2616,1782712879.639364243,0.099916458,-1.884687531,-1.888613249,-2.010034030,1.106189715,8.817695666,0.002403699,-0.001039257,-0.003918900,-0.000046405,0.000036445,-0.003915759,-0.003925719,-0.003925719,-0.000000000,-6.229175005,-0.141108598,4.481670354,-1.888613249,-1.888613249,0.000000000,0.000000000
2617,1782712879.739146709,0.099782467,-1.888613249,-1.881548481,-1.997629290,1.048495648,8.850965151,-0.000910946,0.000010433,0.007053930,0.000016669,-0.000000364,0.007048463,0.007064768,0.007064768,0.000000000,-6.229158336,-0.141108962,4.488718817,-1.881548481,-1.881548481,0.000000000,0.000000000
2618,1782712879.839460611,0.100313902,-1.881548481,-1.884219707,-2.027328791,1.093462368,8.752730648,0.001145803,-0.000584761,-0.002672202,-0.000021866,0.000020683,-0.002670043,-0.002671226,-0.002671226,0.000000000,-6.229180202,-0.141088279,4.486048774,-1.884219707,-1.884219707,0.000000000,0.000000000
2619,1782712879.939460278,0.099999666,-1.884219707,-1.881467860,-2.023830735,1.068708856,8.837410014,-0.007632253,-0.000372935,0.002598398,0.000142352,0.000013168,0.002596326,0.002751846,0.002751846,-0.000000000,-6.229037850,-0.141075111,4.488645100,-1.881467860,-1.881467860,0.000000000,0.000000000
2620,1782712880.039235592,0.099775314,-1.881467860,-1.887540335,-2.017498866,1.113242697,8.819495438,0.009818471,-0.001893618,-0.005953181,-0.000190758,0.000066652,-0.005948368,-0.006072475,-0.006072475,-0.000000000,-6.229228608,-0.141008459,4.482696732,-1.887540335,-1.887540335,0.000000000,0.000000000
2621,1782712880.239389658,0.200154066,-1.887540335,-1.885860181,-2.009777822,1.019128944,8.878287342,0.001999749,0.003856933,0.001852396,-0.000035568,-0.000135241,0.001850964,0.001680154,0.001680154,0.000000000,-6.229264176,-0.141143701,4.484547696,-1.885860181,-1.885860181,0.000000000,0.000000000
2622,1782712880.339076042,0.099686384,-1.885860181,-1.880987587,-1.997145605,1.046123028,8.811066893,-0.012885239,0.001415143,0.004690284,0.000235249,-0.000049309,0.004686654,0.004872594,0.004872594,0.000000000,-6.229028927,-0.141193010,4.489234350,-1.880987587,-1.880987587,0.000000000,0.000000000
2623,1782712880.439509630,0.100433588,-1.880987587,-1.880429544,-1.982731802,1.154412327,8.798176841,0.003448782,0.000156123,0.000633433,-0.000069482,-0.000005400,0.000632926,0.000558043,0.000558043,0.000000000,-6.229098409,-0.141198410,4.489867276,-1.880429544,-1.880429544,0.000000000,0.000000000
2624,1782712880.540044546,0.100534916,-1.880429544,-1.879873224,-1.960775091,1.157013414,8.833678580,0.001110894,-0.002940547,0.000478538,-0.000022432,0.000100591,0.000478160,0.000556320,0.000556320,0.000000000,-6.229120841,-0.141097819,4.490345436,-1.879873224,-1.879873224,0.000000000,0.000000000
2625,1782712880.639680386,0.099635839,-1.879873224,-1.882435829,-1.974529744,1.158321044,8.868969337,0.007899086,0.001485862,-0.002353617,-0.000159681,-0.000051185,-0.002351738,-0.002562605,-0.002562605,-0.000000000,-6.229280522,-0.141149005,4.487993698,-1.882435829,-1.882435829,0.000000000,0.000000000
2626,1782712880.738518715,0.098838329,-1.882435829,-1.884214098,-1.987224627,1.125742034,8.864670879,-0.009875538,-0.002677598,-0.002066764,0.000194021,0.000092832,-0.002065122,-0.001778269,-0.001778269,0.000000000,-6.229086501,-0.141056172,4.485928575,-1.884214098,-1.884214098,0.000000000,0.000000000
2627,1782712880.939517498,0.200998783,-1.884214098,-1.882139707,-1.972854416,1.103471541,8.915413460,0.012844141,0.002629608,0.002414132,-0.000247353,-0.000090510,0.002412254,0.002074391,0.002074391,-0.000000000,-6.229333853,-0.141146682,4.488340829,-1.882139707,-1.882139707,0.000000000,0.000000000
2628,1782712881.039519072,0.100001574,-1.882139707,-1.886207771,-1.986444482,1.091491671,8.853836255,0.003782881,-0.003730015,-0.004128504,-0.000072060,0.000129270,-0.004125274,-0.004068064,-0.004068064,-0.000000000,-6.229405913,-0.141017412,4.484215555,-1.886207771,-1.886207771,0.000000000,0.000000000
2629,1782712881.139551640,0.100032568,-1.886207771,-1.882818280,-1.984216850,1.026820089,8.862701020,-0.018076322,0.004621287,0.003227991,0.000323936,-0.000159983,0.003225538,0.003389490,0.003389490,0.000000000,-6.229081978,-0.141177395,4.487441092,-1.882818280,-1.882818280,0.000000000,0.000000000
2630,1782712881.339695692,0.200144053,-1.882818280,-1.881255773,-1.984974453,1.121930506,8.861425975,0.005761178,-0.001431087,0.001627041,-0.000112805,0.000049560,0.001625753,0.001562508,0.001562508,-0.000000000,-6.229194783,-0.141127835,4.489066845,-1.881255773,-1.881255773,0.000000000,0.000000000
2631,1782712881.439355135,0.099659443,-1.881255773,-1.884276657,-1.991626110,1.146592765,8.886113926,0.007804054,-0.002929470,-0.002968898,-0.000156163,0.000101789,-0.002966511,-0.003020885,-0.003020885,-0.000000000,-6.229350945,-0.141026046,4.486100334,-1.884276657,-1.884276657,0.000000000,0.000000000
2632,1782712881.539296389,0.099941254,-1.884276657,-1.882557278,-1.991823007,1.045641723,8.842939203,-0.003075969,0.000386466,0.001677970,0.000056133,-0.000013430,0.001676677,0.001719380,0.001719380,0.000000000,-6.229294812,-0.141039477,4.487777011,-1.882557278,-1.882557278,0.000000000,0.000000000
2633,1782712881.639638186,0.100341797,-1.882557278,-1.882307922,-1.995733488,1.117672894,8.863301975,-0.007044380,0.003406198,0.000230731,0.000137407,-0.000118599,0.000230547,0.000249355,0.000249355,0.000000000,-6.229157406,-0.141158075,4.488007559,-1.882307922,-1.882307922,0.000000000,0.000000000
2634,1782712881.739261627,0.099623442,-1.882307922,-1.883309740,-2.011430160,1.113699939,8.801606795,0.000617312,0.001008342,-0.000955203,-0.000011998,-0.000035385,-0.000954434,-0.001001818,-0.001001818,-0.000000000,-6.229169404,-0.141193460,4.487053125,-1.883309740,-1.883309740,0.000000000,0.000000000
2635,1782712881.839539051,0.100277424,-1.883309740,-1.884288879,-1.991496074,1.169442352,8.785801132,0.002182218,-0.004277242,-0.001084090,-0.000044537,0.000148608,-0.001083210,-0.000979139,-0.000979139,0.000000000,-6.229213942,-0.141044852,4.485969915,-1.884288879,-1.884288879,0.000000000,0.000000000
2636,1782712881.939554453,0.100015402,-1.884288879,-1.880598112,-2.015736980,1.101064852,8.853073037,-0.001829415,0.006686030,0.003893871,0.000035154,-0.000235131,0.003890743,0.003690767,0.003690767,0.000000000,-6.229178788,-0.141279983,4.489860658,-1.880598112,-1.880598112,0.000000000,0.000000000
2637,1782712882.039735794,0.100181341,-1.880598112,-1.883725842,-1.957061960,1.149038112,8.891096940,-0.004268324,-0.005500081,-0.003403786,0.000085593,0.000187793,-0.003401116,-0.003127730,-0.003127730,0.000000000,-6.229093194,-0.141092190,4.486459542,-1.883725842,-1.883725842,0.000000000,0.000000000
2638,1782712882.139219046,0.099483252,-1.883725842,-1.878332374,-1.964036977,1.160415578,8.865623683,0.004518375,0.003223135,0.005599852,-0.000091505,-0.000110441,0.005595415,0.005393469,0.005393469,-0.000000000,-6.229184699,-0.141202631,4.492054956,-1.878332374,-1.878332374,0.000000000,0.000000000
2639,1782712882.239462852,0.100243807,-1.878332374,-1.880107254,-1.957581165,1.211833008,8.896428284,0.000327359,-0.004692491,-0.001929773,-0.000006923,0.000160258,-0.001928215,-0.001774881,-0.001774881,0.000000000,-6.229191622,-0.141042373,4.490126741,-1.880107254,-1.880107254,0.000000000,0.000000000
2640,1782712882.339491844,0.100028992,-1.880107254,-1.883725618,-1.992547649,1.161370376,8.857985129,0.006337724,0.001381824,-0.003444663,-0.000128455,-0.000048035,-0.003441873,-0.003618363,-0.003618363,-0.000000000,-6.229320077,-0.141090409,4.486684869,-1.883725618,-1.883725618,0.000000000,0.000000000
2641,1782712882.439292908,0.099801064,-1.883725618,-1.878775207,-1.975560683,1.108285882,8.882575854,-0.014933080,0.000912926,0.004696710,0.000288836,-0.000031466,0.004693040,0.004950410,0.004950410,0.000000000,-6.229031241,-0.141121874,4.491377908,-1.878775207,-1.878775207,0.000000000,0.000000000
2642,1782712882.539470673,0.100177765,-1.878775207,-1.883857865,-1.966145704,1.184851402,8.876017583,0.012199613,-0.002882740,-0.004933234,-0.000252265,0.000098883,-0.004929275,-0.005082657,-0.005082657,-0.000000000,-6.229283506,-0.141022992,4.486448633,-1.883857865,-1.883857865,0.000000000,0.000000000
2643,1782712882.639408827,0.099938154,-1.883857865,-1.883896439,-2.009320577,1.079827994,8.835279682,-0.002318687,0.004715381,0.000083096,0.000043697,-0.000165302,0.000083031,-0.000038574,-0.000038574,0.000000000,-6.229239809,-0.141188293,4.486531664,-1.883896439,-1.883896439,0.000000000,0.000000000
2644,1782712882.739488602,0.100079775,-1.883896439,-1.885210344,-1.980116647,1.142135900,8.824723202,0.018517246,-0.008225709,-0.001229949,-0.000369099,0.000284164,-0.001228970,-0.001313905,-0.001313905,-0.000000000,-6.229608908,-0.140904130,4.485302694,-1.885210344,-1.885210344,0.000000000,0.000000000
2645,1782712882.839391470,0.099902868,-1.885210344,-1.881340711,-2.009757673,0.996246437,8.871265506,-0.020335221,0.006280119,0.003739140,0.000353567,-0.000220209,0.003736276,0.003869634,0.003869634,0.000000000,-6.229255342,-0.141124338,4.489038969,-1.881340711,-1.881340711,0.000000000,0.000000000
2646,1782712882.939439058,0.100047588,-1.881340711,-1.880817689,-1.995592629,1.175762327,8.853766084,0.005614197,-0.002944554,0.000536145,-0.000115200,0.000102515,0.000535707,0.000523022,0.000523022,0.000000000,-6.229370542,-0.141021823,4.489574676,-1.880817689,-1.880817689,0.000000000,0.000000000
2647,1782712883.139443159,0.200004101,-1.880817689,-1.881055311,-2.026552129,1.086110549,8.836996858,0.002296236,-0.000133085,-0.000198963,-0.000043525,0.000004705,-0.000198802,-0.000237622,-0.000237622,-0.000000000,-6.229414067,-0.141017117,4.489375874,-1.881055311,-1.881055311,0.000000000,0.000000000
2648,1782712883.239300013,0.099856853,-1.881055311,-1.880743347,-2.020135051,1.086751987,8.853644707,-0.001834561,-0.001316777,0.000230946,0.000034795,0.000046409,0.000230760,0.000311964,0.000311964,0.000000000,-6.229379273,-0.140970708,4.489606634,-1.880743347,-1.880743347,0.000000000,0.000000000
2649,1782712883.439434767,0.200134754,-1.880743347,-1.884977885,-1.997425271,1.127263031,8.871643716,-0.000066590,0.004192192,-0.004093038,0.000001310,-0.000146089,-0.004089759,-0.004234538,-0.004234538,0.000000000,-6.229377963,-0.141116797,4.485516875,-1.884977885,-1.884977885,0.000000000,0.000000000
2650,1782712883.539638758,0.100203991,-1.884977885,-1.881020787,-1.997285076,1.102428531,8.846483425,-0.008585712,0.001387823,0.003843316,0.000165188,-0.000048360,0.003840270,0.003957098,0.003957098,0.000000000,-6.229212775,-0.141165157,4.489357145,-1.881020787,-1.881020787,0.000000000,0.000000000
2651,1782712883.639714718,0.100075960,-1.881020787,-1.881497970,-1.994871231,1.147925783,8.833910616,0.002220292,-0.000938437,-0.000465738,-0.000044481,0.000032660,-0.000465362,-0.000477183,-0.000477183,-0.000000000,-6.229257256,-0.141132496,4.488891783,-1.881497970,-1.881497970,0.000000000,0.000000000
2652,1782712883.738617182,0.098902464,-1.881497970,-1.881793413,-2.003286232,1.136283046,8.842764695,0.001164050,-0.000298048,-0.000283005,-0.000023084,0.000010417,-0.000282777,-0.000295444,-0.000295444,-0.000000000,-6.229280340,-0.141122080,4.488609006,-1.881793413,-1.881793413,0.000000000,0.000000000
2653,1782712883.839585304,0.100968122,-1.881793413,-1.882805296,-1.992135680,1.141769960,8.844483742,0.001926632,0.001191114,-0.000932843,-0.000038391,-0.000041398,-0.000932094,-0.001011883,-0.001011883,-0.000000000,-6.229318730,-0.141163477,4.487676912,-1.882805296,-1.882805296,0.000000000,0.000000000
2654,1782712883.939443111,0.099857807,-1.882805296,-1.879915937,-2.000055025,1.113948015,8.843384213,0.000383731,0.001197658,0.002940956,-0.000007460,-0.000041791,0.002938609,0.002889358,0.002889358,-0.000000000,-6.229326190,-0.141205268,4.490615521,-1.879915937,-1.879915937,0.000000000,0.000000000
2655,1782712884.039771318,0.100328207,-1.879915937,-1.886586084,-1.954767972,1.158304364,8.839354588,0.000365332,-0.001021818,-0.006702879,-0.000007385,0.000034848,-0.006697609,-0.006670147,-0.006670147,-0.000000000,-6.229333575,-0.141170421,4.483917912,-1.886586084,-1.886586084,0.000000000,0.000000000
2656,1782712884.139654398,0.099883080,-1.886586084,-1.881496541,-1.987827735,1.050956739,8.859345407,-0.005757449,-0.002889149,0.004887505,0.000105601,0.000100200,0.004883743,0.005089543,0.005089543,-0.000000000,-6.229227974,-0.141070221,4.488801654,-1.881496541,-1.881496541,0.000000000,0.000000000
2657,1782712884.240233183,0.100578785,-1.881496541,-1.885143996,-2.009808228,1.182217570,8.846647539,0.010229638,-0.002685258,-0.003533474,-0.000211059,0.000094153,-0.003530549,-0.003647454,-0.003647454,-0.000000000,-6.229439034,-0.140976067,4.485271105,-1.885143996,-1.885143996,0.000000000,0.000000000
2658,1782712884.439582109,0.199348927,-1.885143996,-1.884749091,-2.013662180,1.049094041,8.889695088,-0.002474616,0.002670709,0.000443772,0.000045308,-0.000093827,0.000443423,0.000394904,0.000394904,-0.000000000,-6.229393726,-0.141069895,4.485714529,-1.884749091,-1.884749091,0.000000000,0.000000000
2659,1782712884.538810730,0.099228621,-1.884749091,-1.880097641,-2.003129342,1.052136014,8.879795163,-0.004016055,0.000524826,0.004599635,0.000073744,-0.000018342,0.004596049,0.004651451,0.004651451,0.000000000,-6.229319982,-0.141088236,4.490310578,-1.880097641,-1.880097641,0.000000000,0.000000000
2660,1782712884.638755560,0.099944830,-1.880097641,-1.884365760,-2.003988995,1.160141224,8.884181633,0.005457176,0.004442317,-0.004005587,-0.000110491,-0.000155312,-0.004002317,-0.004268119,-0.004268119,-0.000000000,-6.229430473,-0.141243548,4.486308261,-1.884365760,-1.884365760,0.000000000,0.000000000
2661,1782712884.738662958,0.099907398,-1.884365760,-1.885487716,-1.965629947,1.092387113,8.883869301,-0.003764314,-0.001974119,-0.001262393,0.000071765,0.000067700,-0.001261421,-0.001121956,-0.001121956,-0.000000000,-6.229358708,-0.141175848,4.485046840,-1.885487716,-1.885487716,0.000000000,0.000000000
2662,1782712884.838611841,0.099948883,-1.885487716,-1.888114628,-1.938345230,1.078752974,8.859413697,0.008087978,-0.003748379,-0.002603355,-0.000152270,0.000126763,-0.002601405,-0.002626912,-0.002626912,-0.000000000,-6.229510977,-0.141049085,4.482445435,-1.888114628,-1.888114628,0.000000000,0.000000000
2663,1782712884.939447880,0.100836039,-1.888114628,-1.881011361,-2.021300226,0.986815955,8.842971991,-0.009484234,0.001747500,0.007006952,0.000163341,-0.000061627,0.007001553,0.007103267,0.007103267,-0.000000000,-6.229347637,-0.141110712,4.489446988,-1.881011361,-1.881011361,0.000000000,0.000000000
2664,1782712885.039351702,0.099903822,-1.881011361,-1.883124109,-1.982819554,1.147570526,8.866849621,0.008712625,-0.000174484,-0.001945847,-0.000174492,0.000006036,-0.001944292,-0.002112748,-0.002112748,-0.000000000,-6.229522129,-0.141104676,4.487502697,-1.883124109,-1.883124109,0.000000000,0.000000000
2665,1782712885.139303207,0.099951506,-1.883124109,-1.884508574,-1.980431535,1.098509762,8.837157635,-0.013573728,-0.001639458,-0.001702669,0.000260228,0.000056646,-0.001701339,-0.001384465,-0.001384465,0.000000000,-6.229261901,-0.141048030,4.485801357,-1.884508574,-1.884508574,0.000000000,0.000000000
2666,1782712885.238522053,0.099218845,-1.884508574,-1.879873683,-2.004866683,1.075718545,8.858707604,-0.003206930,-0.001204541,0.004536129,0.000060206,0.000042133,0.004532553,0.004634892,0.004634892,-0.000000000,-6.229201695,-0.141005897,4.490333910,-1.879873683,-1.879873683,0.000000000,0.000000000
2667,1782712885.339379549,0.100857496,-1.879873683,-1.887307615,-2.000658880,1.188100409,8.837124888,0.007220787,0.003145251,-0.007180351,-0.000149721,-0.000109780,-0.007174431,-0.007433932,-0.007433932,-0.000000000,-6.229351417,-0.141115678,4.483159479,-1.887307615,-1.887307615,0.000000000,0.000000000
2668,1782712885.439344406,0.099964857,-1.887307615,-1.882491925,-1.959278706,1.072813167,8.876860266,0.001671844,0.002024483,0.004919934,-0.000031302,-0.000069203,0.004916196,0.004815690,0.004815690,0.000000000,-6.229382719,-0.141184881,4.488075675,-1.882491925,-1.882491925,0.000000000,0.000000000
2669,1782712885.639654875,0.200310469,-1.882491925,-1.882202719,-1.989471911,1.123155386,8.802381333,0.006595301,-0.000048575,0.000417129,-0.000129278,0.000001686,0.000416798,0.000289206,0.000289206,-0.000000000,-6.229511997,-0.141183195,4.488492473,-1.882202719,-1.882202719,0.000000000,0.000000000
2670,1782712885.739907980,0.100253105,-1.882202719,-1.879663170,-1.974805821,1.075814049,8.798511840,-0.008864225,-0.003126805,0.002267134,0.000166429,0.000107731,0.002265388,0.002539549,0.002539549,-0.000000000,-6.229345567,-0.141075464,4.490757861,-1.879663170,-1.879663170,0.000000000,0.000000000
2671,1782712885.839501381,0.099593401,-1.879663170,-1.883117758,-2.016736736,1.138307009,8.841395994,0.003732105,0.002116680,-0.003308674,-0.000074142,-0.000074474,-0.003305972,-0.003454588,-0.003454588,-0.000000000,-6.229419709,-0.141149938,4.487451889,-1.883117758,-1.883117758,0.000000000,0.000000000
2672,1782712885.938603640,0.099102259,-1.883117758,-1.886897286,-1.967333235,1.144351174,8.847702369,0.007929661,-0.001340043,-0.003670051,-0.000158366,0.000045994,-0.003667156,-0.003779528,-0.003779528,0.000000000,-6.229578075,-0.141103944,4.483784733,-1.886897286,-1.886897286,0.000000000,0.000000000
2673,1782712886.038772583,0.100168943,-1.886897286,-1.878980507,-2.008033480,1.016879722,8.827830738,-0.015603499,0.000238186,0.007654114,0.000276915,-0.000008345,0.007648209,0.007916779,0.007916779,0.000000000,-6.229301160,-0.141112289,4.491432942,-1.878980507,-1.878980507,0.000000000,0.000000000
2674,1782712886.138741493,0.099968910,-1.878980507,-1.885070125,-2.000978233,1.199127308,8.824340439,0.013021447,0.000048525,-0.005820244,-0.000272502,-0.000001694,-0.005815421,-0.006089617,-0.006089617,-0.000000000,-6.229573663,-0.141113983,4.485617521,-1.885070125,-1.885070125,0.000000000,0.000000000
2675,1782712886.239534616,0.100793123,-1.885070125,-1.883708383,-2.039039007,1.022888403,8.829669404,-0.010005547,-0.004509389,0.001023515,0.000178617,0.000160420,0.001022704,0.001361742,0.001361742,-0.000000000,-6.229395045,-0.140953562,4.486640225,-1.883708383,-1.883708383,0.000000000,0.000000000
2676,1782712886.439522028,0.199987411,-1.883708383,-1.880821944,-1.986999775,1.138496577,8.865698197,0.001518038,0.002146317,0.002993396,-0.000030162,-0.000074404,0.002991005,0.002886439,0.002886439,0.000000000,-6.229425208,-0.141027966,4.489631230,-1.880821944,-1.880821944,0.000000000,0.000000000
2677,1782712886.539542913,0.100020885,-1.880821944,-1.884191535,-1.988265348,1.141179640,8.866709444,0.007914085,0.004696969,-0.003051488,-0.000157617,-0.000162928,-0.003049046,-0.003369591,-0.003369591,-0.000000000,-6.229582825,-0.141190895,4.486582185,-1.884191535,-1.884191535,0.000000000,0.000000000
2678,1782712886.639356136,0.099813223,-1.884191535,-1.884593146,-1.990881593,1.091791533,8.839533764,-0.001462030,-0.002927263,-0.000531562,0.000027858,0.000101676,-0.000531145,-0.000401611,-0.000401611,-0.000000000,-6.229554967,-0.141089219,4.486051040,-1.884593146,-1.884593146,0.000000000,0.000000000
2679,1782712886.739368916,0.100012779,-1.884593146,-1.885273908,-1.967748583,1.106128479,8.868356118,0.002131494,0.007752692,-0.000373751,-0.000041147,-0.000266154,-0.000373461,-0.000680762,-0.000680762,-0.000000000,-6.229596114,-0.141355373,4.485677579,-1.885273908,-1.885273908,0.000000000,0.000000000
2680,1782712886.839801788,0.100432873,-1.885273908,-1.881056282,-1.947321143,1.081709932,8.834818281,-0.013963206,-0.010742968,0.003591751,0.000263601,0.000364988,0.003589037,0.004217626,0.004217626,-0.000000000,-6.229332513,-0.140990385,4.489266616,-1.881056282,-1.881056282,0.000000000,0.000000000
2681,1782712886.939604282,0.099802494,-1.881056282,-1.880664925,-2.028817360,1.162708402,8.852337346,0.007763426,0.002941164,0.000653536,-0.000157533,-0.000104102,0.000652992,0.000391357,0.000391357,-0.000000000,-6.229490046,-0.141094487,4.489919608,-1.880664925,-1.880664925,0.000000000,0.000000000
2682,1782712887.039427757,0.099823475,-1.880664925,-1.886190974,-1.987051574,1.181824280,8.833243015,0.000473648,0.002300450,-0.005440960,-0.000009769,-0.000079748,-0.005436532,-0.005526049,-0.005526049,-0.000000000,-6.229499815,-0.141174235,4.484483076,-1.886190974,-1.886190974,0.000000000,0.000000000
2683,1782712887.138443947,0.099016190,-1.886190974,-1.883139281,-1.981525378,1.097815814,8.857849534,0.004517249,-0.003035378,0.003035677,-0.000086547,0.000104936,0.003033305,0.003051693,0.003051693,0.000000000,-6.229586362,-0.141069299,4.487516381,-1.883139281,-1.883139281,0.000000000,0.000000000
2684,1782712887.239398003,0.100954056,-1.883139281,-1.884596920,-2.008832945,1.128700815,8.841376161,-0.001721548,0.003569359,-0.001367562,0.000033912,-0.000125094,-0.001366456,-0.001457639,-0.001457639,0.000000000,-6.229552451,-0.141194394,4.486149924,-1.884596920,-1.884596920,0.000000000,0.000000000
2685,1782712887.339501619,0.100103617,-1.884596920,-1.881933019,-1.955144834,1.133946965,8.871620630,0.000482039,-0.004664259,0.002516298,-0.000009539,0.000159100,0.002514341,0.002663901,0.002663901,0.000000000,-6.229561990,-0.141035294,4.488664265,-1.881933019,-1.881933019,0.000000000,0.000000000
2686,1782712887.439342022,0.099840403,-1.881933019,-1.884254103,-1.993543207,1.173459526,8.890100495,-0.001496867,0.004576919,-0.002194343,0.000030655,-0.000159183,-0.002192555,-0.002321084,-0.002321084,-0.000000000,-6.229531336,-0.141194477,4.486471710,-1.884254103,-1.884254103,0.000000000,0.000000000
2687,1782712887.539298296,0.099956274,-1.884254103,-1.884708147,-1.945067370,1.096238139,8.856723318,0.003465826,-0.000752415,-0.000413584,-0.000066307,0.000025533,-0.000413270,-0.000454044,-0.000454044,0.000000000,-6.229597643,-0.141168944,4.486058440,-1.884708147,-1.884708147,0.000000000,0.000000000
2688,1782712887.638834715,0.099536419,-1.884708147,-1.882869339,-1.953036339,1.081283975,8.876759578,-0.002709857,-0.000888984,0.001758715,0.000051137,0.000030291,0.001757380,0.001838809,0.001838809,-0.000000000,-6.229546506,-0.141138653,4.487815820,-1.882869339,-1.882869339,0.000000000,0.000000000
2689,1782712887.738668442,0.099833727,-1.882869339,-1.882973701,-1.949874463,1.139937671,8.881047524,0.000119976,0.000313748,-0.000091373,-0.000002387,-0.000010673,-0.000091302,-0.000104362,-0.000104362,0.000000000,-6.229548893,-0.141149326,4.487724518,-1.882973701,-1.882973701,0.000000000,0.000000000
2690,1782712887.838882685,0.100214243,-1.882973701,-1.882102482,-1.952202666,1.108433893,8.849566422,-0.003891380,-0.004033732,0.000659061,0.000075277,0.000137386,0.000658555,0.000871219,0.000871219,-0.000000000,-6.229473615,-0.141011939,4.488383072,-1.882102482,-1.882102482,0.000000000,0.000000000
2691,1782712887.938631058,0.099748373,-1.882102482,-1.880013330,-2.029648295,1.125107374,8.912221428,0.002920105,0.000945531,0.002181761,-0.000057338,-0.000033481,0.002179971,0.002089152,0.002089152,-0.000000000,-6.229530953,-0.141045420,4.490563044,-1.880013330,-1.880013330,0.000000000,0.000000000
2692,1782712888.040180922,0.101549864,-1.880013330,-1.880490802,-2.026432762,1.123789971,8.845226799,-0.009039778,0.004733442,-0.000487819,0.000177293,-0.000167345,-0.000487420,-0.000477472,-0.000477472,-0.000000000,-6.229353660,-0.141212765,4.490075624,-1.880490802,-1.880490802,0.000000000,0.000000000
2693,1782712888.139638901,0.099457979,-1.880490802,-1.883650856,-1.990256617,1.184801535,8.839131380,0.005306206,-0.003817856,-0.003185503,-0.000109718,0.000132564,-0.003182901,-0.003160054,-0.003160054,0.000000000,-6.229463377,-0.141080201,4.486892723,-1.883650856,-1.883650856,0.000000000,0.000000000
2694,1782712888.238915205,0.099276304,-1.883650856,-1.881065216,-2.012883928,1.129743824,8.851116520,0.001832023,0.003430923,0.002744473,-0.000036121,-0.000120485,0.002742246,0.002585640,0.002585640,0.000000000,-6.229499498,-0.141200686,4.489634969,-1.881065216,-1.881065216,0.000000000,0.000000000
2695,1782712888.340492964,0.101577759,-1.881065216,-1.888952859,-1.957757175,1.191595120,8.874805700,0.013264789,-0.006318279,-0.007833860,-0.000275851,0.000215803,-0.007827594,-0.007887643,-0.007887643,-0.000000000,-6.229775350,-0.140984884,4.481807375,-1.888952859,-1.888952859,0.000000000,0.000000000
2696,1782712888.438517094,0.098024130,-1.888952859,-1.887053760,-1.997070100,0.989958765,8.897200304,-0.010572972,0.003920836,0.001854445,0.000182671,-0.000136614,0.001853042,0.001899099,0.001899099,-0.000000000,-6.229592679,-0.141121498,4.483660417,-1.887053760,-1.887053760,0.000000000,0.000000000
2697,1782712888.639478683,0.200961590,-1.887053760,-1.879391627,-2.000166187,1.007353080,8.833105171,-0.005987565,-0.001703620,0.007503147,0.000105266,0.000059451,0.007497416,0.007662133,0.007662133,0.000000000,-6.229487413,-0.141062047,4.491157834,-1.879391627,-1.879391627,0.000000000,0.000000000
2698,1782712888.740956545,0.101477861,-1.879391627,-1.884627920,-2.019254840,1.143042892,8.821396976,0.005544038,0.001350430,-0.005082292,-0.000110595,-0.000047573,-0.005078125,-0.005236294,-0.005236294,-0.000000000,-6.229598008,-0.141109621,4.486079708,-1.884627920,-1.884627920,0.000000000,0.000000000
2699,1782712888.838792801,0.097836256,-1.884627920,-1.881876996,-2.020348756,1.077273884,8.822348273,-0.001760349,-0.000668388,0.002696421,0.000033096,0.000023559,0.002694269,0.002750924,0.002750924,0.000000000,-6.229564912,-0.141086061,4.488773977,-1.881876996,-1.881876996,0.000000000,0.000000000
2700,1782712889.039700270,0.200907469,-1.881876996,-1.885518248,-2.007952097,1.125203989,8.871204101,-0.000990429,0.000801140,-0.003635569,0.000019449,-0.000028065,-0.003632636,-0.003641252,-0.003641252,-0.000000000,-6.229545463,-0.141114126,4.485141341,-1.885518248,-1.885518248,0.000000000,0.000000000
2701,1782712889.139387608,0.099687338,-1.885518248,-1.887310995,-1.986311466,1.095567614,8.839205043,-0.000054958,0.002356217,-0.001713487,0.000001051,-0.000081653,-0.001712145,-0.001792747,-0.001792747,0.000000000,-6.229544412,-0.141195779,4.483429196,-1.887310995,-1.887310995,0.000000000,0.000000000
2702,1782712889.239433765,0.100046158,-1.887310995,-1.887041361,-2.005156380,1.091603299,8.793403601,0.008217276,-0.003292098,0.000311260,-0.000156547,0.000115168,0.000311013,0.000269634,0.000269634,0.000000000,-6.229700959,-0.141080612,4.483740209,-1.887041361,-1.887041361,0.000000000,0.000000000
2703,1782712889.339399099,0.099965334,-1.887041361,-1.879541056,-2.039496139,1.083947444,8.844332209,-0.004555960,0.002563963,0.007511452,0.000086187,-0.000091231,0.007505350,0.007500306,0.007500306,-0.000000000,-6.229614772,-0.141171843,4.491245559,-1.879541056,-1.879541056,0.000000000,0.000000000
2704,1782712889.438753843,0.099354744,-1.879541056,-1.884930013,-1.995888899,1.082838280,8.818238522,-0.004794977,-0.000751518,-0.005510067,0.000090615,0.000026169,-0.005505741,-0.005388957,-0.005388957,-0.000000000,-6.229524157,-0.141145674,4.485739818,-1.884930013,-1.884930013,0.000000000,0.000000000
2705,1782712889.538450956,0.099697113,-1.884930013,-1.878258124,-1.965985426,1.110693877,8.859527017,-0.001623152,0.001311715,0.006690611,0.000031463,-0.000044991,0.006685416,0.006671888,0.006671888,0.000000000,-6.229492694,-0.141190665,4.492425235,-1.878258124,-1.878258124,0.000000000,0.000000000
2706,1782712889.639542580,0.101091623,-1.878258124,-1.881660931,-1.950248956,1.179889713,8.848647114,0.002845402,-0.003782502,-0.003475663,-0.000058591,0.000128698,-0.003472913,-0.003402806,-0.003402806,-0.000000000,-6.229551285,-0.141061967,4.488952322,-1.881660931,-1.881660931,0.000000000,0.000000000
2707,1782712889.738475084,0.098932505,-1.881660931,-1.877311314,-2.006017090,1.190238015,8.866073377,-0.005798510,0.002028622,0.004303731,0.000120447,-0.000070995,0.004300165,0.004349617,0.004349617,0.000000000,-6.229430838,-0.141132963,4.493252487,-1.877311314,-1.877311314,0.000000000,0.000000000
2708,1782712889.839540243,0.101065159,-1.877311314,-1.879606379,-1.988458121,1.206830090,8.900229537,0.006541599,-0.004179604,-0.002304179,-0.000137777,0.000144992,-0.002302280,-0.002295065,-0.002295065,0.000000000,-6.229568614,-0.140987970,4.490950206,-1.879606379,-1.879606379,0.000000000,0.000000000
2709,1782712890.039334536,0.199794292,-1.879606379,-1.879595472,-2.047455657,1.141773614,8.830822305,0.001096486,0.002852367,0.000134756,-0.000021849,-0.000101887,0.000134643,0.000010907,0.000010907,-0.000000000,-6.229590463,-0.141089857,4.491084849,-1.879595472,-1.879595472,0.000000000,0.000000000
2710,1782712890.139314651,0.099980116,-1.879595472,-1.878906157,-2.007354674,1.162005088,8.815320472,-0.005103012,0.002710814,0.000681321,0.000103486,-0.000094934,0.000680763,0.000689314,0.000689314,-0.000000000,-6.229486977,-0.141184792,4.491765612,-1.878906157,-1.878906157,0.000000000,0.000000000
2711,1782712890.239542246,0.100227594,-1.878906157,-1.887355269,-1.975764260,1.113571569,8.852032840,0.009987392,-0.001181827,-0.008302255,-0.000194098,0.000040738,-0.008295752,-0.008449112,-0.008449112,0.000000000,-6.229681075,-0.141144054,4.483469860,-1.887355269,-1.887355269,0.000000000,0.000000000
2712,1782712890.339423895,0.099881649,-1.887355269,-1.882484734,-1.980618176,1.053359979,8.850418510,-0.006066163,-0.001154836,0.004722730,0.000111518,0.000039906,0.004719111,0.004870535,0.004870535,0.000000000,-6.229569557,-0.141104148,4.488188970,-1.882484734,-1.882484734,0.000000000,0.000000000
2713,1782712890.439371347,0.099947453,-1.882484734,-1.881721309,-2.012187866,1.123137154,8.827814492,-0.001302027,0.000477079,0.000755263,0.000025521,-0.000016748,0.000754652,0.000763426,0.000763426,-0.000000000,-6.229544036,-0.141120896,4.488943623,-1.881721309,-1.881721309,0.000000000,0.000000000
2714,1782712890.539464474,0.100093126,-1.881721309,-1.885592865,-2.014772785,1.093771274,8.832795097,0.004791459,0.001673348,-0.003724254,-0.000091463,-0.000058819,-0.003721274,-0.003871556,-0.003871556,-0.000000000,-6.229635499,-0.141179715,4.485222349,-1.885592865,-1.885592865,0.000000000,0.000000000
2715,1782712890.638736725,0.099272251,-1.885592865,-1.884055869,-1.976333434,1.102785254,8.857883868,-0.001034651,0.001847912,0.001582034,0.000019913,-0.000063717,0.001580800,0.001536996,0.001536996,0.000000000,-6.229615586,-0.141243432,4.486803149,-1.884055869,-1.884055869,0.000000000,0.000000000
2716,1782712890.739327431,0.100590706,-1.884055869,-1.883070489,-1.980302251,1.059217971,8.803029640,-0.003797914,-0.004226845,0.000769726,0.000070207,0.000146038,0.000769135,0.000985380,0.000985380,0.000000000,-6.229545378,-0.141097394,4.487572284,-1.883070489,-1.883070489,0.000000000,0.000000000
2717,1782712890.839660406,0.100332975,-1.883070489,-1.882425709,-1.984509412,1.122233224,8.831362955,0.001215994,0.001610863,0.000724942,-0.000023816,-0.000055772,0.000724368,0.000644780,0.000644780,0.000000000,-6.229569194,-0.141153167,4.488296652,-1.882425709,-1.882425709,0.000000000,0.000000000
2718,1782712890.938888073,0.099227667,-1.882425709,-1.885795892,-2.002383259,1.116315035,8.830320935,0.002481058,-0.000569922,-0.003344433,-0.000048336,0.000019910,-0.003341757,-0.003370183,-0.003370183,0.000000000,-6.229617531,-0.141133257,4.484954895,-1.885795892,-1.885795892,0.000000000,0.000000000
2719,1782712891.038564444,0.099676371,-1.885795892,-1.883647411,-1.983115366,1.117930274,8.834718883,-0.003103420,0.000353016,0.002101804,0.000060549,-0.000012214,0.002100146,0.002148481,0.002148481,-0.000000000,-6.229556982,-0.141145471,4.487055041,-1.883647411,-1.883647411,0.000000000,0.000000000
2720,1782712891.139063120,0.100498676,-1.883647411,-1.881686189,-2.000201942,1.115798708,8.806763538,-0.002057680,0.000601819,0.001943707,0.000040069,-0.000021001,0.001942154,0.001961223,0.001961223,-0.000000000,-6.229516912,-0.141166472,4.488997195,-1.881686189,-1.881686189,0.000000000,0.000000000
2721,1782712891.238564730,0.099501610,-1.881686189,-1.882513084,-1.998991023,1.125826423,8.831036159,0.002150126,-0.004391698,-0.000938563,-0.000042246,0.000153161,-0.000937811,-0.000826896,-0.000826896,0.000000000,-6.229559158,-0.141013311,4.488059384,-1.882513084,-1.882513084,0.000000000,0.000000000
2722,1782712891.339540482,0.100975752,-1.882513084,-1.881839395,-2.009911711,1.122386586,8.861879162,0.004151076,0.003027128,0.000861844,-0.000081312,-0.000106148,0.000861149,0.000673689,0.000673689,-0.000000000,-6.229640470,-0.141119459,4.488920533,-1.881839395,-1.881839395,0.000000000,0.000000000
2723,1782712891.438609362,0.099068880,-1.881839395,-1.881082850,-1.970713667,1.131387156,8.875075559,-0.005297542,-0.001897002,0.000587183,0.000104601,0.000065223,0.000586722,0.000756545,0.000756545,-0.000000000,-6.229535869,-0.141054236,4.489507255,-1.881082850,-1.881082850,0.000000000,0.000000000
2724,1782712891.539504051,0.100894690,-1.881082850,-1.882810906,-1.993141634,1.183493360,8.839915380,0.001997337,0.000248577,-0.001679532,-0.000041254,-0.000008644,-0.001678158,-0.001728055,-0.001728055,-0.000000000,-6.229577123,-0.141062880,4.487829097,-1.882810906,-1.882810906,0.000000000,0.000000000
2725,1782712891.639454603,0.099950552,-1.882810906,-1.877778951,-1.994893890,1.122926079,8.888094055,-0.017013887,0.003280030,0.004816526,0.000333430,-0.000114157,0.004812682,0.005031954,0.005031954,0.000000000,-6.229243693,-0.141177037,4.492641779,-1.877778951,-1.877778951,0.000000000,0.000000000
2726,1782712891.739981890,0.100527287,-1.877778951,-1.882184336,-1.965624993,1.200570659,8.854862414,0.012976758,-0.005874764,-0.004338455,-0.000271894,0.000201460,-0.004334951,-0.004405385,-0.004405385,0.000000000,-6.229515587,-0.140975578,4.488306829,-1.882184336,-1.882184336,0.000000000,0.000000000
2727,1782712891.839667797,0.099685907,-1.882184336,-1.884151303,-2.026697110,1.169347686,8.816454449,0.005287750,0.006021538,-0.001647522,-0.000107910,-0.000212908,-0.001646148,-0.001966967,-0.001966967,-0.000000000,-6.229623497,-0.141188486,4.486660680,-1.884151303,-1.884151303,0.000000000,0.000000000
2728,1782712891.938922882,0.099255085,-1.884151303,-1.883077667,-1.957402862,1.108031164,8.822503185,0.005594489,-0.005047345,0.001010231,-0.000108184,0.000172367,0.001009452,0.001073636,0.001073636,0.000000000,-6.229731681,-0.141016119,4.487670133,-1.883077667,-1.883077667,0.000000000,0.000000000
2729,1782712892.039418459,0.100495577,-1.883077667,-1.881455369,-2.011263972,1.076558093,8.847083107,-0.010419597,0.004676990,0.001591907,0.000195767,-0.000164115,0.001590645,0.001622298,0.001622298,0.000000000,-6.229535914,-0.141180233,4.489260778,-1.881455369,-1.881455369,0.000000000,0.000000000
2730,1782712892.139362574,0.099944115,-1.881455369,-1.883453555,-1.970171614,1.181774695,8.857791943,0.008831458,-0.000248954,-0.001826067,-0.000182143,0.000008557,-0.001824600,-0.001998186,-0.001998186,0.000000000,-6.229718057,-0.141171676,4.487436178,-1.883453555,-1.883453555,0.000000000,0.000000000
2731,1782712892.238792658,0.099430084,-1.883453555,-1.882796085,-1.992455719,1.109499171,8.813575363,-0.009088465,-0.000349942,0.000469696,0.000175982,0.000012164,0.000469324,0.000657470,0.000657470,-0.000000000,-6.229542075,-0.141159512,4.487905502,-1.882796085,-1.882796085,0.000000000,0.000000000
2732,1782712892.338777304,0.099984646,-1.882796085,-1.880882569,-1.998942287,1.108370145,8.831222242,0.007875759,0.001575990,0.002122512,-0.000152345,-0.000054962,0.002120823,0.001913517,0.001913517,-0.000000000,-6.229694420,-0.141214474,4.490026325,-1.880882569,-1.880882569,0.000000000,0.000000000
2733,1782712892.438869953,0.100092649,-1.880882569,-1.883404499,-1.993668788,1.125723047,8.805199207,-0.005523573,-0.003650109,-0.002759610,0.000108518,0.000126959,-0.002757407,-0.002521930,-0.002521930,-0.000000000,-6.229585902,-0.141087514,4.487268918,-1.883404499,-1.883404499,0.000000000,0.000000000
2734,1782712892.539387941,0.100517988,-1.883404499,-1.883600196,-1.980130646,1.121058774,8.867366421,0.005593969,0.002413189,-0.000002887,-0.000109446,-0.000083367,-0.000002885,-0.000195697,-0.000195697,-0.000000000,-6.229695348,-0.141170881,4.487266033,-1.883600196,-1.883600196,0.000000000,0.000000000
2735,1782712892.639510393,0.100122452,-1.883600196,-1.883754574,-1.987657428,1.100168553,8.831061409,-0.007230942,0.001425842,-0.000243961,0.000138837,-0.000049445,-0.000243770,-0.000154378,-0.000154378,-0.000000000,-6.229556511,-0.141220326,4.487022263,-1.883754574,-1.883754574,0.000000000,0.000000000
2736,1782712892.739475012,0.099964619,-1.883754574,-1.883543224,-2.012762225,1.103881526,8.844553856,0.001231308,0.001357807,0.000282979,-0.000023721,-0.000047680,0.000282752,0.000211350,0.000211350,0.000000000,-6.229580232,-0.141268006,4.487305015,-1.883543224,-1.883543224,0.000000000,0.000000000
2737,1782712892.838594437,0.099119425,-1.883543224,-1.887308569,-1.973376869,1.123534255,8.864515310,-0.001155991,-0.004637566,-0.003950778,0.000022667,0.000159664,-0.003947676,-0.003765345,-0.003765345,0.000000000,-6.229557566,-0.141108342,4.483357339,-1.887308569,-1.887308569,0.000000000,0.000000000
2738,1782712892.939056873,0.100462437,-1.887308569,-1.884877633,-2.019442440,1.088604364,8.876765194,-0.002556221,0.004215830,0.002532934,0.000048565,-0.000148533,0.002530904,0.002430935,0.002430935,0.000000000,-6.229509001,-0.141256875,4.485888243,-1.884877633,-1.884877633,0.000000000,0.000000000
2739,1782712893.039416075,0.100359201,-1.884877633,-1.881881868,-2.008500157,1.135685929,8.820034042,0.009514947,-0.005852335,0.002981699,-0.000188588,0.000205071,0.002979282,0.002995765,0.002995765,0.000000000,-6.229697589,-0.141051804,4.488867525,-1.881881868,-1.881881868,0.000000000,0.000000000
2740,1782712893.139606714,0.100190639,-1.881881868,-1.883329177,-2.023644209,1.091009911,8.834860043,-0.005680544,0.007772760,-0.001282080,0.000108161,-0.000274421,-0.001281049,-0.001447309,-0.001447309,0.000000000,-6.229589428,-0.141326225,4.487586476,-1.883329177,-1.883329177,0.000000000,0.000000000
2741,1782712893.339604855,0.199998140,-1.883329177,-1.882155541,-1.957385480,1.118318581,8.812015228,-0.007948772,-0.002377545,0.000938032,0.000155137,0.000081192,0.000937307,0.001173636,0.001173636,-0.000000000,-6.229434291,-0.141245033,4.488523783,-1.882155541,-1.882155541,0.000000000,0.000000000
2742,1782712893.438644171,0.099039316,-1.882155541,-1.883523733,-1.978850103,1.185357093,8.842638459,0.012266642,-0.001533183,-0.001168310,-0.000253759,0.000052930,-0.001167363,-0.001368192,-0.001368192,-0.000000000,-6.229688050,-0.141192103,4.487356419,-1.883523733,-1.883523733,0.000000000,0.000000000
2743,1782712893.539579153,0.100934982,-1.883523733,-1.877849536,-2.019549494,1.094447880,8.845523053,-0.013533216,-0.003358681,0.005301625,0.000258492,0.000118340,0.005297366,0.005674198,0.005674198,-0.000000000,-6.229429558,-0.141073763,4.492653785,-1.877849536,-1.877849536,0.000000000,0.000000000
2744,1782712893.639637947,0.100058794,-1.877849536,-1.881221429,-1.993074849,1.218545278,8.914344878,0.011152437,0.005685272,-0.002939486,-0.000237168,-0.000197682,-0.002937043,-0.003371893,-0.003371893,-0.000000000,-6.229666726,-0.141271444,4.489716742,-1.881221429,-1.881221429,0.000000000,0.000000000
2745,1782712893.739311695,0.099673748,-1.881221429,-1.881830351,-1.996031640,1.126530160,8.819608058,-0.007914633,0.001148006,-0.000725129,0.000155605,-0.000039978,-0.000724549,-0.000608922,-0.000608922,-0.000000000,-6.229511121,-0.141311422,4.488992193,-1.881830351,-1.881830351,0.000000000,0.000000000
2746,1782712893.838682890,0.099371195,-1.881830351,-1.884693439,-1.941981237,1.217911642,8.872080430,0.017674653,-0.004031481,-0.002626101,-0.000375674,0.000136586,-0.002624000,-0.002863088,-0.002863088,0.000000000,-6.229886795,-0.141174836,4.486368192,-1.884693439,-1.884693439,0.000000000,0.000000000
2747,1782712893.939650297,0.100967407,-1.884693439,-1.881781663,-1.975401506,1.017663735,8.845222559,-0.011635885,0.002475409,0.002792529,0.000206661,-0.000085315,0.002790430,0.002911776,0.002911776,-0.000000000,-6.229680135,-0.141260151,4.489158622,-1.881781663,-1.881781663,0.000000000,0.000000000
2748,1782712894.038618326,0.098968029,-1.881781663,-1.881287191,-1.950922450,1.151862908,8.826647549,0.006173389,-0.005961533,0.000415988,-0.000124100,0.000202910,0.000415663,0.000494473,0.000494473,-0.000000000,-6.229804235,-0.141057241,4.489574285,-1.881287191,-1.881287191,0.000000000,0.000000000
2749,1782712894.138675690,0.100057364,-1.881287191,-1.883431491,-2.045976940,1.051619565,8.790656737,-0.002411425,0.005090252,-0.002008477,0.000044257,-0.000181699,-0.002006859,-0.002144300,-0.002144300,-0.000000000,-6.229759977,-0.141238940,4.487567426,-1.883431491,-1.883431491,0.000000000,0.000000000
2750,1782712894.239373684,0.100697994,-1.883431491,-1.881279455,-1.973207242,1.117958208,8.846010147,0.001658157,0.001408990,0.002234644,-0.000032352,-0.000048505,0.002232894,0.002152036,0.002152036,0.000000000,-6.229792329,-0.141287445,4.489800320,-1.881279455,-1.881279455,0.000000000,0.000000000
2751,1782712894.439790010,0.200416327,-1.881279455,-1.880704900,-1.962367116,1.146299921,8.820208808,-0.006439894,-0.002658926,0.000354970,0.000128832,0.000091032,0.000354690,0.000574554,0.000574554,0.000000000,-6.229663497,-0.141196413,4.490155010,-1.880704900,-1.880704900,0.000000000,0.000000000
2752,1782712894.539601803,0.099811792,-1.880704900,-1.883839838,-2.009707570,1.168904647,8.811473890,-0.004053045,0.000396018,-0.003206373,0.000082681,-0.000013885,-0.003203734,-0.003134937,-0.003134937,-0.000000000,-6.229580816,-0.141210298,4.486951276,-1.883839838,-1.883839838,0.000000000,0.000000000
2753,1782712894.639747620,0.100145817,-1.883839838,-1.884190087,-1.989881945,1.150254535,8.827303876,0.014269495,0.000353564,-0.000051566,-0.000286451,-0.000012274,-0.000051524,-0.000350250,-0.000350250,-0.000000000,-6.229867267,-0.141222573,4.486899752,-1.884190087,-1.884190087,0.000000000,0.000000000
2754,1782712894.739415884,0.099668264,-1.884190087,-1.884388183,-1.983232822,1.077431567,8.826089193,-0.007045212,-0.001267591,-0.000374721,0.000132475,0.000043860,-0.000374431,-0.000198095,-0.000198095,0.000000000,-6.229734791,-0.141178713,4.486525322,-1.884388183,-1.884388183,0.000000000,0.000000000
2755,1782712894.839605093,0.100189209,-1.884388183,-1.883183538,-2.012796871,1.106422939,8.864973846,-0.007089887,0.002070689,0.001141374,0.000136902,-0.000072715,0.001140457,0.001204645,0.001204645,0.000000000,-6.229597889,-0.141251428,4.487665779,-1.883183538,-1.883183538,0.000000000,0.000000000
2756,1782712894.939501524,0.099896431,-1.883183538,-1.883787923,-1.985231372,1.177241795,8.825703015,0.009484042,-0.000945031,-0.000442623,-0.000194852,0.000032731,-0.000442264,-0.000604385,-0.000604385,-0.000000000,-6.229792741,-0.141218697,4.487223515,-1.883787923,-1.883787923,0.000000000,0.000000000
2757,1782712895.039661407,0.100159883,-1.883787923,-1.880534523,-2.013333621,1.126909516,8.851468599,-0.001177360,0.000266779,0.003242244,0.000023155,-0.000009371,0.003239616,0.003253401,0.003253401,-0.000000000,-6.229769586,-0.141228068,4.490463131,-1.880534523,-1.880534523,0.000000000,0.000000000
2758,1782712895.138678551,0.099017143,-1.880534523,-1.882406744,-1.987005678,1.176142661,8.851630372,-0.001399195,-0.000730610,-0.001927834,0.000028720,0.000025327,-0.001926269,-0.001872221,-0.001872221,0.000000000,-6.229740866,-0.141202741,4.488536862,-1.882406744,-1.882406744,0.000000000,0.000000000
2759,1782712895.238854647,0.100176096,-1.882406744,-1.880732998,-2.006668017,1.108072093,8.803455379,-0.001231561,-0.002991818,0.001546426,0.000023816,0.000104741,0.001545189,0.001673747,0.001673747,0.000000000,-6.229717050,-0.141097999,4.490082052,-1.880732998,-1.880732998,0.000000000,0.000000000
2760,1782712895.338168859,0.099314213,-1.880732998,-1.886020460,-2.002081873,1.184515871,8.850994044,0.007254801,0.004876395,-0.004971262,-0.000149973,-0.000170324,-0.004967165,-0.005287463,-0.005287463,0.000000000,-6.229867023,-0.141268324,4.485114886,-1.886020460,-1.886020460,0.000000000,0.000000000
2761,1782712895.439213753,0.101044893,-1.886020460,-1.879478237,-1.982563951,1.052388994,8.860499611,-0.013398703,-0.003710840,0.006172513,0.000246089,0.000128356,0.006167778,0.006542223,0.006542223,-0.000000000,-6.229620934,-0.141139967,4.491282664,-1.879478237,-1.879478237,0.000000000,0.000000000
2762,1782712895.539417028,0.100203276,-1.879478237,-1.887867497,-1.956162016,1.212366480,8.858502701,0.006895223,-0.002724042,-0.008343062,-0.000145891,0.000092964,-0.008336333,-0.008389260,-0.008389260,-0.000000000,-6.229766825,-0.141047003,4.482946331,-1.887867497,-1.887867497,0.000000000,0.000000000
2763,1782712895.638718367,0.099301338,-1.887867497,-1.878850783,-2.039010940,1.062476509,8.832549928,-0.002627795,0.000168811,0.008981223,0.000048726,-0.000006005,0.008973993,0.009016714,0.009016714,0.000000000,-6.229718098,-0.141053009,4.491920324,-1.878850783,-1.878850783,0.000000000,0.000000000
2764,1782712895.738691807,0.099973440,-1.878850783,-1.884647306,-2.016417854,1.173322439,8.852882931,0.012939856,0.005559735,-0.005340398,-0.000264968,-0.000195583,-0.005335972,-0.005796523,-0.005796523,0.000000000,-6.229983066,-0.141248592,4.486584352,-1.884647306,-1.884647306,0.000000000,0.000000000
2765,1782712895.839381933,0.100690126,-1.884647306,-1.879661412,-2.007455078,1.040859696,8.827713139,-0.013339178,-0.003361303,0.004629461,0.000242312,0.000117725,0.004625857,0.004985894,0.004985894,-0.000000000,-6.229740755,-0.141130866,4.491210208,-1.879661412,-1.879661412,0.000000000,0.000000000
2766,1782712895.939431190,0.100049257,-1.879661412,-1.883618523,-1.992867257,1.184263179,8.859755648,0.012618025,0.003560601,-0.003575456,-0.000260787,-0.000123794,-0.003572530,-0.003957111,-0.003957111,-0.000000000,-6.230001542,-0.141254660,4.487637679,-1.883618523,-1.883618523,0.000000000,0.000000000
2767,1782712896.038727522,0.099296331,-1.883618523,-1.883874371,-1.999122584,1.070054985,8.818135363,-0.012980365,-0.002456891,-0.000584404,0.000242407,0.000085692,-0.000583946,-0.000255848,-0.000255848,-0.000000000,-6.229759135,-0.141168968,4.487053732,-1.883874371,-1.883874371,0.000000000,0.000000000
2768,1782712896.239655256,0.200927734,-1.883874371,-1.881590672,-1.960802891,1.125694241,8.864339178,0.000083832,-0.003416615,0.002170155,-0.000001647,0.000116880,0.002168466,0.002283698,0.002283698,0.000000000,-6.229760782,-0.141052089,4.489222198,-1.881590672,-1.881590672,0.000000000,0.000000000
2769,1782712896.440056562,0.200401306,-1.881590672,-1.884526543,-2.010679446,1.133767234,8.859511635,-0.002484114,0.006495776,-0.002759397,0.000049152,-0.000227865,-0.002757158,-0.002935871,-0.002935871,-0.000000000,-6.229711629,-0.141279953,4.486465040,-1.884526543,-1.884526543,0.000000000,0.000000000
2770,1782712896.539458752,0.099402189,-1.884526543,-1.884252856,-1.982609834,1.138705411,8.841906807,0.005975088,-0.004534801,0.000235761,-0.000118742,0.000156856,0.000235573,0.000273687,0.000273687,-0.000000000,-6.229830371,-0.141123098,4.486700613,-1.884252856,-1.884252856,0.000000000,0.000000000
2771,1782712896.739451170,0.199992418,-1.884252856,-1.880903295,-1.988574997,1.101817317,8.867042586,-0.001330533,0.002213740,0.003403457,0.000025585,-0.000076803,0.003400779,0.003349561,0.003349561,0.000000000,-6.229804786,-0.141199901,4.490101392,-1.880903295,-1.880903295,0.000000000,0.000000000
2772,1782712896.838564157,0.099112988,-1.880903295,-1.884760867,-1.987661755,1.187683444,8.810250714,0.003276473,0.000269067,-0.003783417,-0.000067913,-0.000009330,-0.003780328,-0.003857572,-0.003857572,-0.000000000,-6.229872699,-0.141209231,4.486321064,-1.884760867,-1.884760867,0.000000000,0.000000000
2773,1782712896.939152002,0.100587845,-1.884760867,-1.881883964,-1.976916358,1.103018831,8.864477274,-0.003063673,0.001008428,0.002854935,0.000058976,-0.000034781,0.002852707,0.002876902,0.002876902,0.000000000,-6.229813723,-0.141244012,4.489173771,-1.881883964,-1.881883964,0.000000000,0.000000000
2774,1782712897.039532900,0.100380898,-1.881883964,-1.886190406,-1.990524984,1.162189979,8.816246856,0.005749391,0.002691468,-0.004099678,-0.000116613,-0.000093467,-0.004096362,-0.004306442,-0.004306442,-0.000000000,-6.229930336,-0.141337479,4.485077409,-1.886190406,-1.886190406,0.000000000,0.000000000
2775,1782712897.138638735,0.099105835,-1.886190406,-1.882504772,-1.965289673,1.069697475,8.834372579,-0.011914533,-0.005195076,0.003287583,0.000222428,0.000178129,0.003285076,0.003685634,0.003685634,0.000000000,-6.229707908,-0.141159350,4.488362485,-1.882504772,-1.882504772,0.000000000,0.000000000
2776,1782712897.239232063,0.100593328,-1.882504772,-1.882636317,-1.979322660,1.232616748,8.905906295,0.004082792,0.000053241,-0.000041914,-0.000087827,-0.000001838,-0.000041879,-0.000131544,-0.000131544,0.000000000,-6.229795735,-0.141161188,4.488320607,-1.882636317,-1.882636317,0.000000000,0.000000000
2777,1782712897.338994265,0.099762201,-1.882636317,-1.877920862,-1.995474167,1.164897981,8.839592545,-0.003194919,0.000950308,0.004687396,0.000064952,-0.000033083,0.004683586,0.004715455,0.004715455,-0.000000000,-6.229730783,-0.141194272,4.493004192,-1.877920862,-1.877920862,0.000000000,0.000000000
2778,1782712897.438598633,0.099604368,-1.877920862,-1.882516782,-1.963097308,1.191046424,8.898704003,0.007643889,-0.002045355,-0.004510704,-0.000158887,0.000070050,-0.004507083,-0.004595920,-0.004595920,0.000000000,-6.229889670,-0.141124222,4.488497109,-1.882516782,-1.882516782,0.000000000,0.000000000
2779,1782712897.539656639,0.101058006,-1.882516782,-1.878719019,-2.031621108,1.100463232,8.820524549,-0.009161627,0.002925763,0.003728542,0.000175954,-0.000103702,0.003725511,0.003797763,0.003797763,-0.000000000,-6.229713716,-0.141227924,4.492222621,-1.878719019,-1.878719019,0.000000000,0.000000000
2780,1782712897.739703178,0.200046539,-1.878719019,-1.881916983,-1.970579468,1.236434114,8.853381765,0.009928204,-0.001451624,-0.003036137,-0.000214232,0.000049904,-0.003033635,-0.003197963,-0.003197963,-0.000000000,-6.229927949,-0.141178020,4.489188986,-1.881916983,-1.881916983,0.000000000,0.000000000
2781,1782712897.838202953,0.098499775,-1.881916983,-1.880009260,-1.998242642,1.102330970,8.832306393,-0.000156422,0.001954772,0.001974427,0.000003009,-0.000068148,0.001972861,0.001907723,0.001907723,0.000000000,-6.229924939,-0.141246168,4.491161847,-1.880009260,-1.880009260,0.000000000,0.000000000
2782,1782712897.939807415,0.101604462,-1.880009260,-1.882474785,-1.990649959,1.134752624,8.898728177,-0.000737035,-0.000029289,-0.002483123,0.000014596,0.000001017,-0.002481138,-0.002465525,-0.002465525,-0.000000000,-6.229910343,-0.141245150,4.488680709,-1.882474785,-1.882474785,0.000000000,0.000000000
2783,1782712898.038625240,0.098817825,-1.882474785,-1.882055655,-1.953963547,1.159279039,8.840965460,-0.004362648,-0.001500351,0.000279939,0.000088264,0.000051146,0.000279719,0.000419130,0.000419130,0.000000000,-6.229822079,-0.141194004,4.488960428,-1.882055655,-1.882055655,0.000000000,0.000000000
2784,1782712898.138719797,0.100094557,-1.882055655,-1.882459071,-2.016639160,1.154153628,8.814405871,-0.000596672,-0.003768056,-0.000548456,0.000012018,0.000132570,-0.000548005,-0.000403417,-0.000403417,0.000000000,-6.229810060,-0.141061434,4.488412423,-1.882459071,-1.882459071,0.000000000,0.000000000
2785,1782712898.339678526,0.200958729,-1.882459071,-1.884544068,-2.010627817,1.150911762,8.834410528,-0.000379116,0.005875391,-0.001888059,0.000007615,-0.000206096,-0.001886516,-0.002084997,-0.002084997,0.000000000,-6.229802445,-0.141267530,4.486525907,-1.884544068,-1.884544068,0.000000000,0.000000000
2786,1782712898.439640999,0.099962473,-1.884544068,-1.882567214,-1.990234831,1.093744739,8.812181618,0.001271568,-0.000653219,0.001980000,-0.000024272,0.000022682,0.001978445,0.001976854,0.001976854,0.000000000,-6.229826717,-0.141244848,4.488504352,-1.882567214,-1.882567214,0.000000000,0.000000000
2787,1782712898.539404869,0.099763870,-1.882567214,-1.883432121,-1.965140299,1.112567203,8.838440322,0.000432278,-0.000033843,-0.000858341,-0.000008393,0.000001160,-0.000857675,-0.000864908,-0.000864908,0.000000000,-6.229835111,-0.141243688,4.487646678,-1.883432121,-1.883432121,0.000000000,0.000000000
2788,1782712898.639627218,0.100222349,-1.883432121,-1.883699938,-1.989745680,1.137982721,8.848380513,0.001183961,-0.001291892,-0.000289381,-0.000023514,0.000044846,-0.000289149,-0.000267817,-0.000267817,-0.000000000,-6.229858625,-0.141198842,4.487357528,-1.883699938,-1.883699938,0.000000000,0.000000000
2789,1782712898.738782167,0.099154949,-1.883699938,-1.881771803,-1.971485343,1.126625049,8.881082931,-0.005320439,0.003970046,0.001961616,0.000104611,-0.000136552,0.001960076,0.001928135,0.001928135,0.000000000,-6.229754014,-0.141335393,4.489317604,-1.881771803,-1.881771803,0.000000000,0.000000000
2790,1782712898.839740038,0.100957870,-1.881771803,-1.882522356,-1.992807431,1.152740180,8.779171914,0.006311416,-0.001194483,-0.000665647,-0.000126972,0.000041529,-0.000665110,-0.000750553,-0.000750553,-0.000000000,-6.229880985,-0.141293865,4.488652494,-1.882522356,-1.882522356,0.000000000,0.000000000
2791,1782712898.938692808,0.098952770,-1.882522356,-1.880549921,-1.985281083,1.156870275,8.834611415,0.000623934,-0.004391417,0.001834408,-0.000012597,0.000152100,0.001832933,0.001972436,0.001972436,0.000000000,-6.229893582,-0.141141765,4.490485427,-1.880549921,-1.880549921,0.000000000,0.000000000
2792,1782712899.139698982,0.201006174,-1.880549921,-1.878528330,-2.014775966,1.168959159,8.825623564,-0.003655495,0.001873349,0.002014528,0.000074575,-0.000065848,0.002012864,0.002021591,0.002021591,-0.000000000,-6.229819008,-0.141207613,4.492498291,-1.878528330,-1.878528330,0.000000000,0.000000000
2793,1782712899.238729954,0.099030972,-1.878528330,-1.885252040,-1.976318897,1.181069901,8.846399341,0.005570678,-0.004635431,-0.006774180,-0.000114823,0.000159826,-0.006768712,-0.006723710,-0.006723710,-0.000000000,-6.229933831,-0.141047787,4.485729579,-1.885252040,-1.885252040,0.000000000,0.000000000
2794,1782712899.339737415,0.101007462,-1.885252040,-1.879143230,-2.023996838,1.126517536,8.851681272,-0.008883484,0.006384464,0.006164639,0.000174651,-0.000225443,0.006159602,0.006108810,0.006108810,-0.000000000,-6.229759180,-0.141273231,4.491889181,-1.879143230,-1.879143230,0.000000000,0.000000000
2795,1782712899.439550400,0.099812984,-1.879143230,-1.887623588,-1.953926819,1.144317592,8.839459240,0.006885211,-0.005336323,-0.008531427,-0.000137503,0.000181910,-0.008524766,-0.008480359,-0.008480359,-0.000000000,-6.229896683,-0.141091321,4.483364415,-1.887623588,-1.887623588,0.000000000,0.000000000
2796,1782712899.539286852,0.099736452,-1.887623588,-1.880651977,-2.001380323,1.136417528,8.874757998,-0.005650982,0.006957892,0.007108216,0.000112076,-0.000242947,0.007102482,0.006971611,0.006971611,-0.000000000,-6.229784608,-0.141334267,4.490466898,-1.880651977,-1.880651977,0.000000000,0.000000000
2797,1782712899.639580488,0.100293636,-1.880651977,-1.885751201,-1.976005933,1.191961879,8.856184582,0.015340855,-0.006485036,-0.005007723,-0.000319123,0.000223562,-0.005003663,-0.005099224,-0.005099224,-0.000000000,-6.230103731,-0.141110705,4.485463235,-1.885751201,-1.885751201,0.000000000,0.000000000
2798,1782712899.738759279,0.099178791,-1.885751201,-1.879920644,-1.987280604,1.074072828,8.862057916,-0.014065121,0.003058032,0.005677344,0.000263651,-0.000106027,0.005672932,0.005830557,0.005830557,-0.000000000,-6.229840080,-0.141216732,4.491136167,-1.879920644,-1.879920644,0.000000000,0.000000000
2799,1782712899.838802099,0.100042820,-1.879920644,-1.884454483,-2.000791160,1.195767147,8.875520791,0.008388012,0.001489214,-0.004310377,-0.000175046,-0.000051982,-0.004306811,-0.004533839,-0.004533839,-0.000000000,-6.230015125,-0.141268714,4.486829356,-1.884454483,-1.884454483,0.000000000,0.000000000
2800,1782712899.939785480,0.100983381,-1.884454483,-1.884410878,-1.965645844,1.107094346,8.839544571,-0.007347268,-0.000544561,-0.000117119,0.000141958,0.000018675,-0.000117028,0.000043605,0.000043605,0.000000000,-6.229873167,-0.141250039,4.486712328,-1.884410878,-1.884410878,0.000000000,0.000000000
2801,1782712900.038965702,0.099180222,-1.884410878,-1.884983952,-1.988960594,1.103785433,8.858339781,0.002597120,-0.002654929,-0.000615656,-0.000050030,0.000092127,-0.000615171,-0.000573074,-0.000573074,0.000000000,-6.229923197,-0.141157911,4.486097156,-1.884983952,-1.884983952,0.000000000,0.000000000
2802,1782712900.139661074,0.100695372,-1.884983952,-1.884370979,-2.044655252,1.129513405,8.828097725,0.001536499,0.000470642,0.000660598,-0.000030288,-0.000016788,0.000660049,0.000612973,0.000612973,0.000000000,-6.229953485,-0.141174700,4.486757206,-1.884370979,-1.884370979,0.000000000,0.000000000
2803,1782712900.238746643,0.099085569,-1.884370979,-1.882476309,-2.002934972,1.133059781,8.854625112,0.001472093,-0.000376237,0.001912174,-0.000029110,0.000013147,0.001910632,0.001894670,0.001894670,0.000000000,-6.229982595,-0.141161553,4.488667838,-1.882476309,-1.882476309,0.000000000,0.000000000
2804,1782712900.338857651,0.100111008,-1.882476309,-1.883289103,-1.995907886,1.099794731,8.863837305,-0.004726067,0.002007246,-0.000834269,0.000090711,-0.000069896,-0.000833609,-0.000812794,-0.000812794,0.000000000,-6.229891883,-0.141231448,4.487834229,-1.883289103,-1.883289103,0.000000000,0.000000000
2805,1782712900.439106703,0.100249052,-1.883289103,-1.883809032,-1.978214745,1.207736201,8.882811652,0.001829670,0.001115609,-0.000443226,-0.000038565,-0.000038502,-0.000442863,-0.000519930,-0.000519930,-0.000000000,-6.229930448,-0.141269950,4.487391366,-1.883809032,-1.883809032,0.000000000,0.000000000
2806,1782712900.539593220,0.100486517,-1.883809032,-1.888673938,-1.980741255,1.084799913,8.851004793,0.002213849,0.000814131,-0.004798585,-0.000041913,-0.000028134,-0.004794859,-0.004864906,-0.004864906,-0.000000000,-6.229972361,-0.141298084,4.482596507,-1.888673938,-1.888673938,0.000000000,0.000000000
2807,1782712900.639651537,0.100058317,-1.888673938,-1.884358593,-1.968433043,1.072385999,8.881958524,-0.003942741,-0.003397466,0.004128034,0.000073791,0.000116679,0.004124876,0.004315345,0.004315345,-0.000000000,-6.229898570,-0.141181406,4.486721383,-1.884358593,-1.884358593,0.000000000,0.000000000
2808,1782712900.738648653,0.098997116,-1.884358593,-1.882999501,-1.993289639,1.130187241,8.861768792,-0.001105194,0.006222809,0.001554939,0.000021799,-0.000216402,0.001553695,0.001359092,0.001359092,-0.000000000,-6.229876771,-0.141397808,4.488275078,-1.882999501,-1.882999501,0.000000000,0.000000000
2809,1782712900.839693308,0.101044655,-1.882999501,-1.884003562,-1.965106952,1.153619680,8.855558807,0.006308227,-0.006359888,-0.001095965,-0.000127004,0.000218042,-0.001095099,-0.001004061,-0.001004061,0.000000000,-6.230003775,-0.141179766,4.487179979,-1.884003562,-1.884003562,0.000000000,0.000000000
2810,1782712900.939479113,0.099785805,-1.884003562,-1.881048179,-2.002895641,1.073306877,8.852596997,-0.001408336,0.000880487,0.002962099,0.000026380,-0.000030768,0.002959770,0.002955383,0.002955383,0.000000000,-6.229977395,-0.141210534,4.490139749,-1.881048179,-1.881048179,0.000000000,0.000000000
2811,1782712901.038944960,0.099465847,-1.881048179,-1.880663756,-1.980022016,1.142212714,8.835880395,-0.003532512,-0.005355214,0.000129118,0.000070417,0.000184991,0.000129015,0.000384423,0.000384423,-0.000000000,-6.229906978,-0.141025543,4.490268764,-1.880663756,-1.880663756,0.000000000,0.000000000
2812,1782712901.138745785,0.099800825,-1.880663756,-1.884759403,-2.006247313,1.131528800,8.881966454,0.011615343,0.005848531,-0.003664524,-0.000229375,-0.000204708,-0.003661563,-0.004095647,-0.004095647,0.000000000,-6.230136353,-0.141230251,4.486607201,-1.884759403,-1.884759403,0.000000000,0.000000000
2813,1782712901.238823652,0.100077868,-1.884759403,-1.881631191,-2.002094276,1.072711856,8.843345765,-0.014879061,-0.001127420,0.002812486,0.000278555,0.000039381,0.002810276,0.003128212,0.003128212,0.000000000,-6.229857798,-0.141190870,4.489417477,-1.881631191,-1.881631191,0.000000000,0.000000000
2814,1782712901.338991404,0.100167751,-1.881631191,-1.882017203,-1.980083742,1.135593837,8.864951607,0.005298851,-0.001750548,-0.000341741,-0.000105016,0.000060473,-0.000341470,-0.000386012,-0.000386012,-0.000000000,-6.229962814,-0.141130397,4.489076007,-1.882017203,-1.882017203,0.000000000,0.000000000
2815,1782712901.439718962,0.100727558,-1.882017203,-1.882331825,-2.042536794,1.139791187,8.834316721,-0.005748722,0.005718698,-0.000225380,0.000114352,-0.000203782,-0.000225192,-0.000314622,-0.000314622,0.000000000,-6.229848461,-0.141334179,4.488850815,-1.882331825,-1.882331825,0.000000000,0.000000000
2816,1782712901.539610624,0.099891663,-1.882331825,-1.880670786,-1.967294120,1.195360153,8.859112598,0.007710112,-0.006571271,0.001597636,-0.000160844,0.000225536,0.001596347,0.001661039,0.001661039,-0.000000000,-6.230009305,-0.141108643,4.490447162,-1.880670786,-1.880670786,0.000000000,0.000000000
2817,1782712901.638989449,0.099378824,-1.880670786,-1.881898925,-2.032123577,1.118222499,8.850837320,-0.005063430,0.006828579,-0.001085749,0.000098815,-0.000242094,-0.001084860,-0.001228139,-0.001228139,-0.000000000,-6.229910490,-0.141350737,4.489362303,-1.881898925,-1.881898925,0.000000000,0.000000000
2818,1782712901.738681793,0.099692345,-1.881898925,-1.885646315,-2.015230924,1.119430480,8.824796523,0.008745557,-0.004052968,-0.003722041,-0.000170858,0.000142496,-0.003719029,-0.003747390,-0.003747390,0.000000000,-6.230081348,-0.141208241,4.485643274,-1.885646315,-1.885646315,0.000000000,0.000000000
2819,1782712901.838755369,0.100073576,-1.885646315,-1.880524752,-1.985042270,1.083453122,8.845241423,-0.017870867,0.003434017,0.004906398,0.000337915,-0.000118928,0.004902577,0.005121563,0.005121563,-0.000000000,-6.229743433,-0.141327169,4.490545851,-1.880524752,-1.880524752,0.000000000,0.000000000
2820,1782712901.939430952,0.100675583,-1.880524752,-1.880488606,-1.996035221,1.208208301,8.796329904,0.008885857,-0.000913413,0.000191861,-0.000187364,0.000031807,0.000191702,0.000036146,0.000036146,0.000000000,-6.229930797,-0.141295362,4.490737553,-1.880488606,-1.880488606,0.000000000,0.000000000
2821,1782712902.039419174,0.099988222,-1.880488606,-1.881895109,-1.989301246,1.176502782,8.836828759,0.000521826,-0.001172742,-0.001437658,-0.000010714,0.000040701,-0.001436489,-0.001406503,-0.001406503,0.000000000,-6.229941512,-0.141254661,4.489301064,-1.881895109,-1.881895109,0.000000000,0.000000000
2822,1782712902.138659239,0.099240065,-1.881895109,-1.886001043,-2.016683131,1.126036470,8.810522566,0.007903715,0.002191247,-0.003876666,-0.000155322,-0.000077096,-0.003873516,-0.004105934,-0.004105934,-0.000000000,-6.230096834,-0.141331757,4.485427548,-1.886001043,-1.886001043,0.000000000,0.000000000
2823,1782712902.239658117,0.100998878,-1.886001043,-1.887051503,-1.966448143,1.048019722,8.827482150,-0.005799018,-0.001627569,-0.001213283,0.000106066,0.000055839,-0.001212366,-0.001050460,-0.001050460,0.000000000,-6.229990767,-0.141275918,4.484215182,-1.887051503,-1.887051503,0.000000000,0.000000000
2824,1782712902.338682175,0.099024057,-1.887051503,-1.884701299,-2.013421381,1.062780663,8.856944820,0.003820963,-0.004067454,0.002279995,-0.000070871,0.000142880,0.002278196,0.002350205,0.002350205,-0.000000000,-6.230061639,-0.141133038,4.486493378,-1.884701299,-1.884701299,0.000000000,0.000000000
2825,1782712902.438666105,0.099983931,-1.884701299,-1.886296675,-1.983769974,1.100028239,8.838247222,-0.005147518,0.004418815,-0.001542471,0.000098822,-0.000152935,-0.001541263,-0.001595376,-0.001595376,-0.000000000,-6.229962817,-0.141285973,4.484952115,-1.886296675,-1.886296675,0.000000000,0.000000000
2826,1782712902.538789749,0.100123644,-1.886296675,-1.885834522,-1.950262344,1.138626891,8.871519889,0.000372141,0.001079202,0.000506662,-0.000007395,-0.000036720,0.000506268,0.000462153,0.000462153,-0.000000000,-6.229970212,-0.141322693,4.485458383,-1.885834522,-1.885834522,0.000000000,0.000000000
2827,1782712902.639153242,0.100363493,-1.885834522,-1.881835823,-1.973915365,1.145446476,8.813195907,-0.003020623,-0.001060402,0.003904894,0.000060384,0.000036518,0.003901797,0.003998699,0.003998699,0.000000000,-6.229909828,-0.141286176,4.489360181,-1.881835823,-1.881835823,0.000000000,0.000000000
2828,1782712902.738632441,0.099479198,-1.881835823,-1.880277160,-1.999602782,1.138518661,8.832599899,0.003516484,-0.001044880,0.001593368,-0.000069871,0.000036451,0.001592083,0.001558663,0.001558663,0.000000000,-6.229979699,-0.141249724,4.490952264,-1.880277160,-1.880277160,0.000000000,0.000000000
2829,1782712902.838668346,0.100035906,-1.880277160,-1.878548666,-1.978418622,1.154226089,8.813747975,-0.002004734,-0.000499983,0.001672190,0.000040383,0.000017257,0.001670854,0.001728494,0.001728494,0.000000000,-6.229939316,-0.141232467,4.492623118,-1.878548666,-1.878548666,0.000000000,0.000000000
2830,1782712902.938781738,0.100113392,-1.878548666,-1.881006321,-1.988831145,1.211097307,8.863889989,-0.005544240,0.001255969,-0.002533352,0.000117183,-0.000043578,-0.002531260,-0.002457655,-0.002457655,0.000000000,-6.229822133,-0.141276045,4.490091858,-1.881006321,-1.881006321,0.000000000,0.000000000
2831,1782712903.038689852,0.099908113,-1.881006321,-1.882305861,-1.981784881,1.194468000,8.841957064,0.017509818,-0.002295240,-0.001014716,-0.000365008,0.000079356,-0.001013888,-0.001299540,-0.001299540,-0.000000000,-6.230187141,-0.141196689,4.489077969,-1.882305861,-1.882305861,0.000000000,0.000000000
2832,1782712903.239709854,0.201020002,-1.882305861,-1.880988900,-2.039839075,1.060645302,8.836695180,-0.008572892,-0.002809694,0.001059130,0.000158690,0.000099992,0.001058278,0.001316960,0.001316960,0.000000000,-6.230028451,-0.141096697,4.490136247,-1.880988900,-1.880988900,0.000000000,0.000000000
2833,1782712903.338589668,0.098879814,-1.880988900,-1.880307411,-2.022730837,1.122578354,8.844202475,-0.013207067,0.004271551,0.000573951,0.000258745,-0.000150740,0.000573483,0.000681489,0.000681489,0.000000000,-6.229769705,-0.141247436,4.490709730,-1.880307411,-1.880307411,0.000000000,0.000000000
2834,1782712903.439285994,0.100696325,-1.880307411,-1.882949769,-1.990753864,1.215719605,8.847796811,0.025654371,-0.001023189,-0.002135361,-0.000544302,0.000035536,-0.002133592,-0.002642358,-0.002642358,-0.000000000,-6.230314007,-0.141211901,4.488576138,-1.882949769,-1.882949769,0.000000000,0.000000000
2835,1782712903.538605690,0.099319696,-1.882949769,-1.884967786,-1.977880585,1.061472308,8.864438058,-0.009044984,-0.001550664,-0.002240806,0.000167559,0.000053510,-0.002239086,-0.002018017,-0.002018017,0.000000000,-6.230146447,-0.141158391,4.486337052,-1.884967786,-1.884967786,0.000000000,0.000000000
2836,1782712903.639546633,0.100940943,-1.884967786,-1.884513032,-1.994620812,1.120037722,8.907398769,0.002882792,0.000399398,0.000525422,-0.000056350,-0.000013899,0.000525003,0.000454755,0.000454755,-0.000000000,-6.230202798,-0.141172289,4.486862055,-1.884513032,-1.884513032,0.000000000,0.000000000
2837,1782712903.739075184,0.099528551,-1.884513032,-1.880665020,-2.033582323,1.061184940,8.821345863,-0.008322367,0.001246252,0.003741094,0.000154131,-0.000044216,0.003738097,0.003848012,0.003848012,0.000000000,-6.230048666,-0.141216505,4.490600152,-1.880665020,-1.880665020,0.000000000,0.000000000
2838,1782712903.838742495,0.099667311,-1.880665020,-1.886581767,-1.980791041,1.162452495,8.857328799,0.005353047,0.000318408,-0.005801806,-0.000108598,-0.000011003,-0.005797146,-0.005916748,-0.005916748,-0.000000000,-6.230157265,-0.141227509,4.484803006,-1.886581767,-1.886581767,0.000000000,0.000000000
2839,1782712903.939662695,0.100920200,-1.886581767,-1.880176555,-1.978826342,1.073307787,8.858226375,-0.003527227,-0.002095140,0.006271648,0.000066071,0.000072333,0.006266808,0.006405212,0.006405212,0.000000000,-6.230091194,-0.141155176,4.491069815,-1.880176555,-1.880176555,0.000000000,0.000000000
2840,1782712904.039358139,0.099695444,-1.880176555,-1.880174968,-1.963015308,1.195040820,8.868776902,-0.002727922,0.003340904,0.000059158,0.000056893,-0.000114416,0.000059110,0.000001587,0.000001587,0.000000000,-6.230034301,-0.141269592,4.491128925,-1.880174968,-1.880174968,0.000000000,0.000000000
2841,1782712904.138711214,0.099353075,-1.880174968,-1.883057078,-1.977082838,1.163147776,8.863880190,0.002911887,-0.001829353,-0.002888414,-0.000059109,0.000063099,-0.002886100,-0.002882110,-0.002882110,-0.000000000,-6.230093410,-0.141206492,4.488242824,-1.883057078,-1.883057078,0.000000000,0.000000000
2842,1782712904.239532232,0.100821018,-1.883057078,-1.883119791,-2.005215416,1.127522248,8.848821325,0.002260634,0.004463341,0.000138026,-0.000044484,-0.000156144,0.000137915,-0.000062713,-0.000062713,-0.000000000,-6.230137894,-0.141362637,4.488380739,-1.883119791,-1.883119791,0.000000000,0.000000000
2843,1782712904.339663982,0.100131750,-1.883119791,-1.886677454,-1.971926815,1.122657594,8.867772954,0.002424688,-0.001533682,-0.003565715,-0.000047506,0.000052764,-0.003562919,-0.003557662,-0.003557662,-0.000000000,-6.230185401,-0.141309873,4.484817820,-1.886677454,-1.886677454,0.000000000,0.000000000
2844,1782712904.439763784,0.100099802,-1.886677454,-1.884894215,-1.975468345,1.091069912,8.897781654,-0.005603970,-0.000444252,0.001662508,0.000106709,0.000015311,0.001661219,0.001783238,0.001783238,0.000000000,-6.230078692,-0.141294562,4.486479039,-1.884894215,-1.884894215,0.000000000,0.000000000
2845,1782712904.539691448,0.099927664,-1.884894215,-1.886222047,-1.976378530,1.079381174,8.842260934,0.006230108,0.001487906,-0.001160062,-0.000117361,-0.000051305,-0.001159166,-0.001327832,-0.001327832,-0.000000000,-6.230196053,-0.141345867,4.485319872,-1.886222047,-1.886222047,0.000000000,0.000000000
2846,1782712904.638656855,0.098965406,-1.886222047,-1.883565995,-1.954009904,1.047550048,8.865274665,-0.005353217,0.000021093,0.002560819,0.000097868,-0.000000719,0.002558903,0.002656052,0.002656052,0.000000000,-6.230098184,-0.141346586,4.487878775,-1.883565995,-1.883565995,0.000000000,0.000000000
2847,1782712904.738785028,0.100128174,-1.883565995,-1.884205067,-1.965941591,1.143286948,8.846709062,0.000449548,0.000043721,-0.000629098,-0.000008970,-0.000001500,-0.000628603,-0.000639072,-0.000639072,0.000000000,-6.230107154,-0.141348085,4.487250172,-1.884205067,-1.884205067,0.000000000,0.000000000
2848,1782712904.838644981,0.099859953,-1.884205067,-1.881210147,-1.992471465,1.081849020,8.847376129,-0.000066664,-0.001482151,0.002944444,0.000001259,0.000051522,0.002942139,0.002994920,0.002994920,0.000000000,-6.230105895,-0.141296563,4.490192311,-1.881210147,-1.881210147,0.000000000,0.000000000
