from_kf,to_kf,info_tx,info_ty,info_tz,info_rx,info_ry,info_rz,direct_world_x,direct_world_y,direct_world_z,effective_world_x,effective_world_y,effective_world_z,relative_world_x,relative_world_y,relative_world_z,weak_eigenvalue,weak_axis_world_z_alignment
0,1,0.565659778,0.995947774,1.000000000,19.522040034,10.395494009,14.756506599,0.570080175,0.992556818,0.998970559,0.443631639,0.469838912,0.603579787,0.735000821,0.778420555,1.000000000,0.234857805,0.604407858
1,2,0.481189494,1.000000000,0.909272758,20.060048295,7.974452852,12.188615901,0.480294574,1.002958761,0.907208917,0.380461781,0.505301231,0.530509536,0.717162945,0.952482844,1.000000000,0.205430350,0.585855832
2,3,0.524305711,0.895655917,1.000000000,17.608320818,10.027176020,15.157941422,0.523166556,0.897499127,0.999295945,0.415313409,0.500839751,0.640008955,0.648918121,0.782551161,1.000000000,0.263988749,0.523296951
3,4,0.588124351,0.911329767,1.000000000,16.832734622,11.441895813,16.098256826,0.577893226,0.922960447,0.998600445,0.452655628,0.496628453,0.721587824,0.627304970,0.688243948,1.000000000,0.298905118,0.517274944
4,5,0.514153346,0.810230276,1.000000000,15.473907405,8.903407376,15.616846362,0.510671437,0.815964551,0.997747634,0.390873061,0.453963077,0.720596023,0.542430223,0.629982767,1.000000000,0.263951094,0.464092506
5,6,0.657953715,1.000000000,0.843965002,16.389005040,10.234772738,18.466741556,0.646015466,1.011636709,0.844266542,0.511244577,0.537982201,0.622481826,0.821300408,0.864253669,1.000000000,0.297019296,0.631885391
6,7,0.658676310,1.000000000,0.914779028,14.790073989,10.162844749,18.903621580,0.649885600,1.009626759,0.913942979,0.520402724,0.531771287,0.651935814,0.798242270,0.815680433,1.000000000,0.325692343,0.611146470
7,8,0.660410192,1.000000000,0.825042487,13.244036648,9.293643688,16.315995352,0.640806299,1.020127046,0.824519334,0.487233168,0.531871307,0.605748602,0.804348812,0.878039677,1.000000000,0.283396677,0.620699652
8,9,0.766665180,1.000000000,0.961754096,12.925432479,10.453409726,16.802239925,0.759939724,1.007826362,0.960653190,0.560228621,0.483606635,0.680537208,0.823215269,0.710624827,1.000000000,0.320382882,0.632212698
9,10,0.572496702,0.869693578,1.000000000,12.007853783,8.035016641,14.065584905,0.571365475,0.872994586,0.997830219,0.442833189,0.467404637,0.658377916,0.672612459,0.709933650,1.000000000,0.271275660,0.530903760
10,11,0.681189012,1.000000000,0.971869636,12.385181989,8.788795336,16.041171958,0.680623843,1.002851167,0.969583639,0.507260614,0.504425931,0.661195258,0.767187314,0.762900105,1.000000000,0.314776361,0.589175034
11,12,0.590782875,0.787236801,1.000000000,11.117859535,8.425139002,12.065373289,0.584368282,0.794638067,0.999013327,0.436196841,0.389779557,0.682093653,0.639496994,0.571445805,1.000000000,0.288009401,0.495274695
12,13,0.650381180,0.843649109,1.000000000,10.914978926,8.814143416,12.688332431,0.645876887,0.849293040,0.998860363,0.497266749,0.406599841,0.631227126,0.787777852,0.644141901,1.000000000,0.285506792,0.608499551
13,14,0.769094782,1.000000000,0.981747404,14.656902813,10.676112012,17.881360504,0.772238839,0.998096719,0.980506627,0.595097948,0.476946413,0.641428630,0.927769544,0.743568951,1.000000000,0.316270869,0.677472228
14,15,0.702285407,1.000000000,0.820512750,13.827408607,10.055364831,18.282764261,0.704978450,0.997451259,0.820368448,0.519831184,0.508117586,0.557492617,0.932444966,0.911433750,1.000000000,0.291318656,0.686843900
15,16,0.686225650,0.893784764,1.000000000,14.318157389,10.842630665,15.510516333,0.688216577,0.892668378,0.999125459,0.551306039,0.422691409,0.647133240,0.851920447,0.653175239,1.000000000,0.319819117,0.623040465
16,17,0.573480064,0.685600315,1.000000000,11.999729016,8.174235722,14.636782561,0.575057000,0.684377743,0.999645637,0.426600523,0.289439037,0.625779850,0.681710226,0.462525338,1.000000000,0.260449355,0.497062370
17,18,0.549509563,0.687191860,1.000000000,11.976763121,9.009912414,14.737333374,0.549298634,0.690541810,0.996860978,0.406494157,0.310475896,0.641177977,0.633980223,0.484227323,1.000000000,0.265107787,0.467801080
18,19,0.655501699,0.842282662,1.000000000,15.191602715,10.086043745,17.921449417,0.656008903,0.842239531,0.999535927,0.506645552,0.387131294,0.639592093,0.792138547,0.605278423,1.000000000,0.314829475,0.612814944
19,20,0.835931214,1.000000000,0.962200284,16.812619583,11.188648700,21.303872278,0.829316342,1.006154400,0.962660755,0.670020209,0.392588747,0.565106534,1.000000000,0.585935681,0.843417148,0.319101815,0.753244582
20,21,0.764643545,1.000000000,0.947146970,16.808106407,9.923357838,20.143696462,0.746113704,1.018945396,0.946731415,0.596169298,0.414590521,0.576533466,1.000000000,0.695424139,0.967063328,0.290414191,0.719194569
21,22,0.775442844,1.000000000,0.962610576,18.261809595,10.532541506,18.993163664,0.737517707,1.037054712,0.963481002,0.578349209,0.429688869,0.547353329,1.000000000,0.742957477,0.946406289,0.284301272,0.739485262
22,23,0.677000002,1.000000000,0.761775723,17.853201064,8.635303858,20.626280770,0.633666552,1.043388760,0.761720412,0.498965134,0.458001920,0.447869287,1.000000000,0.917903656,0.897596358,0.244870283,0.754071927
23,24,0.693818804,1.000000000,0.935454525,16.908638381,8.948642236,22.813997419,0.624692057,1.069257591,0.935323681,0.514324586,0.479168190,0.612933442,0.839119798,0.781762189,1.000000000,0.328007854,0.673401191
24,25,0.607374357,1.000000000,0.757340390,17.275179657,7.977450247,21.531491233,0.584390167,1.022919671,0.757404910,0.479741061,0.479039937,0.475541922,1.000000000,0.998538536,0.991247072,0.272613646,0.711224917
25,26,0.588678160,1.000000000,0.838255820,18.230929040,8.084966443,20.908909073,0.575391534,1.014681416,0.836861030,0.471312926,0.498139294,0.513716216,0.917457755,0.969677963,1.000000000,0.263253307,0.668280751
26,27,0.589598392,1.000000000,0.907145027,19.682780449,8.293565183,19.854592725,0.592120133,1.000722903,0.903900383,0.506562733,0.530148555,0.522784817,0.955510919,1.000000000,0.986110048,0.270258549,0.676253276
27,28,0.620354044,0.889806851,1.000000000,17.461659270,9.237180477,20.915939849,0.617745546,0.893941489,0.998473861,0.513150781,0.450707912,0.626751344,0.818746997,0.719117584,1.000000000,0.318351019,0.601663168
28,29,0.595176291,1.000000000,0.946244135,18.949512760,8.315409646,21.146548431,0.600387468,0.997452172,0.943580786,0.481730310,0.532242446,0.631273849,0.763108295,0.843124497,1.000000000,0.295817169,0.572966803
29,30,0.515589847,1.000000000,0.659797367,16.624067908,7.705981709,20.700913867,0.509654957,1.008448289,0.657283968,0.419370397,0.538406509,0.449690100,0.778910340,1.000000000,0.835224116,0.243576944,0.674447566
30,31,0.534871276,1.000000000,0.891655461,15.999706880,8.030575159,19.483675618,0.534436997,1.002559192,0.889530548,0.425188347,0.544240289,0.612480788,0.694206832,0.888583445,1.000000000,0.263853330,0.540659174
31,32,0.536413656,0.942449456,1.000000000,16.241984731,8.292333312,18.206485653,0.543155266,0.938396620,0.997311225,0.424633526,0.513337922,0.718821390,0.590735796,0.714138351,1.000000000,0.297879559,0.449629257
32,33,0.555227059,1.000000000,0.890885938,15.770596753,8.502811606,19.892206212,0.555715236,1.002918093,0.887479669,0.448637763,0.563576499,0.620474876,0.723055486,0.908298662,1.000000000,0.295305664,0.549265977
33,34,0.575878784,0.960999054,1.000000000,17.307408921,9.823506542,17.202510325,0.580249730,0.958507659,0.998120449,0.469617401,0.535488251,0.675367772,0.695350622,0.792883926,1.000000000,0.317943035,0.496298009
34,35,0.560053422,0.941849513,1.000000000,16.502729680,8.852888139,17.869461593,0.566630008,0.938617474,0.996655453,0.452244543,0.519505772,0.660841599,0.684346361,0.786127527,1.000000000,0.303211972,0.522464311
35,36,0.545347634,1.000000000,0.927256937,17.215241069,8.130948405,20.111185166,0.553584973,0.994590135,0.924429463,0.427773367,0.548037505,0.607710989,0.703909217,0.901806145,1.000000000,0.259256715,0.553631374
36,37,0.543890411,1.000000000,0.843659599,18.122157540,8.442398726,20.421253506,0.547315319,0.999736038,0.840498654,0.420106825,0.570401446,0.567885514,0.736510800,1.000000000,0.995589190,0.258208420,0.577446675
37,38,0.467960869,1.000000000,0.912858156,17.646404562,7.176861109,19.109897185,0.469920211,1.002343138,0.908555676,0.361302835,0.604638562,0.637612809,0.566649274,0.948284842,1.000000000,0.228290368,0.482427121
38,39,0.478799199,1.000000000,0.822614841,18.375354889,7.379057308,19.826196997,0.482281526,1.000063448,0.819069066,0.366518915,0.633722260,0.591658868,0.578358909,1.000000000,0.933624880,0.236849288,0.497420786
39,40,0.532557710,0.992801496,1.000000000,17.993584046,7.631172258,19.955683847,0.528090060,1.002140388,0.995128758,0.398602511,0.626619642,0.755093040,0.527885293,0.829857526,1.000000000,0.272388912,0.447762750
40,41,0.400623121,0.812931411,1.000000000,15.768853991,6.294294208,14.794606260,0.402108752,0.816317929,0.995127851,0.305350799,0.517231445,0.782440363,0.390254406,0.661049033,1.000000000,0.224292573,0.313282126
41,42,0.350746213,0.735165300,1.000000000,14.219012064,6.378705420,14.434662916,0.355306027,0.736058955,0.994546531,0.240877187,0.436501798,0.846681767,0.284495540,0.515544110,1.000000000,0.194005818,0.236487014
42,43,0.411074844,0.794594773,1.000000000,15.471832230,6.673908031,14.753467846,0.416539205,0.794263763,0.994866650,0.296950628,0.506145104,0.799473473,0.371432747,0.633098059,1.000000000,0.232435424,0.298605928
43,44,0.486904283,1.000000000,0.943055572,18.535387609,8.113759553,20.051564922,0.493096774,0.999358532,0.937504550,0.372252934,0.637425769,0.734054090,0.507119216,0.868363486,1.000000000,0.276608981,0.411109061
44,45,0.489078671,1.000000000,0.809051404,17.571009069,8.452408074,20.424055754,0.487715428,1.002723739,0.807690907,0.374676039,0.647545731,0.670666479,0.558662243,0.965525715,1.000000000,0.284703866,0.430669129
45,46,0.457436191,0.889065530,1.000000000,18.151841463,7.706581370,17.898278262,0.459141655,0.891997263,0.995362802,0.342146009,0.577723757,0.795229675,0.430248039,0.726486668,1.000000000,0.275284670,0.336397340
46,47,0.436219474,0.879854320,1.000000000,20.116571538,7.040348585,17.498870238,0.438831334,0.881394371,0.995848090,0.336222744,0.569376833,0.719498168,0.467301737,0.791352720,1.000000000,0.241051899,0.393106267
47,48,0.415507440,1.000000000,0.928549854,19.140157236,7.047854098,17.985223880,0.419455463,1.000091970,0.924509861,0.293742234,0.619636737,0.701500216,0.418734346,0.883302276,1.000000000,0.194713863,0.374383102
48,49,0.381172719,1.000000000,0.687154928,16.629617010,5.632917608,17.851993689,0.383489723,1.000961249,0.683876674,0.252448096,0.635355519,0.508713104,0.397333601,1.000000000,0.800674723,0.169906620,0.439683309
49,50,0.391947990,0.913946980,1.000000000,17.722758280,7.382547699,16.310059156,0.387424692,0.919230941,0.999239337,0.280859294,0.585004523,0.740201820,0.379436103,0.790331106,1.000000000,0.228238276,0.303266223
50,51,0.382004137,0.882580703,1.000000000,18.864819921,7.582155257,16.642762983,0.372353586,0.893928181,0.998303073,0.273786930,0.615747297,0.717973890,0.381332711,0.857617952,1.000000000,0.224423251,0.301943935
51,52,0.385006403,0.872032543,1.000000000,18.280619959,8.079538381,16.027810647,0.378146446,0.880180502,0.998711998,0.269411852,0.568980917,0.768782528,0.350439613,0.740106463,1.000000000,0.223618154,0.278987491
52,53,0.378083833,0.915411736,1.000000000,18.220886819,7.826439252,16.990893653,0.376797618,0.917489967,0.999207984,0.255556683,0.587926087,0.805834648,0.317132906,0.729586509,1.000000000,0.213046827,0.258804798
53,54,0.312367556,0.741563138,1.000000000,16.909336062,6.530928833,13.442893344,0.308691221,0.745853154,0.999386319,0.223231592,0.519692025,0.800339217,0.278921222,0.649339698,1.000000000,0.193857603,0.214352827
54,55,0.336450947,0.758500226,1.000000000,17.026412793,8.132816243,13.751836002,0.321760515,0.772649797,1.000540862,0.232933230,0.505017898,0.788509071,0.295409702,0.640471893,1.000000000,0.208193387,0.202124371
55,56,0.341084639,0.809804844,1.000000000,17.032306989,9.297114766,14.164170038,0.337357730,0.813959190,0.999572562,0.257381158,0.553756381,0.778736210,0.330511352,0.711096228,1.000000000,0.221055600,0.247519489
56,57,0.355007932,0.885802956,1.000000000,18.511537894,9.402977666,15.515835032,0.340901516,0.900122443,0.999786928,0.254619106,0.628136525,0.818202336,0.311193326,0.767703168,1.000000000,0.228425678,0.206314708
57,58,0.358403480,0.815154761,1.000000000,16.158790898,9.850381631,15.543897288,0.332973239,0.840766709,0.999818293,0.237158599,0.513226847,0.800273937,0.296346773,0.641313959,1.000000000,0.203795683,0.222384824
58,59,0.309452516,0.763543031,1.000000000,14.725101989,7.245880574,15.330910300,0.301141015,0.772596017,0.999258515,0.216935747,0.500311820,0.789070694,0.274925616,0.634051960,1.000000000,0.184284856,0.221707351
59,60,0.311609122,0.767790032,1.000000000,15.579873541,8.082755152,14.047181580,0.302970229,0.777411862,0.999017063,0.209987293,0.511837395,0.885243068,0.237208627,0.578188538,1.000000000,0.188870814,0.166468041
60,61,0.393432757,0.824210676,1.000000000,16.364547774,8.662506094,16.859583048,0.371387869,0.846935692,0.999319872,0.291084312,0.546847259,0.786174709,0.370253976,0.695579816,1.000000000,0.243136864,0.268293328
61,62,0.325822597,0.696732815,1.000000000,13.575402680,7.589154894,11.804360333,0.306470040,0.716927999,0.999157373,0.228025517,0.464093075,0.822372536,0.277277641,0.564334356,1.000000000,0.197789859,0.203997520
62,63,0.407936035,0.665542109,1.000000000,13.550023732,8.986476281,12.505613366,0.394188841,0.681274221,0.998015082,0.297984373,0.421465275,0.838463031,0.355393573,0.502664112,1.000000000,0.246952916,0.243940881
63,64,0.518264570,0.983538307,1.000000000,17.101327172,12.756573858,18.141582607,0.497515635,1.007521165,0.996766078,0.325550580,0.619792055,0.881499299,0.369314621,0.703111228,1.000000000,0.268407922,0.286306871
64,65,0.402747353,0.711669895,1.000000000,13.040867580,10.895526572,12.689273989,0.371192158,0.746282112,0.996942978,0.273836809,0.463861943,0.817944060,0.334786720,0.567107173,1.000000000,0.230510056,0.265623892
65,66,0.491224609,0.869535813,1.000000000,14.605242511,9.657620115,13.761970886,0.480542044,0.883327544,0.996890833,0.351229229,0.551804535,0.841486667,0.417391317,0.655749588,1.000000000,0.288988031,0.292827542
66,67,0.647102717,0.926918125,1.000000000,18.389894075,13.448855724,17.496258257,0.617169507,0.963240914,0.993610421,0.486498332,0.578801165,0.808511021,0.601721336,0.715885312,1.000000000,0.392543047,0.390886871
67,68,0.734594370,0.951388383,1.000000000,16.453154789,13.391526829,17.456777524,0.696248747,0.991811898,0.997922108,0.510184471,0.605462410,0.806578632,0.632529119,0.750655158,1.000000000,0.392355109,0.438438625
68,69,0.663459519,1.000000000,0.957997916,18.051333845,12.737241312,18.233621825,0.651526679,1.013637182,0.956293574,0.482212879,0.603668415,0.741377017,0.650428686,0.814252939,1.000000000,0.359240622,0.485642495
69,70,0.684671647,1.000000000,0.978089621,17.947773473,13.804112241,15.131445553,0.662170575,1.026372566,0.974218127,0.511862235,0.607809399,0.738101863,0.693484546,0.823476312,1.000000000,0.378435696,0.531142523
70,71,0.716975949,1.000000000,0.957856795,15.234230943,12.133367608,16.975884208,0.697757955,1.020983881,0.956090908,0.558360071,0.625244136,0.664910919,0.839751694,0.940342712,1.000000000,0.372489652,0.634189799
71,72,0.822025516,1.000000000,0.958105310,14.506265090,12.697242416,16.958901264,0.794929225,1.033100599,0.952101002,0.683376106,0.705167920,0.630796579,0.969096986,1.000000000,0.894533857,0.407688493,0.758007601
72,73,0.773160481,0.958996380,1.000000000,12.843960104,10.577658423,16.870744132,0.764728060,0.972689910,0.994738891,0.644608822,0.663068838,0.692168885,0.931288355,0.957958170,1.000000000,0.394610242,0.681409457
73,74,0.660916904,0.836382418,1.000000000,14.133810832,10.372672969,14.380994944,0.653666544,0.847726430,0.995906348,0.550235123,0.583484694,0.639372568,0.860586066,0.912589503,1.000000000,0.354554281,0.647813942
74,75,0.555470975,0.616494732,1.000000000,12.166713914,9.507380844,10.573622611,0.545685716,0.629434792,0.996845199,0.446349576,0.415025457,0.670502965,0.665693665,0.618976319,1.000000000,0.324897250,0.524408395
75,76,0.628697379,0.733569107,1.000000000,12.403279786,8.887274301,12.133364252,0.629249380,0.738453490,0.994563615,0.520395898,0.556264596,0.691379799,0.752691789,0.804571666,1.000000000,0.351710043,0.568812220
76,77,0.722035532,0.822833288,1.000000000,13.044418528,10.441178021,14.471190984,0.715469152,0.833494520,0.995905148,0.556843861,0.612943955,0.717147629,0.776470336,0.854697038,1.000000000,0.356967440,0.602276137
77,78,0.718407682,0.890934305,1.000000000,14.103500741,10.734827959,15.832668902,0.703414103,0.910560509,0.995367374,0.552238362,0.635343612,0.701855157,0.786826679,0.905234657,1.000000000,0.357526538,0.607938696
78,79,0.591027812,0.753829359,1.000000000,14.833429158,9.889094433,13.931536262,0.573584135,0.773226416,0.998046620,0.439082652,0.573915163,0.674264856,0.651202044,0.851171698,1.000000000,0.305505754,0.513596216
79,80,0.590895746,0.730825445,1.000000000,13.793569628,9.699391309,15.769949541,0.572054055,0.750551257,0.999115880,0.412564996,0.545956266,0.682080986,0.604862186,0.800427335,1.000000000,0.287466944,0.493688545
80,81,0.567183624,0.706621940,1.000000000,16.257181662,10.098037614,17.085562126,0.545600545,0.730781928,0.997423091,0.409545360,0.533016879,0.680564334,0.601773174,0.783198373,1.000000000,0.275423751,0.503434277
81,82,0.664134737,0.630058703,1.000000000,11.390782941,8.388313988,13.986188921,0.660140377,0.636391959,0.997661104,0.493517071,0.483825152,0.715948665,0.689319073,0.675781904,1.000000000,0.331693820,0.529419334
82,83,0.796626575,0.799850375,1.000000000,15.949778995,11.254133586,17.107516951,0.795338938,0.804476907,0.996661106,0.571169220,0.598376673,0.696819655,0.819680123,0.858725308,1.000000000,0.344604569,0.614358325
83,84,0.762476500,0.743678081,1.000000000,13.312486953,9.135486101,15.596394892,0.779757510,0.730462218,0.995934853,0.574000879,0.570976683,0.691646513,0.829904971,0.825532512,1.000000000,0.322754643,0.581698830
84,85,0.899196924,0.704395832,1.000000000,10.597558801,8.673258331,15.571076054,0.925395988,0.681124196,0.997072572,0.684586996,0.543477245,0.738335343,0.927203340,0.736084559,1.000000000,0.406258693,0.589829201
85,86,0.849690600,0.622167623,1.000000000,9.877386189,7.828100873,16.488665106,0.870108138,0.603228377,0.998521708,0.582466240,0.498400711,0.761647363,0.764745299,0.654372005,1.000000000,0.371444684,0.520865964
86,87,1.000000000,0.651409182,0.789067542,9.129611134,8.147538472,16.586910434,1.031050132,0.621521996,0.787904596,0.682196485,0.500721577,0.594964532,1.000000000,0.733984400,0.872130751,0.350584012,0.675868971
87,88,1.000000000,0.704790376,0.880427250,10.004811631,7.382655490,16.008490350,1.024300745,0.680065623,0.880851259,0.683432008,0.555202564,0.689431034,0.991298584,0.805305443,1.000000000,0.406452971,0.608329550
88,89,0.876490976,0.733808249,1.000000000,9.617251417,5.880574410,14.850850895,0.946432681,0.664753335,0.999113209,0.617350342,0.542740338,0.812422556,0.759888234,0.668051784,1.000000000,0.372875125,0.410787282
89,90,0.962056373,0.772144818,1.000000000,8.780204098,5.829196985,16.023724067,1.017395805,0.717800245,0.999005141,0.651322326,0.604182487,0.835597490,0.779468982,0.723054454,1.000000000,0.399576668,0.459873250
90,91,0.860948458,0.709570655,1.000000000,8.471546401,5.506846736,13.323636354,0.979838588,0.587133549,1.003546976,0.617542558,0.513203030,0.779150158,0.792584782,0.658670252,1.000000000,0.341492889,0.412401983
91,92,0.864551048,0.690028738,1.000000000,8.996377738,5.596187124,12.996342601,0.980654275,0.570841692,1.003083819,0.592066176,0.479842729,0.792464825,0.747119818,0.605506660,1.000000000,0.343411435,0.272141160
92,93,1.000000000,0.839773906,0.930988936,11.047130216,5.781795013,17.924211669,1.192212851,0.641932071,0.936617920,0.696408432,0.548260260,0.761860413,0.914089274,0.719633480,1.000000000,0.381878018,0.338759674
93,94,0.749985793,0.649433630,1.000000000,8.808704280,4.925882070,14.500503573,0.955004578,0.439586704,1.004828140,0.574704392,0.404951763,0.748055600,0.768264273,0.541339124,1.000000000,0.274872028,0.253102064
94,95,0.658712273,0.655039912,1.000000000,8.740603302,4.664552313,15.284827043,0.989993935,0.319365722,1.004392528,0.626652077,0.291044000,0.703635289,0.890592167,0.413629055,1.000000000,0.229887210,0.134399813
95,96,0.667084715,0.701590619,1.000000000,9.339984721,4.884776598,15.158913902,0.996797449,0.367248288,1.004629598,0.546170649,0.313665009,0.788800494,0.692406576,0.397648088,1.000000000,0.224694464,0.162208291
96,97,0.617110798,0.561104046,1.000000000,8.569486017,4.830205354,17.069077853,0.896115087,0.275568119,1.006531637,0.508325095,0.231368865,0.748310446,0.679297072,0.309188341,1.000000000,0.189756585,0.118958811
97,98,0.698613361,0.745891733,1.000000000,11.546517866,6.607332131,24.805965617,1.117433717,0.325479698,1.001591679,0.526511433,0.283138344,0.861507646,0.611151202,0.328654476,1.000000000,0.212633142,0.064316217
98,99,0.469758534,0.621486036,1.000000000,10.416338030,4.241618077,15.972439221,0.833797243,0.257712078,0.999735250,0.389773924,0.218642502,0.872109345,0.446932402,0.250705377,1.000000000,0.141570817,0.125289439
99,100,0.622479130,0.958912665,1.000000000,13.119032130,6.073795378,23.358139095,1.276006062,0.305955772,0.999429961,0.566965555,0.245092631,0.909168814,0.623608670,0.269578793,1.000000000,0.192373472,0.089664697
100,101,0.479959564,1.000000000,0.854719650,12.848343016,4.904926773,22.365125395,1.219174007,0.261654735,0.853850472,0.583263381,0.217636382,0.721061106,0.808895913,0.301827931,1.000000000,0.153994894,0.183987169
101,102,0.407276913,1.000000000,0.796491474,10.588293168,4.569890228,20.759332172,1.167397767,0.239731148,0.796639471,0.552619222,0.205194320,0.686992038,0.804404114,0.298685150,1.000000000,0.143111633,0.203167649
102,103,0.391357775,1.000000000,0.658241024,10.598941772,4.208112398,16.885091604,1.102048053,0.289571798,0.657978947,0.553040962,0.222630938,0.531204894,1.000000000,0.402557774,0.960516365,0.170712190,0.282919925
103,104,0.359691791,1.000000000,0.746098205,9.296665249,4.725161877,15.741429641,1.065875852,0.293653758,0.746260386,0.503009837,0.235080506,0.598357518,0.840650985,0.392876331,1.000000000,0.176830427,0.254223338
104,105,0.361014926,1.000000000,0.651613312,9.189459572,4.024560967,17.825489345,1.062314446,0.297168296,0.653145496,0.476357424,0.243944746,0.508246555,0.937256573,0.479973240,1.000000000,0.155862138,0.348811797
105,106,0.449185858,1.000000000,0.966362478,9.618219353,4.561421459,18.745477790,1.004159779,0.444903496,0.966485061,0.460730861,0.362343122,0.616323244,0.747547437,0.587910850,1.000000000,0.192465440,0.471580585
106,107,0.576526715,1.000000000,0.908662208,10.458316641,5.429464662,19.222981290,0.993093529,0.583726075,0.908369319,0.435655396,0.450414915,0.589376501,0.739180126,0.764222724,1.000000000,0.219631572,0.525937276
107,108,0.564589130,1.000000000,0.915037100,10.158511676,5.253091260,17.908161772,0.992556141,0.571512495,0.915557595,0.451652531,0.446141082,0.566198362,0.797693107,0.787958976,1.000000000,0.197275040,0.522003357
108,109,0.607677518,0.912110058,1.000000000,11.113789983,5.380489321,16.783855281,0.906824043,0.612803755,1.000159778,0.383919966,0.499562964,0.589936760,0.650781562,0.846807654,1.000000000,0.244702407,0.471837478
109,110,0.630132662,0.886424156,1.000000000,10.867453734,5.774536201,16.967263954,0.879161702,0.635717706,1.001677410,0.395426360,0.510224650,0.572936470,0.690174881,0.890543152,1.000000000,0.232542105,0.564332448
110,111,0.535465193,1.000000000,0.795154120,13.187975978,4.607883429,17.935871776,1.002337018,0.532632985,0.795649311,0.408915208,0.424408376,0.427573419,0.956362556,0.992597661,1.000000000,0.194911334,0.641780298
111,112,0.517438842,1.000000000,0.620471836,12.165914407,5.034881313,14.986429501,0.993458533,0.522751631,0.621700514,0.400964139,0.417702141,0.376545158,0.959928380,1.000000000,0.901468108,0.198146998,0.693749722
112,113,0.445803965,1.000000000,0.819776425,12.210850668,4.810377286,13.668902108,0.993388862,0.451570560,0.820620968,0.479395164,0.354361212,0.560533115,0.855248604,0.632186043,1.000000000,0.213767065,0.449714369
113,114,0.387937261,1.000000000,0.762196839,10.471008353,4.414703195,12.233785104,0.995982115,0.392436064,0.761715921,0.516242403,0.294086040,0.563369624,0.916347602,0.522012597,1.000000000,0.208447621,0.371297182
114,115,0.329968396,1.000000000,0.681769185,9.426533588,4.349610962,10.921268944,1.004375383,0.324871233,0.682490965,0.582430415,0.263031066,0.522133354,1.000000000,0.451609427,0.896473364,0.189216136,0.343629673
115,116,0.347550965,1.000000000,0.647031298,9.601286187,4.612112937,10.216841949,0.990626441,0.356389120,0.647566701,0.598841225,0.291669501,0.418624485,1.000000000,0.487056482,0.699057558,0.173368395,0.516731639
116,117,0.430938666,1.000000000,0.551355645,10.125323699,5.329478390,11.599591803,0.995828382,0.434164252,0.552301677,0.597507010,0.339961149,0.372653952,1.000000000,0.568965958,0.623681306,0.185704795,0.632627857
117,118,0.444208522,1.000000000,0.777888768,10.172490722,5.492966780,11.758970143,0.988034976,0.453585870,0.780476443,0.652218188,0.352450040,0.507578139,1.000000000,0.540386709,0.778233647,0.203456286,0.510274317
118,119,0.455242309,1.000000000,0.546287711,9.445317766,4.993288420,16.281428223,0.982745268,0.470124846,0.548659905,0.616854523,0.357217831,0.368390800,1.000000000,0.579095747,0.597208558,0.186265283,0.664312200
119,120,0.586038953,1.000000000,0.659589310,10.324406940,5.896047365,20.350435261,0.992025411,0.592778188,0.660824663,0.512343768,0.415383036,0.456945876,1.000000000,0.810750636,0.891873591,0.206077110,0.614813483
120,121,0.613902529,1.000000000,0.701207827,13.144616493,6.318488276,17.772607591,0.997731418,0.616615515,0.700763424,0.522471799,0.470615610,0.435180226,1.000000000,0.900748349,0.832925771,0.229581364,0.744246309
121,122,0.426800639,1.000000000,0.668655174,11.951803425,4.740199047,15.409266620,0.991480511,0.436012193,0.667963109,0.532483912,0.286773183,0.461109870,1.000000000,0.538557459,0.865960191,0.186520188,0.487230483
122,123,0.391738663,1.000000000,0.899456418,12.312488281,4.507995726,13.637022703,0.994416444,0.398357470,0.898421166,0.558596459,0.288886526,0.609092363,0.917096474,0.474290179,1.000000000,0.202335573,0.351950274
123,124,0.319786860,1.000000000,0.888730740,11.356997551,4.069265105,11.033686563,0.995087920,0.326139531,0.887290148,0.647822016,0.207335011,0.696348716,0.930312646,0.297745952,1.000000000,0.154829334,0.237204751
124,125,0.321774358,1.000000000,0.888700021,11.412363588,3.844897141,11.540041079,0.992130033,0.330549915,0.887794430,0.666122158,0.223055744,0.744881158,0.894266356,0.299451452,1.000000000,0.173405134,0.212468743
125,126,0.319344499,0.969650792,1.000000000,11.234250285,3.669899237,11.507002193,0.961700193,0.328082907,0.999212190,0.587912051,0.219227917,0.852566550,0.689579072,0.257138774,1.000000000,0.179093006,0.196358424
126,127,0.329265413,1.000000000,0.847994160,10.244715690,4.741581701,11.196966734,0.995242819,0.335423940,0.846592814,0.698682092,0.234064351,0.674011403,1.000000000,0.335008373,0.964689679,0.197400765,0.243230316
127,128,0.365782584,1.000000000,0.707790494,9.386062927,5.117285059,11.826044491,0.994254539,0.371294181,0.708024358,0.704936258,0.241169551,0.578480090,1.000000000,0.342115402,0.820613329,0.204725271,0.292362293
128,129,0.416662242,0.978825968,1.000000000,10.918970472,6.426880572,11.719182629,0.967178533,0.429371810,0.998937867,0.736837293,0.280289583,0.768195973,0.959178802,0.364867291,1.000000000,0.234996796,0.271490754
129,130,0.408340056,0.887191214,1.000000000,12.401273660,6.011200431,10.644875143,0.881684507,0.415485260,0.998361503,0.710018771,0.294335536,0.725357252,0.978853894,0.405780096,1.000000000,0.247931405,0.302102542
130,131,0.525424336,0.972668988,1.000000000,13.228361168,7.846510881,12.522664541,0.951330917,0.547864091,0.998898316,0.725646487,0.353226718,0.665364807,1.000000000,0.486775205,0.916926932,0.265335984,0.420683026
131,132,0.510234611,0.937840540,1.000000000,13.230546860,8.246240253,16.560457958,0.911109564,0.536293855,1.000671732,0.688102215,0.372117951,0.659618841,1.000000000,0.540788771,0.958605897,0.266383780,0.468073420
132,133,0.604749118,0.891383041,1.000000000,11.742789720,8.430127127,16.554644234,0.870592241,0.625276690,1.000263227,0.596075030,0.443842042,0.697523878,0.854558601,0.636310893,1.000000000,0.319333888,0.618582216
133,134,0.538745533,0.747573034,1.000000000,10.683471825,7.192488938,15.374256058,0.736163490,0.550781469,0.999373608,0.422084699,0.410309912,0.673097388,0.627078201,0.609584763,1.000000000,0.300474368,0.576847361
134,135,0.469703335,0.750697913,1.000000000,10.484945862,6.507173675,15.085849322,0.747904169,0.472944323,0.999552755,0.394197253,0.380298399,0.690289042,0.571061149,0.550926317,1.000000000,0.304226773,0.365357111
135,136,0.436193373,0.874703633,1.000000000,10.106153183,6.653918654,14.786184143,0.875373060,0.436087265,0.999436681,0.495178997,0.336132487,0.751701040,0.658744594,0.447162461,1.000000000,0.273704122,0.269842599
136,137,0.471819784,0.957298889,1.000000000,9.929968727,7.187952895,16.415463710,0.951454953,0.479006491,0.998657230,0.558633341,0.365009948,0.752094368,0.742770275,0.485324666,1.000000000,0.293340938,0.327685569
137,138,0.449937416,1.000000000,0.712845263,9.079070174,6.449762416,17.659452037,1.012318196,0.440748219,0.709716264,0.578854578,0.332014308,0.582294564,0.994092361,0.570182737,1.000000000,0.276459123,0.396584826
138,139,0.391565021,1.000000000,0.870602306,9.290518899,6.988564383,15.876165128,1.014313491,0.378341903,0.869511933,0.602948992,0.292659569,0.660391458,0.913017551,0.443160744,1.000000000,0.241265203,0.307358827
139,140,0.396879475,1.000000000,0.922792468,9.982507582,6.550979027,16.043062107,0.998736170,0.398002631,0.922933141,0.559757437,0.285920208,0.763130049,0.733502026,0.374667736,1.000000000,0.232381439,0.240158841
140,141,0.461180647,1.000000000,0.887644426,9.288164337,6.287403793,15.260673939,0.990255701,0.470170989,0.888398383,0.556762675,0.336315891,0.720203663,0.773062821,0.466973314,1.000000000,0.251711778,0.353885916
141,142,0.490219062,0.938686995,1.000000000,10.833911518,7.737670942,15.162644311,0.930418035,0.497861667,1.000626355,0.532351771,0.375640928,0.775008458,0.686898014,0.484692681,1.000000000,0.288751330,0.318143991
142,143,0.427886275,1.000000000,0.801798902,10.164195439,7.217571609,13.222911758,0.987267694,0.439734705,0.802682778,0.604583967,0.343831193,0.598521374,1.000000000,0.568707096,0.989972290,0.258069110,0.379618192
143,144,0.399936438,1.000000000,0.858098376,11.050674964,6.034043403,14.600273236,0.984325980,0.416255159,0.857453675,0.606430828,0.292142101,0.655504361,0.925136221,0.445675296,1.000000000,0.222317180,0.326994830
144,145,0.406273940,0.849746782,1.000000000,10.718553759,7.303144534,12.937591613,0.836334776,0.419174467,1.000511479,0.491675374,0.321616487,0.780279219,0.630127475,0.412181280,1.000000000,0.257721542,0.266183237
145,146,0.375310179,0.952545390,1.000000000,10.503181276,6.284476918,14.780454496,0.930139558,0.397133483,1.000582528,0.586655741,0.290218828,0.784029994,0.748256757,0.370162915,1.000000000,0.218354715,0.262139828
146,147,0.397738337,1.000000000,0.984726216,10.975597774,7.699759103,12.632493652,0.987959089,0.411134531,0.983370934,0.640900589,0.308614405,0.712009980,0.900128660,0.433441123,1.000000000,0.234558882,0.333560458
147,148,0.407252232,1.000000000,0.851905001,10.919776813,6.434288680,14.914901857,0.975590254,0.432441276,0.851125703,0.552749664,0.315271376,0.618585634,0.893570160,0.509664884,1.000000000,0.212282910,0.380331695
148,149,0.359497149,1.000000000,0.948160142,10.035237653,6.010298117,18.192155405,0.979839332,0.379858838,0.947959121,0.545434578,0.268509189,0.735262593,0.741822830,0.365188154,1.000000000,0.193813416,0.305065400
149,150,0.355316706,1.000000000,0.966295540,11.320955241,6.606848932,15.108706198,0.990984084,0.364050208,0.966577954,0.616617401,0.269506804,0.720183210,0.856195191,0.374219782,1.000000000,0.204531284,0.299570820
150,151,0.363671802,1.000000000,0.869837812,10.477938719,5.697972361,15.753734684,0.994137821,0.369211551,0.870160242,0.597164340,0.262423960,0.649708389,0.919126719,0.403910377,1.000000000,0.195551325,0.324581028
151,152,0.392420503,0.996641478,1.000000000,10.968226897,5.857343317,16.600156490,0.977426012,0.411418889,1.000217080,0.575260378,0.287901092,0.751322772,0.765663439,0.383192288,1.000000000,0.222143123,0.275859479
152,153,0.364519026,1.000000000,0.971394913,11.671638641,5.711966475,17.453411435,0.974443739,0.389801662,0.971668538,0.607446497,0.254578088,0.701762046,0.865601810,0.362769815,1.000000000,0.189382633,0.265570260
153,154,0.431504785,1.000000000,0.781065397,11.447359567,6.691560682,20.763194497,0.977104075,0.453688486,0.781777622,0.587961566,0.326285221,0.591241983,0.994451651,0.551864093,1.000000000,0.243406507,0.389061347
154,155,0.363415254,1.000000000,0.820860848,10.498895210,6.375216306,17.550113525,0.987536282,0.374743528,0.821996292,0.589260143,0.285117953,0.574143162,1.000000000,0.483857523,0.974345828,0.217149970,0.365558531
155,156,0.354030602,1.000000000,0.939692336,11.360167346,6.624067831,14.709678909,0.989622900,0.363313436,0.940786602,0.580906667,0.257140588,0.627334534,0.925991852,0.409893882,1.000000000,0.188572059,0.312477965
156,157,0.386975512,1.000000000,0.884016387,11.915635047,6.882485935,15.748197122,0.973462751,0.412368444,0.885160703,0.576360886,0.300200181,0.593383533,0.971312572,0.505912558,1.000000000,0.203774323,0.351884403
157,158,0.345816621,1.000000000,0.808641820,10.506983613,5.326480374,19.268032211,0.982894056,0.363316339,0.808248047,0.601553199,0.258318491,0.531900208,1.000000000,0.429419196,0.884211420,0.191899687,0.337359011
158,159,0.312502782,1.000000000,0.727649271,11.181799958,5.128912141,18.890632168,0.975700529,0.336090607,0.728360916,0.623334445,0.234008044,0.468404713,1.000000000,0.375413304,0.751450071,0.160730564,0.358519955
159,160,0.292840259,1.000000000,0.772643935,12.400041408,4.833158820,17.165234271,0.980300296,0.312326795,0.772857102,0.641336517,0.235993738,0.475904377,1.000000000,0.367971777,0.742050958,0.172507426,0.343723503
160,161,0.383193996,1.000000000,0.973683732,13.922103914,6.747425757,16.571330253,0.984949181,0.398856765,0.973071782,0.615288401,0.263564702,0.664630678,0.925759857,0.396558135,1.000000000,0.207482800,0.259978711
161,162,0.325674636,1.000000000,0.855752054,14.168244258,5.067827574,17.273312389,0.983446193,0.341724622,0.856255874,0.653797137,0.208237969,0.564098212,1.000000000,0.318505478,0.862803123,0.150670599,0.291248211
162,163,0.345681492,1.000000000,0.948747095,14.147428599,5.208309669,17.844609293,0.978316561,0.367472271,0.948639755,0.675043086,0.252623462,0.582393026,1.000000000,0.374233092,0.862749413,0.186328334,0.291336810
163,164,0.324479316,1.000000000,0.908033012,13.763354501,5.284339373,17.221132758,0.981676258,0.342997465,0.907838605,0.726589798,0.246113973,0.631423193,1.000000000,0.338724785,0.869022927,0.196837059,0.232967557
164,165,0.305175065,0.956800534,1.000000000,13.283029709,4.792891667,16.111572795,0.939011502,0.322723695,1.000240402,0.694569978,0.216873883,0.676542786,1.000000000,0.312241948,0.974045535,0.166381394,0.230118446
165,166,0.320719623,1.000000000,0.913101988,11.750119803,4.839709291,17.997095767,0.989289776,0.331602754,0.912929081,0.675548394,0.221200227,0.619900032,1.000000000,0.327438018,0.917624907,0.181080528,0.220805797
166,167,0.279510543,1.000000000,0.828409625,11.331081907,4.477005053,14.093331645,0.995220398,0.284328100,0.828371670,0.699499974,0.187707394,0.643894546,1.000000000,0.268345105,0.920506890,0.161738400,0.140012052
167,168,0.338280062,1.000000000,0.834351201,12.005376387,5.546697827,13.418083250,0.998583784,0.340643919,0.833403559,0.726488184,0.235066341,0.616076006,1.000000000,0.323565264,0.848019307,0.206161307,0.160364996
168,169,0.317555573,0.881519110,1.000000000,11.415030893,5.282158572,13.519968356,0.869529423,0.329795022,0.999750239,0.653199070,0.239770292,0.707897073,0.922731701,0.338707845,1.000000000,0.207035993,0.167293658
169,170,0.297020914,0.886230490,1.000000000,11.419697702,4.988097746,13.702028953,0.876477019,0.306342760,1.000431625,0.647697765,0.222800073,0.729409815,0.887975116,0.305452529,1.000000000,0.193732632,0.172225057
170,171,0.256286683,0.935671033,1.000000000,12.425375510,4.827207678,14.938814200,0.924939503,0.266995623,1.000022590,0.671562254,0.185605635,0.777156246,0.864127718,0.238826665,1.000000000,0.160383101,0.131363730
171,172,0.290751030,1.000000000,0.996844946,13.842468733,4.783063494,17.070949386,0.984273922,0.306666777,0.996655276,0.722054214,0.217647776,0.809968129,0.891460032,0.268711531,1.000000000,0.180473811,0.155144070
172,173,0.279555615,1.000000000,0.860033360,12.304408257,5.216803534,16.476018965,0.982186959,0.297439440,0.859962576,0.720641032,0.211165577,0.630252809,1.000000000,0.293024638,0.874572472,0.165192330,0.186075715
173,174,0.312293950,1.000000000,0.927023910,13.268043380,4.982338395,17.601809267,0.979706661,0.332155999,0.927455199,0.727249929,0.235891226,0.625603095,1.000000000,0.324360604,0.860231222,0.179577360,0.231465324
174,175,0.347931428,1.000000000,0.967587195,16.474957329,5.659678016,17.028010833,0.988849189,0.359204144,0.967465291,0.625327770,0.295104419,0.689468866,0.906970278,0.428017034,1.000000000,0.240648441,0.226990228
175,176,0.307025741,1.000000000,0.878035382,16.709999443,4.923297561,16.520803648,0.987965092,0.319816679,0.877279353,0.711944850,0.236067300,0.798398071,0.891716645,0.295676190,1.000000000,0.195936042,0.109399122
176,177,0.308442627,0.986164126,1.000000000,14.922618736,4.432076347,14.758647035,0.968614184,0.326207660,0.999784909,0.685056600,0.245561211,0.898433777,0.762500941,0.273321437,1.000000000,0.197808818,0.088727829
177,178,0.276757249,1.000000000,0.822198938,10.519476490,4.319249313,16.235315820,0.989114607,0.287300159,0.822541421,0.677412181,0.214636028,0.622097268,1.000000000,0.316847016,0.918343787,0.166738983,0.195979824
178,179,0.326400214,1.000000000,0.700003190,10.506910276,4.249378352,18.051558687,0.988022569,0.337883248,0.700497587,0.662686955,0.246883498,0.468165214,1.000000000,0.372549205,0.706465112,0.194437228,0.359178141
179,180,0.328993025,1.000000000,0.832336359,12.621490998,4.929138564,16.331957330,0.993839269,0.335277436,0.832212679,0.643947987,0.236101157,0.588149162,1.000000000,0.366646316,0.913348863,0.206443073,0.240196790
180,181,0.358066688,1.000000000,0.917480660,12.947583356,5.252411615,17.134915253,0.995967089,0.362592757,0.916987502,0.624828658,0.253760397,0.643287127,0.971306018,0.394474546,1.000000000,0.211900514,0.268590765
181,182,0.392646912,1.000000000,0.743428738,12.439210963,5.128125955,17.896997269,1.000262913,0.392915211,0.742897526,0.630973886,0.275450985,0.564284147,1.000000000,0.436548946,0.894306658,0.239422201,0.229164988
182,183,0.362938210,1.000000000,0.600314735,10.947188142,5.543397655,19.218778380,1.020146771,0.343448823,0.599657351,0.557439502,0.258580498,0.424195343,1.000000000,0.463871858,0.760971086,0.225621630,0.317892152
183,184,0.351300844,1.000000000,0.608031962,12.113626528,5.165055557,17.219419776,0.997425012,0.354392080,0.607515715,0.622016289,0.257125626,0.464864761,1.000000000,0.413374426,0.747351426,0.230618946,0.228395515
184,185,0.382681097,1.000000000,0.860599984,12.885714535,6.399013493,17.667932752,1.000146575,0.383533040,0.859601466,0.601854738,0.276612334,0.662203152,0.908867220,0.417715218,1.000000000,0.244708250,0.237317073
185,186,0.430627315,1.000000000,0.892230623,12.454057141,6.372997074,19.514183511,1.007577627,0.423751130,0.891529181,0.599001646,0.328785134,0.605128507,0.989875107,0.543331095,1.000000000,0.260030608,0.395144895
186,187,0.423412869,1.000000000,0.892775634,13.048933438,6.226863523,21.840835693,1.011597841,0.411247199,0.893343462,0.613363825,0.309474898,0.603610530,1.000000000,0.504553554,0.984098679,0.243429349,0.386998607
187,188,0.391552375,1.000000000,0.896766809,14.755499453,6.029392323,21.715963178,1.029104383,0.362572551,0.896642249,0.582088552,0.299074557,0.561483475,1.000000000,0.513795635,0.964601474,0.228666572,0.412915348
188,189,0.436954657,1.000000000,0.889045120,14.192403711,6.755399306,19.374733293,1.035565635,0.402120400,0.888313741,0.598450302,0.312317506,0.562491335,1.000000000,0.521877097,0.939913193,0.237224221,0.434625644
189,190,0.396872193,1.000000000,0.875788554,18.046056599,6.828128236,21.041886102,1.041339982,0.359305374,0.872015391,0.582291653,0.276080062,0.577491187,1.000000000,0.474126772,0.991755908,0.218533322,0.367568200
190,191,0.388955917,1.000000000,0.777929993,17.649926974,6.068779316,22.195231223,1.045236231,0.345634705,0.776014975,0.587169187,0.271310864,0.497994450,1.000000000,0.462065909,0.848127697,0.202985407,0.416640125
191,192,0.379738633,1.000000000,0.908627093,17.500934146,5.622864185,21.986241358,1.037976764,0.342839149,0.907549813,0.578766900,0.258306340,0.653288300,0.885928771,0.395394102,1.000000000,0.209197109,0.307855573
192,193,0.385635521,1.000000000,0.955122746,18.412721900,5.855181189,24.227554045,1.019868442,0.366251244,0.954638582,0.580780281,0.281488694,0.672340330,0.863818895,0.418669952,1.000000000,0.230243074,0.314218353
193,194,0.320009595,0.868390900,1.000000000,17.389515543,5.181262239,22.257709475,0.890578976,0.298947061,0.998874457,0.509317854,0.229437292,0.743465676,0.685059003,0.308605090,1.000000000,0.193128215,0.240813424
194,195,0.332344388,0.851302894,1.000000000,16.901875744,5.185658752,21.000532494,0.877441159,0.306552691,0.999653433,0.511575017,0.238795965,0.757397807,0.675437680,0.315284732,1.000000000,0.214716835,0.205722993
195,196,0.278900733,0.737432386,1.000000000,16.685022151,5.256212895,15.308561290,0.741315304,0.275135648,0.999882166,0.471331403,0.205243625,0.836280609,0.563604366,0.245424350,1.000000000,0.189867850,0.129009240
196,197,0.344839482,0.774582626,1.000000000,16.236804617,5.809783334,15.609542896,0.775146048,0.344683932,0.999592128,0.474674343,0.259227130,0.833082820,0.569780497,0.311166097,1.000000000,0.244680797,0.133112565
197,198,0.324100541,0.588917346,1.000000000,14.627768752,5.710769787,13.865070729,0.593745685,0.319849298,0.999422904,0.365548903,0.236016892,0.830083353,0.440376140,0.284329147,1.000000000,0.214443782,0.154673038
198,199,0.505083924,0.860321658,1.000000000,16.666794923,7.424041347,25.452362820,0.875495862,0.489983483,0.999926238,0.558000651,0.322877368,0.880918981,0.633430160,0.366523341,1.000000000,0.312910650,0.106382282
199,200,0.653863076,1.000000000,0.905721383,17.668227228,9.693180563,28.755410495,1.055895218,0.597768919,0.905920323,0.665369100,0.439524836,0.640361476,1.000000000,0.660572960,0.962415411,0.386847354,0.440974545
200,201,0.692956282,0.801392901,0.686268420,13.552296246,11.953483138,30.000000000,0.907797105,0.587650620,0.685169878,0.564033536,0.413317203,0.480874017,1.000000000,0.732788348,0.852562810,0.322454415,0.751000951
201,202,0.769319044,0.747449380,0.762156297,15.458837191,11.492573511,30.000000000,0.936033509,0.581699809,0.761191403,0.584702503,0.415797468,0.494255258,1.000000000,0.711126541,0.845310660,0.317953418,0.771078167
202,203,0.624145719,0.625480487,1.000000000,17.861090380,12.022976910,18.999120320,0.799651951,0.448549122,1.001425132,0.571169203,0.331950020,0.603683808,0.946139676,0.549873983,1.000000000,0.286920986,0.347299727
203,204,0.713735123,0.862615321,0.959083675,21.562274896,11.092700877,30.000000000,0.988617803,0.587243498,0.959572817,0.662676569,0.400209838,0.611239302,1.000000000,0.603929363,0.922379529,0.304226811,0.621836839
204,205,0.622462877,0.642462783,0.849467487,16.413218336,10.437211436,30.000000000,0.765285681,0.500294076,0.848813390,0.516341292,0.335568191,0.576796269,0.895188336,0.581779407,1.000000000,0.297859833,0.538015135
205,206,0.603455235,0.580552876,0.717979476,14.170910824,10.117775884,30.000000000,0.621011512,0.563177843,0.717798233,0.469540313,0.379325188,0.481961405,0.974228035,0.787044739,1.000000000,0.297343634,0.711433084
206,207,0.536431844,0.622573460,1.000000000,20.913864117,9.283530507,21.876813683,0.640315421,0.519042710,0.999647173,0.477647450,0.403338014,0.686708832,0.695560371,0.587349391,1.000000000,0.295241006,0.467812010
207,208,0.632677177,0.575522622,1.000000000,17.348227344,10.228024055,25.697838034,0.673864058,0.536598037,0.997737705,0.492348021,0.391381977,0.715345232,0.688266307,0.547123207,1.000000000,0.371593017,0.257399649
208,209,0.528844609,0.491745266,1.000000000,16.074000844,7.716301918,18.869496961,0.550119781,0.471742665,0.998727430,0.426211709,0.360616107,0.680744458,0.626096481,0.529737851,1.000000000,0.305020991,0.458532769
209,210,0.514258103,0.425098493,1.000000000,13.467768222,7.964918803,15.718315806,0.510417709,0.429596784,0.999342103,0.361318790,0.315072068,0.727898532,0.496386204,0.432851632,1.000000000,0.283807391,0.097801435
210,211,0.519614437,0.496422752,1.000000000,15.067145725,8.894281015,15.360133145,0.514602733,0.503176459,0.998257997,0.421841060,0.353241284,0.709067844,0.594923411,0.498176990,1.000000000,0.337631960,0.042961083
211,212,0.576730457,0.563237544,1.000000000,15.248340690,10.336976249,16.855359463,0.569863319,0.571057923,0.999046758,0.471308858,0.396203151,0.715378538,0.658824430,0.553837066,1.000000000,0.351216071,0.442542431
212,213,0.593854166,0.590285368,1.000000000,14.357069525,10.006476427,15.448592423,0.567174093,0.616661590,1.000303852,0.463833325,0.424926009,0.719235787,0.644897450,0.590802094,1.000000000,0.381426075,0.454380413
213,214,0.653463407,0.587145788,1.000000000,15.632637540,9.503985940,12.928307026,0.606068811,0.634232391,1.000307994,0.503378510,0.450503177,0.656712781,0.766512430,0.685997273,1.000000000,0.390251814,0.564627261
214,215,0.593326922,0.582469086,1.000000000,12.421492361,7.117461153,12.917662974,0.570810781,0.604175324,1.000809903,0.450879053,0.385951632,0.687194890,0.656115259,0.561633443,1.000000000,0.338928357,0.476400037
215,216,0.724636706,0.761730254,1.000000000,12.501647056,7.562920291,13.199756427,0.704405744,0.780453072,1.001508144,0.597182528,0.477673302,0.660205494,0.904540379,0.723522155,1.000000000,0.382092002,0.615173728
216,217,0.906387094,0.983792044,1.000000000,15.163801440,9.470106229,16.200887995,0.865817014,1.021484648,1.002877476,0.704537009,0.622799797,0.676690400,1.000000000,0.883984501,0.960475307,0.400305224,0.719474621
217,218,0.762082365,0.772838373,1.000000000,13.610742222,7.852471967,12.540484810,0.743183100,0.788224548,1.003513089,0.622026171,0.505968083,0.650909592,0.955626064,0.777324670,1.000000000,0.386224562,0.685043089
218,219,0.811226236,1.000000000,0.895568091,15.709326319,7.930803391,16.062372030,0.793259453,1.012291462,0.901243412,0.575896544,0.667222417,0.639989898,0.863125293,1.000000000,0.959185247,0.332844368,0.669599780
219,220,0.784220861,0.878853643,1.000000000,16.160044172,8.558116337,13.897125820,0.782708562,0.877001507,1.003364435,0.588478963,0.569605556,0.650686865,0.904396561,0.875391201,1.000000000,0.353086603,0.662072229
220,221,0.521540838,0.734730459,1.000000000,13.722352115,6.252059231,10.761564217,0.533067093,0.721879345,1.001324860,0.406804747,0.507338943,0.703173878,0.578526535,0.721498563,1.000000000,0.254709487,0.480275494
221,222,0.720142427,0.999017387,1.000000000,17.743814240,8.559405333,15.483418313,0.716023295,1.001046989,1.002089529,0.530120222,0.749124613,0.726477810,0.707652923,1.000000000,0.969768978,0.316601665,0.570103826
222,223,0.618499046,0.758506080,1.000000000,16.767702992,7.864245591,12.547851255,0.622432160,0.752756014,1.001816952,0.484574211,0.558802455,0.695392904,0.696835138,0.803578023,1.000000000,0.286803233,0.553334197
223,224,0.574046467,0.779713145,1.000000000,16.696614443,8.120830501,12.686445174,0.576443956,0.779446913,0.997868743,0.437946327,0.569331340,0.681588326,0.642537894,0.835300898,1.000000000,0.271488321,0.509758422
224,225,0.509867033,0.727324312,1.000000000,15.933962705,7.191232332,12.549117649,0.517367400,0.720026185,0.999797759,0.376047640,0.550436370,0.729936798,0.515178357,0.754087712,1.000000000,0.238266651,0.444362761
225,226,0.629462657,0.997854383,1.000000000,22.231208818,9.219806482,17.899915715,0.633715085,0.993527849,1.000074106,0.468651658,0.767550617,0.708413061,0.610580785,1.000000000,0.922952891,0.251005960,0.548655656
226,227,0.643180109,1.000000000,0.852899165,18.853218432,9.059619144,18.920964224,0.649537630,0.993523466,0.853018178,0.454720123,0.737775447,0.618876021,0.616339463,1.000000000,0.838840631,0.235917231,0.585842066
227,228,0.585171316,0.914256156,1.000000000,19.947954647,9.233008828,16.902164614,0.607033722,0.894954006,0.997439743,0.445674837,0.693951982,0.700356169,0.636354554,0.990855815,1.000000000,0.240533066,0.506762588
228,229,0.638967124,0.996519423,1.000000000,23.258383954,10.930928171,18.990603390,0.645472294,0.987160750,1.002853502,0.475290638,0.755296164,0.698894192,0.629277177,1.000000000,0.925324695,0.253242101,0.556751246
229,230,0.642360126,1.000000000,0.862737712,21.615562140,8.573591612,19.788246012,0.646054870,0.991599705,0.867443263,0.476305818,0.748203081,0.625738094,0.636599648,1.000000000,0.836321194,0.233496920,0.611186963
230,231,0.579280231,1.000000000,0.904011792,19.546656033,9.149958500,17.475382673,0.591663217,0.988404927,0.903223879,0.430358393,0.783126706,0.650726527,0.549538650,1.000000000,0.830933900,0.239315044,0.534041828
231,232,0.547279889,1.000000000,0.831726992,19.674485955,8.180144154,18.128725492,0.561354817,0.984474450,0.833177614,0.412095800,0.790293108,0.587267572,0.521446785,1.000000000,0.743100966,0.225600713,0.561167175
232,233,0.588424075,1.000000000,0.936621354,22.165091290,8.820714725,18.459861554,0.583185105,1.005441778,0.936418546,0.414185021,0.811021523,0.737075240,0.510695474,1.000000000,0.908823279,0.271233558,0.463161902
233,234,0.498003868,0.885058219,1.000000000,18.753149578,7.563121144,14.527984216,0.502265636,0.884166191,0.996630259,0.383481460,0.759403174,0.786960972,0.487294127,0.964982001,1.000000000,0.261606081,0.421342178
234,235,0.501912106,0.942893981,1.000000000,20.133654054,7.272831870,16.530412179,0.501042278,0.943953332,0.999810477,0.373371476,0.793949791,0.752954822,0.470270892,1.000000000,0.948365792,0.257432644,0.428206393
235,236,0.550019822,1.000000000,0.980526850,20.185245702,8.697221878,15.334148195,0.553015482,0.999815184,0.977716007,0.423409835,0.862120154,0.792997865,0.491126246,1.000000000,0.919822906,0.307587927,0.419401780
236,237,0.513611285,0.827875264,1.000000000,18.093039971,7.817795603,16.510578713,0.508644710,0.831584215,1.001257623,0.367648718,0.678545114,0.849856187,0.432601096,0.798423456,1.000000000,0.289035817,0.340947031
237,238,0.497678702,0.880386372,1.000000000,17.985621082,7.599846503,15.422252339,0.498315459,0.878589349,1.001160265,0.355382588,0.749161036,0.881300775,0.403247788,0.850062836,1.000000000,0.280298864,0.324361275
238,239,0.472509835,0.905078819,1.000000000,19.507428500,7.801805227,15.591372890,0.477005355,0.899334158,1.001249142,0.308941749,0.741368913,0.806666780,0.382985586,0.919052242,1.000000000,0.217794172,0.338061624
239,240,0.440781216,0.909312661,1.000000000,17.275307907,7.335197785,12.428682753,0.446294339,0.906064820,0.997734718,0.305278269,0.783336706,0.848980428,0.359582222,0.922679346,1.000000000,0.223033978,0.300323736
240,241,0.428267829,0.824424084,1.000000000,17.018789757,7.587204698,12.885681814,0.438077145,0.816747168,0.997867599,0.277672955,0.670452505,0.844600009,0.328762671,0.793810677,1.000000000,0.196725002,0.283229501
241,242,0.436552582,0.785841090,1.000000000,16.357573619,8.306181421,12.559512172,0.441363772,0.783438928,0.997590972,0.303837892,0.637452930,0.816984816,0.371901516,0.780250646,1.000000000,0.232455959,0.287955405
242,243,0.586084190,0.934379747,1.000000000,17.239140030,9.761903515,14.667983612,0.598642252,0.920890841,1.000930843,0.403506517,0.741352798,0.881092453,0.457961609,0.841401825,1.000000000,0.306512136,0.331479759
243,244,0.582855724,1.000000000,0.885047685,18.914768494,8.975881072,16.102023142,0.590572266,0.992826080,0.884505063,0.401671201,0.738731452,0.719191432,0.543731014,1.000000000,0.973549224,0.268696076,0.444101568
244,245,0.542563426,0.953776986,1.000000000,16.032507003,8.436122431,14.735796752,0.551782175,0.945630782,0.998927455,0.368873832,0.731009320,0.817234232,0.451368552,0.894491801,1.000000000,0.252474096,0.388571878
245,246,0.541070652,0.921582004,1.000000000,14.671379388,7.975120950,13.881663990,0.542623995,0.922757450,0.997271210,0.383139728,0.702836246,0.803578203,0.476792086,0.874633287,1.000000000,0.284050484,0.390326947
246,247,0.496816252,1.000000000,0.989892372,15.691925774,7.183166920,15.163464307,0.495939766,1.002122394,0.988646464,0.315983123,0.765746449,0.786499313,0.401758931,0.973613627,1.000000000,0.232620386,0.350415225
247,248,0.505444592,0.992032477,1.000000000,16.111921958,6.449012538,16.620776677,0.512803832,0.986161720,0.998511517,0.325274344,0.714574060,0.795157860,0.409068891,0.898656853,1.000000000,0.214728498,0.373181547
248,249,0.553160833,0.998456492,1.000000000,18.017005124,8.073459019,15.417870804,0.556156014,0.994383646,1.001077665,0.367835526,0.783273294,0.781362672,0.469613262,1.000000000,0.997560722,0.271151632,0.385710604
249,250,0.435217880,0.873224759,1.000000000,16.817899226,7.083870022,12.844236484,0.435501700,0.873256730,0.999684209,0.285321800,0.662880433,0.794880256,0.358949411,0.833937474,1.000000000,0.227180589,0.295226781
250,251,0.397735607,0.851639617,1.000000000,15.967683345,6.190002462,12.239677596,0.397588166,0.851842819,0.999944238,0.239432779,0.662188987,0.826101834,0.289834460,0.801582758,1.000000000,0.191791626,0.251679586
251,252,0.535933162,1.000000000,0.948749328,18.287138525,8.294661087,13.889567904,0.528454698,1.006617146,0.949610647,0.354302431,0.761241213,0.803668640,0.440856360,0.947207811,1.000000000,0.291143939,0.326585015
252,253,0.506880381,0.873850512,1.000000000,15.983250312,8.575201501,13.057296458,0.508713079,0.871539721,1.000478092,0.350347108,0.659399999,0.821445873,0.426500540,0.802730917,1.000000000,0.297414536,0.284429198
253,254,0.527502617,0.968682495,1.000000000,16.651609093,9.177696356,15.594617304,0.527621112,0.970081017,0.998482981,0.365021772,0.765664903,0.815979261,0.447341972,0.938338681,1.000000000,0.293392452,0.338347181
254,255,0.556815096,1.000000000,0.919705775,15.036730614,9.023279850,14.678040854,0.556603257,0.997711059,0.922206556,0.370280708,0.770589142,0.727390917,0.480516384,1.000000000,0.943941300,0.294598756,0.362767581
255,256,0.498492044,1.000000000,0.895583610,16.922428668,7.498479940,13.821232794,0.506505738,0.992795597,0.894774320,0.344345660,0.756533775,0.690779430,0.455162309,1.000000000,0.913084719,0.233776302,0.415642333
256,257,0.500210107,1.000000000,0.834019076,14.766999324,8.471257901,13.318094470,0.502529980,1.000047713,0.831651489,0.356446602,0.810732663,0.651175525,0.439659851,1.000000000,0.803193895,0.270237594,0.413720554
257,258,0.456377976,1.000000000,0.768740499,14.625874544,7.311699119,13.280546150,0.457688527,1.001139677,0.766290271,0.277477269,0.792187393,0.603191457,0.350267212,1.000000000,0.761425216,0.194722688,0.376083935
258,259,0.548192621,1.000000000,0.907277385,15.166622080,8.057598967,15.520307697,0.556236073,0.993541742,0.905692192,0.409437819,0.787266583,0.646511987,0.520075192,1.000000000,0.821211011,0.267139730,0.488092731
259,260,0.536591368,1.000000000,0.738957307,14.874117037,6.963598435,15.263532322,0.551225316,0.987988891,0.736334468,0.382287775,0.744183253,0.506719346,0.513701126,1.000000000,0.680906677,0.223924815,0.577212465
260,261,0.657827662,0.886028810,1.000000000,14.221702847,8.976220576,14.937205657,0.660011074,0.885137489,0.998707908,0.516080675,0.693194801,0.659214265,0.744495883,1.000000000,0.950979818,0.338025688,0.596600373
261,262,0.715518275,0.875775074,1.000000000,12.697289839,8.779047629,13.577486530,0.709248973,0.885653514,0.996390862,0.597174181,0.721820778,0.638551374,0.827316418,1.000000000,0.884639780,0.402740805,0.672879025
262,263,0.631760794,1.000000000,0.819152163,13.893711142,7.117779988,14.695605032,0.630495502,1.004904461,0.815512994,0.462141755,0.847789530,0.598122912,0.545113779,1.000000000,0.705508727,0.317222247,0.581865326
263,264,0.585087739,0.801302716,1.000000000,11.537323230,7.068302036,11.664738456,0.575824848,0.813957454,0.996608154,0.470407847,0.678000656,0.698856929,0.673110372,0.970156591,1.000000000,0.375755818,0.472997937
264,265,0.648585822,0.888809082,1.000000000,13.676693225,8.448818428,13.447587501,0.632882977,0.908698232,0.995813695,0.512704168,0.755217683,0.734018383,0.678882631,1.000000000,0.971929550,0.416878512,0.480364241
265,266,0.679667167,0.814948341,1.000000000,11.064089967,8.436114348,11.811580605,0.644758157,0.846022312,1.003835039,0.503458381,0.725413751,0.733641888,0.686245414,0.988784532,1.000000000,0.409014909,0.453492367
266,267,0.738336644,0.923501021,1.000000000,12.805408095,9.360418206,14.209153844,0.726669580,0.934613995,1.000554091,0.587236406,0.780161016,0.734626858,0.752711804,1.000000000,0.941634923,0.435301178,0.577266250
267,268,0.564220396,0.701677772,1.000000000,10.775410637,7.852193919,10.964834992,0.556104609,0.712339109,0.997454450,0.443734142,0.604749591,0.742765648,0.597408003,0.814186268,1.000000000,0.348250551,0.429906155
268,269,0.827452003,1.000000000,0.903257546,12.961269098,9.901968261,16.486290680,0.809288213,1.014481781,0.906939554,0.628283532,0.847567765,0.699477251,0.741278230,1.000000000,0.825275902,0.410408788,0.663499924
269,270,0.710865894,0.874472006,1.000000000,12.867031025,9.018497476,14.556771716,0.694115855,0.888202424,1.003019621,0.547714174,0.744601824,0.704459119,0.735579952,1.000000000,0.946088360,0.363226839,0.604101859
270,271,0.790802288,1.000000000,0.975922485,14.589141139,10.376693652,16.937148089,0.781035589,1.007737522,0.977951663,0.594544910,0.833065329,0.717259523,0.713683416,1.000000000,0.860988326,0.386548803,0.633444116
271,272,0.677055462,0.853020293,1.000000000,13.195619461,9.811131048,12.910170933,0.665707156,0.860875065,1.003493533,0.522686068,0.713818098,0.708264339,0.732239865,1.000000000,0.992219643,0.329448076,0.602667377
272,273,0.707098044,0.962416404,1.000000000,14.766761310,9.678509936,14.637072030,0.696574276,0.971696025,1.001244146,0.523169519,0.772950758,0.785928338,0.665670767,0.983487579,1.000000000,0.352622037,0.543811654
273,274,0.745201255,0.935502745,1.000000000,14.641595023,9.402611965,14.555072025,0.733370266,0.940435962,1.006897772,0.588946090,0.729758614,0.766679392,0.768177802,0.951843263,1.000000000,0.367782134,0.610130134
274,275,0.738824826,1.000000000,0.886387670,14.482782278,9.267615654,15.383803216,0.729251225,1.003763564,0.892197707,0.593590453,0.773399524,0.667569873,0.767508169,1.000000000,0.863163025,0.335271138,0.673313147
275,276,0.601670820,0.848190106,1.000000000,12.701922781,7.200168526,12.418013947,0.593632472,0.858588609,0.997639844,0.471116154,0.669296807,0.747749845,0.630045137,0.895081171,1.000000000,0.317483777,0.522144630
276,277,0.660168863,0.913376845,1.000000000,14.965045633,7.939485858,13.405562165,0.652833998,0.916075275,1.004636436,0.525893905,0.735269008,0.750985408,0.700271802,0.979072295,1.000000000,0.310275499,0.588739008
277,278,0.549511720,0.812817405,1.000000000,13.003918673,6.616858828,11.181408138,0.554044151,0.811055187,0.997229789,0.462496512,0.657283441,0.739759805,0.625198218,0.888509265,1.000000000,0.294107971,0.525457604
278,279,0.576998327,0.882965827,1.000000000,14.085621068,6.078253123,11.868610677,0.581359941,0.880604406,0.997999807,0.485732702,0.711995814,0.765582889,0.634461283,0.930004869,1.000000000,0.290451134,0.531692602
279,280,0.569153546,0.888475518,1.000000000,13.342703653,6.608852756,11.994378156,0.574751822,0.885522788,0.997354453,0.459926621,0.677845093,0.755355476,0.608887650,0.897385555,1.000000000,0.286455721,0.507572216
280,281,0.635229279,1.000000000,0.990449550,13.676993124,7.627296654,15.149306637,0.656657108,0.982905820,0.986115901,0.587914550,0.750532636,0.723745652,0.783329760,1.000000000,0.964309368,0.326449163,0.592513958
281,282,0.579981868,0.920791155,1.000000000,12.765352018,8.443104565,11.793448187,0.620274891,0.887616144,0.992881988,0.536330581,0.639715641,0.717088609,0.747927905,0.892101246,1.000000000,0.281023068,0.533775516
282,283,0.534532778,1.000000000,0.675765445,11.562795908,8.587955947,11.027301715,0.589123037,0.951395531,0.669779656,0.454932832,0.625930648,0.400394216,0.726810284,1.000000000,0.639678241,0.139458138,0.715100944
283,284,0.585046721,0.995294518,1.000000000,14.905185986,8.904701044,12.542385057,0.608832586,0.977675240,0.993833412,0.463890791,0.703239646,0.577101613,0.659648235,1.000000000,0.820632933,0.212780819,0.591821935
284,285,0.622352694,1.000000000,0.937891895,14.690424194,10.740828300,16.186437544,0.624728524,1.003500228,0.932015837,0.456902206,0.730540731,0.576107539,0.625430159,1.000000000,0.788604268,0.234312465,0.611131194
285,286,0.677497135,1.000000000,0.950151786,15.237476120,11.348509271,17.446162080,0.688339137,0.994739847,0.944569937,0.511131737,0.715376522,0.594041629,0.714493307,1.000000000,0.830390166,0.226901953,0.664728875
286,287,0.556296649,1.000000000,0.838160557,13.517910815,7.301328346,15.870535802,0.577405375,0.985783423,0.831268408,0.407376830,0.672716885,0.518084074,0.605569503,1.000000000,0.770136867,0.157523305,0.641635199
287,288,0.551473954,1.000000000,0.883243342,14.714249170,7.426803508,15.948119149,0.563096873,0.996343531,0.875276890,0.400652965,0.710722931,0.602181234,0.563725958,1.000000000,0.847279872,0.182448355,0.584587980
288,289,0.568347386,1.000000000,0.898126394,17.507967551,7.934772031,18.906462701,0.569596792,1.001268586,0.895608401,0.404520482,0.698118365,0.701092090,0.576986230,0.995758439,1.000000000,0.208731240,0.527185357
289,290,0.523072345,0.817618157,1.000000000,19.166831106,8.486104888,16.165802624,0.520495513,0.819868149,1.000326840,0.373780661,0.567793366,0.785541669,0.475825377,0.722804898,1.000000000,0.224385260,0.450389952
290,291,0.423395269,0.841550158,1.000000000,19.928931225,7.553710419,16.563495516,0.435547185,0.831167641,0.998230601,0.293723344,0.618661711,0.838840776,0.350153870,0.737519836,1.000000000,0.195162416,0.325196398
291,292,0.375481042,0.825947534,1.000000000,19.902495138,6.980476145,14.351735490,0.390253736,0.811473542,0.999701297,0.265622316,0.664782401,0.850952560,0.312147032,0.781221459,1.000000000,0.192503239,0.281065362
292,293,0.412962958,1.000000000,0.970179916,21.426462235,6.917689364,17.869124767,0.432734523,0.982787154,0.967621196,0.279783705,0.783218593,0.855087170,0.327199044,0.915951754,1.000000000,0.213440785,0.277245449
293,294,0.364056432,0.886995837,1.000000000,20.021628076,6.908127313,19.824031826,0.404184975,0.847294045,0.999573249,0.273936052,0.693978468,0.790167841,0.346680842,0.878267163,1.000000000,0.183247687,0.312005738
294,295,0.402340890,1.000000000,0.833512622,19.429425205,6.407446784,19.705596184,0.431009127,0.972023614,0.832820771,0.267471401,0.833677423,0.760199317,0.320833207,1.000000000,0.911862666,0.217846373,0.231504685
295,296,0.458155727,1.000000000,0.939763342,23.185068257,10.201840074,23.610133637,0.485861384,0.971247335,0.940810350,0.301653881,0.779465723,0.824819862,0.365720923,0.945013280,1.000000000,0.244883066,0.247959847
296,297,0.419579694,0.835877561,1.000000000,18.473968013,10.325768637,20.870373150,0.450007408,0.805609832,0.999840014,0.301639881,0.609377572,0.806288977,0.374108898,0.755780606,1.000000000,0.228902122,0.296738488
297,298,0.461546508,0.934998545,1.000000000,20.537244086,11.027190700,21.669914755,0.487264053,0.910307749,0.998973251,0.297033472,0.692479790,0.876840673,0.338754213,0.789744148,1.000000000,0.239642472,0.244728059
298,299,0.460850223,0.863066686,1.000000000,19.979319181,11.363958295,22.113109372,0.499642200,0.825244067,0.999030641,0.348886391,0.663745219,0.795657294,0.438488270,0.834209934,1.000000000,0.261367581,0.313586493
299,300,0.471145501,0.752159037,1.000000000,16.293146291,12.306231249,22.181031880,0.483779956,0.740141786,0.999382796,0.329302282,0.526092857,0.770543559,0.427363617,0.682755505,1.000000000,0.241577101,0.337474779
300,301,0.483493531,0.752182367,1.000000000,16.170515205,9.477880957,20.173738476,0.510469454,0.725612853,0.999593590,0.380389812,0.526992044,0.744348105,0.511037523,0.707991383,1.000000000,0.275198437,0.338449982
301,302,0.539490733,0.824757544,1.000000000,13.997649379,7.704824807,16.419711958,0.564986399,0.800281182,0.998980696,0.442251224,0.512123279,0.684105919,0.646466010,0.748602321,1.000000000,0.300749054,0.439739714
302,303,0.518788459,0.645635361,1.000000000,11.386168843,7.327431453,14.713609772,0.529764429,0.635430201,0.999229190,0.424101653,0.377581205,0.701568981,0.604504567,0.538195410,1.000000000,0.324396194,0.400235435
303,304,0.494010591,0.849790019,1.000000000,13.682162666,5.589320491,11.775677963,0.503449342,0.842234390,0.998116879,0.436206808,0.539907709,0.706412687,0.617495716,0.764295035,1.000000000,0.344643150,0.428774061
304,305,0.445661912,0.888997072,1.000000000,10.620764404,3.796146471,9.816713800,0.453450168,0.881169670,1.000039145,0.371146774,0.653746100,0.727215010,0.510367317,0.898972230,1.000000000,0.297323659,0.368484684
305,306,0.464081247,0.929167315,1.000000000,11.515395882,4.748895649,11.332431293,0.477342456,0.912743810,1.003162296,0.400152450,0.660014923,0.707067956,0.565932095,0.933453308,1.000000000,0.297944472,0.398260737
306,307,0.312997793,0.790496310,1.000000000,8.763150601,3.240927009,7.883137309,0.327757249,0.775465173,1.000271681,0.253206417,0.555226119,0.751463559,0.336951026,0.738859671,1.000000000,0.202392276,0.260397071
307,308,0.421122364,0.919914618,1.000000000,9.673561617,3.940049466,9.371314720,0.426210052,0.914355320,1.000471610,0.365731489,0.654986964,0.724664540,0.504690748,0.903848509,1.000000000,0.289894904,0.370094076
308,309,0.401610723,0.863469859,1.000000000,10.297706938,4.176414301,10.469534124,0.410741055,0.854063822,1.000275705,0.336627392,0.604933701,0.740919677,0.454337227,0.816463268,1.000000000,0.272318960,0.319712606
309,310,0.391444704,0.828926575,1.000000000,10.746154817,4.059789304,9.980952741,0.406827223,0.811405302,1.002138754,0.342063015,0.612342166,0.716283154,0.477552786,0.854888409,1.000000000,0.255015019,0.360476475
310,311,0.459531613,1.000000000,0.974486544,9.498128128,4.471743264,10.142894965,0.475453084,0.984290771,0.974274301,0.391479639,0.674004455,0.738334183,0.530220120,0.912871801,1.000000000,0.302234896,0.378694165
311,312,0.464055732,0.984545151,1.000000000,10.359094023,4.595780051,11.728093957,0.478573709,0.969366631,1.000660542,0.385173928,0.668688723,0.765381880,0.503244117,0.873666780,1.000000000,0.281091736,0.393046872
312,313,0.395206712,0.903211324,1.000000000,9.907446621,3.916893925,10.092170170,0.411152062,0.887000048,1.000265927,0.326057793,0.632605568,0.765858685,0.425741457,0.826008219,1.000000000,0.241561153,0.340701632
313,314,0.381133107,1.000000000,0.892300637,10.064491884,3.885871014,10.751054808,0.386396779,0.993381243,0.893655722,0.308067235,0.680343347,0.683529871,0.450700471,0.995338136,1.000000000,0.231450205,0.350224846
314,315,0.402723561,0.975839804,1.000000000,9.888537683,3.780066066,9.876268406,0.413583072,0.965438453,0.999541840,0.332724415,0.743687258,0.777077377,0.428174111,0.957031153,1.000000000,0.255566235,0.333855037
315,316,0.388714807,1.000000000,0.965526266,10.655786877,3.985031659,9.627662965,0.396098844,0.991571867,0.966570363,0.322737922,0.769256049,0.719271670,0.419545511,1.000000000,0.935022443,0.253521663,0.344053263
316,317,0.391979900,0.949991491,1.000000000,10.519878681,4.347943626,9.899193900,0.396982821,0.945942730,0.999045840,0.318454152,0.720890366,0.740841100,0.429854866,0.973070157,1.000000000,0.252909856,0.315971525
317,318,0.420236796,0.911348579,1.000000000,11.351906582,4.343453005,9.826193614,0.428689588,0.904358211,0.998537577,0.361143640,0.716400360,0.786706875,0.459057435,0.910631880,1.000000000,0.287829497,0.320976930
318,319,0.427538999,1.000000000,0.965263906,12.312906845,4.868786967,10.646981427,0.434165515,0.994397913,0.964239477,0.353456425,0.811378896,0.770669536,0.435624375,1.000000000,0.949826942,0.279181162,0.338779463
319,320,0.415166775,1.000000000,0.902093744,11.224032093,4.631186524,9.407930479,0.420097831,0.994750674,0.902412014,0.348444066,0.788899994,0.625232162,0.441683443,1.000000000,0.792536655,0.265607359,0.417803623
320,321,0.425240603,1.000000000,0.862725632,10.536776835,4.094660783,10.308095770,0.428438745,0.996157197,0.863370293,0.334328585,0.756315858,0.684343146,0.442048889,1.000000000,0.904837759,0.261380064,0.364940581
321,322,0.510473866,1.000000000,0.924691461,11.531673989,4.611271798,11.480804100,0.511875499,0.997458326,0.925831502,0.424877862,0.775562941,0.686347079,0.547831569,1.000000000,0.884966317,0.338807725,0.444825739
322,323,0.516665426,0.985799993,1.000000000,12.232369142,5.109483097,12.210975245,0.514909122,0.988016729,0.999539568,0.422194792,0.797718928,0.765505548,0.529252569,1.000000000,0.959618132,0.335077421,0.413911258
323,324,0.383150208,0.858213305,1.000000000,10.896738645,4.394948328,9.862060772,0.384367047,0.856706487,1.000289978,0.300997719,0.691237335,0.780501320,0.385646650,0.885632500,1.000000000,0.253244610,0.288649087
324,325,0.468514013,0.838602349,1.000000000,11.487412327,4.773815616,12.269499533,0.470025387,0.836618342,1.000472632,0.349360695,0.675835408,0.812155424,0.430164824,0.832150335,1.000000000,0.286310772,0.328902878
325,326,0.478903853,0.804975928,1.000000000,11.234747132,4.894002099,12.380046371,0.474706713,0.810353392,0.998819676,0.368402910,0.679422978,0.832754213,0.442390930,0.815874561,1.000000000,0.308658933,0.319955787
326,327,0.527931832,0.907441684,1.000000000,13.539280651,5.790690086,12.932306480,0.528529214,0.908395418,0.998448883,0.426908867,0.794463968,0.784674270,0.537354599,1.000000000,0.987677607,0.340184709,0.404106716
327,328,0.581512995,0.876909634,1.000000000,12.380078683,5.887113351,13.868597811,0.585514846,0.875614763,0.997293020,0.510508212,0.720193731,0.750866245,0.679892345,0.959150495,1.000000000,0.391196973,0.492779267
328,329,0.570054701,0.774613808,1.000000000,12.005062104,6.144019483,14.451108784,0.570150198,0.776253551,0.998264760,0.497929600,0.637294654,0.758222796,0.656706186,0.840511072,1.000000000,0.397440716,0.461027078
329,330,0.601036944,0.858939770,1.000000000,13.106576380,5.386900255,15.192753469,0.589166860,0.870540175,1.000269678,0.484329051,0.724535817,0.736438374,0.657664060,0.983837673,1.000000000,0.374011776,0.477539720
330,331,0.632653249,0.799452067,1.000000000,13.449134100,5.034367902,14.984916807,0.628751215,0.802556227,1.000797874,0.531177411,0.703847923,0.720248122,0.737492254,0.977229792,1.000000000,0.416188031,0.525030936
331,332,0.625410088,0.775534458,1.000000000,11.365365181,4.739388878,14.777021384,0.613723111,0.787565457,0.999655977,0.534379472,0.678343024,0.735974492,0.726084229,0.921693660,1.000000000,0.446813692,0.485050012
332,333,0.763412491,0.975680061,1.000000000,12.666637672,4.989263275,18.999281337,0.738433225,0.999968082,1.000691245,0.648262710,0.847887584,0.686381224,0.764562097,1.000000000,0.809519135,0.477153613,0.675296848
333,334,0.643431371,0.921737881,1.000000000,14.451559618,4.105359732,19.394398241,0.633702387,0.930713556,1.000753308,0.509623403,0.832575205,0.767813498,0.612104949,1.000000000,0.922215187,0.399796720,0.481697396
334,335,0.684795488,0.745616831,1.000000000,12.035578465,4.953347361,19.115267006,0.681549356,0.746932239,1.001930724,0.575008425,0.666310356,0.676652141,0.849784387,0.984716246,1.000000000,0.419614566,0.605793905
335,336,0.760024369,0.755724998,1.000000000,13.747895109,6.186973608,19.289307374,0.760861377,0.753900800,1.000987190,0.675288066,0.662312080,0.743874265,0.907798667,0.890354877,1.000000000,0.534981980,0.638468375
336,337,0.937084082,1.000000000,0.977251037,18.769177482,6.249910473,25.784926543,0.937003049,0.998131109,0.979200961,0.847502230,0.882887729,0.582962261,0.959920725,1.000000000,0.660290365,0.463971375,0.876683027
337,338,0.966896532,0.980344417,1.000000000,18.416928706,7.028925513,27.582118346,0.967368381,0.979004332,1.000868236,0.872980786,0.880671076,0.591707789,0.991267693,1.000000000,0.671882846,0.488378699,0.889199247
338,339,0.891909049,1.000000000,0.936131689,20.827361353,6.415994148,28.318323590,0.893720678,0.994247075,0.940072986,0.752824330,0.895871931,0.661041216,0.840325836,1.000000000,0.737874682,0.485549040,0.773554429
339,340,0.872702690,1.000000000,0.974023080,20.925361171,6.937202826,26.545673270,0.872609317,0.994500283,0.979616169,0.768441320,0.860035346,0.631968322,0.893499696,1.000000000,0.734816685,0.492400279,0.815367319
340,341,0.651012179,0.763795681,1.000000000,15.792255670,5.256429090,21.456652437,0.646862475,0.765738421,1.002206964,0.571583782,0.694027299,0.665301687,0.823575359,1.000000000,0.958610257,0.441111984,0.605337761
341,342,0.819316746,0.838141047,1.000000000,17.251590142,5.021438111,27.501630469,0.820663151,0.836959157,0.999835484,0.709113535,0.729456767,0.627813836,0.972111805,1.000000000,0.860659417,0.429754756,0.759440556
342,343,0.911472878,0.841818579,0.906563899,17.814916821,5.366292457,30.000000000,0.905597113,0.848844072,0.905414171,0.752880568,0.695501532,0.632447486,1.000000000,0.923787334,0.840036937,0.458946919,0.800372847
343,344,0.872715675,0.786758087,1.000000000,17.594866445,6.344463025,26.376142629,0.878230015,0.781173221,1.000070526,0.762915556,0.632418956,0.643236773,1.000000000,0.828950139,0.843129713,0.480435190,0.805868969
344,345,0.948638408,0.867067878,1.000000000,17.243129379,7.404206895,26.549751253,0.960749633,0.853891145,1.001065507,0.811951852,0.715309076,0.563531423,1.000000000,0.880974746,0.694045370,0.441783639,0.879764179
345,346,1.000000000,0.868729135,0.676920187,14.772328363,7.484817869,23.853848735,0.840888661,1.028716561,0.676044100,0.657673033,0.801754286,0.386026332,0.820292508,1.000000000,0.481477104,0.308387656,0.936958903
346,347,1.000000000,0.751063288,0.820373584,17.873654848,9.305499823,20.944937016,0.825046375,0.926289655,0.820100842,0.614687173,0.753421849,0.504640066,0.815860562,1.000000000,0.669797494,0.398330594,0.857113912
347,348,0.891960670,0.749408124,1.000000000,17.787115860,11.150273770,21.050751178,0.825133222,0.817478160,0.998757412,0.619651779,0.713038062,0.586579720,0.869030437,1.000000000,0.822648538,0.450735216,0.790279625
348,349,1.000000000,0.932439990,0.921334661,23.040401998,11.503399887,24.148926585,1.022413812,0.914635675,0.916725164,0.709497871,0.790310222,0.546951836,0.897746038,1.000000000,0.692072329,0.393616408,0.854339185
349,350,0.741799434,0.650178772,1.000000000,20.072027030,11.961003358,16.634639637,0.732920817,0.660057021,0.999000369,0.416373065,0.604819240,0.522388301,0.688425628,1.000000000,0.863709794,0.352719740,0.367577799
350,351,0.995215209,1.000000000,0.996660037,26.646386133,14.199807663,21.681415590,1.022828616,0.976113842,0.992932787,0.583972767,0.872473914,0.548288023,0.669329774,1.000000000,0.628429130,0.402084940,0.875178555
351,352,0.983489761,0.803276340,1.000000000,23.458193739,17.556548522,19.047887028,0.812973858,0.974636509,0.999155733,0.419449722,0.884201222,0.516884596,0.474382653,1.000000000,0.584578016,0.385914907,0.829424941
352,353,0.982576662,0.849955366,1.000000000,24.195047223,17.267512777,19.004625582,0.850984436,0.987573173,0.993974419,0.456796175,0.919042016,0.538264717,0.497035137,1.000000000,0.585680205,0.401798483,0.889430806
353,354,0.945501844,0.891868997,1.000000000,25.873099580,17.531719106,20.519581783,0.887687273,0.950846256,0.998837311,0.482539220,0.841338326,0.558378959,0.573537666,1.000000000,0.663679451,0.399432416,0.857662548
354,355,0.762461798,0.869158302,1.000000000,27.669149887,15.599880008,19.018205021,0.870275843,0.764367082,0.996977175,0.457536132,0.669284823,0.585358360,0.683619464,1.000000000,0.874602771,0.381813167,0.761030495
355,356,0.869028488,1.000000000,0.968203324,26.101675370,15.259199916,22.028138029,1.043621886,0.830924702,0.962685224,0.496359326,0.747173461,0.496080497,0.664316055,1.000000000,0.663942876,0.334001117,0.844513126
356,357,0.778857942,1.000000000,0.889316146,26.090488506,14.016520896,24.218729071,1.055832202,0.728894436,0.883447450,0.598548619,0.657090007,0.498267494,0.910908115,1.000000000,0.758294128,0.327093449,0.812955109
357,358,0.805343589,1.000000000,0.743770901,21.262346351,12.157815041,24.414696381,1.074022887,0.733393954,0.741697649,0.612647667,0.649349020,0.367336059,0.943479775,1.000000000,0.565698951,0.246293929,0.877372077
358,359,0.835244207,1.000000000,0.720970243,19.136681627,15.212952126,24.259924426,1.095549646,0.738871027,0.721793777,0.496148874,0.662301869,0.311740099,0.749127999,1.000000000,0.470691860,0.209961583,0.901315521
359,360,0.638454173,1.000000000,0.663653885,23.112078285,12.120126069,21.440100630,1.006874464,0.629511040,0.665722554,0.463408837,0.527921313,0.264425477,0.877799069,1.000000000,0.500880472,0.163422339,0.884364868
360,361,0.616215240,1.000000000,0.762524721,22.386069120,13.397585588,22.078754159,1.045106949,0.570805334,0.762827678,0.498373466,0.481923332,0.360026060,1.000000000,0.966992356,0.722402144,0.220162599,0.805646996
361,362,0.636733933,1.000000000,0.806916781,23.627551971,14.786494982,21.438972266,1.044819233,0.590780731,0.808050749,0.536392336,0.482897560,0.407098308,1.000000000,0.900269312,0.758956235,0.239041075,0.767584515
362,363,0.675685985,1.000000000,0.621427981,20.345677601,12.544960500,25.484635370,0.997448402,0.671419998,0.628245566,0.530492732,0.554208215,0.284390699,0.957208351,1.000000000,0.513147750,0.185156137,0.890023763
363,364,0.662250415,1.000000000,0.670091668,17.271238900,13.867180753,26.202142101,1.001275393,0.661047665,0.670019025,0.582343085,0.534893350,0.364768173,1.000000000,0.918519278,0.626380192,0.225100936,0.835370531
364,365,0.732754250,1.000000000,0.668925337,19.189306581,14.879207575,27.048769205,1.006957252,0.725965027,0.668757308,0.611415608,0.639604258,0.338957964,0.955927983,1.000000000,0.529949512,0.234613451,0.893431029
365,366,0.794046183,1.000000000,0.798284981,24.770924437,17.944328263,25.268479460,0.990160254,0.806396376,0.795774533,0.586637485,0.706938899,0.451034124,0.829827706,1.000000000,0.638010052,0.316727620,0.866321156
366,367,0.818772220,0.938176264,0.776496310,20.249579927,19.066216517,30.000000000,0.931301948,0.821537235,0.780605611,0.500643583,0.710304097,0.440133456,0.704829924,1.000000000,0.619640880,0.315602579,0.866134717
367,368,0.843648516,0.956834323,0.716842857,19.612580417,19.343882445,30.000000000,0.959000191,0.838936428,0.719389078,0.536381578,0.711870773,0.363451321,0.753481669,1.000000000,0.510558003,0.256947377,0.895707409
368,369,0.701599401,0.896998676,0.610657501,16.235560386,17.581089020,30.000000000,0.897110307,0.703718027,0.608427244,0.548017703,0.610036024,0.328462975,0.898336626,1.000000000,0.538432096,0.230405978,0.892134137
369,370,0.724589210,0.899590509,0.635496470,15.135197897,15.597355728,30.000000000,0.889280497,0.728697617,0.641698075,0.515179397,0.596059192,0.360127987,0.864309122,1.000000000,0.604181585,0.255315056,0.874030054
370,371,0.823698167,1.000000000,0.719523503,14.685531409,16.592567011,24.220671208,1.002094447,0.826639735,0.714487488,0.548666571,0.716992203,0.388977264,0.765233665,1.000000000,0.542512544,0.268971459,0.888149977
371,372,0.762146537,1.000000000,0.685884651,13.755096704,16.028677006,19.616926298,1.001521214,0.765581293,0.680928682,0.606315722,0.660348961,0.356264596,0.918174719,1.000000000,0.539509589,0.239562235,0.884652190
372,373,0.726986201,1.000000000,0.900462592,15.133171701,13.203999379,16.174646249,1.010252915,0.721257016,0.895938862,0.610860508,0.627845353,0.451569048,0.972947408,1.000000000,0.719236108,0.268241574,0.813906207
373,374,0.828199199,1.000000000,0.723939200,16.004232530,11.960593558,18.649232238,1.012575470,0.823954343,0.715608585,0.618367028,0.735210643,0.374359628,0.841074641,1.000000000,0.509186900,0.246842052,0.890245067
374,375,0.681840459,1.000000000,0.752657531,14.726341129,12.434858365,18.049256208,0.996787262,0.697966561,0.739744167,0.696103201,0.622970325,0.472024552,1.000000000,0.894939606,0.678095650,0.306219461,0.810359886
375,376,0.589958703,1.000000000,0.895156212,13.404976398,10.881092181,16.426069164,1.002542434,0.601741922,0.880830559,0.730173400,0.519710361,0.575554379,1.000000000,0.711762933,0.788243420,0.283945796,0.665036028
376,377,0.673630995,1.000000000,0.797396824,13.119987913,11.812364863,18.882047363,1.003949784,0.681795415,0.785282620,0.745191551,0.577474003,0.541830045,1.000000000,0.774933643,0.727101702,0.300742519,0.731662939
377,378,0.760068567,1.000000000,0.854390744,13.599813617,12.457292009,16.346732387,1.013050727,0.756606393,0.844802192,0.751302627,0.632551052,0.567764085,1.000000000,0.841939092,0.755706242,0.330022634,0.747934106
378,379,0.756675203,0.974693633,1.000000000,16.497848279,11.291200511,16.235716112,0.985903975,0.758003466,0.987461394,0.737531219,0.636778199,0.684286508,1.000000000,0.863391519,0.927806839,0.370752510,0.678429353
379,380,0.622225583,0.924986537,1.000000000,15.657400759,9.392767263,15.323810541,0.937032048,0.620848512,0.989331560,0.726243034,0.519304045,0.671958385,1.000000000,0.715055458,0.925252777,0.326843976,0.597109401
380,381,0.663405598,1.000000000,0.991029854,16.159818705,9.607553952,16.494515628,1.008017100,0.667963444,0.978454907,0.814974770,0.548881513,0.670186427,1.000000000,0.673495099,0.822340091,0.333598657,0.624875877
381,382,0.662402916,1.000000000,0.903334887,14.871225062,9.792673848,17.036034175,1.014911449,0.658408113,0.892418240,0.783047298,0.518254815,0.650727147,1.000000000,0.661843565,0.831018955,0.316099771,0.613691899
382,383,0.629164107,0.978254090,1.000000000,14.457989816,10.399399558,16.712633929,0.983204084,0.636243512,0.987970600,0.804690730,0.505061482,0.729934942,1.000000000,0.627646701,0.907099976,0.326587357,0.556200715
383,384,0.622791002,0.928876225,1.000000000,16.338108517,10.209835198,16.932044259,0.933606485,0.627061458,0.990999284,0.766915711,0.475143742,0.793240617,0.966813467,0.598990687,1.000000000,0.343743624,0.475655640
384,385,0.621481973,0.946135069,1.000000000,17.090343088,10.124824966,15.868568422,0.941390169,0.633937597,0.992289276,0.756720253,0.477466108,0.780375694,0.969687113,0.611841338,1.000000000,0.346396758,0.480950287
385,386,0.656908672,0.949048391,1.000000000,16.924053759,10.688917457,16.037950060,0.938697624,0.673273210,0.993986229,0.782152087,0.520472206,0.753552227,1.000000000,0.665436064,0.963434400,0.382314457,0.520590185
386,387,0.487615991,0.787090301,1.000000000,13.767321726,8.570050470,13.687823267,0.771650558,0.510301427,0.992754306,0.655565542,0.401169310,0.743821898,0.881347462,0.539335171,1.000000000,0.295775413,0.424392341
387,388,0.576286068,0.798405689,1.000000000,15.045804376,10.324516040,14.574979016,0.790727430,0.589440527,0.994523800,0.630420335,0.470348179,0.772228025,0.816365522,0.609079396,1.000000000,0.359540902,0.455929680
388,389,0.526962935,0.723272566,1.000000000,14.127340946,9.412122435,13.537713413,0.726575604,0.526230421,0.997429476,0.604442317,0.418338555,0.766438303,0.788637930,0.545821566,1.000000000,0.335059475,0.399933606
389,390,0.597747412,0.781668839,1.000000000,13.629134659,10.252006362,13.806167941,0.772709777,0.612081998,0.994624477,0.618275797,0.476848828,0.797564883,0.775204389,0.597880923,1.000000000,0.375994725,0.434237689
390,391,0.553972337,0.751926532,1.000000000,13.872264952,10.016639595,13.660724241,0.745213338,0.565399034,0.995286497,0.587013875,0.446827189,0.792485043,0.740725494,0.563830438,1.000000000,0.357129049,0.411556717
391,392,0.544188870,0.752079244,1.000000000,13.748449172,10.391197657,12.617477196,0.743302596,0.559847815,0.993117704,0.608652108,0.461202220,0.804807690,0.756270245,0.573058914,1.000000000,0.370644974,0.410406018
392,393,0.502424641,0.687848122,1.000000000,13.372704089,9.685461822,12.747028699,0.682863686,0.515213073,0.992196003,0.569859862,0.418270368,0.834472991,0.682897911,0.501238953,1.000000000,0.339458735,0.369578704
393,394,0.472616573,0.678594690,1.000000000,12.963154764,8.752431295,12.708921528,0.677754103,0.481687926,0.991769234,0.563675673,0.390066662,0.795144280,0.708897350,0.490560860,1.000000000,0.308943579,0.378122430
394,395,0.505588060,0.671596937,1.000000000,14.074269128,9.431620634,12.873013988,0.671517247,0.514790971,0.990876779,0.539765167,0.408038646,0.807776965,0.668210645,0.505137758,1.000000000,0.317806581,0.394570875
395,396,0.479119042,0.700696158,1.000000000,14.140215432,9.162874152,13.369438760,0.704027527,0.484466760,0.991320914,0.574548159,0.381711101,0.822210104,0.698785088,0.464250073,1.000000000,0.304397009,0.361124196
396,397,0.488994312,0.758365101,1.000000000,13.583165101,9.169914849,13.793536450,0.763364979,0.491101563,0.992892871,0.624454029,0.379127361,0.807441166,0.773374031,0.469541779,1.000000000,0.292952226,0.377561482
397,398,0.504237388,0.682664808,1.000000000,12.265712608,9.820431873,12.569608584,0.696413600,0.499438133,0.991050462,0.558605029,0.403906291,0.776204436,0.719662247,0.520360710,1.000000000,0.305876821,0.412895557
398,399,0.450268194,0.650479208,1.000000000,12.472233779,8.514887611,11.961922897,0.650721654,0.460787919,0.989237829,0.533006576,0.359810181,0.839620044,0.634818785,0.428539295,1.000000000,0.291694002,0.330703066
399,400,0.479812622,0.696219038,1.000000000,12.377292855,10.289298451,11.515885912,0.697942897,0.490135637,0.987953127,0.558659348,0.409373942,0.803496112,0.695285690,0.509490881,1.000000000,0.328438730,0.381949423
400,401,0.547176591,0.787693794,1.000000000,13.516462509,10.298924104,13.833416355,0.785100164,0.560768532,0.989001689,0.650671917,0.458231299,0.831766303,0.782277323,0.550913516,1.000000000,0.367887749,0.404542256
401,402,0.547772085,0.834068963,1.000000000,13.072155280,9.646049974,12.616598951,0.836749911,0.557353756,0.987737381,0.671321847,0.457214913,0.829577578,0.809233355,0.551141840,1.000000000,0.348377786,0.429663149
402,403,0.530884095,0.691732367,1.000000000,12.037659959,9.777158359,11.992842861,0.692539352,0.538162480,0.991914630,0.552870308,0.458565535,0.768776164,0.719156413,0.596487712,1.000000000,0.359493519,0.440107728
403,404,0.532689336,0.736260011,1.000000000,11.534570329,9.083505109,11.408030472,0.736494628,0.543911564,0.988543154,0.571326449,0.478864883,0.736151713,0.776098783,0.650497546,1.000000000,0.356254044,0.492031381
404,405,0.528701507,0.714534351,1.000000000,12.379938812,9.146273910,10.633233312,0.717794549,0.534731493,0.990709816,0.576012780,0.459883912,0.772303715,0.745837122,0.595470283,1.000000000,0.369705630,0.426703566
405,406,0.566369114,0.767617674,1.000000000,13.082835467,10.011694693,11.659090930,0.771872461,0.572309778,0.989804549,0.632667331,0.492395730,0.783883293,0.807093781,0.628149285,1.000000000,0.389031019,0.455141165
406,407,0.579862139,0.777337591,1.000000000,13.962811125,10.731420292,12.889646945,0.787311387,0.579178700,0.990709643,0.644422278,0.489564768,0.795061285,0.810531577,0.615757272,1.000000000,0.380076206,0.441843636
407,408,0.542624943,0.713466194,1.000000000,12.528390272,9.895600841,11.934731942,0.718974856,0.546424433,0.990691848,0.574905365,0.470342486,0.772440945,0.744270963,0.608904137,1.000000000,0.369742228,0.430103483
408,409,0.481527554,0.693549303,1.000000000,12.403934607,9.803525425,10.880403645,0.694508080,0.492725060,0.987843716,0.559435280,0.438328709,0.789048015,0.709000301,0.555515888,1.000000000,0.343289996,0.402198292
409,410,0.533313560,0.687306029,1.000000000,13.722002221,10.133455888,11.465359102,0.686465080,0.540459154,0.993695355,0.556903212,0.476261771,0.760405801,0.732376333,0.626325799,1.000000000,0.399553552,0.422510646
410,411,0.683671746,0.853860402,1.000000000,15.161270833,12.317793341,13.922619753,0.853488750,0.694002285,0.990041113,0.692796816,0.615039492,0.748594005,0.925464018,0.821592863,1.000000000,0.449504409,0.600227738
411,412,0.570398436,0.721505877,1.000000000,13.610110835,11.520668416,11.749936758,0.727317256,0.573362996,0.991224062,0.613847965,0.533464131,0.706727561,0.868577935,0.754837028,1.000000000,0.428999163,0.516423799
412,413,0.575839323,0.734279125,1.000000000,13.519357421,10.700697906,12.386046799,0.741728113,0.578988075,0.989402259,0.600976050,0.513519446,0.784175902,0.766379135,0.654852368,1.000000000,0.404497267,0.472326176
413,414,0.613731000,0.830566165,1.000000000,14.301171995,11.104280377,12.493624019,0.831653312,0.623450972,0.989192881,0.683936523,0.552495208,0.738043979,0.926688033,0.748593883,1.000000000,0.419979576,0.557026414
414,415,0.547663303,0.737640262,1.000000000,13.256815489,10.992405910,11.384798976,0.742762064,0.548722592,0.993818910,0.612504879,0.482925964,0.724983880,0.844853100,0.666119588,1.000000000,0.371826250,0.518675590
415,416,0.474796540,0.607397449,1.000000000,11.610836111,10.007237640,9.990820378,0.613377506,0.478605059,0.990211425,0.514745998,0.431381832,0.784550257,0.656103282,0.549846014,1.000000000,0.354511372,0.394484774
416,417,0.537109366,0.742901203,1.000000000,15.029065112,9.850612111,11.881821253,0.758076479,0.534293010,0.987641080,0.639970123,0.479188649,0.689909058,0.927615191,0.694567846,1.000000000,0.340597234,0.544962461
417,418,0.586718493,0.814799063,1.000000000,16.083487331,10.685248968,13.580114319,0.818539352,0.601120322,0.981857882,0.677920501,0.521144713,0.728970021,0.929970343,0.714905550,1.000000000,0.347812616,0.573339620
418,419,0.578712254,0.773277767,1.000000000,14.947185880,10.633581175,12.084222249,0.774524251,0.589712823,0.987752947,0.649913746,0.516556109,0.737018351,0.881814876,0.700872791,1.000000000,0.370184605,0.539511380
419,420,0.604033889,0.821875979,1.000000000,16.114804567,12.888826563,13.784344400,0.826665922,0.611346677,0.987897270,0.701392764,0.536209647,0.766850964,0.914640259,0.699235800,1.000000000,0.390009454,0.528904662
420,421,0.631206007,0.854992416,1.000000000,15.432415096,14.691778820,13.377679607,0.861026188,0.639819329,0.985352906,0.740200237,0.583239271,0.711071930,1.000000000,0.787947967,0.960648071,0.429813780,0.597898903
421,422,0.552120287,0.827492411,1.000000000,16.146688731,13.036997613,13.812487686,0.834542694,0.558945859,0.986124145,0.735820911,0.493118263,0.740583450,0.993569207,0.665851043,1.000000000,0.374404948,0.495783419
422,423,0.570345125,0.789297314,1.000000000,14.771909372,13.230668895,13.769317695,0.797405432,0.579452516,0.982784490,0.688620092,0.524143892,0.749524479,0.918742632,0.699301899,1.000000000,0.393514378,0.517901623
423,424,0.508906452,0.655137892,1.000000000,13.506682833,11.283078523,11.290614177,0.665599303,0.517337998,0.981107042,0.588089405,0.487301780,0.723229255,0.813143828,0.673786045,1.000000000,0.379153928,0.484904189
424,425,0.485598799,0.605594500,1.000000000,13.385293948,12.220105043,12.107152942,0.622545334,0.488152935,0.980495030,0.532281497,0.466296587,0.742421029,0.716953691,0.628075672,1.000000000,0.374387270,0.441067844
425,426,0.475717140,0.562496641,1.000000000,13.430860104,13.715088389,10.109956446,0.578055376,0.477730585,0.982427820,0.504318635,0.460360210,0.745745869,0.676260716,0.617315132,1.000000000,0.366445013,0.445280036
426,427,0.427547135,0.496510668,1.000000000,12.887070041,11.413706073,9.437352146,0.518619534,0.419146361,0.986291908,0.441047625,0.403131532,0.750417025,0.587736699,0.537210002,1.000000000,0.337061885,0.349274225
427,428,0.441816391,0.514723688,1.000000000,12.226242491,10.828625234,9.788304568,0.526656688,0.443922417,0.985960975,0.436656315,0.422922003,0.718794225,0.607484450,0.588377019,1.000000000,0.338768858,0.381993612
428,429,0.483149710,0.534722904,1.000000000,11.520015421,12.032030515,9.077178472,0.544219033,0.491219284,0.982434297,0.462685563,0.466620240,0.766312989,0.603781444,0.608916000,1.000000000,0.354939242,0.404487001
429,430,0.552915288,0.565051116,1.000000000,12.176427429,11.652646594,10.947595547,0.576464631,0.554844392,0.986657381,0.466518317,0.505064620,0.715126856,0.652357429,0.706258779,1.000000000,0.379041071,0.434044840
430,431,0.556990067,0.571512931,1.000000000,12.977800827,13.246346697,10.389590766,0.582242211,0.565274963,0.980985824,0.495880324,0.544860501,0.724298510,0.684635295,0.752259590,1.000000000,0.408042442,0.511689915
431,432,0.649496003,0.651379593,1.000000000,12.732451385,12.374597153,12.180215813,0.660529463,0.656861363,0.983484771,0.544006315,0.599022360,0.677964164,0.802411607,0.883560507,1.000000000,0.409078523,0.645351456
432,433,0.600016098,0.586302470,1.000000000,13.366831375,12.339725790,10.821306791,0.595351445,0.611309213,0.979657909,0.496704532,0.580786260,0.684608034,0.725531264,0.848348589,1.000000000,0.403663645,0.627211144
433,434,0.619502866,0.653017054,1.000000000,10.549981443,11.393771191,12.027117038,0.665596650,0.630845079,0.976078191,0.557273843,0.577827538,0.708500243,0.786554202,0.815564348,1.000000000,0.393018779,0.613277063
434,435,0.647505217,0.621730185,1.000000000,12.786279596,10.734739430,10.739695706,0.627005806,0.663872062,0.978357534,0.517557311,0.584779501,0.731955445,0.707088546,0.798927728,1.000000000,0.381272359,0.607090911
435,436,0.672660768,0.632002387,1.000000000,11.510697018,10.859342677,12.428302376,0.634906946,0.689839665,0.979916545,0.542487562,0.615088832,0.800939561,0.677313981,0.767959110,1.000000000,0.443386891,0.572409014
436,437,0.775692912,0.642422991,1.000000000,12.358494328,11.067845667,14.450829998,0.645767917,0.792630750,0.979717236,0.534790142,0.681591249,0.766987193,0.697260850,0.888660535,1.000000000,0.448942263,0.647853062
437,438,0.629396831,0.524342169,1.000000000,11.281425798,10.190415332,10.579795648,0.525844009,0.645046700,0.982848291,0.426093865,0.561265663,0.744028105,0.572685173,0.754360836,1.000000000,0.396514266,0.567760674
438,439,0.905754947,0.653424516,1.000000000,11.749183180,11.819622053,15.161903071,0.658053611,0.921782789,0.979343063,0.533253220,0.776977258,0.728183273,0.686317668,1.000000000,0.937200240,0.464733200,0.733302996
439,440,0.845804493,0.587155909,1.000000000,13.404002129,10.760494379,12.891453932,0.582933749,0.871129154,0.978897499,0.450873773,0.741316884,0.795802623,0.566564824,0.931533602,1.000000000,0.435867461,0.346792595
440,441,0.816601574,0.616088009,1.000000000,12.802804192,10.040689464,14.226984608,0.619144138,0.831993865,0.981551580,0.500896385,0.680232980,0.808078584,0.619860982,0.841790629,1.000000000,0.457986029,0.590042271
441,442,0.913453971,0.596597929,1.000000000,14.598405735,12.012537342,15.895820735,0.595874527,0.932896733,0.981280640,0.494875659,0.816136643,0.759336136,0.606363730,1.000000000,0.930403190,0.460605110,0.495647383
442,443,0.786430301,0.543737489,1.000000000,14.191183281,10.025482717,15.714698408,0.541099142,0.806042160,0.983026488,0.428534409,0.623476726,0.794132415,0.539625887,0.785104239,1.000000000,0.424545818,0.521259811
443,444,0.864766172,0.591227092,1.000000000,14.441968202,10.316723600,15.051324159,0.585210024,0.891586236,0.979197004,0.475049551,0.686203948,0.817794073,0.580891408,0.839091369,1.000000000,0.454419122,0.622582050
444,445,0.885593598,0.634700558,1.000000000,13.166287423,10.554600705,18.875515250,0.632666127,0.910276757,0.977351272,0.520249649,0.702043493,0.832466307,0.624949796,0.843329619,1.000000000,0.446677362,0.539784265
445,446,0.783257103,0.504396551,1.000000000,11.763682359,10.516426427,16.124409243,0.501933987,0.799293139,0.986426528,0.418663155,0.635011615,0.801069373,0.522630335,0.792704896,1.000000000,0.389733389,0.274851522
446,447,0.841588621,0.621782408,1.000000000,12.554880779,11.402904233,19.745750952,0.622638728,0.849990667,0.990741634,0.503422634,0.654079776,0.755883041,0.666005991,0.865318760,1.000000000,0.432587820,0.618139397
447,448,0.864987169,0.546380409,1.000000000,13.181806567,11.205073177,19.112906598,0.547718940,0.876545473,0.987103165,0.488043437,0.668634998,0.817931506,0.596680081,0.817470648,1.000000000,0.446232175,0.469681765
448,449,0.840649291,0.530690632,1.000000000,9.356810989,7.978503540,16.442579746,0.519735521,0.864540612,0.987063791,0.452486832,0.639891360,0.804129123,0.562704196,0.795756976,1.000000000,0.420418451,0.391849202
449,450,0.955609199,0.689055444,1.000000000,12.748652103,10.761199983,18.939382824,0.655529040,0.999789728,0.989345874,0.558585977,0.759021928,0.743579291,0.735928642,1.000000000,0.979654558,0.446013232,0.642903439
450,451,1.000000000,0.727079138,0.861210738,11.663949941,9.723466133,22.175080454,0.687846901,1.050822417,0.849620558,0.574542314,0.736597823,0.635632133,0.779994587,1.000000000,0.862929692,0.374079675,0.754688356
451,452,1.000000000,0.825974977,0.988602151,13.505188814,9.802520449,23.222701207,0.773665662,1.069190314,0.971721152,0.661898545,0.747482259,0.704920632,0.885504020,1.000000000,0.943060018,0.376355702,0.706584034
452,453,1.000000000,0.814290438,0.928160569,14.461289792,9.049595017,23.901065430,0.691491369,1.133873653,0.917085986,0.593793513,0.803099270,0.650345257,0.739377478,1.000000000,0.809794356,0.350455034,0.708550737
453,454,0.951530184,0.771345048,1.000000000,12.882268931,8.420277272,24.462353205,0.570131758,1.164159702,0.988583772,0.487481858,0.783982935,0.780347968,0.621801618,1.000000000,0.995363461,0.369294192,0.459883536
454,455,0.853596953,0.637529174,1.000000000,12.241109177,8.454686017,20.832965380,0.491769875,1.011614797,0.987741454,0.419193938,0.691285019,0.773761841,0.541760934,0.893408001,1.000000000,0.325672899,0.428612354
455,456,0.652520369,0.550783644,1.000000000,10.540486810,6.838954723,18.696124233,0.364092971,0.849053333,0.990157710,0.305719128,0.558821343,0.779437127,0.392230646,0.716954997,1.000000000,0.236816998,0.316057547
456,457,0.642600726,0.669577407,1.000000000,11.977286643,6.872329292,19.167644695,0.390195422,0.932169917,0.989812794,0.338466492,0.588932254,0.799248943,0.423480687,0.736857094,1.000000000,0.254489301,0.331341687
457,458,0.548623168,0.742709142,1.000000000,13.127476978,6.728568166,20.354354108,0.372472296,0.923251194,0.995608820,0.320039087,0.582310297,0.813627526,0.393348402,0.715696407,1.000000000,0.222459019,0.284924807
458,459,0.499049706,0.752828324,1.000000000,11.809554295,6.683272692,21.836126279,0.321639345,0.936433097,0.993805589,0.274973154,0.579566439,0.787327327,0.349248838,0.736118790,1.000000000,0.209742843,0.280835328
459,460,0.438347459,0.710413643,1.000000000,12.541703702,6.525547390,21.035184838,0.288701476,0.863918207,0.996141418,0.238076419,0.535226453,0.826384081,0.288094150,0.647672753,1.000000000,0.175961327,0.219352661
460,461,0.485646446,0.737983613,1.000000000,12.436621798,7.420188054,25.217904632,0.284175890,0.943195934,0.996258236,0.232843358,0.551275169,0.831745729,0.279945360,0.662792906,1.000000000,0.177873880,0.209458779
461,462,0.440845731,0.833242332,1.000000000,13.965872455,8.545669346,22.719375468,0.287043904,0.989567993,0.997476166,0.232142029,0.592735916,0.772610324,0.300464570,0.767186119,1.000000000,0.175342838,0.247238442
462,463,0.452840842,1.000000000,0.958566612,14.761130541,9.227395076,24.525933623,0.321816292,1.133483680,0.956107482,0.263663066,0.710480918,0.724523224,0.363912511,0.980618556,1.000000000,0.204399972,0.280672694
463,464,0.397086110,0.803879847,1.000000000,12.714194397,8.278213325,23.951400026,0.264781899,0.938465681,0.997718376,0.209281494,0.571806346,0.783047046,0.267265543,0.730232428,1.000000000,0.169916407,0.216005761
464,465,0.390706580,0.842032359,1.000000000,12.227193289,8.792195346,22.843994728,0.269962958,0.964818030,0.997957951,0.211012880,0.571406076,0.785665793,0.268578424,0.727288984,1.000000000,0.166058040,0.235007307
465,466,0.379317196,0.943351334,1.000000000,14.174800932,8.351171323,23.332736642,0.297458127,1.027582971,0.997627433,0.222205409,0.603775740,0.814190838,0.272915635,0.741565383,1.000000000,0.164832751,0.242956876
466,467,0.410451556,0.963716547,1.000000000,14.708778038,9.997524153,24.352942442,0.307285685,1.067993887,0.998888530,0.230999231,0.631307488,0.816493240,0.282916281,0.773193772,1.000000000,0.179520267,0.248958239
467,468,0.433937429,1.000000000,0.895745426,14.240157293,9.555071334,26.472681872,0.360501614,1.077508744,0.891672497,0.253774810,0.598090798,0.721937260,0.351519203,0.828452598,1.000000000,0.190908970,0.310345924
468,469,0.440310688,1.000000000,0.980463111,15.065714802,10.669350360,26.970761105,0.354316163,1.087514041,0.978943595,0.272312000,0.661124249,0.756292757,0.360061627,0.874164460,1.000000000,0.203058771,0.310830938
469,470,0.438275498,0.983528413,0.871254367,14.500134760,10.408670858,30.000000000,0.317366426,1.107205178,0.868486674,0.260573146,0.647724726,0.696401838,0.374170675,0.930101977,1.000000000,0.202432165,0.295237928
470,471,0.446018875,1.000000000,0.759346961,14.484165280,11.949004821,28.056149122,0.333348685,1.115307767,0.756709383,0.251657803,0.648148217,0.573144222,0.388271998,1.000000000,0.884279563,0.190221234,0.363997561
471,472,0.464713427,1.000000000,0.704061454,13.656378592,13.089285543,22.444475067,0.406783833,1.060908726,0.701082321,0.331829954,0.599813313,0.502920218,0.553222055,1.000000000,0.838461245,0.226487538,0.551419937
472,473,0.472132514,1.000000000,0.862961065,16.816336025,12.538242019,22.865385768,0.414294511,1.058061243,0.862737826,0.346501869,0.598702055,0.606949487,0.570890784,0.986411666,1.000000000,0.261738974,0.463076638
473,474,0.482619032,1.000000000,0.848421920,15.471214043,15.966842653,20.376631411,0.450114599,1.038367188,0.842559165,0.354677748,0.531878062,0.603113065,0.588078371,0.881887814,1.000000000,0.256342804,0.485977356
474,475,0.493484121,0.972307736,1.000000000,17.622112435,17.462481377,21.440097045,0.488627759,0.979417890,0.997746209,0.379533876,0.526902865,0.708522819,0.535669234,0.743663932,1.000000000,0.279644490,0.443570251
475,476,0.503076016,0.990788811,1.000000000,18.163711161,16.269043715,21.674727365,0.506900687,0.987528242,0.999435898,0.408938031,0.552634632,0.732700134,0.558124684,0.754243934,1.000000000,0.306910647,0.448134660
476,477,0.532905302,1.000000000,0.759002039,16.807771726,15.403487904,20.087321367,0.531653252,0.999202494,0.761051595,0.433882074,0.533571205,0.535520932,0.810205631,0.996359196,1.000000000,0.277357559,0.661557652
477,478,0.552381833,1.000000000,0.649917216,15.156467981,14.732940600,19.758358408,0.548748047,1.000169727,0.653381275,0.432540197,0.535270230,0.477496095,0.808078187,1.000000000,0.892065481,0.244450853,0.713894595
478,479,0.635413592,1.000000000,0.717224298,14.924736055,13.761722138,20.746041634,0.635397666,1.001240026,0.716000197,0.501786198,0.496575686,0.511001884,0.981965456,0.971768796,1.000000000,0.278580071,0.732224633
479,480,0.648492532,1.000000000,0.913693313,16.968301828,13.194432000,18.092189899,0.648015775,1.001978848,0.912191222,0.512443298,0.528700600,0.609683050,0.840507700,0.867172869,1.000000000,0.312076955,0.664217652
480,481,0.604486442,1.000000000,0.982561306,16.837092873,12.555635774,16.682930046,0.605193454,1.001403069,0.980451226,0.467959024,0.560983261,0.651689106,0.718070964,0.860814238,1.000000000,0.293443925,0.582582659
481,482,0.560161547,1.000000000,0.936335165,15.610159291,11.484613740,17.670482008,0.561940015,0.999231049,0.935325648,0.428715134,0.520143002,0.642270210,0.667499640,0.809850735,1.000000000,0.269653258,0.569511505
482,483,0.606996417,1.000000000,0.781190559,14.377775595,10.046206077,15.039641202,0.607924580,0.998378167,0.781884229,0.446007334,0.555626350,0.533646954,0.802710911,1.000000000,0.960442129,0.251604233,0.685642032
483,484,0.586542234,1.000000000,0.633117475,13.106861198,9.072644097,18.588764426,0.585729520,0.997516264,0.636413925,0.444375447,0.527864642,0.440904094,0.841835978,1.000000000,0.835259759,0.209294101,0.739247053
484,485,0.571913972,1.000000000,0.910149964,15.181654221,10.130357481,16.193250566,0.568249756,0.998669735,0.915144445,0.401558442,0.563998368,0.657200133,0.611013939,0.858183588,1.000000000,0.256204214,0.534701567
485,486,0.507782822,1.000000000,0.727821651,13.137540459,8.354460756,15.897559295,0.503575145,0.999298442,0.732730886,0.353570140,0.571985296,0.517110959,0.618145506,1.000000000,0.904063379,0.196965150,0.596587313
486,487,0.470856365,1.000000000,0.616594988,15.529335996,9.332827013,16.001647023,0.467524005,1.001406888,0.618520460,0.326668083,0.537206570,0.442668640,0.608086538,1.000000000,0.824019409,0.189315723,0.604827964
487,488,0.564275721,1.000000000,0.805496561,13.721756560,10.388699617,17.152335030,0.550187336,1.010803657,0.808781289,0.413911763,0.525950803,0.569714569,0.726524801,0.923182997,1.000000000,0.236026948,0.602495212
488,489,0.537355073,1.000000000,0.991075622,17.183078628,10.630906688,16.068622578,0.541882522,0.993156010,0.993392163,0.399995700,0.546153890,0.665101038,0.601405917,0.821159280,1.000000000,0.242226305,0.517160800
489,490,0.572400397,1.000000000,0.718207605,16.842019638,10.754127051,16.794208523,0.577667394,0.993561486,0.719379123,0.425342222,0.530587731,0.512181003,0.801643531,1.000000000,0.965308794,0.220170590,0.676667207
490,491,0.487692614,1.000000000,0.723054815,18.170857514,12.122910106,16.953240891,0.500537655,0.985495805,0.724713968,0.371936660,0.557085469,0.507851051,0.667647392,1.000000000,0.911621430,0.227397746,0.587892119
491,492,0.439274612,1.000000000,0.672684318,16.426455203,9.740448916,17.497598755,0.455333640,0.983998755,0.672626535,0.319016356,0.596238227,0.505547741,0.535048479,1.000000000,0.847895554,0.204635285,0.503093249
492,493,0.509356255,1.000000000,0.926927506,16.782697238,11.454046424,16.261653290,0.522151624,0.987816022,0.926316116,0.385742066,0.599076962,0.670542846,0.575268334,0.893420853,1.000000000,0.270107973,0.459803704
493,494,0.530431518,1.000000000,0.675480940,14.208192265,11.202322133,17.475255195,0.537987096,0.992118274,0.675807087,0.389480426,0.596830846,0.494681030,0.652580925,1.000000000,0.828846286,0.223845179,0.651290324
494,495,0.573300358,1.000000000,0.741630406,14.750856693,11.704404709,18.351409258,0.591659122,0.982205449,0.741066193,0.443955971,0.603739947,0.555231076,0.735343046,1.000000000,0.919652707,0.256561935,0.649405775
495,496,0.609295828,1.000000000,0.822091092,14.759116208,12.865715694,21.274979829,0.630590051,0.979683184,0.821113685,0.509022934,0.571784288,0.572079863,0.889776004,0.999483333,1.000000000,0.249966850,0.698617274
496,497,0.650862444,1.000000000,0.894841906,13.965169816,12.341134578,17.144828777,0.667816806,0.984413455,0.893474089,0.530770766,0.680858776,0.620062324,0.779560732,1.000000000,0.910706222,0.279764898,0.688278073
497,498,0.590616149,1.000000000,0.882361411,14.698464524,11.983323906,16.686132075,0.604494131,0.985120322,0.883363107,0.458450107,0.640898070,0.660817083,0.693762493,0.969856995,1.000000000,0.281541913,0.602518397
498,499,0.617889401,1.000000000,0.796224966,12.885643459,10.309662860,15.434368779,0.627657486,0.989416603,0.797040278,0.463253225,0.667592233,0.563280971,0.693916439,1.000000000,0.843750036,0.252467127,0.685922059
499,500,0.645409963,1.000000000,0.901407737,14.903522075,9.891247210,16.963376512,0.659745799,0.988419339,0.898652562,0.543843273,0.619015373,0.632898427,0.859289975,0.978064326,1.000000000,0.290981865,0.680282774
500,501,0.584831118,1.000000000,0.768299250,14.495923688,8.688147112,15.602434260,0.594326273,0.990817967,0.767986126,0.467511635,0.600449571,0.536606087,0.778602664,1.000000000,0.893673862,0.241943479,0.680042669
501,502,0.513874484,1.000000000,0.739699268,18.139380180,7.636160593,18.942708784,0.519264432,0.995438359,0.738870961,0.410156861,0.591936246,0.481277928,0.692907156,1.000000000,0.813057034,0.210485524,0.655852739
502,503,0.468428835,1.000000000,0.655406623,15.191586449,6.401760428,13.731350454,0.460543597,1.007575193,0.655716668,0.394633268,0.653371937,0.401836525,0.603994823,1.000000000,0.615019566,0.263172703,0.694106553
503,504,0.465460340,1.000000000,0.993510324,17.066881462,6.529055304,13.322046799,0.478872402,0.986688138,0.993410123,0.351538003,0.586673713,0.727810697,0.483007470,0.806080091,1.000000000,0.218272992,0.409994232
504,505,0.400910782,0.935331690,1.000000000,17.751429312,7.000360528,11.237641786,0.408343086,0.930587830,0.997311557,0.296236195,0.542366170,0.722443570,0.410047521,0.750738455,1.000000000,0.190541329,0.325370783
505,506,0.374928706,0.869784197,1.000000000,15.503487766,7.263558211,11.232577676,0.377119915,0.869692964,0.997900025,0.259352300,0.501111629,0.777216455,0.333693784,0.644751698,1.000000000,0.186807254,0.281843278
506,507,0.481042459,0.933271193,1.000000000,17.450728427,8.260674225,13.582255731,0.488253435,0.926320069,0.999740148,0.355784316,0.530580575,0.786880120,0.452145514,0.674283872,1.000000000,0.247970862,0.375689443
507,508,0.413075738,0.782033982,1.000000000,14.669331170,8.112063860,12.083785296,0.414552329,0.785557245,0.995000146,0.282370934,0.445212066,0.771677343,0.365918394,0.576940699,1.000000000,0.219771406,0.289112468
508,509,0.454660867,0.833270784,1.000000000,14.000714132,8.324242299,12.009057173,0.458888371,0.830707183,0.998336098,0.333269897,0.479332172,0.789762880,0.421987289,0.606931757,1.000000000,0.258729231,0.316823247
509,510,0.619524032,0.998203966,1.000000000,16.140814528,9.872206192,17.397748670,0.616841587,1.000282353,1.000604059,0.442475494,0.504076104,0.767001285,0.576890160,0.657203728,1.000000000,0.301088708,0.490768527
510,511,0.609084522,1.000000000,0.554951555,12.992112296,9.278709547,16.625988532,0.614239038,0.994350718,0.555446321,0.421636409,0.510030559,0.421147096,0.826688522,1.000000000,0.825729141,0.169569180,0.771221395
511,512,0.553029206,1.000000000,0.911062854,14.848281453,9.411716445,15.789636217,0.554064276,1.001212563,0.908815220,0.413688322,0.556539291,0.668691760,0.618653236,0.832280766,1.000000000,0.266664673,0.547940664
512,513,0.477588827,0.943000077,1.000000000,16.934416494,8.860217717,14.522825988,0.477704755,0.944494308,0.998389840,0.344917297,0.548553304,0.731367349,0.471606092,0.750038000,1.000000000,0.225820077,0.454637531
513,514,0.483473072,1.000000000,0.972868347,17.923311395,8.335164296,17.372500851,0.486950631,0.999250994,0.970139793,0.349670848,0.611521557,0.682383420,0.512425768,0.896155356,1.000000000,0.214574705,0.480119722
514,515,0.573792565,1.000000000,0.788618832,17.188827089,11.373614725,21.600196152,0.577836832,0.998893028,0.785681537,0.441970805,0.587896168,0.591117031,0.747687483,0.994551226,1.000000000,0.276002766,0.605915729
515,516,0.593402621,1.000000000,0.789391824,16.975162718,11.529243536,21.390466191,0.596174109,1.000919645,0.785700691,0.451967392,0.598087305,0.606711427,0.744946232,0.985785463,1.000000000,0.284039561,0.597893455
