from_kf,to_kf,measurement_translation_m,measurement_yaw_deg,before_translation_m,before_yaw_deg,after_translation_m,after_yaw_deg,deformation_local_x,deformation_local_y,deformation_local_z,deformation_translation_m,deformation_rotation_deg,deformation_yaw_deg,correction_gradient_world_x,correction_gradient_world_y,correction_gradient_world_z,correction_gradient_world_norm,after_measurement_error_translation_m,after_measurement_error_rotation_deg
0,1,0.519655019,2.869457247,0.519655019,2.869457247,0.519654960,2.869413738,-0.000000034,-0.000005885,-0.000000024,0.000005885,0.000280367,-0.000043509,0.000000261,-0.000005880,-0.000000002,0.000005885,0.000005885,0.000280367
1,2,0.515061951,1.058434536,0.515061951,1.058434536,0.515052146,1.057250548,-0.000008369,-0.000095557,0.000007607,0.000096224,0.005014379,-0.001183988,-0.000001648,-0.000096211,0.000008104,0.000096566,0.000096224,0.005014379
2,3,0.519580177,1.793719204,0.519580177,1.793719204,0.519377913,1.771407590,-0.000224049,-0.001889186,-0.000161219,0.001909244,0.103552033,-0.022311615,-0.000034382,-0.001913216,-0.000151328,0.001919499,0.001909244,0.103552033
3,4,0.551450566,1.749864219,0.551450566,1.749864219,0.553653670,1.956132893,0.000996253,-0.028909882,0.003922648,0.029191796,0.227713850,0.206268675,0.004802710,-0.028717663,0.004082132,0.029401258,0.029191796,0.227713850
4,5,0.531613678,0.049528919,0.531613678,0.049528919,0.530044058,0.514866764,-0.002476110,-0.039651323,0.004518676,0.039984709,0.465425382,0.465337844,0.002674705,-0.037916770,0.004795152,0.038312256,0.039984709,0.465425382
5,6,0.511812415,-2.638851632,0.511812415,-2.638851632,0.512902375,-2.019327633,-0.001498154,-0.038503754,0.004398666,0.038783138,0.622906669,0.619523998,0.001860439,-0.032654913,0.004773067,0.033054300,0.038783138,0.622906669
6,7,0.545293218,1.983195886,0.545293218,1.983195886,0.545027733,2.005880107,-0.000312481,0.001131980,0.003699891,0.003881780,0.076983202,0.022684221,-0.002045739,0.013044580,0.003577278,0.013680023,0.003881780,0.076983202
7,8,0.501931922,1.467020908,0.501931922,1.467020908,0.501412845,1.472406849,-0.000646813,-0.000112854,0.004003192,0.004056680,0.005823115,0.005385940,-0.002398373,0.010948141,0.004017998,0.011906229,0.004056680,0.005823115
8,9,0.510144808,-3.758474702,0.510144808,-3.758474702,0.509860052,-3.745328551,-0.000418636,-0.000326239,0.003389483,0.003430784,0.013151533,0.013146151,-0.001095133,0.011149396,0.003409639,0.011710422,0.003430784,0.013151533
9,10,0.570403716,-0.392736987,0.570403716,-0.392736987,0.569986472,-0.378660824,-0.000527292,-0.000395675,0.003256725,0.003322778,0.014115203,0.014076163,-0.001132447,0.012566108,0.003283664,0.013037329,0.003322778,0.014115203
10,11,0.505511760,-2.087964675,0.505511760,-2.087964675,0.505222278,-2.077570202,-0.000367464,-0.000367683,0.003349348,0.003389448,0.010408955,0.010394473,-0.000662596,0.011288627,0.003374032,0.011800687,0.003389448,0.010408955
11,12,0.503334103,2.278311920,0.503334103,2.278311920,0.503109078,2.299627769,-0.000287899,-0.000564255,0.003229040,0.003290588,0.021337646,0.021315849,-0.001019658,0.011096225,0.003248888,0.011606945,0.003290588,0.021337646
12,13,0.563222625,-1.755751294,0.563222625,-1.755751294,0.562917470,-1.736926492,-0.000369407,-0.000458206,0.003246706,0.003299624,0.018854568,0.018824802,-0.001159066,0.012809405,0.003275654,0.013272309,0.003299624,0.018854568
13,14,0.561862991,-4.896322000,0.561862991,-4.896322000,0.561554438,-4.883055927,-0.000377578,-0.000441155,0.003350624,0.003400569,0.013350646,0.013266073,0.000254480,0.013005686,0.003377786,0.013439571,0.003400569,0.013350646
14,15,0.285462345,-5.418917295,0.285462345,-5.418917295,0.285119732,-5.409154170,-0.000336708,-0.000374606,0.003965647,0.003997506,0.009947461,0.009763125,0.001301629,0.006343864,0.003972601,0.007597395,0.003997506,0.009947461
15,16,0.544151710,3.127061711,0.544151710,3.127061711,0.543956359,3.145048471,-0.000316616,-0.000555012,0.003272442,0.003334240,0.017994152,0.017986759,0.000419646,0.012680665,0.003292555,0.013107871,0.003334240,0.017994152
16,17,0.597612835,2.815386628,0.597612835,2.815386628,0.597535651,2.833843546,-0.000138306,-0.000677669,0.003238829,0.003311854,0.018473560,0.018456918,0.000344963,0.014061732,0.003257679,0.014438274,0.003311854,0.018473560
17,18,0.526533247,2.726143903,0.526533247,2.726143903,0.526291851,2.742886868,-0.000296795,-0.000721700,0.003229017,0.003321970,0.016749013,0.016742965,-0.000753695,0.012500053,0.003272716,0.012943340,0.003321970,0.016749013
18,19,0.518882367,-1.142362971,0.518882367,-1.142362971,0.518724956,-1.127401866,-0.000148261,-0.000504961,0.003243222,0.003285644,0.014975863,0.014961105,0.000189080,0.012614689,0.003264801,0.013031694,0.003285644,0.014975863
19,20,0.512288666,3.811606950,0.512288666,3.811606950,0.512162139,3.825294373,-0.000198013,-0.000482732,0.003396755,0.003436595,0.013708059,0.013687424,-0.001229941,0.012506762,0.003415278,0.013022902,0.003436595,0.013708059
20,21,0.568524578,3.213137938,0.568524578,3.213137938,0.568275408,3.225304066,-0.000285716,-0.000416818,0.003442692,0.003479583,0.012173633,0.012166128,-0.002127705,0.014030302,0.003459679,0.014606365,0.003479583,0.012173633
21,22,0.550267246,3.183468465,0.550267246,3.183468465,0.550147269,3.197697733,-0.000253591,-0.000491777,0.003393713,0.003438523,0.014243296,0.014229268,-0.002657552,0.013488707,0.003409266,0.014164424,0.003438523,0.014243296
22,23,0.536303596,2.654108676,0.536303596,2.654108676,0.536022882,2.665508957,-0.000341058,-0.000326102,0.004279256,0.004305194,0.011414746,0.011400281,-0.003506289,0.013222287,0.004297445,0.014338444,0.004305194,0.011414746
23,24,0.583131742,2.751350121,0.583131742,2.751350121,0.582936674,2.763219435,-0.000243654,-0.000383110,0.003489220,0.003518636,0.011946702,0.011869313,-0.004351485,0.014357241,0.003504766,0.015406141,0.003518636,0.011946702
24,25,0.609160231,-4.075816407,0.609160231,-4.075816407,0.608936256,-4.066107390,-0.000335092,-0.000364049,0.004323098,0.004351321,0.009740417,0.009709017,-0.003308902,0.015469047,0.004351024,0.016406451,0.004351321,0.009740417
25,26,0.545878193,-2.067260331,0.545878193,-2.067260331,0.545525583,-2.056746902,-0.000431289,-0.000244234,0.003890950,0.003922391,0.010514958,0.010513428,-0.002261985,0.014176279,0.003915687,0.014880056,0.003922391,0.010514958
26,27,0.527136589,-1.570127513,0.527136589,-1.570127513,0.526649585,-1.560090309,-0.000596514,-0.000237165,0.003613972,0.003670541,0.010046474,0.010037204,-0.002419664,0.013757858,0.003646249,0.014437055,0.003670541,0.010046474
27,28,0.553810081,-1.106781535,0.553810081,-1.106781535,0.553479320,-1.097558433,-0.000352664,-0.000339440,0.003265189,0.003301674,0.009326515,0.009223102,-0.002023355,0.014557301,0.003287739,0.015060485,0.003301674,0.009326515
28,29,0.517536340,0.380747752,0.517536340,0.380747752,0.517023019,0.389669249,-0.000513447,-0.000259675,0.003445194,0.003492910,0.008956543,0.008921497,-0.002201263,0.013706942,0.003471313,0.014309991,0.003492910,0.008956543
29,30,0.561163010,1.825287172,0.561163010,1.825287172,0.560481611,1.834055841,-0.000776076,-0.000071704,0.004996405,0.005056827,0.008850087,0.008768669,-0.003220142,0.014983516,0.005036443,0.016131981,0.005056827,0.008850087
30,31,0.555612846,1.995035368,0.555612846,1.995035368,0.555063337,2.001887016,-0.000638944,-0.000034643,0.003673031,0.003728351,0.006869141,0.006851648,-0.003357654,0.014874754,0.003697604,0.015690902,0.003728351,0.006869141
31,32,0.568690243,-1.590307720,0.568690243,-1.590307720,0.568325373,-1.582750323,-0.000496456,-0.000102744,0.003246963,0.003286304,0.007579907,0.007557397,-0.003090525,0.015361609,0.003275835,0.016008169,0.003286304,0.007579907
32,33,0.575823189,0.013810392,0.575823189,0.013810392,0.575265983,0.020221969,-0.000623663,-0.000144927,0.003692956,0.003748051,0.006604408,0.006411577,-0.002592207,0.015692951,0.003732606,0.016337705,0.003748051,0.006604408
33,34,0.282561301,-6.660340085,0.282561301,-6.660340085,0.282285401,-6.650496951,-0.000420912,-0.000225042,0.003231304,0.003266364,0.009965730,0.009843134,0.000134515,0.007638451,0.003244761,0.008300151,0.003266364,0.009965730
34,35,0.728520669,2.934770016,0.728520669,2.934770016,0.728077523,2.943996400,-0.000500855,-0.000172009,0.003251569,0.003294411,0.009277857,0.009226384,-0.002646998,0.020194641,0.003302298,0.020633354,0.003294411,0.009277857
35,36,0.589594955,3.103746640,0.589594955,3.103746640,0.589082671,3.111233490,-0.000544943,-0.000097766,0.003518082,0.003561379,0.007487333,0.007486850,-0.003012264,0.016330445,0.003554375,0.016982071,0.003561379,0.007487333
36,37,0.583731952,-2.036385387,0.583731952,-2.036385387,0.583222010,-2.029484694,-0.000646022,0.000004376,0.003888114,0.003941420,0.006928523,0.006900692,-0.002174919,0.016452622,0.003926156,0.017053848,0.003941420,0.006928523
37,38,0.567508625,1.325485685,0.567508625,1.325485685,0.566739864,1.331183086,-0.000814479,-0.000073903,0.003599078,0.003690827,0.005839452,0.005697401,-0.003047126,0.015840329,0.003636653,0.016535605,0.003690827,0.005839452
38,39,0.564710930,2.179853581,0.564710930,2.179853581,0.563949494,2.184320242,-0.000798266,-0.000053989,0.004010718,0.004089743,0.004571936,0.004466661,-0.003467814,0.015753080,0.004048851,0.016630649,0.004089743,0.004571936
39,40,0.714714842,2.517150314,0.714714842,2.517150314,0.714042909,2.525180811,-0.000785781,-0.000017128,0.003307906,0.003399998,0.008067717,0.008030496,-0.005388288,0.019802065,0.003355226,0.020794542,0.003399998,0.008067717
40,41,0.569338185,2.043152111,0.569338185,2.043152111,0.568435340,2.052187412,-0.000953578,-0.000084531,0.003283727,0.003420427,0.009170884,0.009035301,-0.004978994,0.015616465,0.003331297,0.016726084,0.003420427,0.009170884
41,42,0.577097605,-5.556750100,0.577097605,-5.556750100,0.576305666,-5.547395322,-0.000866458,-0.000368510,0.003279675,0.003412157,0.009420842,0.009354778,-0.003081518,0.016147334,0.003329332,0.016772496,0.003412157,0.009420842
42,43,0.270679072,-6.320259551,0.270679072,-6.320259551,0.270017689,-6.309764903,-0.000839202,-0.000270857,0.003263440,0.003380482,0.010585133,0.010494648,-0.000170669,0.007610201,0.003299037,0.008296260,0.003380482,0.010585133
43,44,0.569114706,0.946855463,0.569114706,0.946855463,0.568374786,0.952338275,-0.000752118,-0.000184778,0.003494682,0.003579473,0.005514262,0.005482811,-0.001966238,0.016490087,0.003543510,0.016980740,0.003579473,0.005514262
44,45,0.540629524,3.198110217,0.540629524,3.198110217,0.539809510,3.206958797,-0.000810920,-0.000207793,0.004085129,0.004170018,0.008845335,0.008848580,-0.003032201,0.015548162,0.004110724,0.016365745,0.004170018,0.008845335
45,46,0.568951191,-4.159327569,0.568951191,-4.159327569,0.568474705,-4.150378253,-0.000571955,-0.000348111,0.003258127,0.003326215,0.008988994,0.008949316,-0.000838223,0.016548719,0.003297903,0.016894936,0.003326215,0.008988994
46,47,0.574503137,2.839660976,0.574503137,2.839660976,0.573820524,2.849780705,-0.000721780,-0.000262501,0.003271584,0.003360526,0.010131278,0.010119729,-0.002095359,0.016731141,0.003320920,0.017185754,0.003360526,0.010131278
47,48,0.583193819,2.831136843,0.583193819,2.831136843,0.582392491,2.841170181,-0.000877136,-0.000251015,0.003536221,0.003652018,0.010124584,0.010033338,-0.003805794,0.016880686,0.003582361,0.017671303,0.003652018,0.010124584
48,49,0.430309853,-5.534418306,0.430309853,-5.534418306,0.429479898,-5.528594215,-0.000923594,-0.000102102,0.004784156,0.004873561,0.006186311,0.005824091,-0.000483961,0.012844515,0.004821970,0.013728335,0.004873561,0.006186311
49,50,0.561288575,0.913768899,0.561288575,0.913768899,0.560973496,0.925937857,-0.000411867,-0.000224663,0.003241027,0.003274807,0.012321969,0.012168958,-0.001607447,0.016689121,0.003268135,0.017081901,0.003274807,0.012321969
50,51,0.565524014,2.381266130,0.565524014,2.381266130,0.565115865,2.390061825,-0.000421791,-0.000230210,0.003248028,0.003283381,0.008800758,0.008795695,-0.002512256,0.016854208,0.003280041,0.017353226,0.003283381,0.008800758
51,52,0.547908860,-1.301534365,0.547908860,-1.301534365,0.547539350,-1.290810434,-0.000332173,-0.000257517,0.003244140,0.003271253,0.010724892,0.010723931,-0.001191097,0.016511371,0.003272362,0.016874609,0.003271253,0.010724892
52,53,0.535108709,-3.488864955,0.535108709,-3.488864955,0.534925126,-3.480654240,-0.000272252,-0.000202068,0.003237256,0.003254962,0.008220480,0.008210714,-0.000040354,0.016303170,0.003260592,0.016626078,0.003254962,0.008220480
53,54,0.568916906,2.804326585,0.568916906,2.804326585,0.568646758,2.814493327,-0.000368351,-0.000191458,0.003229973,0.003256542,0.010175402,0.010166743,-0.001661217,0.017351593,0.003259728,0.017733112,0.003256542,0.010175402
54,55,0.571014432,2.879787244,0.571014432,2.879787244,0.570872612,2.891958751,-0.000187443,-0.000367943,0.003246931,0.003273084,0.012212533,0.012171507,-0.002402523,0.017246131,0.003274683,0.017717920,0.003273084,0.012212533
55,56,0.553420079,-2.124476724,0.553420079,-2.124476724,0.553232579,-2.114856212,-0.000242062,-0.000240976,0.003247023,0.003264938,0.009632623,0.009620512,-0.002005333,0.016999659,0.003274735,0.017427956,0.003264938,0.009632623
56,57,0.563401805,2.418139767,0.563401805,2.418139767,0.563211954,2.427721734,-0.000268835,-0.000272526,0.003240361,0.003262895,0.009587489,0.009581966,-0.002335317,0.017329858,0.003266417,0.017788962,0.003262895,0.009587489
57,58,0.563331402,1.894335398,0.563331402,1.894335398,0.563187701,1.903130438,-0.000183476,-0.000307898,0.003244174,0.003263913,0.008842976,0.008795039,-0.003162454,0.017268343,0.003272022,0.017857853,0.003263913,0.008842976
58,59,0.592780088,-4.178863111,0.592780088,-4.178863111,0.592514622,-4.167189538,-0.000344112,-0.000272567,0.003240272,0.003269873,0.011674173,0.011673574,-0.001324284,0.018584561,0.003273657,0.018917094,0.003269873,0.011674173
59,60,0.600845812,-0.536436932,0.600845812,-0.536436932,0.600564174,-0.526086825,-0.000365552,-0.000203516,0.003228746,0.003255741,0.010416537,0.010350107,-0.001757988,0.018981751,0.003260097,0.019339742,0.003255741,0.010416537
60,61,0.570957258,2.409469750,0.570957258,2.409469750,0.570680872,2.418989513,-0.000287036,-0.000175841,0.003257330,0.003274677,0.009527632,0.009519762,-0.002543271,0.018037513,0.003289192,0.018510508,0.003274677,0.009527632
61,62,0.744800843,0.876512665,0.744800843,0.876512665,0.744602501,0.887737469,-0.000281644,-0.000252238,0.003240787,0.003262767,0.011244882,0.011224805,-0.003390718,0.023638253,0.003279040,0.024104275,0.003262767,0.011244882
62,63,0.567936123,-2.177928192,0.567936123,-2.177928191,0.567559389,-2.162421286,-0.000393766,-0.000380317,0.003266702,0.003312255,0.015510175,0.015506905,-0.002018440,0.017999331,0.003298917,0.018410129,0.003312255,0.015510175
63,64,0.590025977,1.686767552,0.590025977,1.686767552,0.589725973,1.694303437,-0.000402354,-0.000271290,0.003269561,0.003305376,0.007538979,0.007535885,-0.003198504,0.018850384,0.003304866,0.019403338,0.003305376,0.007538979
64,65,0.557272954,3.047366174,0.557272954,3.047366174,0.556825536,3.055768230,-0.000438009,-0.000314718,0.003269106,0.003313299,0.008604653,0.008402056,-0.003562775,0.017722310,0.003305173,0.018376556,0.003313299,0.008604653
65,66,0.449746387,-6.570492868,0.449746387,-6.570492868,0.449619010,-6.563381354,-0.000330133,-0.000188265,0.003234456,0.003256707,0.007251459,0.007111514,-0.000426975,0.014729050,0.003258263,0.015091173,0.003256707,0.007251459
66,67,0.565996677,2.878718634,0.565996677,2.878718634,0.565722000,2.883624482,-0.000309962,-0.000397228,0.003289369,0.003327734,0.004933192,0.004905848,-0.002718691,0.018289792,0.003330792,0.018788346,0.003327734,0.004933192
67,68,0.584297161,0.722706183,0.584297161,0.722706183,0.584145147,0.726666832,-0.000210650,-0.000138392,0.003245239,0.003255012,0.004057706,0.003960649,-0.002485437,0.019217374,0.003272844,0.019651880,0.003255012,0.004057706
68,69,0.585405845,-2.468130011,0.585405845,-2.468130011,0.585259952,-2.462834532,-0.000188963,-0.000218661,0.003393407,0.003405691,0.005340563,0.005295479,-0.001532389,0.019302819,0.003422411,0.019663671,0.003405691,0.005340563
69,70,0.569031071,1.890891212,0.569031071,1.890891212,0.568937553,1.899171624,-0.000204152,-0.000457625,0.003354491,0.003391712,0.008286115,0.008280411,-0.002711555,0.018452257,0.003387075,0.018955490,0.003391712,0.008286115
70,71,0.570264424,-1.524638791,0.570264424,-1.524638791,0.570133023,-1.520371311,-0.000189489,-0.000314422,0.003408889,0.003428599,0.004287783,0.004267481,-0.001418390,0.018826671,0.003435502,0.019190051,0.003428599,0.004287783
71,72,0.582372467,1.632991978,0.582372467,1.632991978,0.582009984,1.641144411,-0.000400282,-0.000365825,0.003456255,0.003498535,0.008191308,0.008152433,-0.002446995,0.019082184,0.003496099,0.019553522,0.003498535,0.008191308
72,73,0.585028403,-2.730921656,0.585028403,-2.730921656,0.584654313,-2.726133702,-0.000414519,-0.000269906,0.003282113,0.003319177,0.004826359,0.004787955,-0.001683324,0.019455434,0.003310529,0.019806743,0.003319177,0.004826359
73,74,0.599741112,-0.997799072,0.599741112,-0.997799072,0.599521986,-0.986389119,-0.000317541,-0.000299838,0.003268385,0.003297435,0.011432997,0.011409953,-0.001393156,0.020039512,0.003305121,0.020357965,0.003297435,0.011432997
74,75,0.608773997,2.406467588,0.608773997,2.406467588,0.608600582,2.424489929,-0.000214020,-0.000507349,0.003259919,0.003306097,0.018091322,0.018022340,-0.002052618,0.020199428,0.003290370,0.020568341,0.003306097,0.018091322
75,76,0.758326177,-2.647895496,0.758326177,-2.647895496,0.757987852,-2.640921099,-0.000424561,-0.000232850,0.003264767,0.003300481,0.006985623,0.006974397,-0.001238725,0.025892658,0.003317399,0.026133681,0.003300481,0.006985623
76,77,0.594857028,2.469241326,0.594857028,2.469241326,0.594487657,2.474142889,-0.000342466,-0.000142454,0.003259897,0.003280931,0.004919820,0.004901564,-0.002421633,0.020306713,0.003294860,0.020714318,0.003280931,0.004919820
77,78,0.598901560,2.482885827,0.598901560,2.482885827,0.598616167,2.494422792,-0.000333169,-0.000202794,0.003279467,0.003302580,0.011541443,0.011536965,-0.003117667,0.020357730,0.003315784,0.020860283,0.003302580,0.011541443
78,79,0.581992515,2.029792800,0.581992515,2.029792800,0.581918157,2.040871949,-0.000165856,-0.000242122,0.003254378,0.003267584,0.011084889,0.011079150,-0.003562867,0.019774888,0.003281345,0.020359456,0.003267584,0.011084889
79,80,0.610342197,2.039664678,0.610342197,2.039664678,0.610282832,2.049298397,-0.000119299,-0.000219929,0.003249359,0.003258977,0.009667978,0.009633719,-0.004841449,0.020645946,0.003275719,0.021457517,0.003258977,0.009667978
80,81,0.607065443,2.264614898,0.607065443,2.264614898,0.606870431,2.273072517,-0.000323705,-0.000183136,0.003270255,0.003291336,0.008531558,0.008457619,-0.005493911,0.020481674,0.003305572,0.021461800,0.003291336,0.008531558
81,82,0.597979756,-6.735071500,0.597979756,-6.735071500,0.597717013,-6.723693140,-0.000276277,-0.000226561,0.003263954,0.003283451,0.011390048,0.011378360,-0.002624028,0.020766198,0.003290909,0.021188454,0.003283451,0.011390048
82,83,0.167635893,-5.596039535,0.167635893,-5.596039535,0.167450018,-5.587038870,-0.000191094,-0.000256671,0.003273102,0.003288707,0.009047604,0.009000665,0.001696722,0.005473140,0.003284134,0.006604518,0.003288707,0.009047604
83,84,0.144481650,-5.455541134,0.144481650,-5.455541134,0.144731808,-5.448524284,-0.000175554,-0.000342782,0.003247030,0.003269789,0.007199141,0.007016850,0.001192323,0.004686543,0.003255070,0.005829305,0.003269789,0.007199141
84,85,0.575105208,-1.809213986,0.575105208,-1.809213986,0.574996824,-1.802182775,-0.000157802,-0.000298557,0.003256641,0.003274103,0.007037898,0.007031211,0.002035415,0.020245190,0.003279750,0.020609886,0.003274103,0.007037898
85,86,0.618609519,0.791060157,0.618609519,0.791060157,0.618571500,0.798270781,-0.000104501,-0.000328513,0.003250253,0.003268484,0.007289691,0.007210623,0.001641025,0.021885802,0.003273838,0.022190073,0.003268484,0.007289691
86,87,0.618167911,-0.330544763,0.618167911,-0.330544763,0.618239038,-0.320263598,-0.000075537,-0.000492196,0.004161931,0.004191614,0.010285104,0.010281165,0.002083805,0.021734430,0.004190214,0.022232534,0.004191614,0.010285104
87,88,0.781051367,0.610553495,0.781051367,0.610553495,0.781031275,0.616683099,-0.000053504,-0.000487131,0.003751510,0.003783383,0.006432750,0.006129604,0.002140247,0.027759394,0.003781405,0.028097396,0.003783383,0.006432750
88,89,0.320461053,-6.036511193,0.320461053,-6.036511193,0.320513338,-6.029603996,-0.000089071,-0.000350584,0.003256149,0.003276179,0.007027686,0.006907197,0.002716987,0.010972215,0.003259861,0.011764277,0.003276179,0.007027686
89,90,0.623401724,2.713051395,0.623401724,2.713051395,0.623267425,2.719104629,-0.000176873,-0.000305573,0.003275505,0.003294479,0.006060331,0.006053234,0.002844956,0.022235859,0.003299169,0.022658591,0.003294479,0.006060331
90,91,0.457462794,-7.243406199,0.457462794,-7.243406199,0.457800299,-7.233383326,0.000082404,-0.000557262,0.003304888,0.003352553,0.010024729,0.010022873,0.005712657,0.015141003,0.003306146,0.016517113,0.003352553,0.010024729
91,92,0.603064329,0.406536963,0.603064329,0.406536963,0.603292335,0.417480149,0.000217009,-0.000623910,0.003320871,0.003385933,0.011017196,0.010943186,0.004933139,0.020965735,0.003329931,0.021794181,0.003385933,0.011017196
92,93,0.616708431,-3.752336863,0.616708431,-3.752336863,0.617121523,-3.742327825,0.000233545,-0.000517217,0.003554057,0.003599080,0.010013130,0.010009038,0.008179444,0.020727078,0.003561962,0.022565519,0.003599080,0.010013130
93,94,0.612838341,-3.053549800,0.612838341,-3.053549800,0.613258081,-3.042099902,0.000327254,-0.000593455,0.003329844,0.003398109,0.011550747,0.011449898,0.008772365,0.020363853,0.003332703,0.022422038,0.003398109,0.011550747
94,95,0.295027882,-9.805310071,0.295027882,-9.805310071,0.295523590,-9.794412054,0.000376755,-0.000556579,0.003301269,0.003368991,0.010913648,0.010898017,0.007203471,0.007699962,0.003286554,0.011044494,0.003368991,0.010913648
95,96,0.628755630,0.036901725,0.628755630,0.036901725,0.629209621,0.047476552,0.000416689,-0.000550434,0.003305524,0.003376847,0.010614295,0.010574827,0.012407781,0.019423149,0.003302220,0.023283393,0.003376847,0.010614295
96,97,0.633321907,0.782329939,0.633321907,0.782329939,0.633873019,0.789602153,0.000450491,-0.000626841,0.003312708,0.003401456,0.007319196,0.007272215,0.012797172,0.019424513,0.003306204,0.023494899,0.003401456,0.007319196
97,98,0.623372455,-2.615333192,0.623372455,-2.615333192,0.623950153,-2.609262166,0.000601255,-0.000665940,0.003327130,0.003445980,0.006249190,0.006071026,0.012745711,0.019091826,0.003338007,0.023196837,0.003445980,0.006249190
98,99,0.605061506,-2.783061194,0.605061506,-2.783061194,0.605500362,-2.775357703,0.000358791,-0.000430907,0.003270995,0.003318708,0.007791833,0.007703491,0.013561830,0.018085067,0.003293647,0.022843839,0.003318708,0.007791833
99,100,0.312725236,-8.462280951,0.312725236,-8.462280951,0.313229385,-8.456794432,0.000429601,-0.000358840,0.003267435,0.003315034,0.005533345,0.005486519,0.009532906,0.006747939,0.003277645,0.012130702,0.003315034,0.005533345
100,101,0.314922573,-6.252454956,0.314922573,-6.252454956,0.315053107,-6.251048036,0.000086571,-0.000185194,0.003812893,0.003818369,0.002025501,0.001406919,0.010465515,0.005720398,0.003824670,0.012525097,0.003818369,0.002025501
101,102,0.143147896,-5.475313399,0.143147896,-5.475313399,0.143381362,-5.474157413,-0.000096241,0.000009370,0.004078030,0.004079176,0.001456545,0.001155987,0.005097645,0.002052278,0.004078452,0.006843362,0.004079176,0.001456545
102,103,0.141601312,-5.830769144,0.141601312,-5.830769144,0.141745023,-5.825970497,0.000281438,-0.000086231,0.004938504,0.004947268,0.004813077,0.004798647,0.005230499,0.001389705,0.004944009,0.007330254,0.004947268,0.004813077
103,104,0.137392647,-5.295050144,0.137392647,-5.295050144,0.137845910,-5.290375649,0.000252375,0.000070026,0.004337375,0.004345275,0.005028209,0.004674495,0.005382483,0.000652489,0.004341831,0.006946104,0.004345275,0.005028209
104,105,0.589941483,-0.858698375,0.589941483,-0.858698375,0.589713142,-0.854944330,-0.000333106,0.000205053,0.005003845,0.005019110,0.003760692,0.003754045,0.021002650,0.009178292,0.005019652,0.023463786,0.005019110,0.003760692
105,106,0.574510544,-7.473421706,0.574510544,-7.473421706,0.574258655,-7.466607899,-0.000335454,-0.000059740,0.003389839,0.003406920,0.007002396,0.006813806,0.021424425,0.005294498,0.003414285,0.022331481,0.003406920,0.007002396
106,107,0.162638651,-5.352213155,0.162638651,-5.352213155,0.162518049,-5.345867906,-0.000265259,-0.000132116,0.003564366,0.003576663,0.006546676,0.006345249,0.006144539,0.000206324,0.003569263,0.007108978,0.003576663,0.006546676
107,108,0.610533380,-1.064822128,0.610533380,-1.064822128,0.610181704,-1.063597110,-0.000343969,-0.000065718,0.003572639,0.003589761,0.001246362,0.001225018,0.023311541,0.003481667,0.003595631,0.023842788,0.003589761,0.001246362
108,109,0.586529489,3.757092521,0.586529489,3.757092521,0.586390468,3.762965663,-0.000171531,-0.000160285,0.003248400,0.003256872,0.005876521,0.005873142,0.022018885,0.004922183,0.003269834,0.022798048,0.003256872,0.005876521
109,110,0.491637650,-6.617392972,0.491637650,-6.617392972,0.491438732,-6.608223020,-0.000088875,-0.000108856,0.003244577,0.003247619,0.009175348,0.009169952,0.018934959,0.000958955,0.003256891,0.019236933,0.003247619,0.009175348
110,111,0.594608201,3.024414111,0.594608201,3.024414111,0.594688692,3.031629317,-0.000025029,-0.000102449,0.004075528,0.004076893,0.007230051,0.007215206,0.022725127,0.003885765,0.004097266,0.023416194,0.004076893,0.007230051
111,112,0.632448252,-3.853620573,0.632448252,-3.853620573,0.632275716,-3.849910685,-0.000156774,0.000080588,0.005260920,0.005263872,0.003905013,0.003709888,0.024690780,0.002517147,0.005284704,0.025375160,0.005263872,0.003905013
112,113,0.601703190,1.977610824,0.601703190,1.977610824,0.601694351,1.983044197,-0.000118584,0.000182864,0.003973917,0.003979889,0.005468944,0.005433374,0.023502213,0.003211489,0.003985493,0.024053104,0.003979889,0.005468944
113,114,0.611157571,3.162532763,0.611157571,3.162532763,0.611271822,3.168654393,0.000026372,0.000130495,0.004261478,0.004263557,0.006146396,0.006121630,0.023696187,0.004372935,0.004283069,0.024473997,0.004263557,0.006146396
114,115,0.616586740,2.913118238,0.616586740,2.913118238,0.616250093,2.919899531,-0.000341112,0.000207454,0.004792997,0.004809596,0.006816173,0.006781293,0.023792994,0.005730315,0.004811895,0.024941881,0.004809596,0.006816173
115,116,0.317339624,-5.566325886,0.317339624,-5.566325886,0.317001323,-5.557691708,-0.000555990,0.000107832,0.005060486,0.005092079,0.008662608,0.008634178,0.012489565,0.000992161,0.005064162,0.013513673,0.005092079,0.008662608
116,117,0.300056085,-5.182016306,0.300056085,-5.182016306,0.299863665,-5.174230277,-0.000514837,0.000200221,0.005954594,0.005980162,0.008047038,0.007786030,0.011951824,0.000341421,0.005952354,0.013356391,0.005980162,0.008047038
117,118,0.603675374,2.535471769,0.603675374,2.535471769,0.603231450,2.542511592,-0.000498698,0.000009668,0.004189132,0.004218723,0.007232967,0.007039823,0.023823870,0.002786183,0.004195960,0.024350476,0.004218723,0.007232967
118,119,0.616767372,2.912871623,0.616767372,2.912871623,0.616366717,2.916071221,-0.000416421,0.000291612,0.006024771,0.006046181,0.003492172,0.003199598,0.024580686,0.003686172,0.006037129,0.025578212,0.006046181,0.003492172
119,120,0.596020081,-4.377399500,0.596020081,-4.377399500,0.595905321,-4.375532577,-0.000355584,0.000226878,0.004961079,0.004978977,0.001958326,0.001866923,0.023904840,0.000966367,0.004975238,0.024436208,0.004978977,0.001958326
120,121,0.607974242,-2.144508094,0.607974242,-2.144508094,0.607757365,-2.141720615,-0.000294506,0.000257858,0.004685621,0.004701943,0.002878560,0.002787479,0.024515772,0.000438175,0.004710986,0.024968149,0.004701943,0.002878560
121,122,0.755770893,4.023966127,0.755770893,4.023966127,0.755865457,4.028158608,0.000023910,0.000199710,0.004883364,0.004887504,0.004291907,0.004192481,0.030269099,0.003232493,0.004912323,0.030835017,0.004887504,0.004291907
122,123,0.614864242,0.268521493,0.614864242,0.268521493,0.614923282,0.272764863,-0.000043526,0.000214928,0.003630439,0.003637056,0.004298969,0.004243369,0.024784035,0.001803472,0.003652886,0.025116618,0.003637056,0.004298969
123,124,0.613983907,-1.166468972,0.613983907,-1.166468972,0.613942717,-1.161215632,-0.000132907,0.000258131,0.003674917,0.003686368,0.005310085,0.005253340,0.024818876,0.001680238,0.003694412,0.025148529,0.003686368,0.005310085
124,125,0.613582361,1.995534364,0.613582361,1.995534364,0.613398211,1.997133334,-0.000235948,0.000457698,0.003723428,0.003758866,0.001652909,0.001598970,0.024928425,0.003222775,0.003744580,0.025413274,0.003758866,0.001652909
125,126,0.613076619,-1.127089192,0.613076619,-1.127089192,0.612828770,-1.125538126,-0.000286922,0.000251150,0.003269940,0.003292098,0.001902203,0.001551066,0.024832882,0.002222364,0.003292124,0.025148539,0.003292098,0.001902203
126,127,0.606750564,1.645360057,0.606750564,1.645360057,0.606460370,1.652322913,-0.000362533,0.000325969,0.003873322,0.003903884,0.007000632,0.006962856,0.024501343,0.003551100,0.003901261,0.025062841,0.003903884,0.007000632
127,128,0.592989593,0.792690651,0.592989593,0.792690651,0.592781968,0.796226373,-0.000323234,0.000447951,0.004663744,0.004696344,0.003803212,0.003535721,0.024071979,0.003649184,0.004676824,0.024792123,0.004696344,0.003803212
128,129,0.611866791,-0.437813246,0.611866791,-0.437813246,0.611756434,-0.431103456,-0.000142149,0.000285206,0.003268620,0.003284117,0.006753266,0.006709791,0.024872021,0.002979569,0.003296273,0.025265800,0.003284117,0.006753266
129,130,0.594398612,-2.972329353,0.594398612,-2.972329354,0.594230366,-2.964572136,-0.000202476,0.000261852,0.003260498,0.003277256,0.007768292,0.007757217,0.024355379,0.001133768,0.003288494,0.024602522,0.003277256,0.007768292
130,131,0.602524104,2.469593857,0.602524104,2.469593857,0.602477526,2.474306364,-0.000053088,0.000321143,0.003288832,0.003304901,0.004816836,0.004712507,0.024688160,0.002927498,0.003317761,0.025081527,0.003304901,0.004816836
131,132,0.603240197,2.077649978,0.603240197,2.077649978,0.603138860,2.081073377,-0.000112188,0.000259817,0.003275484,0.003287687,0.003451920,0.003423399,0.024589304,0.003886980,0.003298556,0.025112208,0.003287687,0.003451920
132,133,0.616955110,1.102174365,0.616955110,1.102174365,0.616939307,1.102312930,-0.000052472,0.000393161,0.003289387,0.003313216,0.000690461,0.000138565,0.025263532,0.004289496,0.003311216,0.025838150,0.003313216,0.000690461
133,134,0.607411306,-0.361429162,0.607411306,-0.361429162,0.607285688,-0.362899837,-0.000165710,0.000266817,0.003273756,0.003288788,0.001540026,-0.001470674,0.024821947,0.003523000,0.003303119,0.025287372,0.003288788,0.001540026
134,135,0.597825940,2.363599308,0.597825940,2.363599308,0.597765983,2.364468482,-0.000128629,0.000165898,0.003251321,0.003258091,0.001017416,0.000869174,0.024043966,0.004976653,0.003275081,0.024771063,0.003258091,0.001017416
135,136,0.613171423,1.633705131,0.613171423,1.633705131,0.612975566,1.634663131,-0.000173310,0.000215718,0.003258453,0.003270182,0.001008764,0.000958000,0.024619058,0.005594919,0.003281252,0.025459139,0.003270182,0.001008764
136,137,0.603015209,-2.740434177,0.603015209,-2.740434177,0.602986801,-2.738646521,-0.000124331,0.000199431,0.003258936,0.003267399,0.001877301,0.001787656,0.024445632,0.004081263,0.003286065,0.025000877,0.003267399,0.001877301
137,138,0.606657949,2.217984855,0.606657949,2.217984855,0.606526767,2.215461951,-0.000147258,0.000488008,0.004613299,0.004641376,0.002731860,-0.002522904,0.024545884,0.005833775,0.004644505,0.025653553,0.004641376,0.002731860
138,139,0.609040864,1.775708273,0.609040864,1.775708273,0.608994307,1.774605135,-0.000123207,0.000253455,0.003754765,0.003765326,0.001385175,-0.001103138,0.024303441,0.006253413,0.003785051,0.025378909,0.003765326,0.001385175
139,140,0.607309713,-3.141135787,0.607309713,-3.141135787,0.607261298,-3.142185098,-0.000106796,0.000206972,0.003528589,0.003536266,0.001226507,-0.001049311,0.024649881,0.004110210,0.003547193,0.025240702,0.003536266,0.001226507
140,141,0.587608023,-1.876009595,0.587608023,-1.876009595,0.587382776,-1.878303416,-0.000310497,0.000336545,0.003718947,0.003747030,0.002478699,-0.002293821,0.023904148,0.004520444,0.003739437,0.024613535,0.003747030,0.002478699
141,142,0.309487093,-5.152538155,0.309487093,-5.152538155,0.309337845,-5.152376319,-0.000135865,0.000230995,0.003248521,0.003259556,0.001745431,0.000161836,0.012819514,0.000040403,0.003254564,0.013226252,0.003259556,0.001745431
142,143,0.750422313,0.838441422,0.750422313,0.838441422,0.750300085,0.841035659,-0.000199037,0.000125651,0.004076762,0.004083552,0.002841535,0.002594237,0.030637847,0.002696840,0.004113176,0.031030128,0.004083552,0.002841535
143,144,0.776006105,1.205392476,0.776006105,1.205392476,0.776084946,1.207879733,-0.000019357,0.000220448,0.003802883,0.003809316,0.002490593,0.002487257,0.031702726,0.003669254,0.003836693,0.032144152,0.003809316,0.002490593
144,145,0.604968132,1.093382251,0.604968132,1.093382251,0.604862791,1.097246028,-0.000155814,0.000078786,0.003258358,0.003263033,0.003894688,0.003863777,0.024566650,0.003524234,0.003280499,0.025034021,0.003263033,0.003894688
145,146,0.598651672,1.857957862,0.598651672,1.857957862,0.598583100,1.859938384,-0.000130768,0.000069848,0.003245272,0.003248656,0.002257866,0.001980523,0.024246718,0.004094882,0.003265309,0.024805919,0.003248656,0.002257866
146,147,0.602967098,-2.465339591,0.602967098,-2.465339591,0.602885131,-2.462466156,-0.000177800,0.000203887,0.003319284,0.003330290,0.002924828,0.002873435,0.024707363,0.002785582,0.003349732,0.025088522,0.003330290,0.002924828
147,148,0.601280177,2.175702966,0.601280177,2.175702966,0.601195980,2.177787156,-0.000206235,0.000144586,0.003829428,0.003837702,0.002224362,0.002084190,0.024404459,0.004378262,0.003854727,0.025091945,0.003837702,0.002224362
148,149,0.598479614,2.032852390,0.598479614,2.032852390,0.598207152,2.031821590,-0.000331210,0.000116252,0.003435784,0.003453669,0.001510312,-0.001030800,0.024139519,0.005335815,0.003456155,0.024962618,0.003453669,0.001510312
149,150,0.621226044,1.636686570,0.621226044,1.636686570,0.620992966,1.637177975,-0.000280064,0.000135679,0.003382103,0.003396390,0.001030387,0.000491406,0.025010805,0.005846368,0.003407281,0.025910036,0.003396390,0.001030387
150,151,0.584301677,2.530256560,0.584301677,2.530256560,0.584200336,2.534743774,-0.000185170,0.000079925,0.003741439,0.003746871,0.004494312,0.004487214,0.023309528,0.006198278,0.003763638,0.024411426,0.003746871,0.004494312
151,152,0.602865493,-2.621699655,0.602865493,-2.621699655,0.602987538,-2.620507269,0.000089087,0.000069626,0.003246215,0.003248183,0.001245489,0.001192387,0.024419566,0.004994043,0.003268153,0.025138347,0.003248183,0.001245489
152,153,0.598442238,1.558169098,0.598442238,1.558169098,0.598764061,1.559580180,0.000265606,0.000161414,0.003359086,0.003373435,0.001437834,0.001411082,0.024176165,0.005787631,0.003383877,0.025088528,0.003373435,0.001437834
153,154,0.596659567,-5.703656052,0.596659567,-5.703656052,0.596716173,-5.702762388,-0.000023423,0.000164376,0.004172721,0.004176023,0.000925541,0.000893665,0.024638888,0.002815921,0.004197828,0.025152057,0.004176023,0.000925541
154,155,0.579301694,0.842093499,0.579301694,0.842093499,0.579370579,0.841909559,-0.000049606,0.000153182,0.003970155,0.003973419,0.000318887,-0.000183940,0.023767538,0.003946480,0.003991048,0.024421283,0.003973419,0.000318887
155,156,0.601707785,1.589055183,0.601707785,1.589055183,0.601665210,1.589585895,-0.000064356,0.000104498,0.003457997,0.003460174,0.000630388,0.000530712,0.024503636,0.004832114,0.003479369,0.025216731,0.003460174,0.000630388
156,157,0.588322083,-0.059481192,0.588322083,-0.059481192,0.588251708,-0.057100106,-0.000137534,-0.000026962,0.003683217,0.003685883,0.002423379,0.002381086,0.023839702,0.004717726,0.003704099,0.024582691,0.003685883,0.002423379
157,158,0.591038857,1.755817591,0.591038857,1.755817590,0.591221580,1.757525696,0.000173969,-0.000119160,0.004015949,0.004021481,0.001752694,0.001708105,0.023782489,0.005381161,0.004038880,0.024715910,0.004021481,0.001752694
158,159,0.589273533,-3.272163724,0.589273533,-3.272163724,0.589665339,-3.271916101,0.000268988,0.000107189,0.004482009,0.004491352,0.000529227,0.000247623,0.024251694,0.003699373,0.004504590,0.024942361,0.004491352,0.000529227
159,160,0.578023452,2.413165561,0.578023452,2.413165561,0.578289708,2.415117150,0.000227448,0.000067573,0.004218405,0.004225072,0.002186848,0.001951589,0.023596578,0.004449593,0.004241712,0.024384205,0.004225072,0.002186848
160,161,0.448169469,-6.343695796,0.448169469,-6.343695796,0.448493860,-6.341647363,0.000301739,0.000001442,0.003338031,0.003351641,0.002139582,0.002048433,0.018586503,0.000333534,0.003351606,0.018889219,0.003351641,0.002139582
161,162,0.556077888,0.012131146,0.556077888,0.012131146,0.556516701,0.015035055,0.000340360,0.000076155,0.003823210,0.003839086,0.003219314,0.002903910,0.023094084,0.001831116,0.003841345,0.023482880,0.003839086,0.003219314
162,163,0.576588278,2.727669505,0.576588278,2.727669505,0.576828088,2.728790407,0.000207151,-0.000034062,0.003431566,0.003437982,0.001208242,0.001120902,0.023719309,0.003224011,0.003456973,0.024185750,0.003437982,0.001208242
163,164,0.587560741,3.157737062,0.587560741,3.157737062,0.587905044,3.160027008,0.000259833,-0.000062171,0.003583711,0.003593656,0.002307985,0.002289946,0.023921929,0.004658105,0.003606348,0.024636606,0.003593656,0.002307985
164,165,0.584675210,2.827089087,0.584675210,2.827089087,0.585056569,2.826902146,0.000330263,-0.000033916,0.003254019,0.003270912,0.000743436,-0.000186941,0.023537514,0.006042687,0.003274536,0.024520425,0.003270912,0.000743436
165,166,0.566711221,-4.640464757,0.566711221,-4.640464757,0.567163025,-4.641952203,0.000390608,-0.000007295,0.003582576,0.003603815,0.001717366,-0.001487446,0.023460885,0.002593968,0.003603923,0.023877396,0.003603815,0.001717366
166,167,0.578489719,2.701536119,0.578489719,2.701536118,0.578847825,2.702349003,0.000273514,-0.000039433,0.003919997,0.003929725,0.001094461,0.000812884,0.023496156,0.004961874,0.003938239,0.024335145,0.003929725,0.001094461
167,168,0.570105810,0.683539663,0.570105810,0.683539663,0.570404123,0.681258279,0.000182456,-0.000148149,0.003912099,0.003919152,0.002370921,-0.002281383,0.023064392,0.004913255,0.003937210,0.023908322,0.003919152,0.002370921
168,169,0.585537912,-3.086273453,0.585537912,-3.086273453,0.585813374,-3.086500601,0.000183428,-0.000107466,0.003254458,0.003261394,0.000485162,-0.000227148,0.024011862,0.003162986,0.003278110,0.024440131,0.003261394,0.000485162
169,170,0.605123223,-3.704136275,0.605123223,-3.704136275,0.605400500,-3.704523225,0.000244850,0.000010970,0.003255566,0.003264779,0.000708329,-0.000386950,0.025005347,0.002481049,0.003275880,0.025340765,0.003264779,0.000708329
170,171,0.581952005,1.685874139,0.581952005,1.685874139,0.582214751,1.685008188,0.000198983,-0.000026303,0.003257244,0.003263422,0.001268970,-0.000865951,0.023929701,0.003126586,0.003275202,0.024354324,0.003263422,0.001268970
171,172,0.594942650,2.246509684,0.594942650,2.246509684,0.594995326,2.242389450,0.000008926,-0.000009430,0.003259104,0.003259130,0.004228758,-0.004120235,0.024301225,0.004335003,0.003283064,0.024902215,0.003259130,0.004228758
172,173,0.575211692,2.685734102,0.575211692,2.685734101,0.575448267,2.681358877,0.000142611,-0.000023927,0.003792636,0.003795392,0.004424292,-0.004375225,0.023287054,0.005024406,0.003817889,0.024126911,0.003795392,0.004424292
173,174,0.578480485,-4.853575220,0.578480485,-4.853575220,0.578699335,-4.855777068,0.000150555,0.000079440,0.003523764,0.003527873,0.002636226,-0.002201848,0.023825746,0.003030345,0.003543382,0.024277658,0.003527873,0.002636226
174,175,0.578953162,1.237154738,0.578953162,1.237154738,0.579123313,1.237168639,0.000046553,-0.000051064,0.003369973,0.003370681,0.001308796,0.000013901,0.023565381,0.003812491,0.003394490,0.024111923,0.003370681,0.001308796
175,176,0.561860757,1.176750415,0.561860757,1.176750415,0.561902583,1.176422909,-0.000046206,-0.000140650,0.003695195,0.003698159,0.001220403,-0.000327506,0.022731558,0.004049682,0.003707627,0.023385255,0.003698159,0.001220403
176,177,0.566264991,-0.451904934,0.566264991,-0.451904934,0.566280757,-0.450628189,-0.000048363,-0.000085921,0.003244990,0.003246487,0.001539934,0.001276745,0.023051431,0.003458586,0.003264731,0.023536965,0.003246487,0.001539934
177,178,0.570830985,1.641950098,0.570830985,1.641950098,0.570768172,1.638333728,-0.000086633,0.000015720,0.003965911,0.003966889,0.004128071,-0.003616370,0.023149417,0.004798245,0.003991695,0.023976077,0.003966889,0.004128071
178,179,0.267510428,-5.961357394,0.267510428,-5.961357394,0.267913119,-5.960608924,0.000161021,0.000013415,0.004654528,0.004657332,0.001703858,0.000748470,0.011122077,-0.000600676,0.004659931,0.012073788,0.004657332,0.001703858
179,180,0.556331314,1.353698168,0.556331314,1.353698168,0.556728727,1.354977652,0.000348323,-0.000072942,0.003913773,0.003929920,0.001384755,0.001279485,0.022778197,0.002640697,0.003932074,0.023265441,0.003929920,0.001384755
180,181,0.566730927,2.922055549,0.566730927,2.922055549,0.566958684,2.924749125,0.000180307,-0.000138184,0.003548178,0.003555442,0.002713745,0.002693576,0.022967248,0.003923748,0.003573146,0.023572392,0.003555442,0.002713745
181,182,0.567332727,2.802693803,0.567332727,2.802693803,0.567677683,2.799772667,0.000331756,-0.000005321,0.004376244,0.004388805,0.003018822,-0.002921136,0.022963124,0.004860964,0.004400033,0.023880836,0.004388805,0.003018822
182,183,0.559414817,3.159587276,0.559414817,3.159587276,0.560091968,3.157541281,0.000500630,-0.000188779,0.005449796,0.005475997,0.002433700,-0.002045995,0.022232037,0.005882309,0.005480104,0.023640993,0.005475997,0.002433700
183,184,0.565005365,-5.878584679,0.565005365,-5.878584679,0.565523310,-5.881105114,0.000520704,-0.000036348,0.005378869,0.005404136,0.002910758,-0.002520435,0.023161211,0.003103075,0.005398310,0.023983589,0.005404136,0.002910758
184,185,0.542360086,-1.506177607,0.542360086,-1.506177607,0.542727372,-1.513592349,0.000263645,-0.000039625,0.003786883,0.003796256,0.007495476,-0.007414742,0.022217794,0.002499044,0.003809229,0.022680075,0.003796256,0.007495476
185,186,0.565248307,1.169960983,0.565248307,1.169960983,0.565341188,1.166903443,0.000023883,-0.000080586,0.003655915,0.003656881,0.003228576,-0.003057540,0.022833820,0.004042685,0.003684365,0.023479803,0.003656881,0.003228576
186,187,0.559283979,2.012115085,0.559283979,2.012115085,0.559403611,2.008729523,0.000056934,0.000068689,0.003645320,0.003646412,0.003574903,-0.003385562,0.022559609,0.004779587,0.003661476,0.023349236,0.003646412,0.003574903
187,188,0.555085086,1.395561086,0.555085086,1.395561086,0.555034957,1.392042163,-0.000102301,-0.000002855,0.003628703,0.003630145,0.003654810,-0.003518923,0.022140711,0.005347690,0.003652853,0.023068424,0.003630145,0.003654810
188,189,0.605203374,2.286715100,0.605203374,2.286715100,0.605354658,2.283525370,0.000066458,-0.000079596,0.003670290,0.003671755,0.003311600,-0.003189729,0.023912850,0.006440482,0.003694607,0.025039056,0.003671755,0.003311600
189,190,0.515084251,-0.487091130,0.515084251,-0.487091130,0.515375471,-0.489219172,0.000088737,-0.000303311,0.003715110,0.003728527,0.002443275,-0.002128042,0.020198006,0.005311644,0.003743604,0.021217624,0.003728527,0.002443275
190,191,0.547429878,0.272578268,0.547429878,0.272578268,0.547505675,0.271570222,-0.000009894,-0.000191256,0.004208565,0.004212920,0.001915611,-0.001008046,0.021494843,0.005890963,0.004232729,0.022685848,0.004212920,0.001915611
191,192,0.541180714,-1.161265506,0.541180714,-1.161265506,0.541186954,-1.162010283,-0.000033484,-0.000169731,0.003573038,0.003577224,0.001366621,-0.000744777,0.021466547,0.004875481,0.003589632,0.022304000,0.003577224,0.001366621
192,193,0.320173267,-5.149196712,0.320173267,-5.149196712,0.320241306,-5.151179841,-0.000007428,-0.000046576,0.003406415,0.003406742,0.002309675,-0.001983129,0.013056038,0.000864569,0.003413297,0.013522508,0.003406742,0.002309675
193,194,0.512314408,2.979043450,0.512314408,2.979043450,0.512320334,2.976926042,-0.000064788,-0.000150548,0.003250854,0.003254983,0.002748788,-0.002117408,0.020283367,0.004517118,0.003268535,0.021035747,0.003254983,0.002748788
194,195,0.524528091,-0.176069846,0.524528091,-0.176069846,0.524564161,-0.176548193,0.000030956,-0.000076825,0.003267002,0.003268051,0.001676264,-0.000478347,0.020919071,0.004216494,0.003282747,0.021590803,0.003268051,0.001676264
195,196,0.232887269,-5.128324403,0.232887269,-5.128324403,0.233183168,-5.131264961,0.000154645,-0.000072448,0.003236569,0.003241072,0.003333140,-0.002940558,0.009492008,-0.000026066,0.003239910,0.010029752,0.003241072,0.003333140
196,197,0.556953228,-5.103223367,0.556953228,-5.103223367,0.557278244,-5.104336226,0.000249696,-0.000056043,0.003265999,0.003276010,0.001741391,-0.001112859,0.022637470,0.000234184,0.003287840,0.022876184,0.003276010,0.001741391
197,198,0.206148183,-7.284096466,0.206148183,-7.284096466,0.206429982,-7.287461028,0.000148589,-0.000084750,0.003247152,0.003251655,0.003667193,-0.003364562,0.007866921,-0.002798936,0.003252835,0.008961218,0.003251655,0.003667193
198,199,0.326988819,-5.975923998,0.326988819,-5.975923998,0.327302186,-5.977716115,0.000224441,0.000068535,0.003244920,0.003253395,0.002078066,-0.001792116,0.012773743,-0.003977425,0.003252272,0.013768285,0.003253395,0.002078066
199,200,0.177144832,-6.185490703,0.177144832,-6.185490703,0.177317362,-6.189943501,0.000121507,0.000184789,0.003614928,0.003621687,0.004603880,-0.004452798,0.006424374,-0.003657452,0.003621825,0.008232080,0.003621687,0.004603880
200,201,0.181439103,-7.326197957,0.181439103,-7.326197956,0.181844544,-7.329440060,0.000370218,0.000404494,0.004780245,0.004811592,0.003306857,-0.003242104,0.006018270,-0.004952337,0.004790584,0.009148492,0.004811592,0.003306857
201,202,0.218643192,-7.479124833,0.218643192,-7.479124833,0.219187036,-7.480395806,0.000237525,0.000179661,0.004285680,0.004296015,0.001747960,-0.001270973,0.006070272,-0.006634294,0.004293110,0.009964580,0.004296015,0.001747960
202,203,0.185228365,-6.025204797,0.185228365,-6.025204797,0.185307824,-6.029262068,-0.000010330,0.000111691,0.003220380,0.003222333,0.004372408,-0.004057271,0.004942258,-0.005691853,0.003220780,0.008197349,0.003222333,0.004372408
203,204,0.562157884,1.178645127,0.562157884,1.178645127,0.562186073,1.175691454,-0.000002863,0.000237957,0.003419659,0.003427929,0.003240901,-0.002953673,0.017970931,-0.014091287,0.003438014,0.023094126,0.003427929,0.003240901
204,205,0.230590775,-6.097952378,0.230590775,-6.097952378,0.230654859,-6.103943831,0.000105456,0.000586119,0.003846077,0.003891911,0.006025321,-0.005991453,0.005297191,-0.008227051,0.003856627,0.010517517,0.003891911,0.006025321
205,206,0.222613663,-9.338555697,0.222613663,-9.338555697,0.222387302,-9.341981246,-0.000138668,0.000491572,0.004547999,0.004576589,0.003559190,-0.003425549,0.004275737,-0.008202079,0.004558751,0.010312043,0.004576589,0.003559190
206,207,0.509584455,-2.013345796,0.509584455,-2.013345796,0.509474004,-2.016744230,-0.000169837,0.000314515,0.003253077,0.003272656,0.003712345,-0.003398434,0.011750609,-0.016932894,0.003266944,0.020867981,0.003272656,0.003712345
207,208,0.521129046,-0.368173760,0.521129046,-0.368173759,0.521070724,-0.371873543,-0.000156470,0.000450930,0.003268929,0.003303591,0.003808357,-0.003699784,0.011723021,-0.017595067,0.003300766,0.021398847,0.003303591,0.003808357
208,209,0.321957929,-6.651788945,0.321957929,-6.651788945,0.321692371,-6.654802798,-0.000246681,0.000354276,0.003244134,0.003272731,0.003098978,-0.003013853,0.005450345,-0.011849240,0.003262713,0.013444555,0.003272731,0.003098978
209,210,0.511656585,1.963574996,0.511656585,1.963574996,0.511580425,1.961798044,-0.000118978,0.000283679,0.003253204,0.003267715,0.002264808,-0.001776952,0.010165652,-0.017868338,0.003275971,0.020817060,0.003267715,0.002264808
210,211,0.327266153,-5.258477180,0.327266153,-5.258477180,0.327112201,-5.259046118,-0.000171053,0.000386496,0.003242502,0.003269932,0.001796407,-0.000568938,0.004793520,-0.012366289,0.003266432,0.013659155,0.003269932,0.001796407
211,212,0.552881467,-0.802865034,0.552881467,-0.802865034,0.552823591,-0.810314552,-0.000101297,0.000452508,0.003269516,0.003302235,0.007564734,-0.007449519,0.008586943,-0.020602788,0.003303785,0.022563808,0.003302235,0.007564734
212,213,0.516547885,-1.152650778,0.516547885,-1.152650778,0.516606280,-1.154200425,-0.000009191,0.000324982,0.003236607,0.003252894,0.001668724,-0.001549647,0.007265441,-0.019322943,0.003263683,0.020900105,0.003252894,0.001668724
213,214,0.590089343,1.792115085,0.590089343,1.792115085,0.590108926,1.794173584,-0.000020607,0.000198188,0.003260539,0.003266622,0.002214297,0.002058499,0.009665716,-0.021358455,0.003288387,0.023673258,0.003266622,0.002214297
214,215,0.588402627,-1.362764177,0.588402627,-1.362764177,0.588439643,-1.363436515,-0.000013194,0.000175990,0.003230876,0.003235692,0.001119132,-0.000672337,0.008588242,-0.021754656,0.003252354,0.023613571,0.003235692,0.001119132
215,216,0.596753100,1.681405073,0.596753100,1.681405074,0.596693503,1.681010266,-0.000094992,0.000164323,0.003250652,0.003256188,0.000890229,-0.000394808,0.009872838,-0.021556924,0.003277319,0.023935637,0.003256188,0.000890229
216,217,0.593940645,-4.279234660,0.593940645,-4.279234660,0.593836565,-4.281166384,-0.000089079,0.000224082,0.003281156,0.003290005,0.002738353,-0.001931724,0.008059788,-0.022220423,0.003308665,0.023867440,0.003290005,0.002738353
217,218,0.202427101,-5.013920932,0.202427101,-5.013920932,0.202426691,-5.013151269,-0.000074321,0.000110326,0.003227054,0.003229794,0.001753842,0.000769663,0.000977820,-0.007902632,0.003227446,0.008592097,0.003229794,0.001753842
218,219,0.582164011,1.575617231,0.582164011,1.575617231,0.582093584,1.579728887,-0.000098195,-0.000033207,0.003633234,0.003634713,0.004124421,0.004111656,0.006428113,-0.021948734,0.003644298,0.023159199,0.003634713,0.004124421
219,220,0.574261181,-4.261233764,0.574261181,-4.261233764,0.574309846,-4.261580557,-0.000056928,0.000066839,0.003250812,0.003251997,0.000607396,-0.000346793,0.005276128,-0.022090697,0.003271920,0.022946501,0.003251997,0.000607396
220,221,0.603599430,1.843478767,0.603599430,1.843478767,0.603329495,1.840274025,-0.000319887,0.000165584,0.003253934,0.003273810,0.003408699,-0.003204742,0.006264813,-0.023175374,0.003274167,0.024229445,0.003273810,0.003408699
221,222,0.605296937,-4.394471900,0.605296937,-4.394471900,0.605161398,-4.396459496,-0.000262395,0.000194109,0.003270902,0.003287146,0.002097438,-0.001987596,0.004023921,-0.023670189,0.003298954,0.024235364,0.003287146,0.002097438
222,223,0.536755801,1.094721654,0.536755801,1.094721654,0.536439225,1.093229348,-0.000381669,0.000112412,0.003282831,0.003306854,0.001807794,-0.001492306,0.004103442,-0.020839998,0.003301803,0.021495248,0.003306854,0.001807794
223,224,0.335052412,-6.071447601,0.335052412,-6.071447601,0.334870398,-6.072774221,-0.000283138,0.000263034,0.003258519,0.003281356,0.001879839,-0.001326620,0.000827091,-0.013361353,0.003275061,0.013781722,0.003281356,0.001879839
224,225,0.584107952,2.329175339,0.584107952,2.329175339,0.583822427,2.327481833,-0.000312726,0.000183262,0.003250842,0.003270987,0.002421969,-0.001693506,0.003229655,-0.022944757,0.003273226,0.023400995,0.003270987,0.002421969
225,226,0.582585176,-3.225974898,0.582585176,-3.225974898,0.582084878,-3.228187054,-0.000531680,0.000166540,0.003306130,0.003352747,0.002235901,-0.002212156,0.001450267,-0.022997011,0.003337915,0.023283201,0.003352747,0.002235901
226,227,0.599132091,2.134017806,0.599132091,2.134017806,0.598660551,2.132906472,-0.000598944,0.000144760,0.003884896,0.003933460,0.001878754,-0.001111334,0.003086073,-0.023428322,0.003915017,0.023952818,0.003933460,0.001878754
227,228,0.637216090,2.745105866,0.637216090,2.745105866,0.636845536,2.745800958,-0.000420864,0.000230030,0.003286626,0.003321438,0.000759527,0.000695091,0.004601268,-0.024826469,0.003319185,0.025466492,0.003321438,0.000759527
228,229,0.515960698,1.869425066,0.515960698,1.869425066,0.515566365,1.872686224,-0.000458464,-0.000032412,0.003303396,0.003335216,0.003472143,0.003261157,0.004022135,-0.019822790,0.003318655,0.020497171,0.003335216,0.003472143
229,230,0.379126660,-5.554048742,0.379126660,-5.554048742,0.378672283,-5.552903196,-0.000587539,-0.000197742,0.003830446,0.003880286,0.002227775,0.001145546,0.001075752,-0.014590429,0.003829647,0.015122965,0.003880286,0.002227775
230,231,0.601766491,3.359331188,0.601766491,3.359331188,0.601293396,3.360762741,-0.000574659,0.000123579,0.003651248,0.003698259,0.002314590,0.001431553,0.003618999,-0.023491233,0.003679770,0.024051526,0.003698259,0.002314590
231,232,0.608252606,1.449832581,0.608252606,1.449832581,0.607841994,1.449216709,-0.000500365,0.000056485,0.003940852,0.003972892,0.000979579,-0.000615872,0.004862096,-0.023475744,0.003966398,0.024299852,0.003972892,0.000979579
232,233,0.620106192,-1.186581561,0.620106192,-1.186581561,0.619685824,-1.184907871,-0.000434513,0.000150704,0.003496944,0.003527057,0.001867362,0.001673690,0.003528007,-0.024282650,0.003521429,0.024788997,0.003527057,0.001867362
233,234,0.597243961,-2.514417894,0.597243961,-2.514417894,0.596654844,-2.513136946,-0.000659246,0.000158485,0.003296576,0.003365581,0.001838082,0.001280948,0.002989172,-0.023479416,0.003332476,0.023902375,0.003365581,0.001838082
234,235,0.604180508,-0.141726283,0.604180508,-0.141726283,0.603812674,-0.142957394,-0.000417534,0.000125781,0.003269153,0.003298109,0.001257849,-0.001231111,0.002899014,-0.023780203,0.003297844,0.024182186,0.003298109,0.001257849
235,236,0.592646412,2.105537141,0.592646412,2.105537141,0.592220131,2.106450916,-0.000494939,0.000244595,0.003364926,0.003409915,0.001692593,0.000913774,0.003526529,-0.023328964,0.003395841,0.023837128,0.003409915,0.001692593
236,237,0.606535805,1.892709504,0.606535805,1.892709505,0.606146909,1.889256982,-0.000367053,0.000066427,0.003263507,0.003284755,0.003710375,-0.003452522,0.004485870,-0.023575168,0.003284765,0.024221917,0.003284755,0.003710375
237,238,0.696217568,-3.923520931,0.696217568,-3.923520931,0.695775204,-3.923200035,-0.000516864,0.000035766,0.003280258,0.003320921,0.000507918,0.000320896,0.002637456,-0.027321801,0.003311971,0.027647896,0.003320921,0.000507918
238,239,0.595690853,1.643752881,0.595690853,1.643752881,0.595436865,1.638611801,-0.000292885,0.000124847,0.003271531,0.003286987,0.005151929,-0.005141080,0.003390129,-0.023340495,0.003300574,0.023815236,0.003286987,0.005151929
239,240,0.616577201,1.672524357,0.616577201,1.672524357,0.616179792,1.668290962,-0.000461121,0.000294589,0.003288596,0.003333809,0.004304840,-0.004233395,0.004512132,-0.024104569,0.003318428,0.024746749,0.003333809,0.004304840
240,241,0.638468290,-2.894142368,0.638468290,-2.894142368,0.638177043,-2.899715966,-0.000312263,0.000296705,0.003271435,0.003299671,0.005595976,-0.005573598,0.003052921,-0.025160000,0.003306293,0.025559294,0.003299671,0.005595976
241,242,0.624570690,2.162235942,0.624570690,2.162235942,0.624465268,2.156085209,-0.000208477,0.000333264,0.003273517,0.003297035,0.006167391,-0.006150733,0.003500048,-0.024495800,0.003311732,0.024965218,0.003297035,0.006167391
242,243,0.526894385,1.215438126,0.526894385,1.215438127,0.526566396,1.210360294,-0.000334960,0.000128576,0.003268987,0.003288617,0.005144887,-0.005077833,0.003854694,-0.020311156,0.003288236,0.020933566,0.003288617,0.005144887
243,244,0.534830361,-5.770270752,0.534830361,-5.770270752,0.534372238,-5.777599657,-0.000445801,0.000240378,0.003732630,0.003766835,0.007415409,-0.007328905,0.001184561,-0.020971278,0.003763743,0.021339247,0.003766835,0.007415409
244,245,0.529659134,1.933077330,0.529659134,1.933077331,0.529354923,1.926450739,-0.000366450,0.000281634,0.003283627,0.003315993,0.006649414,-0.006626592,0.002842845,-0.020595097,0.003307049,0.021051755,0.003315993,0.006649414
245,246,0.539686686,1.564227147,0.539686686,1.564227148,0.539446760,1.558873552,-0.000315000,0.000298015,0.003271147,0.003299764,0.005354114,-0.005353596,0.002791051,-0.020955837,0.003301617,0.021397143,0.003299764,0.005354114
246,247,0.529289149,0.235285240,0.529289149,0.235285241,0.529224791,0.231299680,-0.000136229,0.000250638,0.003284733,0.003297097,0.003995080,-0.003985561,0.002666808,-0.020452840,0.003310068,0.020889879,0.003297097,0.003995080
247,248,0.525002980,2.099762130,0.525002980,2.099762130,0.524816333,2.094819571,-0.000266051,0.000276815,0.003263443,0.003285951,0.004943766,-0.004942560,0.003696482,-0.020107354,0.003291033,0.020707500,0.003285951,0.004943766
248,249,0.408213986,-5.821914048,0.408213986,-5.821914048,0.408167750,-5.825661785,-0.000116253,0.000143378,0.003249378,0.003254617,0.003791302,-0.003747737,-0.000294570,-0.015750467,0.003265413,0.016088099,0.003254617,0.003791302
249,250,0.532668159,-0.935200755,0.532668159,-0.935200755,0.532676320,-0.941078803,-0.000058054,0.000242925,0.003249900,0.003259483,0.005893413,-0.005878048,0.000948889,-0.020628828,0.003274069,0.020908574,0.003259483,0.005893413
250,251,0.547417034,2.641395118,0.547417034,2.641395118,0.547354289,2.635528939,-0.000067423,0.000237630,0.003244405,0.003253794,0.005981702,-0.005866178,0.002259041,-0.021028439,0.003269340,0.021400633,0.003253794,0.005981702
251,252,0.549128571,2.357486931,0.549128571,2.357486931,0.549034316,2.350543504,-0.000153782,0.000208393,0.003438618,0.003448358,0.007025382,-0.006943427,0.003332600,-0.020847189,0.003466127,0.021394522,0.003448358,0.007025382
252,253,0.559422206,0.694636795,0.559422206,0.694636796,0.559529865,0.694674434,0.000013361,0.000144609,0.003244574,0.003247822,0.000143025,0.000037639,0.002928908,-0.021213731,0.003268193,0.021662917,0.003247822,0.000143025
253,254,0.547305141,-1.056452256,0.547305141,-1.056452256,0.547184470,-1.052979295,-0.000184396,0.000157532,0.003254417,0.003263441,0.003502517,0.003472961,0.002628188,-0.020782346,0.003282990,0.021203568,0.003263441,0.003502517
254,255,0.566642883,1.051102995,0.566642883,1.051102995,0.566696916,1.047660562,0.000023220,0.000098231,0.003529026,0.003530470,0.003664414,-0.003442433,0.002740228,-0.021484326,0.003551538,0.021947632,0.003530470,0.003664414
255,256,0.707336633,0.692920872,0.707336633,0.692920872,0.707033222,0.688455020,-0.000342404,0.000194669,0.003652259,0.003673436,0.004485405,-0.004465852,0.004270320,-0.026759885,0.003693412,0.027349010,0.003673436,0.004485405
256,257,0.567426641,-4.467464907,0.567426641,-4.467464906,0.567314879,-4.465389609,-0.000174299,0.000229975,0.003903227,0.003913879,0.002145441,0.002075297,0.001879200,-0.021657231,0.003930708,0.022091118,0.003913879,0.002145441
257,258,0.679320465,3.292584465,0.679320465,3.292584466,0.679103077,3.297299786,-0.000199821,0.000263991,0.004256645,0.004269502,0.004959946,0.004715320,0.003614195,-0.025791218,0.004290818,0.026394326,0.004269502,0.004959946
258,259,0.542222801,2.054600416,0.542222801,2.054600416,0.542133647,2.059693787,-0.000208643,0.000147915,0.003596951,0.003606032,0.005369884,0.005093371,0.003945789,-0.020369075,0.003623447,0.021061763,0.003606032,0.005369884
259,260,0.550352057,0.145373754,0.550352057,0.145373755,0.550187368,0.147358000,-0.000133729,0.000312088,0.004427429,0.004440429,0.002923250,0.001984245,0.003457067,-0.020968356,0.004457164,0.021713810,0.004440429,0.002923250
260,261,0.561710795,-1.681175838,0.561710795,-1.681175838,0.561527694,-1.682551742,-0.000140149,0.000201909,0.003254405,0.003263672,0.001883507,-0.001375904,0.002629869,-0.021462787,0.003282108,0.021870978,0.003263672,0.001883507
261,262,0.530383355,2.063087371,0.530383355,2.063087371,0.530404071,2.065509626,-0.000077946,0.000300582,0.003272703,0.003287402,0.002487235,0.002422255,0.004235419,-0.020101374,0.003299515,0.020806028,0.003287402,0.002487235
262,263,0.556490408,1.429225902,0.556490408,1.429225902,0.556454033,1.426876275,-0.000002647,0.000388765,0.003992821,0.004011703,0.002393484,-0.002349628,0.004605726,-0.021178031,0.004017810,0.022042334,0.004011703,0.002393484
263,264,0.575839586,-2.385938977,0.575839586,-2.385938977,0.575892330,-2.387360576,-0.000116397,0.000323879,0.003257072,0.003275204,0.001566918,-0.001421599,0.003609827,-0.021995415,0.003288702,0.022530971,0.003275204,0.001566918
264,265,0.582328057,0.228357600,0.582328057,0.228357600,0.582324023,0.227919817,-0.000046038,0.000339257,0.003255152,0.003273107,0.000781240,-0.000437783,0.003619247,-0.022267102,0.003288645,0.022797762,0.003273107,0.000781240
265,266,0.748985481,2.041688346,0.748985481,2.041688346,0.748974940,2.041637595,-0.000053057,-0.000019541,0.003266306,0.003266795,0.001381145,-0.000050751,0.005410661,-0.028059880,0.003297838,0.028766436,0.003266795,0.001381145
266,267,0.311657437,-5.109770435,0.311657437,-5.109770435,0.311512669,-5.108846136,-0.000204703,0.000113003,0.003239425,0.003247852,0.001267966,0.000924299,0.000289417,-0.011893522,0.003251270,0.012333304,0.003247852,0.001267966
267,268,0.742102846,-1.453008817,0.742102846,-1.453008817,0.741920753,-1.452129888,-0.000312718,0.000226016,0.003250980,0.003273797,0.000906188,0.000878929,0.002523225,-0.028468182,0.003296198,0.028769236,0.003273797,0.000906188
268,269,0.599384912,2.118864988,0.599384912,2.118864988,0.599076204,2.117566867,-0.000308709,0.000086398,0.003617860,0.003632035,0.001350101,-0.001298121,0.002993997,-0.022717111,0.003644228,0.023201542,0.003632035,0.001350101
269,270,0.604460745,-0.759674889,0.604460745,-0.759674889,0.604254267,-0.759147178,-0.000274899,-0.000011091,0.003260987,0.003272573,0.000610421,0.000527710,0.002815844,-0.022867304,0.003283800,0.023272858,0.003272573,0.000610421
270,271,0.597099352,-1.731985007,0.597099352,-1.731985007,0.596926635,-1.729045506,-0.000256302,0.000034198,0.003339292,0.003349288,0.002986972,0.002939501,0.001659467,-0.022732158,0.003363571,0.023039498,0.003349288,0.002986972
271,272,0.614754692,1.396883912,0.614754692,1.396883913,0.614389763,1.397170826,-0.000464027,-0.000113637,0.003295698,0.003330144,0.000495428,0.000286913,0.002927832,-0.023192413,0.003318514,0.023610860,0.003330144,0.000495428
272,273,0.760549877,2.454736712,0.760549877,2.454736713,0.760107230,2.455620103,-0.000502687,0.000024844,0.003297864,0.003336048,0.000912367,0.000883391,0.005011546,-0.028692667,0.003331649,0.029316968,0.003336048,0.000912367
273,274,0.597550989,1.887925873,0.597550989,1.887925874,0.597060035,1.887753918,-0.000530454,0.000014042,0.003310594,0.003352851,0.000492310,-0.000171956,0.004888076,-0.022305827,0.003326486,0.023076151,0.003352851,0.000492310
274,275,0.592557529,-1.003642754,0.592557529,-1.003642754,0.591976824,-1.004805409,-0.000643554,-0.000076731,0.003777029,0.003832232,0.001520927,-0.001162655,0.004449839,-0.022126748,0.003793044,0.022886267,0.003832232,0.001520927
275,276,0.576277182,-0.251243747,0.576277182,-0.251243747,0.575878262,-0.249226319,-0.000535998,-0.000007524,0.003267448,0.003311128,0.002527645,0.002017428,0.003753532,-0.021702917,0.003294245,0.022270107,0.003311128,0.002527645
276,277,0.751343586,-0.283390043,0.751343586,-0.283390043,0.750695186,-0.281724956,-0.000649792,-0.000186579,0.003353007,0.003420482,0.002105324,0.001665087,0.005282755,-0.028074498,0.003388678,0.028767483,0.003420482,0.002105324
277,278,0.598574216,1.589318922,0.598574216,1.589318922,0.597911314,1.592966677,-0.000782378,-0.000023337,0.003325509,0.003416383,0.003696704,0.003647754,0.004872583,-0.022358524,0.003360346,0.023128717,0.003416383,0.003696704
278,279,0.769264472,-5.234514565,0.769264472,-5.234514565,0.768444916,-5.231673432,-0.000878135,0.000022222,0.003367988,0.003480655,0.002897720,0.002841134,0.003983992,-0.029280735,0.003415358,0.029747240,0.003480655,0.002897720
279,280,0.603172869,1.853692180,0.603172869,1.853692180,0.602541844,1.859027116,-0.000659948,0.000054509,0.003307994,0.003373622,0.005338415,0.005334936,0.003546448,-0.022914447,0.003343441,0.023427073,0.003373622,0.005338415
280,281,0.591377690,2.234127646,0.591377690,2.234127646,0.590488934,2.238578412,-0.000960740,0.000029487,0.003430188,0.003562314,0.004522750,0.004450766,0.004962492,-0.022248260,0.003469455,0.023057504,0.003562314,0.004522750
281,282,0.632824338,2.448943619,0.632824338,2.448943619,0.631913548,2.451850604,-0.000998402,0.000263212,0.003405188,0.003558285,0.003187224,0.002906985,0.005908963,-0.023952888,0.003449784,0.024910996,0.003558285,0.003187224
282,283,0.611682127,2.529488112,0.611682127,2.529488112,0.610261536,2.531287745,-0.001464174,0.000633434,0.005298439,0.005533398,0.004284765,0.001799633,0.007207963,-0.023157585,0.005356162,0.024837813,0.005533398,0.004284765
283,284,0.477439404,-8.204515263,0.477439404,-8.204515263,0.476650653,-8.203021781,-0.000786580,0.000291457,0.003354732,0.003458018,0.001840300,0.001493482,0.001128006,-0.018654039,0.003372176,0.018989922,0.003458018,0.001840300
284,285,0.295047382,-6.758304633,0.295047382,-6.758304633,0.294185747,-6.753075259,-0.000870571,0.000231402,0.003583241,0.003694734,0.005338913,0.005229374,-0.000452256,-0.011494618,0.003599853,0.012053618,0.003694734,0.005338913
285,286,0.601254135,2.893038023,0.601254135,2.893038023,0.600412123,2.892067682,-0.000943407,0.000289903,0.003633955,0.003765593,0.001603163,-0.000970341,0.001843990,-0.023510175,0.003670563,0.023866329,0.003765593,0.001603163
286,287,0.634040595,3.307984795,0.634040595,3.307984795,0.633041434,3.303694782,-0.001033375,0.000320250,0.004081034,0.004221998,0.004313824,-0.004290013,0.003614949,-0.024643374,0.004124669,0.025246319,0.004221998,0.004313824
287,288,0.604413051,3.734879621,0.604413051,3.734879621,0.603634377,3.728808191,-0.000929246,0.000494704,0.003881341,0.004021572,0.006253568,-0.006071430,0.004974474,-0.023334203,0.003928755,0.024179858,0.004021572,0.006253568
288,289,0.641746380,0.689759422,0.641746380,0.689759422,0.640689434,0.685300403,-0.001004205,0.000175103,0.003789148,0.003923867,0.004464611,-0.004459020,0.004797726,-0.024439875,0.003826909,0.025198629,0.003923867,0.004464611
289,290,0.621722415,2.103980835,0.621722415,2.103980835,0.621104732,2.097216564,-0.000706434,0.000278330,0.003351808,0.003436733,0.006896579,-0.006764271,0.005826116,-0.023511945,0.003377286,0.024457335,0.003436733,0.006896579
290,291,0.761442980,-0.893735416,0.761442980,-0.893735416,0.760854864,-0.900226601,-0.000655431,0.000232661,0.003320224,0.003392286,0.006601247,-0.006491185,0.005676101,-0.028948091,0.003360840,0.029690155,0.003392286,0.006601247
291,292,0.607502163,2.349327966,0.607502163,2.349327967,0.606900551,2.338845459,-0.000632382,0.000127784,0.003320812,0.003382902,0.010582626,-0.010482508,0.006441577,-0.022503528,0.003349661,0.023645780,0.003382902,0.010582626
292,293,0.631638874,-4.235163723,0.631638874,-4.235163723,0.631104283,-4.242662955,-0.000596153,0.000154162,0.003401356,0.003456644,0.007546820,-0.007499232,0.004694201,-0.023788542,0.003439290,0.024489977,0.003456644,0.007546820
293,294,0.628943909,2.671837467,0.628943909,2.671837467,0.628551821,2.668133661,-0.000532025,0.000019134,0.003285982,0.003328828,0.003923372,-0.003703805,0.005675058,-0.023241362,0.003326547,0.024154360,0.003328828,0.003923372
294,295,0.623774008,-3.841767330,0.623774008,-3.841767329,0.623368421,-3.849946895,-0.000414632,0.000143775,0.003949503,0.003973810,0.008350042,-0.008179566,0.003387614,-0.023533605,0.003971055,0.024105513,0.003973810,0.008350042
295,296,0.620432390,0.649529770,0.620432390,0.649529771,0.620268796,0.641366791,-0.000212196,0.000130264,0.003503802,0.003512638,0.008172372,-0.008162979,0.003717172,-0.023244592,0.003535395,0.023803938,0.003512638,0.008172372
296,297,0.617484885,1.940607079,0.617484885,1.940607079,0.617257885,1.937225754,-0.000306191,0.000135795,0.003270491,0.003287599,0.003667362,-0.003381325,0.004310668,-0.022925714,0.003306516,0.023560630,0.003287599,0.003667362
297,298,0.634991806,-3.887522294,0.634991806,-3.887522293,0.634650507,-3.892881782,-0.000462640,0.000068042,0.003293689,0.003326718,0.005647752,-0.005359488,0.003190925,-0.023706506,0.003321082,0.024149742,0.003326718,0.005647752
298,299,0.643075306,2.256880577,0.643075306,2.256880577,0.642732603,2.254241125,-0.000419081,0.000073282,0.003276768,0.003304271,0.002677889,-0.002639452,0.004709186,-0.023708758,0.003319059,0.024398725,0.003304271,0.002677889
299,300,0.629948602,-5.919344964,0.629948602,-5.919344963,0.629634246,-5.916193805,-0.000392820,0.000045195,0.003268539,0.003292369,0.003211830,0.003151159,0.001158556,-0.023572155,0.003300189,0.023830233,0.003292369,0.003211830
300,301,0.633510632,3.118800023,0.633510632,3.118800023,0.633207657,3.121247422,-0.000303204,0.000041025,0.003254041,0.003268394,0.002449710,0.002447399,0.003401489,-0.023545754,0.003280709,0.024015322,0.003268394,0.002449710
301,302,0.626153600,3.161557440,0.626153600,3.161557440,0.625921988,3.161015232,-0.000279244,0.000145537,0.003267417,0.003282556,0.000852259,-0.000542208,0.004145100,-0.023272502,0.003298321,0.023867763,0.003282556,0.000852259
302,303,0.501593844,-0.839077258,0.501593844,-0.839077258,0.501377425,-0.838902847,-0.000244488,0.000087999,0.003243350,0.003253742,0.000414381,0.000174411,0.002840718,-0.018696155,0.003265348,0.019190581,0.003253742,0.000414381
303,304,0.632145582,-0.127939595,0.632145582,-0.127939595,0.631802125,-0.126324416,-0.000392507,0.000065788,0.003254005,0.003278252,0.001913680,0.001615178,0.004011004,-0.023448624,0.003286887,0.024015198,0.003278252,0.001913680
304,305,0.803145199,-6.105266997,0.803145199,-6.105266997,0.802896379,-6.106475112,-0.000394674,-0.000045127,0.003256710,0.003280848,0.001332426,-0.001208115,0.001120184,-0.030136898,0.003299895,0.030337712,0.003280848,0.001332426
305,306,0.641151058,1.120288961,0.641151058,1.120288961,0.640863097,1.119941379,-0.000355464,-0.000090054,0.003265377,0.003285902,0.000811010,-0.000347582,0.001992649,-0.023882546,0.003294750,0.024190950,0.003285902,0.000811010
306,307,0.830685771,2.978969857,0.830685771,2.978969857,0.830146203,2.978622580,-0.000525477,-0.000043353,0.003255023,0.003297450,0.000418099,-0.000347277,0.003890145,-0.030902836,0.003303370,0.031321410,0.003297450,0.000418099
307,308,0.642082362,2.009849460,0.642082362,2.009849460,0.641719378,2.007267710,-0.000471733,-0.000030261,0.003275305,0.003309240,0.002598885,-0.002581750,0.003974023,-0.023743357,0.003311164,0.024300281,0.003309240,0.002598885
308,309,0.636791187,1.710364702,0.636791187,1.710364702,0.636594755,1.710097801,-0.000220742,0.000063991,0.003247548,0.003255670,0.000362487,-0.000266901,0.004774906,-0.023466006,0.003275649,0.024169879,0.003255670,0.000362487
309,310,0.650953637,-0.794585368,0.650953637,-0.794585368,0.650517501,-0.795272882,-0.000482352,-0.000164435,0.003277214,0.003316600,0.001148821,-0.000687514,0.004538022,-0.023815067,0.003306669,0.024468043,0.003316600,0.001148821
310,311,0.811394447,-1.896982817,0.811394447,-1.896982817,0.811102463,-1.898074992,-0.000386969,0.000030826,0.003352594,0.003374993,0.001540971,-0.001092174,0.004222723,-0.030181627,0.003400651,0.030664743,0.003374993,0.001540971
311,312,0.647981387,-1.688667592,0.647981387,-1.688667592,0.647510769,-1.689763652,-0.000497990,-0.000080875,0.003284437,0.003322960,0.001181517,-0.001096060,0.002498603,-0.024068407,0.003313252,0.024423531,0.003322960,0.001181517
312,313,0.626105557,2.055094249,0.626105557,2.055094249,0.625720475,2.055399974,-0.000514817,-0.000076643,0.003266234,0.003307446,0.000475373,0.000305725,0.003710244,-0.023068556,0.003297716,0.023596592,0.003307446,0.000475373
313,314,0.641727745,2.076636366,0.641727745,2.076636366,0.641295589,2.079631129,-0.000460657,-0.000034273,0.003666915,0.003695896,0.003167511,0.002994763,0.004505773,-0.023559518,0.003695636,0.024269541,0.003695896,0.003167511
314,315,0.459567646,-6.249597009,0.459567646,-6.249597008,0.459007683,-6.245667490,-0.000646708,-0.000041527,0.003274489,0.003337998,0.004035340,0.003929518,0.000554913,-0.017098089,0.003295483,0.017421618,0.003337998,0.004035340
315,316,0.648508733,-0.051743765,0.648508733,-0.051743765,0.648051860,-0.049632854,-0.000527344,-0.000078977,0.003390095,0.003431774,0.002322278,0.002110911,0.001806977,-0.024204693,0.003425481,0.024512573,0.003431774,0.002322278
316,317,0.503885291,1.893080056,0.503885291,1.893080057,0.503615868,1.894014900,-0.000320262,0.000091835,0.003256215,0.003273215,0.001321075,0.000934843,0.002020352,-0.018925541,0.003276110,0.019312971,0.003273215,0.001321075
317,318,0.641700283,2.020725314,0.641700283,2.020725314,0.641327690,2.023207942,-0.000459749,0.000084070,0.003258630,0.003291976,0.002517235,0.002482628,0.003421409,-0.023977898,0.003292888,0.024443583,0.003291976,0.002517235
318,319,0.647008175,-4.182255174,0.647008175,-4.182255174,0.646475335,-4.182438552,-0.000568803,-0.000005812,0.003395750,0.003443064,0.000314142,-0.000183378,0.001589185,-0.024324071,0.003432669,0.024616440,0.003443064,0.000314142
319,320,0.654194359,-1.076085808,0.654194359,-1.076085808,0.653816654,-1.075222549,-0.000481144,-0.000021047,0.003627028,0.003658863,0.001381977,0.000863259,0.001005371,-0.024567349,0.003665601,0.024859647,0.003658863,0.001381977
320,321,0.630692149,2.303254881,0.630692149,2.303254881,0.630343321,2.307026824,-0.000402130,0.000038483,0.003771339,0.003792912,0.003887668,0.003771943,0.002591690,-0.023638682,0.003794326,0.024081134,0.003792912,0.003887668
321,322,0.643858654,2.266842266,0.643858654,2.266842266,0.643623134,2.267774741,-0.000343489,-0.000037559,0.003523992,0.003540892,0.001016726,0.000932475,0.002916567,-0.024069504,0.003557298,0.024505137,0.003540892,0.001016726
322,323,0.627362956,-0.642857473,0.627362956,-0.642857473,0.626983224,-0.641396377,-0.000479892,0.000005454,0.003269871,0.003304903,0.001483230,0.001461096,0.002957346,-0.023489056,0.003304728,0.023904035,0.003304903,0.001483230
323,324,0.655741801,-1.864304561,0.655741801,-1.864304561,0.655361701,-1.860774189,-0.000443958,0.000026563,0.003252156,0.003282427,0.003535829,0.003530371,0.001931724,-0.024702436,0.003286238,0.024994825,0.003282427,0.003535829
324,325,0.640279454,1.732916455,0.640279454,1.732916456,0.639874167,1.735415910,-0.000458336,0.000007561,0.003257231,0.003289328,0.002519890,0.002499454,0.002976845,-0.024017605,0.003293373,0.024424440,0.003289328,0.002519890
325,326,0.642605292,1.043741287,0.642605292,1.043741287,0.642255210,1.041633584,-0.000436674,0.000089060,0.003278010,0.003308167,0.002465599,-0.002107703,0.003323385,-0.024208604,0.003310949,0.024658949,0.003308167,0.002465599
326,327,0.314169662,-6.160796829,0.314169662,-6.160796829,0.313906113,-6.162786521,-0.000430750,0.000091303,0.003265815,0.003295365,0.002467162,-0.001989692,-0.000626048,-0.011879621,0.003282940,0.012340787,0.003295365,0.002467162
327,328,0.640563638,-2.616494474,0.640563638,-2.616494474,0.640102227,-2.616312833,-0.000503599,0.000072471,0.003278058,0.003317307,0.000385327,0.000181641,-0.000710386,-0.024265715,0.003318548,0.024501884,0.003317307,0.000385327
328,329,0.646444993,2.914721484,0.646444993,2.914721484,0.646064388,2.913459833,-0.000427636,0.000100872,0.003266861,0.003296275,0.001285609,-0.001261651,0.001184909,-0.024503690,0.003304246,0.024753845,0.003296275,0.001285609
329,330,0.657468459,3.152447512,0.657468459,3.152447512,0.657247124,3.150182284,-0.000269100,0.000096348,0.003259638,0.003272145,0.002389388,-0.002265228,0.002304664,-0.024820610,0.003291616,0.025143765,0.003272145,0.002389388
330,331,0.502037385,2.524317959,0.502037385,2.524317959,0.501877371,2.524323134,-0.000227320,-0.000000812,0.003248840,0.003256783,0.000541531,0.000005175,0.002111467,-0.018808562,0.003266353,0.019206492,0.003256783,0.000541531
331,332,0.667715805,3.216134387,0.667715805,3.216134387,0.667589042,3.218458650,-0.000177268,0.000117958,0.003248279,0.003255250,0.002373551,0.002324262,0.005062280,-0.024816511,0.003278763,0.025538915,0.003255250,0.002373551
332,333,0.647171322,1.863362521,0.647171321,1.863362521,0.646989974,1.865724596,-0.000225822,0.000069492,0.003264853,0.003273392,0.002712688,0.002362075,0.005063132,-0.023977592,0.003297705,0.024727214,0.003273392,0.002712688
333,334,0.509704493,-2.510209788,0.509704493,-2.510209788,0.509445618,-2.510436827,-0.000351778,0.000067421,0.003249492,0.003269173,0.001624515,-0.000227038,0.002919196,-0.019040051,0.003268421,0.019537856,0.003269173,0.001624515
334,335,0.664385879,-5.293282138,0.664385879,-5.293282138,0.664189547,-5.292444632,-0.000206496,-0.000115356,0.003262778,0.003271340,0.001009209,0.000837506,0.001474699,-0.024982716,0.003295679,0.025242273,0.003271340,0.001009209
335,336,0.654703441,-2.573167302,0.654703441,-2.573167302,0.654571797,-2.572228233,-0.000191208,-0.000043879,0.003251527,0.003257440,0.001157633,0.000939070,0.000423620,-0.024743924,0.003278662,0.024963791,0.003257440,0.001157633
336,337,0.656702135,3.330274967,0.656702135,3.330274967,0.656550319,3.330936405,-0.000198725,-0.000080218,0.003340070,0.003346938,0.000861657,0.000661438,0.002538153,-0.024653978,0.003374065,0.025012900,0.003346938,0.000861657
337,338,0.660034411,-3.059921373,0.660034411,-3.059921373,0.659961994,-3.058618164,-0.000115763,0.000039968,0.003266808,0.003269103,0.001884887,0.001303209,0.000412289,-0.025021187,0.003297874,0.025240954,0.003269103,0.001884887
338,339,0.495991592,-5.727486504,0.495991592,-5.727486504,0.495923541,-5.727329384,-0.000144606,-0.000130873,0.003466099,0.003471581,0.001275305,0.000157120,-0.001455177,-0.018571847,0.003475120,0.018950132,0.003471581,0.001275305
339,340,0.662997538,2.536662989,0.662997538,2.536662989,0.662936281,2.537891896,-0.000114093,-0.000164896,0.003365992,0.003371959,0.001911526,0.001228907,-0.000317063,-0.024948609,0.003390256,0.025179901,0.003371959,0.001911526
340,341,0.491019826,-6.308932388,0.491019826,-6.308932388,0.491017620,-6.307766744,-0.000157548,-0.000107809,0.003252555,0.003258153,0.001245450,0.001165643,-0.003855047,-0.018086542,0.003262259,0.018778358,0.003258153,0.001245450
341,342,0.323056166,-6.486211083,0.323056166,-6.486211084,0.322856036,-6.487156832,-0.000162454,0.000015028,0.003242848,0.003246949,0.001830998,-0.000945749,-0.004248692,-0.011468471,0.003252187,0.012655194,0.003246949,0.001830998
342,343,0.648654538,-6.507207888,0.648654538,-6.507207889,0.648568086,-6.506406921,-0.000252632,0.000005901,0.003604227,0.003613075,0.001414854,0.000800968,-0.009403957,-0.022749529,0.003637041,0.024883801,0.003613075,0.001414854
343,344,0.325231006,-9.565706880,0.325231006,-9.565706881,0.325092374,-9.564313569,-0.000199344,-0.000059754,0.003251971,0.003258623,0.001695152,0.001393312,-0.007544778,-0.009615797,0.003261374,0.012650051,0.003258623,0.001695152
344,345,0.336893787,-8.089751800,0.336893787,-8.089751801,0.336802773,-8.087725845,-0.000155480,-0.000058501,0.003227723,0.003231995,0.002688799,0.002025956,-0.008811911,-0.009097334,0.003237704,0.013072643,0.003231995,0.002688799
345,346,0.829504778,-8.461411676,0.829504778,-8.461411676,0.829494022,-8.463823603,-0.000130491,0.000225780,0.004862355,0.004869343,0.003656087,-0.002411926,-0.023383680,-0.021455107,0.004922191,0.032114578,0.004869343,0.003656087
346,347,0.341451656,-7.769744036,0.341451656,-7.769744037,0.341449234,-7.774074146,-0.000199116,0.000106526,0.003978201,0.003984605,0.004473650,-0.004330109,-0.011628611,-0.005804435,0.003989548,0.013595313,0.003984605,0.004473650
347,348,0.326802535,-6.346966862,0.326802535,-6.346966862,0.326583798,-6.350058314,-0.000280475,0.000031784,0.003247403,0.003259647,0.003626469,-0.003091452,-0.010757841,-0.006102175,0.003260329,0.012790521,0.003259647,0.003626469
348,349,0.506705444,3.394722238,0.506705444,3.394722237,0.506341832,3.392026785,-0.000410666,0.000186947,0.003587830,0.003616092,0.003280091,-0.002695452,-0.016068763,-0.010705365,0.003622065,0.019645084,0.003616092,0.003280091
349,350,0.509911008,-6.572987637,0.509911008,-6.572987638,0.509656736,-6.570095657,-0.000378098,-0.000232419,0.003278235,0.003308141,0.004287457,0.002891980,-0.017534939,-0.007293955,0.003301470,0.019276295,0.003308141,0.004287457
350,351,0.174122574,-7.142084635,0.174122574,-7.142084636,0.174145416,-7.139325144,-0.000391263,-0.000078115,0.003289877,0.003313983,0.003196536,0.002759491,-0.006354280,0.000091334,0.003306013,0.007163445,0.003313983,0.003196536
351,352,0.167997009,-6.951811670,0.167997009,-6.951811670,0.167772021,-6.950440015,-0.000331929,-0.000237141,0.003293949,0.003319114,0.001609977,0.001371655,-0.006016654,0.000033249,0.003299934,0.006862273,0.003319114,0.001609977
352,353,0.169830703,-6.510661019,0.169830703,-6.510661019,0.169384260,-6.509447069,-0.000472977,-0.000117393,0.003295899,0.003331732,0.001227003,0.001213950,-0.006038686,0.001098702,0.003310414,0.006973644,0.003331732,0.001227003
353,354,0.169194178,-5.405691929,0.169194178,-5.405691929,0.169127095,-5.402469367,-0.000302282,-0.000252709,0.003240963,0.003264825,0.003603699,0.003222562,-0.006054130,0.000692292,0.003245914,0.006904182,0.003264825,0.003603699
354,355,0.637269174,6.540833996,0.637269174,6.540833995,0.636861626,6.544306732,-0.000491125,-0.000172342,0.003291093,0.003331996,0.003623366,0.003472737,-0.023717669,-0.003756973,0.003327931,0.024242891,0.003331996,0.003623366
355,356,0.144597282,8.294051891,0.144597282,8.294051890,0.144136107,8.296978525,-0.000562673,-0.000080870,0.003407779,0.003454866,0.003079466,0.002926634,-0.004063039,-0.003625596,0.003431452,0.006436466,0.003454866,0.003079466
356,357,0.145751576,7.695101963,0.145751576,7.695101962,0.145135310,7.695381844,-0.000679695,0.000052729,0.003685767,0.003748285,0.001500234,0.000279882,-0.003939128,-0.003909321,0.003717364,0.006679694,0.003748285,0.001500234
357,358,0.146221053,6.795403168,0.146221053,6.795403167,0.145823888,6.794651577,-0.000634476,0.000221537,0.004368801,0.004420188,0.001775937,-0.000751590,-0.003711385,-0.004120774,0.004402859,0.007080984,0.004420188,0.001775937
358,359,0.599938396,-6.981809268,0.599938396,-6.981809268,0.599450867,-6.985820597,-0.000716288,0.000218388,0.004624798,0.004685031,0.004358764,-0.004011329,-0.021257833,-0.008051449,0.004688537,0.023209990,0.004685031,0.004358764
359,360,0.326412365,-9.810530196,0.326412365,-9.810530196,0.325887918,-9.809683302,-0.000675632,0.000006149,0.004907560,0.004953853,0.001684145,0.000846894,-0.011953874,-0.001664605,0.004936264,0.013039659,0.004953853,0.001684145
360,361,0.537013671,3.392886691,0.537013671,3.392886690,0.536292893,3.396135562,-0.000801510,-0.000180776,0.004301546,0.004379314,0.003476842,0.003248872,-0.019067610,-0.006222920,0.004342501,0.020522081,0.004379314,0.003476842
361,362,0.575935465,2.440241979,0.575935465,2.440241978,0.575186744,2.445725833,-0.000828486,-0.000204538,0.004059777,0.004148495,0.005521583,0.005483854,-0.020317571,-0.007096446,0.004106719,0.021909550,0.004148495,0.005521583
362,363,0.653105688,-5.038928416,0.653105688,-5.038928416,0.652589511,-5.042203360,-0.000596109,-0.000065985,0.005297785,0.005331625,0.003366383,-0.003274943,-0.023963305,-0.005320707,0.005339930,0.025121002,0.005331625,0.003366383
363,364,0.653314876,3.507784923,0.653314876,3.507784923,0.652841783,3.504846544,-0.000577033,0.000128414,0.004870938,0.004906679,0.002962068,-0.002938379,-0.023684305,-0.007341416,0.004917092,0.025278855,0.004906679,0.002962068
364,365,0.500537910,-2.617908260,0.500537910,-2.617908260,0.500007430,-2.622683577,-0.000739605,0.000000593,0.004988863,0.005043388,0.004834983,-0.004775317,-0.018390541,-0.003883552,0.005032676,0.019458207,0.005043388,0.004834983
365,366,0.339171250,-7.500571947,0.339171250,-7.500571947,0.338653054,-7.501757006,-0.000574515,-0.000035706,0.004090373,0.004130678,0.001870794,-0.001185059,-0.012624244,-0.000422547,0.004116769,0.013285250,0.004130678,0.001870794
366,367,0.629923604,1.316687356,0.629923604,1.316687356,0.629522034,1.317545521,-0.000533951,-0.000237443,0.004219507,0.004259779,0.001390434,0.000858165,-0.023301050,-0.003088306,0.004247708,0.023885552,0.004259779,0.001390434
367,368,0.621439408,3.032447265,0.621439408,3.032447265,0.620984174,3.032360653,-0.000460924,-0.000125052,0.004582495,0.004607315,0.000926780,-0.000086612,-0.022935042,-0.004021006,0.004621397,0.023739038,0.004607315,0.000926780
368,369,0.622752099,1.077467959,0.622752099,1.077467959,0.622250052,1.079121155,-0.000687374,-0.000025727,0.005372056,0.005415914,0.001723292,0.001653196,-0.022909709,-0.004927735,0.005419443,0.024052187,0.005415914,0.001723292
369,370,0.619342358,-3.733758451,0.619342358,-3.733758451,0.618888176,-3.729077057,-0.000524075,-0.000506777,0.005163039,0.005214255,0.004735427,0.004681395,-0.022712978,-0.002228790,0.005176683,0.023401815,0.005214255,0.004735427
370,371,0.611072733,2.292449521,0.611072733,2.292449521,0.610563848,2.301519903,-0.000736815,-0.000270042,0.004583960,0.004650646,0.009115199,0.009070382,-0.022369273,-0.004641246,0.004635803,0.023311289,0.004650646,0.009115199
371,372,0.636662486,2.473482506,0.636662486,2.473482506,0.635917773,2.485298954,-0.000727765,-0.000124216,0.004823626,0.004879799,0.011975285,0.011816449,-0.023356456,-0.005524686,0.004876685,0.024491391,0.004879799,0.011975285
372,373,0.649249996,-3.244987781,0.649249996,-3.244987781,0.648712472,-3.237545142,-0.000572221,-0.000110473,0.003601607,0.003648453,0.007507594,0.007442639,-0.024433011,-0.003793426,0.003638713,0.024992045,0.003648453,0.007507594
373,374,0.619611884,0.912017192,0.619611884,0.912017191,0.618903751,0.920515499,-0.000778902,-0.000187723,0.004602497,0.004671714,0.008642958,0.008498307,-0.023126574,-0.004803082,0.004659453,0.024075268,0.004671714,0.008642958
374,375,0.553684234,0.004198221,0.553684234,0.004198220,0.553100372,0.007127184,-0.000891669,0.000130111,0.004404034,0.004495277,0.002932612,0.002928964,-0.021015855,-0.004514786,0.004472887,0.021955778,0.004495277,0.002932612
375,376,0.558105557,2.845370035,0.558105557,2.845370034,0.557209893,2.851639263,-0.000947270,0.000120052,0.003693684,0.003815106,0.006293918,0.006269229,-0.021022570,-0.005343310,0.003767862,0.022015817,0.003815106,0.006293918
376,377,0.552040550,1.505836483,0.552040550,1.505836483,0.551268523,1.512660558,-0.000860799,0.000172962,0.004172742,0.004264114,0.006853719,0.006824075,-0.020511276,-0.006837463,0.004238542,0.022032443,0.004264114,0.006853719
377,378,0.593354744,-2.003525112,0.593354744,-2.003525113,0.592674183,-1.992846256,-0.000692649,-0.000006241,0.003881117,0.003942445,0.010738407,0.010678856,-0.022519274,-0.005172016,0.003935453,0.023438329,0.003942445,0.010738407
378,379,0.613238846,-0.776274420,0.613238846,-0.776274420,0.612688299,-0.767646792,-0.000641388,0.000168286,0.003307626,0.003373439,0.008630737,0.008627628,-0.023602596,-0.005378330,0.003363097,0.024440119,0.003373439,0.008630737
379,380,0.514103015,-3.463655411,0.514103015,-3.463655411,0.513427242,-3.455370438,-0.000700982,0.000020745,0.003271852,0.003346165,0.008323481,0.008284973,-0.019983077,-0.002733555,0.003330751,0.020442348,0.003346165,0.008323481
380,381,0.509504397,1.718375895,0.509504397,1.718375895,0.508856928,1.727324483,-0.000696940,0.000182305,0.003318277,0.003395574,0.008953428,0.008948589,-0.019769120,-0.004356876,0.003383054,0.020524267,0.003395574,0.008953428
381,382,0.532136382,1.330162238,0.532136382,1.330162238,0.531384444,1.339512874,-0.000781647,0.000106048,0.003666335,0.003750231,0.009503279,0.009350636,-0.020624619,-0.004821653,0.003726918,0.021506119,0.003750231,0.009503279
382,383,0.550080620,-0.622028414,0.550080620,-0.622028414,0.549499458,-0.616498073,-0.000684742,0.000272458,0.003300945,0.003382210,0.005603869,0.005530341,-0.021623914,-0.004830557,0.003365766,0.022411076,0.003382210,0.005603869
383,384,0.398489626,-5.851276577,0.398489626,-5.851276578,0.397929893,-5.845433671,-0.000572626,0.000178810,0.003260999,0.003315718,0.005921764,0.005842906,-0.016004426,-0.000546367,0.003302607,0.016350761,0.003315718,0.005921764
384,385,0.547682974,0.902619586,0.547682974,0.902619586,0.547145632,0.912679897,-0.000622955,-0.000024423,0.003265094,0.003324080,0.010061024,0.010060311,-0.021663551,-0.003101063,0.003321780,0.022135046,0.003324080,0.010061024
385,386,0.554670974,2.390220204,0.554670974,2.390220203,0.554179963,2.398930879,-0.000523598,-0.000040211,0.003266774,0.003308714,0.008826276,0.008710675,-0.021917459,-0.003679205,0.003315461,0.022470066,0.003308714,0.008826276
386,387,0.585165085,2.215639124,0.585165085,2.215639124,0.584563713,2.224915514,-0.000716638,0.000065642,0.003253340,0.003331982,0.009298602,0.009276391,-0.023140542,-0.005015356,0.003319571,0.023909371,0.003331982,0.009298602
387,388,0.579983063,2.199650552,0.579983063,2.199650552,0.579444071,2.207843338,-0.000599085,-0.000092645,0.003257058,0.003312992,0.008203310,0.008192785,-0.022665880,-0.005745202,0.003310655,0.023615882,0.003312992,0.008203310
388,389,0.602031631,2.216070806,0.602031631,2.216070806,0.601500927,2.225346434,-0.000612754,-0.000147503,0.003245232,0.003305867,0.009334187,0.009275628,-0.023439072,-0.006326270,0.003302657,0.024501415,0.003305867,0.009334187
389,390,0.460932247,-6.392445866,0.460932247,-6.392445866,0.460450312,-6.384586236,-0.000549712,0.000002022,0.003236475,0.003282828,0.007910423,0.007859630,-0.018573596,-0.002377785,0.003281820,0.019010593,0.003282828,0.007910423
390,391,0.611548906,0.507245230,0.611548906,0.507245229,0.611105288,0.514740078,-0.000542060,-0.000044920,0.003249256,0.003294467,0.007502674,0.007494849,-0.024665927,-0.004162965,0.003299865,0.025231475,0.003294467,0.007502674
391,392,0.614908729,0.762404170,0.614908729,0.762404170,0.614298379,0.772566101,-0.000657826,-0.000101121,0.003269071,0.003336133,0.010206750,0.010161932,-0.024703805,-0.004916306,0.003327758,0.025407126,0.003336133,0.010206750
392,393,0.623367379,-1.307755582,0.623367379,-1.307755582,0.622677223,-1.300163337,-0.000730188,-0.000075149,0.003268946,0.003350348,0.007619320,0.007592245,-0.025280619,-0.004492381,0.003328742,0.025891538,0.003350348,0.007619320
393,394,0.627526399,-4.391555013,0.627526399,-4.391555013,0.626770071,-4.381043942,-0.000799743,-0.000155474,0.003260441,0.003360690,0.010543846,0.010511072,-0.025756008,-0.001834264,0.003340217,0.026036388,0.003360690,0.010543846
394,395,0.630528068,1.965280127,0.630528068,1.965280127,0.629823209,1.976431446,-0.000808104,-0.000208868,0.003269143,0.003374012,0.011165874,0.011151319,-0.025795216,-0.003457099,0.003348187,0.026240333,0.003374012,0.011165874
395,396,0.648907254,2.059879942,0.648907254,2.059879941,0.648169800,2.075855460,-0.000806414,-0.000063838,0.003292500,0.003390419,0.016045663,0.015975519,-0.026626790,-0.004567470,0.003367637,0.027224781,0.003390419,0.016045663
396,397,0.644051321,2.215609137,0.644051321,2.215609137,0.643416185,2.222546108,-0.000700407,0.000014944,0.003254193,0.003328748,0.006939779,0.006936972,-0.026490901,-0.005763210,0.003322927,0.027313445,0.003328748,0.006939779
397,398,0.654484741,0.722810434,0.654484741,0.722810434,0.653769165,0.730638496,-0.000809639,0.000030818,0.003270819,0.003369677,0.007976201,0.007828063,-0.027014135,-0.005859297,0.003357190,0.027845387,0.003369677,0.007976201
398,399,0.496525895,-6.149272696,0.496525895,-6.149272696,0.495696900,-6.138300061,-0.000918072,-0.000088001,0.003253725,0.003381912,0.011097731,0.010972635,-0.020830214,-0.001454183,0.003334479,0.021145477,0.003381912,0.011097731
399,400,0.515557944,-1.198696021,0.515557944,-1.198696021,0.514715278,-1.188514207,-0.000936716,-0.000196297,0.003260512,0.003398074,0.010232791,0.010181814,-0.021591589,-0.002248949,0.003357094,0.021966442,0.003398074,0.010232791
400,401,0.654631410,2.221330684,0.654631410,2.221330684,0.653890374,2.234193543,-0.000831781,-0.000236243,0.003295634,0.003407180,0.012937869,0.012862859,-0.027521705,-0.003328284,0.003375840,0.027927012,0.003407180,0.012937869
401,402,0.512996929,-2.591327006,0.512996929,-2.591327006,0.512132518,-2.579085869,-0.000913062,-0.000160060,0.003309505,0.003436878,0.012251761,0.012241138,-0.021766673,-0.001512658,0.003378606,0.022079202,0.003436878,0.012251761
402,403,0.518108813,-3.168058875,0.518108813,-3.168058875,0.517484877,-3.155634822,-0.000713185,-0.000265256,0.003276766,0.003363954,0.012525939,0.012424052,-0.022075624,-0.000253128,0.003337635,0.022327943,0.003363954,0.012525939
403,404,0.512705121,-0.738023866,0.512705121,-0.738023866,0.511919407,-0.724337898,-0.000851372,-0.000258081,0.003288186,0.003406407,0.013696833,0.013685968,-0.021948493,-0.000461113,0.003362671,0.022209379,0.003406407,0.013696833
404,405,0.524924349,1.794704268,0.524924349,1.794704268,0.524167623,1.811737076,-0.000776174,-0.000226272,0.003276172,0.003374455,0.017170425,0.017032809,-0.022587484,-0.001478437,0.003341157,0.022881074,0.003374455,0.017170425
405,406,0.516991222,1.805347983,0.516991222,1.805347983,0.516322212,1.817090869,-0.000762741,-0.000174729,0.003273107,0.003365343,0.011782829,0.011742887,-0.022409100,-0.002014488,0.003339365,0.022745929,0.003365343,0.011782829
406,407,0.530728276,0.701062863,0.530728276,0.701062863,0.529995480,0.712369408,-0.000761504,-0.000122402,0.003281110,0.003370542,0.011313948,0.011306545,-0.023109775,-0.002082852,0.003342481,0.023442956,0.003370542,0.011313948
407,408,0.527360104,-2.198258587,0.527360104,-2.198258587,0.526648217,-2.186115030,-0.000770239,-0.000117110,0.003290605,0.003381577,0.012313675,0.012143557,-0.023187244,-0.001131058,0.003348179,0.023455018,0.003381577,0.012313675
408,409,0.519879654,-2.180559606,0.519879654,-2.180559606,0.518994587,-2.164050181,-0.000926177,-0.000093673,0.003299354,0.003428165,0.016510991,0.016509425,-0.023003959,-0.000055639,0.003376785,0.023250546,0.003428165,0.016510991
409,410,0.535582692,1.474612080,0.535582692,1.474612080,0.535011126,1.488239082,-0.000631595,-0.000185963,0.003253365,0.003319319,0.013746241,0.013627002,-0.023739062,-0.001194457,0.003309360,0.023998368,0.003319319,0.013746241
410,411,0.506860597,2.569192286,0.506860597,2.569192286,0.506218068,2.575703913,-0.000669225,-0.000140563,0.003298343,0.003368484,0.006541430,0.006511628,-0.022524488,-0.002480592,0.003351014,0.022907099,0.003368484,0.006541430
411,412,0.507314848,2.277972074,0.507314848,2.277972073,0.506722394,2.290903956,-0.000692003,-0.000046951,0.003274322,0.003346977,0.012967757,0.012931883,-0.022566653,-0.003110229,0.003331192,0.023022254,0.003346977,0.012967757
412,413,0.545980829,2.498663744,0.545980829,2.498663744,0.545252491,2.508783906,-0.000769704,-0.000005908,0.003287105,0.003376024,0.010157255,0.010120162,-0.024255682,-0.004671340,0.003340439,0.024926252,0.003376024,0.010157255
413,414,0.523549702,2.132393502,0.523549702,2.132393501,0.522876379,2.147899113,-0.000732649,-0.000101180,0.003305787,0.003387512,0.015512453,0.015505611,-0.023018123,-0.005403095,0.003363519,0.023881807,0.003387512,0.015512453
414,415,0.703547633,2.943430303,0.703547633,2.943430303,0.702857683,2.956761268,-0.000759373,-0.000250457,0.003306774,0.003402077,0.013542761,0.013330966,-0.030784305,-0.008279927,0.003372897,0.032056311,0.003402077,0.013542761
415,416,0.704903410,-4.724553798,0.704903410,-4.724553798,0.704078960,-4.709035297,-0.000912172,-0.000198861,0.003291392,0.003421237,0.015525361,0.015518501,-0.031656247,-0.005845617,0.003372153,0.032367586,0.003421237,0.015525361
416,417,0.517984637,-0.558222523,0.517984637,-0.558222523,0.517193205,-0.544404916,-0.000906850,-0.000156446,0.003326787,0.003451719,0.013924516,0.013817607,-0.023480920,-0.003895770,0.003400158,0.024043538,0.003451719,0.013924516
417,418,0.525788586,1.285483291,0.525788586,1.285483291,0.524813567,1.296258024,-0.001062690,-0.000247725,0.003351519,0.003524678,0.010838747,0.010774733,-0.023680396,-0.004665581,0.003441824,0.024379806,0.003524678,0.010838747
418,419,0.527347894,-4.641077664,0.527347894,-4.641077664,0.526606278,-4.633679062,-0.000837032,-0.000129179,0.003300179,0.003407124,0.007412314,0.007398602,-0.024410706,-0.002195920,0.003362780,0.024738895,0.003407124,0.007412314
419,420,0.543344951,-1.689166629,0.543344951,-1.689166629,0.542547821,-1.680643404,-0.000839041,-0.000158192,0.003317036,0.003425163,0.008524984,0.008523224,-0.025204540,-0.001992549,0.003380128,0.025508123,0.003425163,0.008524984
420,421,0.528568328,1.625939909,0.528568328,1.625939908,0.527837385,1.633706894,-0.000826154,-0.000024015,0.003311548,0.003413130,0.007915131,0.007766986,-0.024602857,-0.003191044,0.003386070,0.025038945,0.003413130,0.007915131
421,422,0.537396637,1.539666224,0.537396637,1.539666224,0.536579060,1.547914582,-0.000878461,0.000034382,0.003283315,0.003398975,0.008266953,0.008248359,-0.025023435,-0.003865325,0.003358518,0.025541979,0.003398975,0.008266953
422,423,0.542259624,1.713488225,0.542259624,1.713488225,0.541268887,1.724831116,-0.001041129,-0.000002782,0.003343794,0.003502130,0.011369021,0.011342891,-0.025143088,-0.004896086,0.003429121,0.025843866,0.003502130,0.011369021
423,424,0.545484137,1.901578983,0.545484137,1.901578982,0.544428180,1.909290489,-0.001100424,0.000009638,0.003305366,0.003483743,0.007774062,0.007711507,-0.025195774,-0.005616702,0.003413051,0.026038880,0.003483743,0.007774062
424,425,0.542792027,1.720995318,0.542792027,1.720995318,0.541686811,1.733824026,-0.001223208,-0.000001488,0.003317817,0.003536120,0.012872572,0.012828709,-0.024930008,-0.006591269,0.003435011,0.026014408,0.003536120,0.012872572
425,426,0.537275650,0.727570855,0.537275650,0.727570855,0.536083186,0.740715592,-0.001248138,-0.000174730,0.003362118,0.003590574,0.013243083,0.013144738,-0.024636938,-0.006478109,0.003465789,0.025709070,0.003590574,0.013243083
426,427,0.528504232,-0.210762536,0.528504232,-0.210762536,0.527450298,-0.196739154,-0.001155214,-0.000176613,0.003288763,0.003490225,0.014029891,0.014023382,-0.024394052,-0.006325382,0.003383753,0.025426954,0.003490225,0.014029891
427,428,0.526402722,-3.685925848,0.526402722,-3.685925848,0.525485054,-3.672580244,-0.001084319,-0.000294090,0.003300265,0.003486257,0.013529383,0.013345604,-0.024783104,-0.004037269,0.003394376,0.025338184,0.003486257,0.013529383
428,429,0.529025725,-3.436945827,0.529025725,-3.436945828,0.527933249,-3.426966973,-0.001147388,-0.000256048,0.003328256,0.003529780,0.009979366,0.009978855,-0.025261966,-0.002618138,0.003424898,0.025627163,0.003529780,0.009979366
429,430,0.541559170,-0.008766365,0.541559170,-0.008766365,0.540771326,-0.000138008,-0.000848256,-0.000462209,0.003291851,0.003430664,0.008684502,0.008628357,-0.025688434,-0.003464884,0.003372988,0.026139589,0.003430664,0.008684502
430,431,0.534226450,1.569130291,0.534226450,1.569130290,0.533207723,1.581614249,-0.001132695,-0.000317209,0.003353270,0.003553595,0.012500024,0.012483959,-0.025429335,-0.004178178,0.003447779,0.025999913,0.003553595,0.012500024
431,432,0.531321339,1.672781252,0.531321339,1.672781252,0.530423860,1.681826264,-0.000940774,-0.000435317,0.003344014,0.003500998,0.009110878,0.009045012,-0.025173273,-0.004580567,0.003422099,0.025814454,0.003500998,0.009110878
432,433,0.540302008,1.652435379,0.540302008,1.652435379,0.539303952,1.662545832,-0.001090943,-0.000242117,0.003344793,0.003526531,0.010216380,0.010110453,-0.025700397,-0.005752654,0.003438669,0.026559892,0.003526531,0.010216380
433,434,0.540317516,-0.450925922,0.540317516,-0.450925922,0.539128270,-0.437083333,-0.001243579,-0.000295240,0.003380920,0.003614454,0.013869238,0.013842589,-0.025799130,-0.005311367,0.003489366,0.026570311,0.003614454,0.013869238
434,435,0.527235829,-4.160917327,0.527235829,-4.160917327,0.526235759,-4.149111215,-0.001096078,-0.000320459,0.003359794,0.003548563,0.011853671,0.011806112,-0.025704897,-0.002577796,0.003449451,0.026063106,0.003548563,0.011853671
435,436,0.520715732,-2.219959612,0.520715732,-2.219959612,0.519719189,-2.208024576,-0.001017959,-0.000300503,0.003349663,0.003513800,0.011977836,0.011935036,-0.025527326,-0.002300445,0.003427426,0.025858919,0.003513800,0.011977836
436,437,0.527594455,1.956798456,0.527594455,1.956798456,0.526707900,1.970238901,-0.000952206,-0.000351734,0.003354643,0.003504860,0.013479624,0.013440445,-0.025868380,-0.003043474,0.003435169,0.026272346,0.003504860,0.013479624
437,438,0.532049570,0.884902966,0.532049570,0.884902966,0.531220607,0.902909461,-0.000931740,-0.000353365,0.003295075,0.003442459,0.018094185,0.018006495,-0.026170241,-0.003540099,0.003380977,0.026624140,0.003442459,0.018094185
438,439,0.541573558,-1.250224033,0.541573558,-1.250224033,0.540764339,-1.239740465,-0.000822941,-0.000362361,0.003338291,0.003457271,0.010535918,0.010483568,-0.026868151,-0.002609379,0.003415110,0.027209729,0.003457271,0.010535918
439,440,0.536364081,1.367167689,0.536364081,1.367167689,0.535604832,1.381332360,-0.000847372,-0.000355119,0.003343445,0.003467387,0.014329319,0.014164672,-0.026622992,-0.003915462,0.003409402,0.027124501,0.003467387,0.014329319
440,441,0.518130546,-3.894790975,0.518130546,-3.894790975,0.517401354,-3.880845419,-0.000789133,-0.000182805,0.003301180,0.003399108,0.013964292,0.013945556,-0.026224590,-0.000541685,0.003369391,0.026445705,0.003399108,0.013964292
441,442,0.519771435,2.554841348,0.519771435,2.554841348,0.519082047,2.567599130,-0.000764522,-0.000364734,0.003345057,0.003450642,0.012929269,0.012757782,-0.026110954,-0.003189971,0.003413793,0.026525682,0.003450642,0.012929269
442,443,0.543264958,1.794371090,0.543264958,1.794371090,0.542461347,1.809592622,-0.000816539,-0.000335505,0.003286985,0.003403464,0.015313142,0.015221532,-0.027266730,-0.004305427,0.003361303,0.027808446,0.003403464,0.015313142
443,444,0.532550139,0.086327050,0.532550139,0.086327050,0.531796028,0.098681661,-0.000813903,-0.000148633,0.003308250,0.003410139,0.012467804,0.012354611,-0.027162924,-0.003469920,0.003386435,0.027592258,0.003410139,0.012467804
444,445,0.364457816,-9.058004812,0.364457816,-9.058004812,0.363745199,-9.044364102,-0.000843049,-0.000133040,0.003319725,0.003427682,0.013686007,0.013640710,-0.018701372,0.001795765,0.003392261,0.019091190,0.003427682,0.013686007
445,446,0.535399950,-0.298452598,0.535399950,-0.298452598,0.534669313,-0.285093567,-0.000728853,-0.000102033,0.003293529,0.003374754,0.013526173,0.013359031,-0.027871337,0.000353831,0.003358757,0.028075218,0.003374754,0.013526173
446,447,0.521398922,3.751028043,0.521398922,3.751028043,0.520883402,3.763014430,-0.000561575,-0.000080522,0.003279181,0.003327894,0.012036671,0.011986387,-0.027270779,-0.001121972,0.003333670,0.027496682,0.003327894,0.012036671
447,448,0.516323122,-0.963017533,0.516323122,-0.963017533,0.515821274,-0.954132095,-0.000624979,0.000068453,0.003294006,0.003353470,0.008974522,0.008885438,-0.027311641,-0.000494819,0.003343886,0.027520032,0.003353470,0.008974522
448,449,0.349150064,-5.852794475,0.349150064,-5.852794475,0.348640359,-5.840020049,-0.000611256,-0.000128209,0.003252588,0.003312009,0.012890010,0.012774426,-0.018016803,0.003116227,0.003300064,0.018579733,0.003312009,0.012890010
449,450,0.531592991,-3.611128614,0.531592991,-3.611128614,0.531132969,-3.597927128,-0.000521052,-0.000234677,0.003302609,0.003351685,0.013277988,0.013201486,-0.027515323,0.004999199,0.003353797,0.028166167,0.003351685,0.013277988
450,451,0.522054969,0.239652094,0.522054969,0.239652094,0.521600881,0.249510781,-0.000577632,-0.000128388,0.003825859,0.003871349,0.009924449,0.009858688,-0.027482222,0.003853678,0.003874086,0.028020205,0.003871349,0.009924449
451,452,0.514084993,-1.213603240,0.514084993,-1.213603240,0.513626021,-1.205279518,-0.000651477,-0.000063638,0.003330595,0.003394309,0.008411161,0.008323722,-0.027078807,0.004723623,0.003394155,0.027696474,0.003394309,0.008411161
452,453,0.353242660,-5.343661294,0.353242660,-5.343661294,0.352834602,-5.334583992,-0.000562878,-0.000058946,0.003546976,0.003591844,0.009177948,0.009077301,-0.017918600,0.006029062,0.003587082,0.019242998,0.003591844,0.009177948
453,454,0.528633862,-5.581303790,0.528633862,-5.581303790,0.528203691,-5.571690824,-0.000507929,-0.000121554,0.003264116,0.003305635,0.009630221,0.009612966,-0.026065709,0.011201260,0.003309440,0.028562945,0.003305635,0.009630221
454,455,0.526065557,2.098081143,0.526065557,2.098081144,0.525554913,2.108376981,-0.000592923,-0.000113665,0.003295085,0.003349934,0.010495720,0.010295837,-0.027321326,0.007644291,0.003347394,0.028567378,0.003349934,0.010495720
455,456,0.561111439,-7.054439242,0.561111439,-7.054439241,0.560471824,-7.043657222,-0.000663973,-0.000121997,0.003270550,0.003339497,0.010804933,0.010782019,-0.026337832,0.014843540,0.003333180,0.030415821,0.003339497,0.010804933
456,457,0.357714192,-6.764216261,0.357714192,-6.764216260,0.357308353,-6.754657305,-0.000638421,-0.000132712,0.003261739,0.003326279,0.009571424,0.009558955,-0.015323617,0.011782359,0.003310792,0.019611185,0.003326279,0.009571424
457,458,0.368140134,-5.999226707,0.368140134,-5.999226706,0.367680401,-5.991027291,-0.000474918,-0.000053698,0.003249427,0.003284388,0.008289989,0.008199415,-0.014957040,0.013347566,0.003276991,0.020312785,0.003284388,0.008289989
458,459,0.365718954,-6.661798030,0.365718954,-6.661798029,0.365159877,-6.652338211,-0.000561079,-0.000108296,0.003257760,0.003307497,0.009466731,0.009459818,-0.013194360,0.014898259,0.003296475,0.020172159,0.003307497,0.009466731
459,460,0.531356089,-0.102114930,0.531356089,-0.102114929,0.530903261,-0.094260529,-0.000572416,-0.000038462,0.003249951,0.003300200,0.007956615,0.007854400,-0.021140922,0.020193802,0.003286724,0.029419904,0.003300200,0.007956615
460,461,0.519825239,1.208887115,0.519825239,1.208887115,0.519457094,1.215809269,-0.000509680,-0.000033025,0.003254378,0.003294213,0.006954947,0.006922153,-0.020854463,0.019687289,0.003290889,0.028867420,0.003294213,0.006954947
461,462,0.388807608,-7.987684407,0.388807608,-7.987684406,0.388334021,-7.981586138,-0.000519239,0.000027784,0.003245762,0.003287149,0.006104106,0.006098268,-0.010737025,0.018600782,0.003277497,0.021725901,0.003287149,0.006104106
462,463,0.352684991,-6.434695168,0.352684991,-6.434695168,0.352335016,-6.430559578,-0.000408141,-0.000036368,0.003390660,0.003415330,0.004187286,0.004135589,-0.009845477,0.016837804,0.003409552,0.019800760,0.003415330,0.004187286
463,464,0.535680477,3.124928206,0.535680477,3.124928207,0.535345743,3.129773532,-0.000364438,-0.000075242,0.003238676,0.003259984,0.004907729,0.004845325,-0.017317613,0.024073286,0.003264028,0.029834153,0.003259984,0.004907729
464,465,0.551720808,-2.688251835,0.551720808,-2.688251834,0.551194464,-2.681589451,-0.000620717,0.000095395,0.003247315,0.003307483,0.006773589,0.006662383,-0.016156700,0.026133083,0.003290481,0.030899907,0.003307483,0.006773589
465,466,0.526865168,-4.204498516,0.526865168,-4.204498516,0.526305598,-4.199465792,-0.000640767,0.000038411,0.003257178,0.003319829,0.005100615,0.005032723,-0.013774791,0.025963780,0.003285682,0.029574625,0.003319829,0.005100615
466,467,0.540314783,0.102169440,0.540314783,0.102169441,0.539758890,0.105595603,-0.000614570,0.000112162,0.003259653,0.003318978,0.003486862,0.003426162,-0.014445101,0.026592489,0.003291211,0.030440984,0.003318978,0.003486862
467,468,0.547541264,-2.927426701,0.547541264,-2.927426701,0.546937484,-2.924501662,-0.000660134,-0.000056263,0.003658783,0.003718284,0.002965833,0.002925039,-0.012743917,0.027748939,0.003693720,0.030758000,0.003718284,0.002965833
468,469,0.520397634,1.627302518,0.520397634,1.627302519,0.519851577,1.632274631,-0.000659590,0.000073876,0.003331070,0.003396549,0.004982251,0.004972112,-0.013999742,0.025620245,0.003363072,0.029388773,0.003396549,0.004982251
469,470,0.545643753,2.063261085,0.545643753,2.063261085,0.544765305,2.065485631,-0.000885849,0.000202460,0.003771424,0.003879350,0.002350807,0.002224545,-0.015970446,0.026293510,0.003806731,0.030998307,0.003879350,0.002350807
470,471,0.541889124,-1.315587747,0.541889124,-1.315587746,0.541359832,-1.314714150,-0.000605608,-0.000023730,0.004308425,0.004350845,0.000916776,0.000873596,-0.014263947,0.026874015,0.004340308,0.030732900,0.004350845,0.000916776
471,472,0.532990139,-6.760575953,0.532990139,-6.760575952,0.532278439,-6.762836750,-0.000895928,0.000114417,0.004738376,0.004823690,0.002487969,-0.002260797,-0.010653517,0.028121651,0.004777219,0.030449081,0.004823690,0.002487969
472,473,0.544635249,-0.165184417,0.544635249,-0.165184417,0.544111126,-0.161770918,-0.000547294,-0.000155475,0.003758323,0.003801144,0.003478381,0.003413499,-0.010994109,0.028473599,0.003786903,0.030756412,0.003801144,0.003478381
473,474,0.533107885,-3.070645861,0.533107885,-3.070645860,0.532526199,-3.064968315,-0.000747697,-0.000372330,0.003853226,0.003942719,0.005682932,0.005677545,-0.009346160,0.028268166,0.003909407,0.030028709,0.003942719,0.005682932
474,475,0.382425459,-5.221196724,0.382425459,-5.221196724,0.381807794,-5.215718717,-0.000580506,-0.000307680,0.003237955,0.003303938,0.005531218,0.005478007,-0.003202254,0.021042131,0.003271625,0.021534374,0.003303938,0.005531218
475,476,0.539074730,-6.006943581,0.539074730,-6.006943581,0.538497122,-6.003668951,-0.000652473,-0.000213552,0.003266015,0.003337391,0.003473044,0.003274630,-0.003026426,0.030033404,0.003292575,0.030364547,0.003337391,0.003473044
476,477,0.533259804,-0.715034879,0.533259804,-0.715034879,0.532778215,-0.711505774,-0.000628924,-0.000184289,0.004337449,0.004386681,0.003573862,0.003529105,-0.003138610,0.029765523,0.004359117,0.030246308,0.004386681,0.003573862
477,478,0.523943934,1.860505966,0.523943934,1.860505966,0.522978590,1.864807229,-0.000945142,-0.000170818,0.005128051,0.005217220,0.004309400,0.004301263,-0.004396087,0.029127998,0.005135295,0.029902126,0.005217220,0.004309400
478,479,0.542287914,-4.301843534,0.542287914,-4.301843534,0.541735898,-4.291680942,-0.000699335,-0.000478228,0.004576060,0.004653826,0.010179024,0.010162592,-0.001317671,0.030194232,0.004605446,0.030571850,0.004653826,0.010179024
479,480,0.522106951,-3.160861048,0.522106951,-3.160861048,0.521664017,-3.152089632,-0.000590471,-0.000472878,0.003577218,0.003656331,0.008784024,0.008771416,-0.000461827,0.029167150,0.003607536,0.029393031,0.003656331,0.008784024
480,481,0.527637434,-1.250788050,0.527637434,-1.250788050,0.527031988,-1.239331574,-0.000681806,-0.000348410,0.003320639,0.003407770,0.011470855,0.011456476,0.000087454,0.029651896,0.003353938,0.029841104,0.003407770,0.011470855
481,482,0.520721161,1.613937612,0.520721161,1.613937612,0.520124680,1.626068437,-0.000727556,-0.000383791,0.003482003,0.003577845,0.012169677,0.012130825,-0.001346260,0.029319630,0.003515227,0.029560277,0.003577845,0.012169677
482,483,0.539167445,1.206496221,0.539167445,1.206496222,0.538576233,1.210112362,-0.000635027,-0.000009820,0.004205922,0.004253603,0.003637349,0.003616140,-0.001394723,0.030841716,0.004228201,0.031161424,0.004253603,0.003637349
483,484,0.527970851,2.456181041,0.527970851,2.456181041,0.527233250,2.466312697,-0.000800864,-0.000114096,0.005218116,0.005280448,0.010208534,0.010131656,-0.003034687,0.030037178,0.005232150,0.030640118,0.005280448,0.010208534
484,485,0.534967915,1.830408040,0.534967915,1.830408040,0.534433375,1.840244901,-0.000617794,-0.000042130,0.003578415,0.003631597,0.009926076,0.009836861,-0.004011533,0.030435901,0.003584001,0.030907629,0.003631597,0.009926076
485,486,0.521475328,1.990257032,0.521475328,1.990257032,0.520872595,1.998506642,-0.000781497,0.000107564,0.004525043,0.004593291,0.008263772,0.008249609,-0.005003245,0.029731155,0.004531214,0.030487800,0.004593291,0.008263772
486,487,0.523008925,2.165757879,0.523008925,2.165757879,0.522506173,2.169539875,-0.000550838,-0.000008463,0.005319641,0.005348091,0.004105058,0.003781997,-0.005972718,0.029666221,0.005333943,0.030727984,0.005348091,0.004105058
487,488,0.520397485,-1.265537304,0.520397485,-1.265537304,0.519875838,-1.258846443,-0.000677908,-0.000001824,0.004072495,0.004128532,0.006844660,0.006690861,-0.005335351,0.029636367,0.004084858,0.030388588,0.004128532,0.006844660
488,489,0.561262526,-4.334275176,0.561262526,-4.334275175,0.560724299,-4.323273306,-0.000577355,-0.000172943,0.003263687,0.003318870,0.011089366,0.011001869,-0.002125418,0.032313175,0.003291315,0.032549830,0.003318870,0.011089366
489,490,0.526179809,1.883799020,0.526179809,1.883799020,0.525266995,1.893143988,-0.001081992,0.000045185,0.004654683,0.004778998,0.009372396,0.009344968,-0.004766813,0.030333406,0.004688289,0.031061521,0.004778998,0.009372396
490,491,0.549579941,2.100381565,0.549579941,2.100381565,0.548795613,2.107050744,-0.000789817,0.000044958,0.004555759,0.004623935,0.006707070,0.006669178,-0.005115368,0.031716766,0.004582611,0.032451819,0.004623935,0.006707070
491,492,0.535753589,2.055985136,0.535753589,2.055985136,0.534681155,2.067568817,-0.001187425,0.000012962,0.004910451,0.005051997,0.011620925,0.011583681,-0.007459800,0.030468636,0.004939144,0.031755023,0.005051997,0.011620925
492,493,0.548974515,-5.197848117,0.548974515,-5.197848117,0.548271800,-5.184760280,-0.000868975,-0.000135987,0.003509277,0.003617821,0.013215066,0.013087837,-0.002321867,0.031936523,0.003545939,0.032216553,0.003617821,0.013215066
493,494,0.551004902,1.098081319,0.551004902,1.098081319,0.550031954,1.104279982,-0.001049407,0.000061144,0.004943732,0.005054253,0.006262594,0.006198662,-0.005044352,0.032165103,0.004979973,0.032936901,0.005054254,0.006262594
494,495,0.532624188,1.961814993,0.532624188,1.961814993,0.531697906,1.974891576,-0.001062734,-0.000095941,0.004469933,0.004595532,0.013140113,0.013076582,-0.006053578,0.030771562,0.004503032,0.031682994,0.004595532,0.013140113
495,496,0.558033168,1.759535583,0.558033168,1.759535584,0.556820674,1.775981605,-0.001196614,-0.000028242,0.004123275,0.004293493,0.016455003,0.016446021,-0.006852822,0.032296346,0.004177909,0.033278673,0.004293493,0.016455003
496,497,0.528186981,1.975582682,0.528186981,1.975582682,0.527329094,1.983097113,-0.001028923,0.000148731,0.003767582,0.003908385,0.007543761,0.007514431,-0.007953805,0.030573289,0.003799501,0.031818630,0.003908385,0.007543761
497,498,0.544158171,-3.925605700,0.544158171,-3.925605699,0.543264193,-3.912930300,-0.000965754,0.000054140,0.003760912,0.003883307,0.012722440,0.012675400,-0.004134443,0.032207601,0.003788908,0.032692186,0.003883307,0.012722440
498,499,0.544755673,-3.981041802,0.544755673,-3.981041802,0.543756758,-3.964773472,-0.001135513,-0.000049361,0.004215169,0.004365716,0.016321032,0.016268329,-0.002320300,0.032471752,0.004250162,0.032830814,0.004365716,0.016321032
499,500,0.541453946,0.782418822,0.541453946,0.782418822,0.540403416,0.799842748,-0.001131651,-0.000175679,0.003725179,0.003897237,0.017491563,0.017423926,-0.004084691,0.032175429,0.003781390,0.032653359,0.003897237,0.017491563
500,501,0.549635297,1.829608251,0.549635297,1.829608251,0.548438385,1.845020934,-0.001239900,-0.000152686,0.004374331,0.004549224,0.015422472,0.015412682,-0.005743753,0.032643349,0.004418428,0.033438024,0.004549224,0.015422472
501,502,0.515717362,1.820092740,0.515717362,1.820092740,0.514805700,1.833274803,-0.001099771,-0.000192106,0.004472828,0.004610053,0.013197867,0.013182063,-0.006288175,0.030567355,0.004519955,0.031533068,0.004610053,0.013197867
502,503,0.519413845,1.778823304,0.519413845,1.778823304,0.518499329,1.798954858,-0.000852828,-0.000321934,0.004991188,0.005073748,0.020147531,0.020131554,-0.006646179,0.030710506,0.005021677,0.031820184,0.005073748,0.020147531
503,504,0.506575845,1.662262374,0.506575845,1.662262374,0.505439520,1.684521685,-0.001225589,-0.000264545,0.003311523,0.003540937,0.022375147,0.022259311,-0.007591373,0.029853250,0.003347447,0.030984688,0.003540937,0.022375147
504,505,0.598209999,2.156629228,0.598209999,2.156629229,0.596912085,2.186281630,-0.001401101,-0.000291041,0.003263223,0.003563203,0.029678577,0.029652402,-0.010622161,0.035016825,0.003342578,0.036744811,0.003563203,0.029678577
505,506,0.672832434,-3.019123363,0.672832434,-3.019123363,0.671678790,-2.993858230,-0.001218884,-0.000389729,0.003245796,0.003488948,0.025303413,0.025265133,-0.009430677,0.040384038,0.003319046,0.041603176,0.003488948,0.025303413
506,507,0.331924719,-5.290115990,0.331924719,-5.290115989,0.330874503,-5.277269965,-0.001078165,-0.000216444,0.003308334,0.003486310,0.012900168,0.012846025,-0.001115245,0.020515925,0.003339302,0.020815809,0.003486310,0.012900168
507,508,0.620951595,0.110494673,0.620951594,0.110494674,0.620067660,0.128772618,-0.001011339,-0.000439539,0.003263378,0.003444653,0.018321138,0.018277944,-0.005007979,0.038268123,0.003322194,0.038737141,0.003444653,0.018321138
508,509,0.585350703,2.189388409,0.585350703,2.189388409,0.584561413,2.201634301,-0.000836146,-0.000238340,0.003256343,0.003370418,0.012370902,0.012245892,-0.005815986,0.036294049,0.003302259,0.036905130,0.003370418,0.012370902
509,510,0.347123818,-5.653583671,0.347123818,-5.653583670,0.346489321,-5.640532330,-0.000776288,-0.000408549,0.003279618,0.003394913,0.013197061,0.013051340,0.000034755,0.021568988,0.003297673,0.021819649,0.003394913,0.013197061
510,511,0.531791943,-1.500939956,0.531791943,-1.500939956,0.530523977,-1.483648316,-0.001487523,-0.000023317,0.006183797,0.006360236,0.017702814,0.017291640,-0.001055093,0.033864013,0.006229784,0.034448437,0.006360236,0.017702814
511,512,0.538005038,1.550021568,0.538005038,1.550021568,0.537376122,1.555841056,-0.000752958,-0.000182136,0.003605500,0.003687783,0.006035717,0.005819488,-0.002224177,0.034171211,0.003636965,0.034436117,0.003687783,0.006035717
512,513,0.371578058,-5.106682553,0.371578058,-5.106682553,0.370904722,-5.097110923,-0.000714851,-0.000101935,0.003278606,0.003357181,0.010828079,0.009571631,0.001592917,0.023621443,0.003297584,0.023903640,0.003357181,0.010828079
513,514,0.588115082,3.669131455,0.588115082,3.669131455,0.587435074,3.699358400,-0.000732587,0.001788931,0.003827787,0.004288230,0.110891841,0.030226945,-0.001303433,0.039533225,0.003803872,0.039737190,0.004288230,0.110891841
514,515,0.512293932,2.188935723,0.512293932,2.188935723,0.514180311,2.078632693,0.001634765,0.025855949,-0.001450005,0.025948122,0.113509221,-0.110303030,-0.004399183,0.058777776,-0.002231159,0.058984387,0.025948122,0.113509221
515,516,0.506039433,2.615043301,0.506039433,2.615043302,0.505672361,2.605406460,-0.000416680,-0.001606645,-0.000384024,0.001703644,0.080869415,-0.009636842,-0.003592650,0.029865226,-0.000204981,0.030081238,0.001703644,0.080869415
