kf_id,fixed,raw_x,raw_y,raw_z,raw_roll_deg,raw_pitch_deg,raw_yaw_deg,opt_x,opt_y,opt_z,opt_roll_deg,opt_pitch_deg,opt_yaw_deg,delta_world_x,delta_world_y,delta_world_z,delta_local_x,delta_local_y,delta_local_z,delta_translation_m,delta_rotation_deg,delta_roll_deg,delta_pitch_deg,delta_yaw_deg
0,1,0.000000000,0.000000000,0.000000000,0.000000000,-0.000000000,0.000000000,0.000000000,0.000000000,0.000000000,0.000000000,-0.000000000,0.000000000,0.000000000,0.000000000,0.000000000,0.000000000,0.000000000,0.000000000,0.000000000,0.000000000,0.000000000,0.000000000,0.000000000
1,0,0.518862230,0.028265026,0.004940967,-0.212262283,0.485202390,2.869457247,0.518862491,0.028259147,0.004940965,-0.212539600,0.485205915,2.869413738,0.000000261,-0.000005880,-0.000000002,-0.000000034,-0.000005885,-0.000000024,0.000005885,0.000280367,-0.000277317,0.000003524,-0.000043509
2,0,1.032030785,0.072276622,0.008075626,-0.290135169,0.913722727,3.926416288,1.032029398,0.072174531,0.008083728,-0.295300432,0.913910836,3.925185955,-0.000001387,-0.000102091,0.000008102,-0.000008503,-0.000101795,0.000007452,0.000102421,0.005293991,-0.005165263,0.000188108,-0.001230333
3,0,1.549531291,0.118618310,0.011114642,-0.338633017,0.314090890,5.723119997,1.549495522,0.116603004,0.010971416,-0.444966236,0.317999146,5.699616251,-0.000035769,-0.002015306,-0.000143226,-0.000235771,-0.002000805,-0.000156349,0.002020706,0.108843385,-0.106333219,0.003908256,-0.023503746
4,0,2.097216246,0.182950444,0.011655931,-0.342037863,0.638717984,7.471176677,2.101983187,0.152217476,0.015594837,-0.350060719,0.636332639,7.653426144,0.004766941,-0.030732969,0.003938906,0.000686389,-0.031114898,0.003761125,0.031348909,0.182530716,-0.008022856,-0.002385345,0.182249467
5,0,2.622574906,0.263083745,0.025441252,-0.304423939,0.936907598,7.518932080,2.630016552,0.194434006,0.034175310,-0.313345567,0.933435199,8.166548380,0.007441646,-0.068649739,0.008734058,-0.001748017,-0.069078519,0.008339731,0.069602072,0.647832636,-0.008921628,-0.003472399,0.647616300
6,0,3.133593369,0.290963096,0.019540359,-0.498375715,-0.120132421,4.886090804,3.142895454,0.189658444,0.033047484,-0.573411955,-0.110165528,6.153221987,0.009302085,-0.101304652,0.013507125,0.000667972,-0.101842444,0.012620387,0.102623602,1.269239459,-0.075036240,0.009966893,1.267131183
7,0,3.674852338,0.357152251,0.021095029,-0.105270930,0.318800959,6.865518987,3.682108684,0.268892179,0.038179432,-0.107644213,0.317200346,8.154903494,0.007256346,-0.088260072,0.017084403,-0.003441247,-0.088525824,0.016902897,0.090190752,1.289400856,-0.002373282,-0.001600613,1.289384506
8,0,4.171180746,0.430762362,0.034335753,-0.232052727,0.084746866,8.332961444,4.176038720,0.353450431,0.055438154,-0.232264075,0.082923917,9.627741985,0.004857973,-0.077311931,0.021102400,-0.006428985,-0.077284555,0.020780077,0.080287271,1.294782151,-0.000211348,-0.001822949,1.294780542
9,0,4.680441916,0.457350634,0.048258752,-0.238010121,0.352728780,4.573342130,4.684204756,0.391188100,0.072770792,-0.237646821,0.350874391,5.881268858,0.003762840,-0.066162535,0.024512039,-0.001675493,-0.066353121,0.024226764,0.070657484,1.307925863,0.000363300,-0.001854388,1.307926728
10,0,5.250305098,0.481401128,0.054417206,-0.074226321,0.930815200,4.178168240,5.252935491,0.427804701,0.082212909,-0.074674898,0.928911868,5.500176474,0.002630393,-0.053596427,0.027795703,-0.001732910,-0.053681563,0.027701696,0.060432583,1.322016959,-0.000448577,-0.001903332,1.322008234
11,0,5.755708788,0.491849075,0.054717258,-0.280341483,1.009859948,2.089776180,5.757676585,0.449541275,0.085886993,-0.280053711,1.008220884,3.422180583,0.001967797,-0.042307800,0.031169735,-0.000125698,-0.042503434,0.030964768,0.052586829,1.332400374,0.000287772,-0.001639064,1.332404403
12,0,6.258127963,0.522151478,0.053318554,-0.119926477,0.925268743,4.368819898,6.259076102,0.490939903,0.087737177,-0.119736238,0.922819938,5.722544937,0.000948139,-0.031211576,0.034418623,-0.001987817,-0.031265028,0.034325641,0.046472605,1.353724200,0.000190239,-0.002448806,1.353725039
13,0,6.820562145,0.551597532,0.057840299,-0.191440293,0.555995157,2.613790150,6.820351217,0.533195361,0.095534576,-0.192058954,0.553584197,3.986339969,-0.000210927,-0.018402171,0.037694277,-0.001415638,-0.018499211,0.037620713,0.041946906,1.372558067,-0.000618661,-0.002410960,1.372549820
14,0,7.381504769,0.519586356,0.060786084,0.074506460,0.573244914,-2.282868626,7.381548322,0.514189871,0.101858147,0.073434150,0.572118252,-0.897055601,0.000043553,-0.005396485,0.041072063,-0.000152456,-0.005337052,0.041079568,0.041425092,1.385824616,-0.001072310,-0.001126661,1.385813025
15,0,7.657704175,0.447887753,0.052915289,0.271495296,0.381870760,-7.702126119,7.659049356,0.448835132,0.097959953,0.272379474,0.379963081,-6.306545716,0.001345182,0.000947379,0.045044664,0.000905832,0.001332581,0.045045893,0.045074702,1.395576108,0.000884177,-0.001907679,1.395580403
16,0,8.200440660,0.411182792,0.066733266,0.172170896,0.608993317,-4.573799890,8.202205488,0.424810836,0.115070484,0.172850536,0.607381720,-3.160227514,0.001764828,0.013628044,0.048337218,0.000158663,0.013870580,0.048300173,0.050252611,1.413566244,0.000679641,-0.001611597,1.413572377
17,0,8.797500342,0.385515074,0.068149528,-0.039367925,0.636073284,-1.758143776,8.799610133,0.413204850,0.119744425,-0.039297386,0.634087849,-0.326115015,0.002109791,0.027689776,0.051594898,0.000686409,0.027706006,0.051624747,0.058593586,1.432029357,0.000070539,-0.001985435,1.432028761
18,0,9.323703583,0.402427076,0.060314119,-1.490565153,1.816608127,0.967981461,9.325059679,0.442616906,0.115181733,-1.490595359,1.814441347,2.416756525,0.001356096,0.040189829,0.054867613,0.000294504,0.038719400,0.055930651,0.068025851,1.448777642,-0.000030205,-0.002166780,1.448775064
19,0,9.842175397,0.383688174,0.051668777,-0.139212115,0.312008043,-0.135260213,9.843720574,0.436492692,0.109801191,-0.138962686,0.309487481,1.328486954,0.001545177,0.052804518,0.058132414,0.001103931,0.052666602,0.058267424,0.078549872,1.463748005,0.000249429,-0.002520562,1.463747167
20,0,10.353116699,0.420324532,0.057705461,0.619117260,0.402566469,3.676226114,10.353431934,0.485635813,0.119253153,0.619709776,0.400690010,5.153658921,0.000315236,0.065311281,0.061547692,0.004069683,0.065818249,0.060870165,0.089742861,1.477429964,0.000592516,-0.001876460,1.477432807
21,0,10.917373825,0.489614221,0.051958196,0.841800183,1.025972578,6.896609989,10.915561355,0.568955805,0.116965567,0.842066487,1.023824759,8.386212670,-0.001812469,0.079341583,0.065007371,0.006562594,0.079933562,0.063967868,0.102588158,1.489599491,0.000266304,-0.002147819,1.489602682
22,0,11.459763593,0.582001772,0.060438851,1.041192069,1.127080346,10.082539842,11.455293571,0.674832062,0.128855488,1.041136450,1.125108889,11.586377294,-0.004470022,0.092830290,0.068416637,0.010502456,0.093411215,0.066950157,0.115404853,1.503839838,-0.000055619,-0.001971457,1.503837452
23,0,11.982245352,0.702887307,0.055851246,0.942373586,1.095130625,12.737012927,11.974269040,0.808939884,0.128565328,0.942602215,1.093498846,14.252259484,-0.007976311,0.106052577,0.072714082,0.014209457,0.106387826,0.071258895,0.128833646,1.515243086,0.000228629,-0.001631779,1.515246557
24,0,12.544541172,0.857370386,0.054842652,0.557494626,0.709208096,15.482563071,12.532213376,0.977780204,0.131061499,0.556578921,0.706746154,17.009664666,-0.012327797,0.120409818,0.076218848,0.019317403,0.120069541,0.075299103,0.143037798,1.527115168,-0.000915704,-0.002461942,1.527101595
25,0,13.143663249,0.967486234,0.056693161,0.618957364,0.998510611,11.408812704,13.128026550,1.103365099,0.137263032,0.618825635,0.996552926,12.945628491,-0.015636698,0.135878865,0.080569871,0.010144415,0.137151524,0.079281944,0.158742170,1.536819333,-0.000131730,-0.001957685,1.536815788
26,0,13.685525152,1.033495979,0.053317775,0.384868643,1.135757452,9.342520464,13.667626469,1.183551123,0.137803333,0.384835862,1.133706674,10.889852434,-0.017898683,0.150055144,0.084485558,0.005022169,0.151535222,0.083585723,0.173132084,1.547333978,-0.000032782,-0.002050777,1.547331970
27,0,14.208510795,1.099511349,0.052332184,0.414932248,1.599262404,7.774913419,14.188192448,1.263324351,0.140463991,0.415518289,1.597484969,9.332289361,-0.020318347,0.163813002,0.088131807,-0.000431092,0.165689871,0.086956489,0.187122287,1.557360720,0.000586041,-0.001777435,1.557375942
28,0,14.759142135,1.157921665,0.042383901,0.165553900,1.177263019,6.664845126,14.736800433,1.336291969,0.133803447,0.164978239,1.175501121,8.231442474,-0.022341702,0.178370304,0.091419546,-0.003366783,0.180021152,0.090849876,0.201674615,1.566610263,-0.000575661,-0.001761898,1.566597348
29,0,15.273131057,1.216960859,0.029207229,0.006603612,1.231677493,7.045839626,15.248588092,1.409038105,0.124098088,0.006104318,1.229107719,8.621357313,-0.024542965,0.192077246,0.094890859,-0.002836289,0.193648196,0.094829489,0.215639283,1.575530584,-0.000499295,-0.002569773,1.575517688
30,0,15.827592970,1.303324980,0.025066196,0.433385897,1.250800909,8.871564153,15.799829864,1.510385741,0.124993498,0.433696903,1.249212682,10.455851412,-0.027763106,0.207060761,0.099927302,0.002319585,0.209615655,0.098419060,0.231582414,1.584281301,0.000311006,-0.001588227,1.584287259
31,0,16.375129989,1.397695633,0.026806158,1.105880463,0.990396286,10.864971157,16.344009229,1.619631148,0.130431064,1.105776094,0.988630403,12.456107491,-0.031120760,0.221935515,0.103624906,0.009478035,0.225784977,0.099465104,0.246904831,1.591139120,-0.000104368,-0.001765883,1.591136334
32,0,16.936653394,1.487473786,0.033126115,0.308038099,1.507032230,9.283861310,16.902442109,1.724770910,0.140026857,0.307998245,1.504563859,10.882545872,-0.034211285,0.237297124,0.106900741,0.001705987,0.240279681,0.105692336,0.262503534,1.598687515,-0.000039854,-0.002468372,1.598684562
33,0,17.508497225,1.554679800,0.026031765,-0.125191306,1.446529130,9.297350908,17.471693733,1.807669875,0.136665112,-0.125796573,1.445433994,10.902456597,-0.036803492,0.252990075,0.110633347,0.001758327,0.255369979,0.111271265,0.278564557,1.605121450,-0.000605267,-0.001095136,1.605105689
34,0,17.790299136,1.534090444,0.028188318,0.229356482,1.254564565,2.635820226,17.753630158,1.794718970,0.142066427,0.229638193,1.251994940,4.250783596,-0.036668977,0.260628526,0.113878108,-0.027131924,0.262490587,0.112261375,0.286775288,1.614959277,0.000281711,-0.002569626,1.614963370
35,0,18.515106061,1.605436721,0.010667024,-0.233166608,2.267120351,5.576511734,18.475790085,1.886259889,0.127847430,-0.233585676,2.264821525,7.200708538,-0.039315976,0.280823167,0.117180406,-0.016467142,0.282837714,0.117772263,0.306820216,1.624215053,-0.000419068,-0.002298827,1.624196804
36,0,19.098729068,1.688319217,-0.001032885,0.017856423,1.479930111,8.684216095,19.056400829,1.985472830,0.119701896,0.017640834,1.477665591,10.315904071,-0.042328239,0.297153612,0.120734781,-0.000095388,0.300175602,0.120679058,0.323525635,1.631695126,-0.000215589,-0.002264520,1.631687976
37,0,19.680382712,1.737389598,0.002725768,0.224928885,1.429973280,6.647181429,19.635879554,2.050995832,0.127386705,0.225257086,1.428254586,8.285774104,-0.044503158,0.313606234,0.124660937,-0.011010941,0.317135593,0.123180864,0.340396461,1.638585424,0.000328201,-0.001718694,1.638592675
38,0,20.242894430,1.811817968,-0.007619464,0.354152377,1.577080502,7.973754380,20.195344146,2.141264531,0.120678125,0.353365631,1.574979757,9.618044702,-0.047550284,0.329446563,0.128297590,-0.004920352,0.333643654,0.126150869,0.356730065,1.644313490,-0.000786746,-0.002100745,1.644290322
39,0,20.800396920,1.901157508,-0.018004776,0.158640829,1.356824867,10.152891488,20.749378822,2.246357151,0.114341664,0.158852634,1.354641945,11.801650136,-0.051018098,0.345199644,0.132346440,0.007494240,0.349153057,0.131594832,0.373203993,1.648755095,0.000211805,-0.002182922,1.648758648
40,0,21.498273961,2.055347163,-0.014765755,0.446898897,1.568350080,12.671566930,21.441867575,2.420348872,0.120935911,0.447942648,1.566442723,14.328358305,-0.056406387,0.365001709,0.135701667,0.021311545,0.369537157,0.133457777,0.393475375,1.656764252,0.001043751,-0.001907358,1.656791375
41,0,22.050871748,2.191973007,-0.025491121,-0.323325767,1.778289171,14.717397268,21.989486368,2.572591181,0.113541842,-0.323613500,1.776563951,16.383232178,-0.061385380,0.380618174,0.139032964,0.032992853,0.382928557,0.142287441,0.409839632,1.665844753,-0.000287733,-0.001725220,1.665834910
42,0,22.623101313,2.266156380,-0.035072260,-0.849664481,1.903973222,9.156741985,22.558634414,2.662921888,0.107290036,-0.850496808,1.902748184,10.831937624,-0.064466899,0.396765508,0.142362296,-0.005235392,0.399814539,0.148212002,0.426433902,1.675223938,-0.000832327,-0.001225038,1.675195639
43,0,22.892846566,2.243718015,-0.033987048,-0.745283989,1.882291216,2.832515707,22.828208998,2.648093724,0.111674285,-0.745629769,1.879794238,4.518240211,-0.064637568,0.404375709,0.145661333,-0.049336108,0.405166802,0.149401352,0.434643478,1.685737738,-0.000345780,-0.002496979,1.685724504
44,0,23.460476384,2.280895488,-0.051473463,-0.876120773,1.782749169,3.781200426,23.393872578,2.701761284,0.097731380,-0.875920916,1.780741747,5.472404091,-0.066603806,0.420865796,0.149204843,-0.043327195,0.422030402,0.154399690,0.451471118,1.691198654,0.000199856,-0.002007421,1.691203665
45,0,23.996671661,2.349785466,-0.056865857,-1.120647196,0.236999172,7.002105997,23.927035654,2.786199423,0.096449709,-1.120579032,0.235098651,8.702148297,-0.069636008,0.436413957,0.153315567,-0.016549274,0.438566407,0.161856748,0.467773426,1.700043084,0.000068164,-0.001900522,1.700042301
46,0,24.565589696,2.354408920,-0.060909522,-1.006016307,1.697446023,2.812996466,24.495115466,2.807371596,0.095703948,-1.005837337,1.694906010,4.522009236,-0.070474230,0.452962676,0.156613469,-0.052777588,0.453081745,0.163098252,0.484427065,1.709009369,0.000178969,-0.002540014,1.709012770
47,0,25.138286359,2.397046328,-0.076860636,-0.147738578,2.000398197,5.649434450,25.065716769,2.866740146,0.083073752,-0.147755732,1.998253674,7.368564413,-0.072569589,0.469693817,0.159934389,-0.031546632,0.474144917,0.160153188,0.501455517,1.719131898,-0.000017153,-0.002144523,1.719129962
48,0,25.713884873,2.490772280,-0.080962750,-0.673217468,1.495789100,8.482731359,25.637509490,2.977346783,0.082554001,-0.674259204,1.494330624,10.211894485,-0.076375384,0.486574503,0.163516750,-0.008031691,0.490564347,0.169138367,0.518965966,1.729191234,-0.001041736,-0.001458476,1.729163126
49,0,26.143828008,2.474677682,-0.088475030,-0.348221218,1.685518894,2.943261153,26.066968663,2.974096700,0.079863691,-0.346907516,1.683607068,4.678257369,-0.076859345,0.499419018,0.168338720,-0.056043619,0.501683923,0.169814584,0.532601764,1.734959147,0.001313702,-0.001911825,1.734996215
50,0,26.704071760,2.508820522,-0.086011361,0.005439687,1.263883459,3.859806117,26.625604968,3.024928661,0.085595495,0.005075754,1.261719569,5.606965037,-0.078466792,0.516108139,0.171606856,-0.047321354,0.520235692,0.170555197,0.549521211,1.747168318,-0.000363934,-0.002163890,1.747158920
51,0,27.265892020,2.572295262,-0.098109412,-0.544556412,1.313347247,6.241702217,27.184912973,3.105257609,0.076777485,-0.544632659,1.311432704,7.997657004,-0.080979048,0.532962347,0.174886897,-0.026556316,0.536926145,0.179435151,0.566737943,1.755957579,-0.000076247,-0.001914543,1.755954787
52,0,27.812895385,2.595164034,-0.119753276,-0.829377165,1.264743762,4.940251052,27.730725240,3.144637753,0.058405983,-0.829310134,1.262979904,6.706932414,-0.082170145,0.549473719,0.178159258,-0.038469883,0.551883424,0.185361205,0.583450102,1.766680765,0.000067031,-0.001763857,1.766681362
53,0,28.347848042,2.582490300,-0.122275385,-0.302822999,1.499253299,1.446431265,28.265637544,3.148267189,0.059144465,-0.302597879,1.497258744,3.221333910,-0.082210499,0.565776889,0.181419850,-0.072626199,0.566714737,0.182578911,0.599812651,1.774897894,0.000225120,-0.001994555,1.774902645
54,0,28.915571549,2.619274026,-0.124125674,-0.072306026,1.730094632,4.250825177,28.831699833,3.202402509,0.060553904,-0.071749984,1.727728657,6.035898600,-0.083871715,0.583128483,0.184679578,-0.045975132,0.587509292,0.184116695,0.617397634,1.785058302,0.000556042,-0.002365975,1.785073423
55,0,29.482452672,2.686762857,-0.136313018,0.055557188,1.823535508,7.131950479,29.396178434,3.287137471,0.051641244,0.055382687,1.821211823,8.929198664,-0.086274238,0.600374614,0.187954262,-0.017042668,0.606622325,0.186918773,0.634995847,1.797255245,-0.000174501,-0.002323684,1.797248185
56,0,30.033467188,2.737927789,-0.142552971,-0.027909797,1.460965367,5.006473657,29.945187616,3.355302061,0.048676027,-0.027929737,1.459092301,6.813348489,-0.088279572,0.617374272,0.191228997,-0.038930049,0.622630130,0.190601618,0.652313425,1.806876311,-0.000019940,-0.001873066,1.806874832
57,0,30.593370277,2.799882567,-0.152130594,0.009463686,2.109155633,7.425782158,30.502755389,3.434586697,0.042364820,0.009655365,2.106942093,9.242241490,-0.090614888,0.634704130,0.194495414,-0.014977385,0.641124214,0.193969783,0.669991684,1.816453640,0.000191679,-0.002213540,1.816459332
58,0,31.149012316,2.891005697,-0.169473264,-0.247524255,2.298877532,9.321664975,31.055234973,3.542978170,0.028294172,-0.247916083,2.296965684,11.146924496,-0.093777342,0.651972473,0.197767436,0.005122147,0.657690549,0.200975522,0.687731237,1.825276274,-0.000391828,-0.001911848,1.825259520
59,0,31.741118319,2.917040919,-0.180467801,-0.642233309,2.097838917,5.140820019,31.646016693,3.587597954,0.020573291,-0.642172424,2.096033362,6.977766756,-0.095101626,0.670557034,0.201041093,-0.041970655,0.674100972,0.207207432,0.706476168,1.836945398,0.000060885,-0.001805555,1.836946737
60,0,32.340653830,2.955478950,-0.190234014,-0.222632071,2.207445917,4.602721419,32.243794216,3.645017735,0.014067177,-0.222444653,2.204622109,6.450039149,-0.096859614,0.689538785,0.204301190,-0.049052955,0.694295359,0.205261443,0.725661421,1.847312683,0.000187418,-0.002823808,1.847317729
61,0,32.907999928,3.018919575,-0.199501288,0.153837062,0.917024358,7.016910853,32.808597043,3.726495874,0.008089094,0.154140260,0.914651910,8.873739984,-0.099402885,0.707576299,0.207590382,-0.015540028,0.714974134,0.205449296,0.744069162,1.856825826,0.000303198,-0.002372448,1.856829132
62,0,33.647493087,3.107410990,-0.206388496,-0.048577092,1.792406256,7.896104852,33.544699484,3.838625542,0.004480927,-0.048647387,1.790082986,9.764166651,-0.102793603,0.731214552,0.210869422,-0.007961749,0.738224339,0.211349461,0.767923928,1.868065442,-0.000070295,-0.002323270,1.868061799
63,0,34.213384780,3.152610920,-0.222971569,0.129340860,1.667182683,5.717363238,34.108572737,3.901824802,-0.008803230,0.129489799,1.664902898,7.600941122,-0.104812043,0.749213882,0.214168339,-0.035871394,0.756407764,0.211507971,0.786241110,1.883574939,0.000148939,-0.002279784,1.883577884
64,0,34.797890690,3.233049628,-0.226592285,0.071203065,2.017760617,7.405943347,34.689880143,4.001113894,-0.009119080,0.071736002,2.015573146,9.297060516,-0.108010547,0.768064266,0.217473205,-0.015759247,0.775848450,0.216088913,0.805533109,1.891099755,0.000532937,-0.002187471,1.891117169
65,0,35.347223235,3.324071340,-0.248996474,-0.391457327,1.875251234,10.454763857,35.235649913,4.109857917,-0.028218096,-0.392447038,1.873801184,12.354284817,-0.111573322,0.785786577,0.220778378,0.025624909,0.791453884,0.227148311,0.823803522,1.899554146,-0.000989710,-0.001450050,1.899520961
66,0,35.796869316,3.323390302,-0.239522767,-0.592321515,1.968079987,3.879520621,35.684869019,4.123905929,-0.015486126,-0.592212861,1.965357772,5.786174310,-0.112000297,0.800515627,0.224036641,-0.065241881,0.803921744,0.230250035,0.838785880,1.906651906,0.000108654,-0.002722215,1.906653689
67,0,36.358674702,3.391012737,-0.251938595,-1.052423748,1.711576130,6.762274521,36.243955714,4.209818156,-0.024571163,-1.052308761,1.709413302,8.673826956,-0.114718988,0.818805419,0.227367432,-0.024289709,0.822313290,0.241887524,0.857495604,1.911550229,0.000114987,-0.002162828,1.911552435
68,0,36.939662220,3.452701845,-0.259089101,-0.513150868,1.527307455,7.488739269,36.822457795,4.290724639,-0.028448825,-0.513797755,1.524944687,9.404256847,-0.117204425,0.838022794,0.230640276,-0.013128964,0.844053122,0.237941115,0.877048469,1.915536373,-0.000646887,-0.002362768,1.915517578
69,0,37.524059087,3.486090542,-0.267182285,-0.311282549,1.247856857,5.022442093,37.405322273,4.343416155,-0.033119598,-0.311026477,1.245420789,6.943262482,-0.118736815,0.857325613,0.234062687,-0.048312598,0.863149847,0.237758731,0.896599676,1.920816380,0.000256072,-0.002436068,1.920820390
70,0,38.088799997,3.555715667,-0.263131731,-0.586811700,1.320124611,6.913465656,37.967351627,4.431493537,-0.025681969,-0.586742284,1.317801715,8.842566636,-0.121448370,0.875777870,0.237449762,-0.020614273,0.881554904,0.246079209,0.915488380,1.929100782,0.000069416,-0.002322895,1.929100981
71,0,38.658210392,3.586125966,-0.270097999,-0.036878014,1.288024127,5.388685687,38.535343633,4.480730507,-0.029212735,-0.037000543,1.285523267,7.322058783,-0.122866760,0.894604542,0.240885264,-0.043714934,0.902034853,0.240543893,0.934579711,1.933377469,-0.000122529,-0.002500860,1.933373096
72,0,39.237011605,3.644321873,-0.297667584,0.281858208,3.025188471,7.022085886,39.111697851,4.558008599,-0.053286222,0.281910158,3.023506051,8.963611538,-0.125313754,0.913686726,0.244381363,-0.025553378,0.923339172,0.238832616,0.954069819,1.941523641,0.000051950,-0.001682419,1.941525652
73,0,39.820976211,3.676115920,-0.312922412,0.168284568,1.937008081,4.284725835,39.693979133,4.609258079,-0.065230520,0.168521622,1.934706680,6.231041537,-0.126997079,0.933142159,0.247691892,-0.065264025,0.940739804,0.242864259,0.973772982,1.946309070,0.000237054,-0.002301402,1.946315703
74,0,40.420044790,3.702568146,-0.323243186,-0.407691028,2.485886756,3.287642602,40.291654556,4.655749817,-0.072246173,-0.407538409,2.483955895,5.245383372,-0.128390235,0.953181671,0.250997013,-0.084332582,0.957190072,0.254389530,0.994001434,1.957735111,0.000152619,-0.001930860,1.957740770
75,0,41.026452194,3.751912748,-0.344242009,-0.445850843,2.377861358,5.696995152,40.896009341,4.725293846,-0.089954625,-0.446399112,2.375231546,7.672773978,-0.130442853,0.973381098,0.254287384,-0.043695113,0.979526060,0.260322126,1.014469405,1.975803387,-0.000548270,-0.002629812,1.975778826
76,0,41.784429887,3.767271368,-0.361345215,-0.441273117,2.556212479,3.044985864,41.652748310,4.766545124,-0.103740432,-0.441069244,2.553863602,5.027747107,-0.131681578,0.999273756,0.257604783,-0.089825248,1.002872984,0.261582692,1.040311637,1.982753556,0.000203873,-0.002348878,1.982761243
77,0,42.376328204,3.820649757,-0.387074840,-0.565682123,1.836455567,5.520898955,42.242224994,4.840230226,-0.126175197,-0.565850215,1.834099113,7.508558137,-0.134103210,1.019580469,0.260899642,-0.043731291,1.025139327,0.269765752,1.060941387,1.987665969,-0.000168092,-0.002356454,1.987659182
78,0,42.970417173,3.894960985,-0.401880833,-0.602590665,2.047428006,8.003376315,42.833196295,4.934899183,-0.137665407,-0.602724600,2.045348308,10.002573641,-0.137220878,1.039938198,0.264215426,-0.000537466,1.046076187,0.275381806,1.081716606,1.999203194,-0.000133935,-0.002079698,1.999197326
79,0,43.545123569,3.986637607,-0.406701898,-0.558762289,1.859402955,10.036304161,43.404339824,5.046350693,-0.139205127,-0.558302449,1.857247722,12.046585663,-0.140783745,1.059713086,0.267496771,0.037345350,1.065358903,0.279252829,1.101982945,2.010267799,0.000459839,-0.002155233,2.010281503
80,0,44.141630194,4.115376763,-0.417822791,-0.287591706,1.953363731,12.076321636,43.996005000,5.195735795,-0.147050300,-0.287618805,1.950934836,14.096243143,-0.145625194,1.080359032,0.270772491,0.074346104,1.085531021,0.278917793,1.123254235,2.019923890,-0.000027099,-0.002428895,2.019921507
81,0,44.731958907,4.256933714,-0.419268966,0.107749399,2.182521234,14.341433686,44.580839802,5.357774420,-0.145190903,0.107102360,2.180862412,16.369812355,-0.151119105,1.100840706,0.274078063,0.115738845,1.104489352,0.276611315,1.144467574,2.028404082,-0.000647039,-0.001658821,2.028378669
82,0,45.326444440,4.317301627,-0.442126242,-0.202282181,2.150934363,7.601549052,45.172701307,5.438908531,-0.164757270,-0.202319598,2.149756410,9.641320542,-0.153743132,1.121606904,0.277368972,-0.014429692,1.131102735,0.281017669,1.165578202,2.039773234,-0.000037417,-0.001177953,2.039771490
83,0,45.485304951,4.264884232,-0.452968178,-0.832425339,1.881316310,2.003416545,45.333258540,5.391964276,-0.172315072,-0.832554600,1.880977014,4.052191656,-0.152046410,1.127080044,0.280653105,-0.121704745,1.127565612,0.293219112,1.171406719,2.048779386,-0.000129261,-0.000339296,2.048775111
84,0,45.624423763,4.227040501,-0.443547186,-0.527386723,1.966517751,-3.457271178,45.473569675,5.358807089,-0.159639010,-0.527629942,1.964728996,-1.401447776,-0.150854088,1.131766588,0.283908175,-0.228443332,1.118019651,0.286534677,1.176544269,2.055832536,-0.000243219,-0.001788756,2.055823401
85,0,46.195245337,4.158143472,-0.456272352,-0.329669835,1.833936589,-5.266273123,46.046426664,5.310155249,-0.169084427,-0.329418706,1.831991991,-3.203410648,-0.148818673,1.152011778,0.287187925,-0.262987995,1.131866202,0.285431695,1.196559667,2.062855374,0.000251128,-0.001944598,2.062862475
86,0,46.811097964,4.102027600,-0.472218766,-0.192298043,2.425264408,-4.477938896,46.663920316,5.275925180,-0.181757003,-0.192440593,2.422518127,-2.407853921,-0.147177648,1.173897580,0.290461763,-0.250458433,1.157876638,0.284001916,1.218221993,2.070092830,-0.000142550,-0.002746281,2.070084975
87,0,47.425582729,4.034909649,-0.478153444,0.139831879,2.202175199,-4.807978173,47.280488886,5.230541659,-0.183501467,0.140123154,2.199751596,-2.727604464,-0.145093843,1.195632010,0.294651977,-0.255938525,1.179955651,0.282148983,1.239922544,2.080363955,0.000291276,-0.002423603,2.080373709
88,0,48.203087746,3.962438374,-0.494739590,0.374392029,1.433930905,-4.199161525,48.060134150,5.185829778,-0.196306208,0.373759126,1.433132734,-2.112656718,-0.142953596,1.223391404,0.298433382,-0.239546328,1.211525358,0.284620106,1.267353440,2.086520889,-0.000632903,-0.000798171,2.086504807
89,0,48.513235343,3.881863452,-0.498121391,0.360054223,2.307430789,-10.234267615,48.372998734,5.116227072,-0.196428148,0.359972817,2.305257586,-8.140861913,-0.140236609,1.234363620,0.301693243,-0.369175748,1.191588430,0.279579944,1.278412556,2.093410107,-0.000081406,-0.002173203,2.093405702
90,0,49.129624977,3.790305550,-0.515747454,0.741785527,2.114730790,-7.520521450,48.992233324,5.046905028,-0.210755042,0.741728556,2.112791948,-5.421059874,-0.137391653,1.256599479,0.304992412,-0.311724809,1.231507551,0.277769478,1.300361137,2.099464573,-0.000056971,-0.001938843,2.099461576
91,0,49.557329847,3.628237660,-0.507101576,0.867426963,2.062798979,-14.769699873,49.425650851,4.899978142,-0.198803018,0.867790343,2.060728846,-12.660200895,-0.131678996,1.271740482,0.308298558,-0.462343093,1.200431697,0.273703885,1.315184859,2.109486952,0.000363380,-0.002070133,2.109498978
92,0,50.143570025,3.487154635,-0.517329897,0.685064264,1.168189724,-14.376627481,50.016824168,4.779860852,-0.205701407,0.684361118,1.165778228,-12.256194254,-0.126745857,1.292706217,0.311628489,-0.450009970,1.224283916,0.287899479,1.335764272,2.120449035,-0.000703146,-0.002411496,2.120433227
93,0,50.717099881,3.260465147,-0.515169193,0.900073200,1.990541445,-18.121263887,50.598533469,4.573898442,-0.199978741,0.900143430,1.988153908,-15.990819849,-0.118566413,1.313433295,0.315190451,-0.531835108,1.215924227,0.277830392,1.355916677,2.130442939,0.000070230,-0.002387537,2.130444038
94,0,51.280596019,3.019788286,-0.526012794,0.787234135,2.079225434,-21.175763215,51.170801971,4.353585434,-0.207489640,0.786793207,2.077785677,-19.033842902,-0.109794048,1.333797148,0.318523154,-0.595359973,1.208042401,0.280547009,1.375691304,2.141936834,-0.000440927,-0.001439757,2.141920313
95,0,51.503384321,2.826627173,-0.535790742,0.750810831,1.969400689,-30.988900552,51.400793744,4.168124282,-0.213981034,0.750600823,1.967395171,-28.836069838,-0.102590577,1.341497110,0.321809708,-0.789246145,1.100969843,0.280458084,1.383365754,2.152838872,-0.000210008,-0.002005518,2.152830714
96,0,52.034901396,2.491386419,-0.556692379,0.725207689,2.169087248,-30.949350677,51.944718600,3.852306679,-0.231580450,0.724599678,2.166492168,-28.785945254,-0.090182796,1.360920259,0.325111929,-0.788985185,1.124426143,0.281252343,1.402117918,2.163430063,-0.000608011,-0.002595079,2.163405423
97,0,52.566534631,2.147554254,-0.572254605,1.150058896,2.440703808,-30.162812955,52.489149008,3.527899026,-0.243836473,1.150082577,2.438769243,-27.992123992,-0.077385624,1.380344772,0.328418132,-0.773770153,1.160267622,0.272502277,1.420985114,2.170688817,0.000023681,-0.001934565,2.170688963
98,0,53.088191626,1.806582965,-0.586599543,0.235346840,0.680916090,-32.812861725,53.023551713,3.206019563,-0.254843403,0.234039843,0.678798382,-30.636106384,-0.064639913,1.399436597,0.331756139,-0.816561810,1.142434613,0.317384957,1.439674701,2.176772272,-0.001306997,-0.002117708,2.176755341
99,0,53.571996861,1.443247216,-0.582234414,-0.520740190,0.673537788,-35.596165781,53.520918778,2.860768880,-0.247184627,-0.521296366,0.672361517,-33.411701464,-0.051078083,1.417521664,0.335049787,-0.870507098,1.119913535,0.335031440,1.457475557,2.184471237,-0.000556177,-0.001176270,2.184464317
100,0,53.758222455,1.192019328,-0.580950103,-0.410586713,-0.089858987,-44.051262598,53.716677279,2.616288931,-0.242622671,-0.411594272,-0.091411132,-41.861301405,-0.041545177,1.424269603,0.338327432,-1.019624458,0.992300302,0.347046725,1.464491500,2.189960381,-0.001007560,-0.001552145,2.189961193
101,0,53.906792684,0.914346619,-0.581940459,-0.770667007,0.119454512,-50.305336045,53.875713022,2.344336620,-0.239788357,-0.770564636,0.118931764,-48.113979100,-0.031079662,1.429990001,0.342152102,-1.120880105,0.884763523,0.351748076,1.470681954,2.191356797,0.000102371,-0.000522748,2.191356945
102,0,53.954682182,0.779839735,-0.571653841,-0.774226076,-0.121459083,-55.777887212,53.928700165,2.211882015,-0.225423287,-0.774909812,-0.122256117,-53.585370820,-0.025982017,1.432042280,0.346230554,-1.197979307,0.779116339,0.359331409,1.473531728,2.192515190,-0.000683736,-0.000797033,2.192516393
103,0,53.994366629,0.644009454,-0.576773512,-0.284362331,-0.616110065,-61.602646087,53.973615111,2.077441439,-0.225598949,-0.285231995,-0.616605421,-59.405330339,-0.020751518,1.433431985,0.351174563,-1.266967334,0.661643438,0.368107577,1.475967972,2.197306620,-0.000869664,-0.000495356,2.197315747
104,0,54.011875912,0.507946488,-0.569221448,-0.534525330,-0.904144147,-66.896917373,53.996506877,1.942030962,-0.213705055,-0.535234284,-0.906542477,-64.694915732,-0.015369035,1.434084474,0.355516394,-1.319327155,0.545043920,0.381483125,1.477574496,2.201991860,-0.000708953,-0.002398330,2.202001642
105,0,54.227491682,-0.040830944,-0.549622381,-0.761002437,-0.905491562,-67.755746852,54.233125297,1.402431821,-0.189086336,-0.761513501,-0.907835065,-65.549991686,0.005633615,1.443262766,0.360536045,-1.327856160,0.546453331,0.388860084,1.487624075,2.205748383,-0.000511064,-0.002343503,2.205755166
106,0,54.346035810,-0.602844890,-0.537375760,-0.648344630,-0.005134528,-75.240663677,54.373093850,0.845712374,-0.173425429,-0.649093337,-0.005925566,-73.028121146,0.027058040,1.448557264,0.363950330,-1.393835390,0.391054008,0.368523808,1.493823995,2.212542726,-0.000748707,-0.000791038,2.212542530
107,0,54.342192831,-0.765401747,-0.533936228,-0.766844713,0.154975609,-80.595019902,54.375395411,0.683361841,-0.166416635,-0.766995175,0.152659003,-78.376117183,0.033202579,1.448763588,0.367519593,-1.424852432,0.264609912,0.367241254,1.495021403,2.218904338,-0.000150462,-0.002316606,2.218902719
108,0,54.411419894,-1.371997644,-0.534134319,-0.142834359,-0.304880993,-81.653764489,54.467934015,0.080247610,-0.163019095,-0.142781806,-0.307025309,-79.433638028,0.056514121,1.452245254,0.371115224,-1.426666217,0.265770819,0.379375820,1.499978878,2.220127778,0.000052553,-0.002144316,2.220126461
109,0,54.523695257,-1.947648698,-0.528055772,-0.075963760,-0.231441628,-77.896813724,54.602228262,-0.490481261,-0.153670713,-0.076004964,-0.233381760,-75.670813990,0.078533005,1.457167437,0.374385058,-1.406786876,0.381811678,0.380577292,1.506541916,2.226000413,-0.000041204,-0.001940132,2.225999734
110,0,54.534768402,-2.439118619,-0.534558150,0.258186850,-1.544273011,-84.513146493,54.632236366,-0.980992227,-0.156916200,0.258179408,-1.546570525,-82.277980628,0.097467964,1.458126393,0.377641950,-1.431424868,0.238317414,0.415299507,1.509385976,2.235166845,-0.000007442,-0.002297514,2.235165865
111,0,54.620338979,-3.026890144,-0.506967858,0.139334168,-1.378716563,-81.487101866,54.740532070,-1.564877986,-0.125228643,0.139355629,-1.381364100,-79.244716886,0.120193091,1.462012158,0.381739216,-1.418513701,0.336304157,0.415173642,1.515800369,2.242387060,0.000021461,-0.002647537,2.242384981
112,0,54.664855753,-3.657675662,-0.496073864,0.017633246,-1.387857208,-85.341895986,54.809739625,-2.193146356,-0.109049945,0.017698456,-1.389294177,-83.095799444,0.144883872,1.464529306,0.387023919,-1.438127444,0.263469199,0.421898536,1.521717759,2.246098583,0.000065211,-0.001436970,2.246096542
113,0,54.728934833,-4.255218894,-0.466363838,0.209921175,-1.416617408,-83.363689577,54.897320917,-2.787478100,-0.075354425,0.210138760,-1.418576848,-81.112156524,0.168386084,1.467740794,0.391009413,-1.428340486,0.338439933,0.425214231,1.528236001,2.251539299,0.000217585,-0.001959441,2.251533053
114,0,54.826547956,-4.858133264,-0.444465955,0.431568360,-1.057822817,-80.199352467,55.018630227,-3.386019535,-0.049173473,0.431205171,-1.060225439,-77.941694475,0.192082271,1.472113729,0.395292481,-1.410393975,0.443024768,0.418077107,1.536317212,2.257652587,-0.000363189,-0.002402622,2.257657992
115,0,54.948223861,-5.462507073,-0.434146938,0.121676496,-1.075301373,-77.285780121,55.164099126,-3.984663028,-0.034042561,0.120825689,-1.077080899,-75.021333138,0.215875265,1.477844045,0.400104377,-1.386341570,0.536742075,0.425057243,1.546191664,2.264431862,-0.000850807,-0.001779526,2.264446983
116,0,54.951252781,-5.779457952,-0.418739055,0.415616397,-0.736722068,-82.851780536,55.179617611,-4.300621746,-0.013570517,0.414427119,-0.738034258,-80.578703906,0.228364830,1.478836206,0.405168538,-1.433596557,0.413673358,0.420646918,1.550247904,2.273062014,-0.001189278,-0.001312190,2.273076629
117,0,54.937601866,-6.078543156,-0.398855727,0.715134957,-1.198246893,-88.038254878,55.177918519,-4.599365529,0.012265165,0.715891563,-1.200167818,-85.757387780,0.240316654,1.479177627,0.411120892,-1.461165354,0.296302521,0.438109071,1.553943028,2.280883867,0.000756607,-0.001920926,2.280867099
118,0,54.980645497,-6.680326138,-0.378156808,0.415783491,-1.417673805,-85.504579438,55.244786021,-5.198362328,0.037160044,0.414705916,-1.420235850,-83.216677746,0.264140524,1.481963810,0.415316852,-1.445980463,0.382747836,0.448463636,1.561561731,2.287876696,-0.001077575,-0.002562046,2.287901692
119,0,55.044599415,-7.293478090,-0.359273722,0.298618141,-1.824270200,-82.593188508,55.333320625,-5.807828108,0.062080258,0.298598265,-1.826248208,-80.302070713,0.288721210,1.485649982,0.421353981,-1.421892154,0.480259085,0.464358586,1.571004451,2.291118016,-0.000019876,-0.001978008,2.291117795
120,0,55.045047678,-7.888180896,-0.319671855,0.607576373,-1.175531629,-86.967949573,55.357673729,-6.401564547,0.106657364,0.607254289,-1.177941432,-84.674971167,0.312626051,1.486616349,0.426329219,-1.458943719,0.395639565,0.452186222,1.577821226,2.292973080,-0.000322084,-0.002409803,2.292978406
121,0,55.035178358,-8.495919799,-0.305935017,0.565516693,-0.487693726,-89.105221049,55.372320181,-7.008865275,0.125105188,0.565871637,-0.489765933,-86.809455753,0.337141822,1.487054524,0.431040205,-1.477885735,0.364683977,0.440057698,1.584547704,2.295769286,0.000354944,-0.002072207,2.295765296
122,0,55.100228910,-9.248784641,-0.293581938,0.411381846,-0.293645825,-85.079130656,55.467639832,-7.758497624,0.142370590,0.412481714,-0.295674695,-82.779170139,0.367410922,1.490287017,0.435952528,-1.451024179,0.497064051,0.439837407,1.595619248,2.299967331,0.001099868,-0.002028870,2.299960517
123,0,55.130570001,-9.862549015,-0.272827472,0.421108546,-0.364767305,-84.811107693,55.522764958,-8.370458526,0.166777942,0.421539774,-0.366556820,-82.506903164,0.392194957,1.492090489,0.439605414,-1.447677832,0.528816219,0.444956326,1.604183229,2.304208016,0.000431228,-0.001789516,2.304204529
124,0,55.154823635,-10.475605519,-0.249381337,0.709931806,-0.832584508,-85.981131007,55.571837468,-8.981834792,0.193918489,0.709598863,-0.834681483,-83.671679039,0.417013833,1.493770727,0.443299826,-1.454275418,0.526394418,0.457993649,1.612999150,2.309448101,-0.000332943,-0.002096974,2.309451969
125,0,55.213426140,-11.086091067,-0.230501272,0.513028470,-1.083907966,-83.988224667,55.655368398,-9.589097564,0.216543134,0.513011233,-1.086002732,-81.677170629,0.441942258,1.496993502,0.447044406,-1.433760065,0.600518651,0.468892984,1.623622864,2.311054661,-0.000017237,-0.002094766,2.311054038
126,0,55.247825464,-11.698094642,-0.219044801,0.493817445,-0.429055160,-85.109456279,55.714600604,-10.198878776,0.231291729,0.492833800,-0.431634765,-82.796856188,0.466775140,1.499215866,0.450336530,-1.450551005,0.596840657,0.456084691,1.633502444,2.312594351,-0.000983645,-0.002579605,2.312600091
127,0,55.313042758,-12.301173701,-0.205311648,0.645270379,-0.386633197,-83.463634151,55.804319242,-10.798406735,0.248926143,0.644460452,-0.388578027,-81.144065957,0.491276484,1.502766966,0.454237791,-1.433976909,0.664331640,0.456472130,1.644990307,2.319563671,-0.000809927,-0.001944830,2.319568194
128,0,55.378239074,-12.889719555,-0.173690836,0.726556383,-1.785022602,-82.686499004,55.893587537,-11.383303405,0.285223780,0.726868645,-1.787616545,-80.363380965,0.515348462,1.506416150,0.458914616,-1.413569484,0.709244270,0.494236945,1.656947880,2.323129242,0.000312262,-0.002593942,2.323118039
129,0,55.433840927,-13.498898660,-0.159898702,0.480171346,-0.758579993,-83.111299316,55.974061409,-11.989502940,0.302312187,0.479746220,-0.760865436,-80.781462106,0.540220483,1.509395719,0.462210889,-1.427459781,0.721366241,0.475122967,1.668458124,2.329832733,-0.000425126,-0.002285443,2.329837210
130,0,55.444620067,-14.093193734,-0.157274717,0.629713400,0.385511712,-86.073641581,56.009195929,-12.582664247,0.308224666,0.629101374,0.382878176,-83.736058811,0.564575862,1.510529487,0.465499383,-1.471424012,0.671650166,0.448254772,1.678432277,2.337588438,-0.000612026,-0.002633537,2.337582770
131,0,55.500312298,-14.693026424,-0.145680926,0.552095802,-1.052783026,-83.620050621,56.089576319,-13.179569439,0.323136218,0.552259049,-1.055199723,-81.277736127,0.589264021,1.513456984,0.468817144,-1.429747587,0.758528059,0.487883864,1.690435933,2.342318750,0.000163246,-0.002416697,2.342314495
132,0,55.577618712,-15.291119816,-0.131302187,0.190281370,-1.250293414,-81.543730796,56.191472038,-13.773775851,0.340813513,0.190423167,-1.252325290,-79.197987121,0.613853326,1.517343965,0.472115700,-1.399940692,0.831977194,0.500021853,1.703538038,2.345747656,0.000141798,-0.002031876,2.345743675
133,0,55.665443954,-15.901556488,-0.114349193,0.185730194,-0.932143208,-80.440365668,56.304560811,-14.379923028,0.361077722,0.186220441,-0.934730602,-78.094483592,0.639116858,1.521633461,0.475426916,-1.386443348,0.884555298,0.495183062,1.717518413,2.345891540,0.000490247,-0.002587394,2.345882076
134,0,55.733570802,-16.505020024,-0.102559913,0.813074315,-0.385263406,-80.800015745,56.397509606,-14.979863564,0.376170121,0.813797426,-0.387435008,-78.455598365,0.663938805,1.525156460,0.478730035,-1.396135527,0.906077688,0.475319076,1.730924438,2.344423373,0.000723111,-0.002171602,2.344417380
135,0,55.838747114,-17.093272630,-0.085452307,0.974311487,-0.539632873,-78.438276060,56.526729885,-15.563139516,0.396552809,0.974421195,-0.541724658,-76.092988983,0.687982771,1.530133113,0.482005116,-1.356597825,0.988969675,0.478056368,1.745553370,2.345289048,0.000109708,-0.002091785,2.345287077
136,0,55.956952395,-17.694931498,-0.081803894,0.949693496,-0.789338904,-76.808444281,56.669554224,-16.159203466,0.403482474,0.949747921,-0.791764463,-74.462204190,0.712601829,1.535728032,0.485286368,-1.325771261,1.052466004,0.486220823,1.761182788,2.346242096,0.000054425,-0.002425559,2.346240091
137,0,56.039733327,-18.291711931,-0.056748452,1.317173833,-0.758533181,-79.548999223,56.776780787,-16.751902636,0.431823981,1.316873798,-0.760624857,-77.200966904,0.737047461,1.539809295,0.488572433,-1.373979095,1.015517823,0.483590367,1.775656117,2.348029292,-0.000300036,-0.002091675,2.348032319
138,0,56.163264636,-18.885637136,-0.051577955,1.376674917,-0.433631851,-77.322948816,56.924857980,-17.339994065,0.441638983,1.377134813,-0.436304039,-74.977454475,0.761593344,1.545643070,0.493216938,-1.337057196,1.094008134,0.477204493,1.792289003,2.345499399,0.000459896,-0.002672188,2.345494340
139,0,56.298485222,-19.479148850,-0.031829232,1.027844678,-0.788839918,-75.555131965,57.084382007,-17.927252367,0.465172757,1.027949450,-0.790712112,-73.210723531,0.785896785,1.551896483,0.497001989,-1.299831206,1.157223570,0.494267007,1.809151024,2.344410629,0.000104772,-0.001872194,2.344408435
140,0,56.381450987,-20.080362125,-0.009820877,0.555472601,-1.133658731,-78.703530234,57.191997653,-18.524355432,0.490728306,0.555304868,-1.135999011,-76.360183041,0.810546666,1.556006693,0.500549183,-1.356916385,1.104705475,0.516813263,1.824470392,2.343345045,-0.000167734,-0.002340280,2.343347193
141,0,56.469788282,-20.660922192,0.010908774,0.232421009,-0.826941812,-80.576830142,57.304239096,-19.100395055,0.515197394,0.232210819,-0.828335667,-78.235769282,0.834450814,1.560527137,0.504288620,-1.395424870,1.080806615,0.520102501,1.840070683,2.341058248,-0.000210190,-0.001393856,2.341060860
142,0,56.458971614,-20.970173391,0.016289896,0.496177188,-1.164853659,-85.731765729,57.306241941,-19.409605851,0.523833079,0.495532743,-1.167907757,-83.390553115,0.847270327,1.560567540,0.507543183,-1.482554071,0.965688201,0.529450528,1.846845456,2.341201576,-0.000644446,-0.003054099,2.341212614
143,0,56.502835000,-21.718900753,0.041129149,0.023778051,-0.922133301,-84.891090828,57.380743175,-20.155636373,0.552785508,0.024009747,-0.924553236,-82.547280370,0.877908175,1.563264379,0.511656359,-1.470450987,1.013849954,0.534969793,1.864486662,2.343815452,0.000231697,-0.002419935,2.343810458
144,0,56.574591730,-22.491114445,0.068007776,0.401765783,-0.595683945,-83.685517265,57.484202631,-20.924180812,0.583500828,0.402007616,-0.598012387,-81.339217596,0.909610901,1.566933633,0.515493052,-1.451945215,1.080126785,0.523055743,1.883721341,2.346303356,0.000241833,-0.002328442,2.346299669
145,0,56.643135631,-23.091940303,0.085225870,0.281935769,-0.881418776,-82.593996606,57.577313182,-21.521482435,0.603999421,0.282506967,-0.883548907,-80.243831797,0.934177551,1.570457868,0.518773551,-1.428791207,1.131463087,0.535255619,1.899513519,2.350174640,0.000571199,-0.002130131,2.350164808
146,0,56.726175478,-23.684478456,0.104891714,0.229941799,-0.918660360,-80.735963199,57.684599747,-22.109925706,0.626930574,0.229495114,-0.921395553,-78.383819453,0.958424269,1.574552750,0.522038860,-1.391174726,1.201577070,0.539595626,1.915807405,2.352138206,-0.000446685,-0.002735193,2.352143745
147,0,56.776096503,-24.284956764,0.127319689,1.094863343,-0.554396678,-83.199931295,57.759228135,-22.707618432,0.652708281,1.094648406,-0.556634554,-80.844915574,0.983131632,1.577338332,0.525388592,-1.444683001,1.173074937,0.517071958,1.931470215,2.355014710,-0.000214937,-0.002237876,2.355015721
148,0,56.865197956,-24.879376502,0.143566468,0.735440911,0.104153924,-81.011402754,57.872734046,-23.297659908,0.672809787,0.735812071,0.102285317,-78.654298524,1.007536091,1.581716594,0.529243319,-1.405836683,1.248945052,0.510699841,1.948603307,2.357104331,0.000371160,-0.001868607,2.357104230
149,0,56.974514921,-25.467739733,0.151073662,0.065596303,0.111253036,-78.978287297,58.006190531,-23.880687324,0.683773137,0.064910271,0.108894871,-76.622220196,1.031675610,1.587052409,0.532699475,-1.361573959,1.316666366,0.528549597,1.966432974,2.356069699,-0.000686032,-0.002358166,2.356067101
150,0,57.096768131,-26.076781570,0.157706244,-0.296217185,0.085527992,-77.341627384,58.153454545,-24.483882794,0.693813000,-0.296080029,0.083359876,-74.985068466,1.056686415,1.592898777,0.536106756,-1.323421096,1.377286409,0.541259546,1.985276592,2.356559717,0.000137156,-0.002168116,2.356558918
151,0,57.231059987,-26.645357708,0.167469600,-0.326339825,0.192065268,-74.811877906,58.311055930,-25.046260653,0.707339994,-0.326507849,0.190032406,-72.450832471,1.079995943,1.599097055,0.539870393,-1.262097389,1.458144057,0.543956580,2.003737176,2.361046876,-0.000168023,-0.002032862,2.361045434
152,0,57.340567889,-27.238045287,0.180745680,-0.314230795,-0.777047440,-77.427972995,58.444983398,-25.633954190,0.723884226,-0.314594139,-0.779315190,-75.065732288,1.104415509,1.604091098,0.543138546,-1.317747794,1.423993893,0.568879153,2.021841078,2.362236888,-0.000363344,-0.002267750,2.362240707
153,0,57.473139104,-27.821436726,0.195320127,-0.386324417,-0.522755104,-75.871123528,58.601730777,-26.211557998,0.741842550,-0.386712977,-0.525275591,-73.507471176,1.128591674,1.609878729,0.546522423,-1.280645165,1.483630545,0.568246260,2.040616438,2.363650174,-0.000388560,-0.002520487,2.363652352
154,0,57.527393649,-28.415487820,0.208063018,-0.429852802,-0.175793560,-81.577142455,58.680624211,-26.802793170,0.758783268,-0.429956899,-0.178096633,-79.212600986,1.153230562,1.612694650,0.550720250,-1.424681136,1.372812333,0.565409159,2.057672850,2.364542272,-0.000104097,-0.002303073,2.364541469
155,0,57.608683438,-28.988773078,0.226130552,-0.701500907,-0.212570326,-80.734743606,58.785681538,-27.372131949,0.780841851,-0.701407292,-0.214752365,-78.370386791,1.176998100,1.616641130,0.554711299,-1.403978973,1.414968503,0.577290978,2.075224734,2.364358174,0.000093614,-0.002182039,2.364356816
156,0,57.711375036,-29.581651351,0.227561669,-0.748821536,0.104067351,-79.149465461,58.912876773,-27.960178107,0.785752337,-0.749103315,0.101763920,-76.784576014,1.201501737,1.621473244,0.558190668,-1.367315659,1.477869864,0.575071543,2.093886035,2.364891092,-0.000281778,-0.002303431,2.364889447
157,0,57.808850560,-30.161547806,0.246041305,-1.044929252,-0.921967871,-79.195538455,59.034191999,-28.535356835,0.807936071,-1.044866895,-0.923995256,-76.828266386,1.225341439,1.626190970,0.561894766,-1.358444779,1.497563765,0.611240539,2.112269974,2.367273942,0.000062357,-0.002027385,2.367272068
158,0,57.931255673,-30.739772130,0.246782730,-1.129215383,-0.147534238,-77.453693953,59.180379600,-29.108199999,0.812716377,-1.129489225,-0.149816686,-75.084707858,1.249123928,1.631572131,0.565933647,-1.319804385,1.562194263,0.600237095,2.131342089,2.368986500,-0.000273842,-0.002282448,2.368986096
159,0,58.013916546,-31.322995377,0.262941980,-0.763215829,-0.171088284,-80.726037965,59.287292168,-29.687723872,0.833380216,-0.762911120,-0.173245320,-78.356807161,1.273375622,1.635271504,0.570438237,-1.406976055,1.512474875,0.594841393,2.149650704,2.369232721,0.000304709,-0.002157035,2.369230804
160,0,58.113355621,-31.892309105,0.273182081,-0.527446492,-0.650522897,-78.306204042,59.410327821,-30.252588008,0.847862030,-0.527799297,-0.651841406,-75.935034346,1.296972200,1.639721097,0.574679949,-1.336205142,1.596895833,0.604614524,2.168197225,2.371166079,-0.000352805,-0.001318509,2.371169696
161,0,58.118480932,-32.340404512,0.279515393,-0.253113379,-0.595863450,-84.650972134,59.434039635,-30.700349881,0.857546947,-0.253657801,-0.597726355,-82.277751654,1.315558703,1.640054631,0.578031554,-1.504179916,1.460082916,0.600162505,2.180503238,2.373215604,-0.000544422,-0.001862905,2.373220481
162,0,58.158569057,-32.894831315,0.294564609,-0.773481891,-0.227391373,-84.640468823,59.497221844,-31.252945569,0.876437509,-0.772747454,-0.229756511,-82.264345715,1.338652787,1.641885747,0.581872900,-1.507349538,1.478089794,0.607868483,2.196896939,2.376127328,0.000734437,-0.002365137,2.376123107
163,0,58.228733440,-33.467083138,0.302236202,-0.928032817,-0.379831719,-81.910441597,59.591105537,-31.821973380,0.887566074,-0.927655521,-0.381829638,-79.533204123,1.362372096,1.645109758,0.585329873,-1.433113810,1.570475052,0.620361041,2.214735854,2.377240851,0.000377295,-0.001997919,2.377237474
164,0,58.334659112,-34.044807956,0.317773612,-0.892219533,-0.339209992,-78.752884182,59.720953136,-32.395040093,0.906709833,-0.892251895,-0.341226478,-76.373355471,1.386294025,1.649767863,0.588936221,-1.344189835,1.671944089,0.623014964,2.233918306,2.379529374,-0.000032362,-0.002016486,2.379528711
165,0,58.475992941,-34.612097442,0.325018530,-0.823649981,0.031574385,-75.931272453,59.885824480,-32.956286893,0.917229287,-0.824497463,0.029632343,-73.551932082,1.409831539,1.655810549,0.592210757,-1.263760642,1.761361280,0.616897566,2.253895988,2.379341767,-0.000847482,-0.001942042,2.379340371
166,0,58.535456572,-35.175583379,0.335472398,-0.793844386,-0.206958245,-80.568788181,59.968748996,-33.517178861,0.931287078,-0.793735429,-0.208650936,-78.190936946,1.433292424,1.658404518,0.595814680,-1.398962527,1.677183705,0.624168663,2.271481422,2.377852235,0.000108957,-0.001692691,2.377851235
167,0,58.649315886,-35.742618565,0.348022680,-0.625119946,-0.198503177,-77.867090766,60.106104465,-34.079252173,0.947775599,-0.625406918,-0.200850245,-75.488417145,1.456788580,1.663366392,0.599752919,-1.317937425,1.767155559,0.623639687,2.291009447,2.378673796,-0.000286973,-0.002347068,2.378673621
168,0,58.760927168,-36.301511153,0.362257572,-0.895343863,0.037416624,-77.186089809,60.240780139,-34.633231506,0.965947701,-0.895014720,0.035058779,-74.809698733,1.479852971,1.668279647,0.603690129,-1.298916458,1.803356422,0.631098422,2.310316768,2.376392060,0.000329144,-0.002357845,2.376391076
169,0,58.830194532,-36.882821336,0.373882941,-0.571885474,0.261746310,-80.276249552,60.334059365,-35.211378703,0.980851180,-0.571800925,0.259622283,-77.900087111,1.503864833,1.671442633,0.606968239,-1.396188500,1.758480356,0.618178666,2.328892517,2.376163007,0.000084549,-0.002124027,2.376162441
170,0,58.883875608,-37.485558803,0.373838670,-0.211928168,0.428314592,-83.982322351,60.412745788,-35.811635122,0.984082788,-0.212242474,0.426456934,-81.606548249,1.528870180,1.673923681,0.610244118,-1.508939924,1.693704650,0.605249755,2.347735590,2.375777193,-0.000314305,-0.001857658,2.375774102
171,0,58.952414727,-38.063418039,0.380854981,-0.408124230,0.271014956,-82.295843263,60.505214609,-36.386367771,0.994374301,-0.407691716,0.268704187,-79.920932904,1.552799882,1.677050268,0.613519320,-1.456632700,1.759239794,0.619182973,2.366451146,2.374909485,0.000432514,-0.002310769,2.374910359
172,0,59.045107998,-38.651074678,0.385793475,-0.632246701,0.144760458,-80.048377741,60.622209104,-36.969689408,1.002595860,-0.632821895,0.142115507,-77.677586687,1.577101107,1.681385271,0.616802384,-1.385091908,1.837063536,0.633614615,2.386367430,2.370794039,-0.000575194,-0.002644951,2.370791054
173,0,59.158776508,-39.214885469,0.393877610,-0.630914892,0.432829839,-77.365614916,60.759164669,-37.528475792,1.014497883,-0.631696417,0.430822377,-74.999209880,1.600388161,1.686409677,0.620620273,-1.300174630,1.923659410,0.632036225,2.406322794,2.366411906,-0.000781525,-0.002007462,2.366405036
174,0,59.223422849,-39.789664887,0.403319146,-0.709569444,0.050271548,-82.215196711,60.847636755,-38.100224864,1.027482801,-0.708758023,0.047898754,-79.850984708,1.624213906,1.689440022,0.624163655,-1.454412589,1.830229393,0.645602868,2.425254352,2.364212638,0.000811420,-0.002372794,2.364212003
175,0,59.304869251,-40.362464565,0.424621147,-0.853725966,-0.173179780,-80.975184231,60.952648539,-38.669212052,1.052179292,-0.853205848,-0.174282934,-78.610977224,1.647779288,1.693252513,0.627558145,-1.411913255,1.883363724,0.659963575,2.444608328,2.364208899,0.000520119,-0.001103154,2.364207007
176,0,59.390860930,-40.917582543,0.436324668,-0.850221643,-0.050456092,-79.800133282,61.061371775,-39.220280348,1.067590440,-0.850576530,-0.052383973,-77.436240508,1.670510845,1.697302195,0.631265772,-1.374103469,1.935073378,0.661262714,2.463724355,2.363893268,-0.000354887,-0.001927881,2.363892774
177,0,59.461738067,-41.479255918,0.448794286,-0.777252032,-0.328329172,-80.247966424,61.155300343,-39.778495137,1.083324789,-0.777712494,-0.331094276,-77.882782740,1.693562276,1.700760781,0.634530503,-1.385662776,1.948277403,0.668971753,2.482613416,2.365182696,-0.000460461,-0.002765103,2.365183684
178,0,59.563111216,-42.040977755,0.455124851,-1.002628514,-0.465691440,-78.603951146,61.279822908,-40.335418729,1.093647049,-1.003835601,-0.466627400,-76.242407456,1.716711693,1.705559025,0.638522198,-1.327495200,2.008195881,0.684577986,2.502746736,2.361534363,-0.001207087,-0.000935960,2.361543690
179,0,59.545849241,-42.307545670,0.469456638,-1.143641627,-0.359523624,-84.568126989,61.273683011,-40.602587320,1.112638767,-1.143411171,-0.361309902,-82.205825501,1.727833770,1.704958350,0.643182129,-1.529675706,1.868065947,0.690215630,2.511170198,2.362303625,0.000230456,-0.001786278,2.362301489
180,0,59.606842164,-42.860496640,0.474898901,-0.824013673,-0.044723527,-83.220459799,61.357454130,-41.152897593,1.122013105,-0.823742667,-0.047011886,-80.856867289,1.750611967,1.707599047,0.647114203,-1.488494812,1.930428571,0.676108187,2.529682501,2.363593850,0.000271006,-0.002288359,2.363592510
181,0,59.694877306,-43.420301329,0.482142364,-0.908493615,-0.163019775,-80.296396903,61.468456521,-41.708778534,1.132829713,-0.908548038,-0.165017764,-77.930115100,1.773579215,1.711522795,0.650687349,-1.386239647,2.026048291,0.686844598,2.549173893,2.366282492,-0.000054423,-0.001997989,2.366281803
182,0,59.807272127,-43.976340043,0.489543447,-0.499496070,-0.786715842,-77.483370861,61.603814466,-42.259956284,1.144630830,-0.499415883,-0.789493127,-75.119996169,1.796542339,1.716383759,0.655087382,-1.277122922,2.119878864,0.691192958,2.569567486,2.363377429,0.000080187,-0.002777285,2.363374693
183,0,59.950801218,-44.516791655,0.505555680,-1.044530563,-0.072971546,-74.330108275,61.769575594,-42.794525587,1.166123166,-1.044956196,-0.074499224,-71.968790152,1.818774376,1.722266068,0.660567486,-1.166172759,2.203914915,0.702346202,2.590461357,2.361318108,-0.000425633,-0.001527678,2.361318123
184,0,60.025623440,-45.076817785,0.507407987,-0.938430410,-0.465185375,-80.202598527,61.867559027,-43.351448643,1.173373784,-0.937360370,-0.467415484,-77.843787663,1.841935587,1.725369142,0.665965797,-1.381320448,2.097295162,0.711647842,2.610198427,2.358820869,0.001070040,-0.002230109,2.358810864
185,0,60.080718673,-45.616096779,0.524645889,-1.002498987,-0.430584911,-81.709584311,61.944872054,-43.888228592,1.194420915,-1.002308155,-0.433371376,-79.358179709,1.864153381,1.727868187,0.669775026,-1.435944212,2.081587284,0.717114692,2.628534741,2.351407700,0.000190831,-0.002786465,2.351404603
186,0,60.168062859,-46.174451947,0.535423107,-1.212925528,-0.197028601,-80.543531595,62.055050060,-44.442541075,1.208882499,-1.213149160,-0.198903160,-78.195200181,1.886987201,1.731910871,0.673459391,-1.396022670,2.131055957,0.723536265,2.648354869,2.348331400,-0.000223632,-0.001874559,2.348331414
187,0,60.274086429,-46.723545336,0.542773018,-1.108554674,0.066895207,-78.536567862,62.183633239,-44.986854878,1.219893885,-1.107882829,0.064335430,-76.191609083,1.909546810,1.736690458,0.677120867,-1.323328121,2.203123792,0.718333958,2.668511839,2.344959503,0.000671845,-0.002559777,2.344958779
188,0,60.390737450,-47.266190858,0.549688911,-1.088194430,-0.064322421,-77.138210443,62.322424971,-45.524152710,1.230462631,-1.088498913,-0.066601657,-74.796778417,1.931687521,1.742038148,0.680773720,-1.267571467,2.257633422,0.725203662,2.688785310,2.341432808,-0.000304483,-0.002279236,2.341432026
189,0,60.538117739,-47.853103484,0.558840008,-1.772836883,0.294209334,-74.857901824,62.493718110,-46.104624854,1.243308334,-1.772402031,0.292160394,-72.519666584,1.955600371,1.748478630,0.684468326,-1.180442452,2.322320324,0.750620510,2.711097051,2.338233953,0.000434852,-0.002048940,2.338235240
190,0,60.661354232,-48.352659064,0.582689020,-2.893013736,0.232216559,-75.343311521,62.637152608,-46.598868790,1.270900950,-2.893770266,0.230130157,-73.007204484,1.975798376,1.753790274,0.688211930,-1.199570440,2.317768760,0.801357564,2.730054067,2.336111143,-0.000756530,-0.002086402,2.336107037
191,0,60.794486394,-48.883523234,0.594458937,-2.259488163,-0.292216374,-75.043891271,62.791779613,-47.123841997,1.286903596,-2.258805471,-0.293598178,-72.708821957,1.997293219,1.759681237,0.692444659,-1.181063502,2.354378354,0.791915044,2.750479570,2.335073313,0.000682691,-0.001381805,2.335069314
192,0,60.903353106,-49.413640409,0.595079156,-2.075172025,0.356796380,-76.231607702,62.922112872,-47.649083691,1.291113447,-2.075591633,0.355611417,-73.897282964,2.018759766,1.764556718,0.696034291,-1.237703750,2.354225999,0.774095931,2.770111033,2.334327685,-0.000419608,-0.001184963,2.334324738
193,0,60.917331392,-49.733428929,0.602208749,-1.579939318,-0.228231511,-81.362877696,62.949147196,-47.968007643,1.301656337,-1.579109700,-0.229863408,-79.030518352,2.031815804,1.765421287,0.699447588,-1.437472725,2.253589937,0.767606195,2.781045614,2.332363378,0.000829618,-0.001631897,2.332359344
194,0,61.016950131,-50.235876328,0.611630556,-1.455209422,0.000971366,-78.389031988,63.069049302,-48.465937924,1.314346679,-1.456214890,-0.000649150,-76.058788990,2.052099171,1.769938404,0.702716123,-1.320714974,2.347725539,0.762561254,2.799571916,2.330243781,-0.001005468,-0.001620516,2.330242998
195,0,61.111229352,-50.751851468,0.608343970,-1.470479561,0.272645075,-78.572060178,63.184247595,-48.977696570,1.314342841,-1.470217477,0.271999543,-76.242325291,2.073018243,1.774154898,0.705998871,-1.331588008,2.364702974,0.760603619,2.818415271,2.329733745,0.000262084,-0.000645532,2.329734887
196,0,61.109483670,-50.984558198,0.617344566,-1.433396772,-0.072284645,-83.693185333,63.191993921,-49.210429366,1.326583347,-1.434000128,-0.074247473,-81.366358720,2.082510251,1.774128832,0.709238781,-1.533726600,2.246300579,0.767605451,2.826199163,2.326826747,-0.000603356,-0.001962828,2.326826612
197,0,61.109422628,-51.541293912,0.632908600,-1.338082278,-0.438099486,-88.788918108,63.214570349,-49.766930896,1.345435221,-1.338206162,-0.438829414,-86.463233960,2.105147721,1.774363016,0.712526621,-1.723974002,2.124648769,0.775555592,2.843889103,2.325683318,-0.000123884,-0.000729928,2.325684148
198,0,61.038698135,-51.734662298,0.643096178,-0.924640325,-1.020643329,-96.062178328,63.151712777,-49.963098218,1.358875634,-0.926067148,-1.021370126,-93.739860709,2.113014642,1.771564080,0.715779456,-1.971743000,1.901738934,0.781811337,2.848791042,2.322292746,-0.001426822,-0.000726797,2.322317619
199,0,60.938993847,-52.045787554,0.656580162,-0.835468946,-0.854708299,-102.042093621,63.064782232,-50.278200899,1.375611889,-0.836782312,-0.856657149,-99.721558538,2.125788385,1.767586655,0.719031728,-2.161226528,1.699100052,0.776211553,2.856631840,2.320516659,-0.001313366,-0.001948850,2.320535083
200,0,60.848772903,-52.198144885,0.661844796,-0.397310095,-0.737349409,-108.230368616,62.980985661,-50.434215682,1.384498349,-0.398323222,-0.738316445,-105.914306895,2.132212759,1.763929203,0.722653553,-2.332935535,1.468109343,0.762936685,2.860070915,2.316049098,-0.001013127,-0.000967037,2.316061721
201,0,60.733599343,-52.338188589,0.668399206,-0.016164931,-1.144541691,-115.555176683,62.871830372,-50.579211723,1.395843343,-0.017032420,-1.144997478,-113.242356443,2.138231029,1.758976866,0.727444137,-2.494255851,1.170041482,0.777751373,2.862727112,2.312803116,-0.000867488,-0.000455787,2.312820240
202,0,60.571335575,-52.483129748,0.690018069,-0.010625694,-1.432252033,-123.036467927,62.715636875,-50.730787177,1.421755315,-0.010194800,-1.432827180,-120.724916379,2.144301300,1.752342571,0.731737246,-2.618931081,0.842141412,0.797602525,2.864292574,2.311562432,0.000430894,-0.000575147,2.311551548
203,0,60.427458287,-52.599404836,0.699450840,0.231612244,-1.492269655,-129.063707770,62.576701845,-50.852754118,1.434408866,0.231177792,-1.494050248,-126.756219916,2.149243559,1.746650718,0.734958026,-2.690539518,0.571310133,0.802995480,2.865344640,2.307477261,-0.000434452,-0.001780593,2.307487854
204,0,60.070239354,-53.033162565,0.715893272,0.438420875,-1.233263581,-127.883746155,62.237453843,-51.300603134,1.454289313,0.438180483,-1.233701075,-125.579209157,2.167214489,1.732559431,0.738396040,-2.681722125,0.652668516,0.791327864,2.871203500,2.304531878,-0.000240392,-0.000437493,2.304536999
205,0,59.872325143,-53.151089031,0.725661539,0.727224488,-1.429963183,-133.985294185,62.044836823,-51.426756651,1.467914206,0.726861423,-1.430916776,-131.686755993,2.172511681,1.724332381,0.742252667,-2.730061435,0.375917102,0.805927463,2.871248541,2.298529355,-0.000363065,-0.000953593,2.298538192
206,0,59.669638106,-53.243130298,0.727454186,1.412475850,-1.209033260,-143.324098236,61.846425524,-51.526999996,1.474265605,1.413285452,-1.210197024,-141.028994310,2.176787418,1.716130302,0.746811418,-2.754491314,-0.056344975,0.806744580,2.870754948,2.295121454,0.000809602,-0.001163764,2.295103926
207,0,59.242260721,-53.520092240,0.745257823,1.618609000,-1.027962362,-145.333925456,61.430798748,-51.820894832,1.495336186,1.618230675,-1.029764922,-143.042236731,2.188538027,1.699197409,0.750078363,-2.752619911,-0.130086852,0.803585164,2.870468268,2.291682672,-0.000378325,-0.001802560,2.291688725
208,0,58.800751966,-53.796462861,0.761529934,2.294129480,-0.041110847,-145.674308068,61.001013014,-52.114860519,1.514909063,2.294385617,-0.042152544,-143.386304958,2.200261048,1.681602342,0.753379129,-2.764784000,-0.117669046,0.760683019,2.869932966,2.288003547,0.000256136,-0.001041697,2.288003109
209,0,58.503144365,-53.919260613,0.758821413,2.503169775,0.183697826,-152.322433357,60.708855758,-52.249507511,1.515463255,2.503553783,0.182092342,-150.037469072,2.205711393,1.669753102,0.756641842,-2.731328512,-0.421052731,0.767009910,2.868055970,2.284963655,0.000384007,-0.001605484,2.284964285
210,0,58.052004968,-54.160576988,0.764488154,2.163816617,0.007081137,-150.364705529,60.267882013,-52.508692224,1.524405966,2.162741489,0.005571059,-148.081516375,2.215877046,1.651884763,0.759917812,-2.742932820,-0.311179713,0.771878335,2.866410549,2.283190025,-0.001075128,-0.001510078,2.283189154
211,0,57.742984261,-54.268311091,0.766131632,2.569117535,0.095192910,-155.623598591,59.963654827,-52.628792616,1.529315877,2.569787610,0.093035337,-153.341001071,2.220670566,1.639518475,0.763184244,-2.700647646,-0.542237608,0.783791714,2.863887006,2.282597536,0.000670075,-0.002157573,2.282597519
212,0,57.227185630,-54.466658614,0.783100661,2.379407949,-0.936382412,-156.473533449,59.456443138,-52.847742927,1.549588690,2.378913261,-0.938296436,-154.198394761,2.229257509,1.618915687,0.766488029,-2.677293699,-0.560330504,0.834331538,2.859716933,2.275131455,-0.000494687,-0.001914024,2.275138688
213,0,56.739796279,-54.635457755,0.811032502,2.691960166,-1.920217733,-157.668558481,58.976319228,-53.035865012,1.580784214,2.691962061,-1.922546188,-155.394981216,2.236522949,1.599592743,0.769751712,-2.649278371,-0.588788310,0.887638431,2.855389561,2.273578521,0.000001895,-0.002328456,2.273577265
214,0,56.196740325,-54.865289635,0.832780366,2.603925780,-1.547758208,-155.856382658,58.442928990,-53.287055346,1.605820465,2.603598614,-1.549389357,-153.580710042,2.246188665,1.578234289,0.773040099,-2.673373346,-0.482474046,0.868373039,2.851977908,2.275664382,-0.000327166,-0.001631150,2.275672616
215,0,55.645056789,-55.069583881,0.844040403,2.651702062,-0.345012816,-157.165617154,57.899833696,-53.513104248,1.620332857,2.651509448,-0.347509060,-154.890664109,2.254776907,1.556479633,0.776292453,-2.677368966,-0.522230280,0.817464788,2.847679357,2.274953259,-0.000192614,-0.002496244,2.274953045
216,0,55.096214692,-55.303055876,0.863468308,2.241045699,-1.383634359,-155.530296377,57.360864438,-53.768133167,1.643038080,2.239993493,-1.386099229,-153.255732260,2.264649746,1.534922709,0.779569772,-2.677412942,-0.425638650,0.861769632,2.844706527,2.274540266,-0.001052206,-0.002464870,2.274564117
217,0,54.532492866,-55.489181435,0.881920093,2.485283684,-2.155677976,-159.845741107,56.805202400,-53.976479149,1.664798530,2.484740108,-2.156212932,-157.573022532,2.272709534,1.512702286,0.782878437,-2.623421161,-0.598164548,0.908975283,2.840136525,2.272698253,-0.000543576,-0.000534956,2.272718575
218,0,54.330943305,-55.505908313,0.890564004,2.431261995,-1.728598744,-164.848395691,56.604630659,-54.001108659,1.676669887,2.431341065,-1.730672543,-162.574981303,2.273687354,1.504799654,0.786105883,-2.563073290,-0.820790307,0.899442729,2.837611432,2.273417722,0.000079070,-0.002073799,2.273414388
219,0,53.768128877,-55.653650625,0.908648908,2.727391082,-1.637636169,-163.266882634,56.048244344,-54.170799706,1.698399088,2.726973553,-1.639839880,-160.989354948,2.280115467,1.482850920,0.789750181,-2.586864573,-0.721605044,0.899386781,2.832221521,2.277516850,-0.000417528,-0.002203711,2.277527686
220,0,53.206993573,-55.773908082,0.929654105,2.873560526,-0.409953681,-167.473956719,55.492385168,-54.313147860,1.722676206,2.873567501,-0.411739369,-165.196764355,2.285391596,1.460760222,0.793022100,-2.542068929,-0.888488609,0.856850498,2.825901489,2.277193114,0.000006975,-0.001785688,2.277192364
221,0,52.619371397,-55.911306012,0.942074218,2.284009331,-0.444162581,-165.629830429,54.911027806,-54.473721164,1.738370485,2.283172799,-0.446617763,-163.355879923,2.291656409,1.437584848,0.796296267,-2.570493713,-0.790666022,0.848431702,2.820004794,2.273945483,-0.000836533,-0.002455182,2.273950506
222,0,52.020403118,-55.992948800,0.972990835,2.774055270,-0.847985681,-170.044267987,54.316083448,-54.579034140,1.772586056,2.774010052,-0.850066713,-167.772286348,2.295680330,1.413914660,0.799595221,-2.493450817,-0.954073921,0.883799377,2.812233163,2.271981923,-0.000045218,-0.002081032,2.271981639
223,0,51.490277390,-56.076180084,0.985076214,2.276732503,-0.348447455,-168.924091041,53.790061163,-54.683105422,1.787973238,2.276126293,-0.349583897,-166.653558115,2.299783773,1.393074662,0.802897024,-2.519640057,-0.892080961,0.854348634,2.806119392,2.270529599,-0.000606210,-0.001136442,2.270532926
224,0,51.155389823,-56.083358241,0.992751519,2.263981490,0.324024362,-174.973470542,53.456000687,-54.703644932,1.798923604,2.264608020,0.322159078,-172.704298675,2.300610863,1.379713309,0.806172085,-2.417170128,-1.140611920,0.838227660,2.801130591,2.269169187,0.000626529,-0.001865284,2.269171867
225,0,50.574579821,-56.145036157,0.998889575,2.311184553,-0.264530039,-172.665814192,52.878420340,-54.788267606,1.808334887,2.310242154,-0.267213743,-170.398374791,2.303840518,1.356768551,0.809445311,-2.454428402,-1.017612977,0.862524664,2.793511007,2.267436811,-0.000942399,-0.002683704,2.267439401
226,0,49.992127730,-56.156666989,1.003336167,2.510834207,-0.050711993,-175.885789632,52.297418516,-54.822895449,1.816119393,2.509945310,-0.053046052,-173.620551708,2.305290786,1.333771540,0.812783226,-2.394320977,-1.128123854,0.865154512,2.784587708,2.265238495,-0.000888897,-0.002334060,2.265237923
227,0,49.395418620,-56.208608967,1.017461737,2.594985853,0.323123913,-173.733354461,51.703795478,-54.898265749,1.834159981,2.595517754,0.320825508,-171.469235178,2.308376859,1.310343218,0.816698244,-2.442181968,-1.013110303,0.849678670,2.777156656,2.264117523,0.000531901,-0.002298405,2.264119283
228,0,48.765099697,-56.301718683,1.026004644,2.576598931,-0.027834190,-171.001357296,51.078077824,-55.016201934,1.846022073,2.577321600,-0.030132657,-168.736544376,2.312978127,1.285516749,0.820017429,-2.485180490,-0.870083252,0.861210068,2.770351911,2.264814567,0.000722669,-0.002298466,2.264812920
229,0,48.255608506,-56.382515563,1.036301888,1.931166258,-0.300242976,-169.142289924,50.572608768,-55.116821604,1.859637972,1.931609354,-0.301534217,-166.874169267,2.317000262,1.265693959,0.823336084,-2.509591937,-0.777933650,0.863204068,2.765565714,2.268123395,0.000443096,-0.001291241,2.268120658
230,0,47.876623402,-56.388625057,1.044667855,1.964945738,0.033328128,-174.688235231,50.194699416,-55.137521527,1.871833586,1.963781078,0.031238468,-172.418994589,2.318076014,1.251103530,0.827165731,-2.424423226,-1.002215079,0.860625675,2.760967149,2.269242559,-0.001164660,-0.002089659,2.269240642
231,0,47.278586961,-56.454873693,1.053965307,2.470817074,0.500567049,-171.310910616,49.600281974,-55.227261396,1.884810808,2.471353891,0.498323745,-169.040255895,2.321695013,1.227612297,0.830845501,-2.487670681,-0.827093428,0.845585582,2.754560569,2.270651214,0.000536817,-0.002243304,2.270654722
232,0,46.678615701,-56.554591352,1.061846174,2.523292629,0.353787835,-169.866031377,49.005172810,-55.350454799,1.896658073,2.523144277,0.351993816,-167.595974802,2.326557109,1.204136553,0.834811899,-2.507235887,-0.739167735,0.852715069,2.749495176,2.270058203,-0.000148352,-0.001794019,2.270056576
233,0,46.062085675,-56.621064184,1.059902054,2.535088220,0.237891612,-171.058874949,48.392170791,-55.441210281,1.898235382,2.535774427,0.235774305,-168.787156691,2.330085116,1.179853903,0.838333328,-2.488602831,-0.765966359,0.862731785,2.743019258,2.271716512,0.000686207,-0.002117307,2.271718258
234,0,45.466815480,-56.669570480,1.060841492,2.514494181,0.968182570,-173.543592041,47.799889767,-55.513195993,1.902507296,2.513977528,0.965956800,-171.270587377,2.333074287,1.156374487,0.841665803,-2.462180580,-0.850733459,0.838306797,2.736574302,2.273014532,-0.000516653,-0.002225771,2.273004664
235,0,44.864823668,-56.720828083,1.064391462,2.136584293,0.377051627,-173.711409438,47.200796969,-55.588233800,1.909355110,2.136324423,0.374883172,-171.439629075,2.335973301,1.132594284,0.844963647,-2.451485057,-0.838399428,0.860704395,2.730110738,2.271783118,-0.000259870,-0.002168455,2.271780363
236,0,44.275791443,-56.785576059,1.073251896,2.082801033,0.215659333,-171.610409910,46.615291273,-55.676310739,1.921611383,2.083858006,0.213767777,-169.337704713,2.339499830,1.109265320,0.848359488,-2.479485615,-0.725061128,0.865956277,2.724599572,2.272702269,0.001056973,-0.001891556,2.272705197
237,0,43.676411791,-56.878189500,1.066008566,1.933471981,0.124346442,-169.719762776,46.020397491,-55.792499348,1.917652819,1.933250485,0.121924843,-167.450532334,2.343985700,1.085690152,0.851644253,-2.501954624,-0.621026287,0.867663188,2.719979779,2.269232222,-0.000221497,-0.002421600,2.269230443
238,0,42.981442863,-56.918984524,1.074544257,2.199974422,0.367339426,-173.637363409,45.328066020,-55.860616173,1.929500481,2.199552919,0.364757695,-171.367816814,2.346623156,1.058368351,0.854956224,-2.454889168,-0.758994824,0.869010921,2.712514322,2.269550795,-0.000421503,-0.002581731,2.269546595
239,0,42.389507096,-56.985516415,1.080301661,2.113052447,-0.030990030,-172.007728202,44.739520382,-55.950488558,1.938558460,2.112675930,-0.033045689,-169.743303661,2.350013286,1.035027856,0.858256799,-2.470632424,-0.666060558,0.884753410,2.707480349,2.264425294,-0.000376516,-0.002055659,2.264424541
240,0,41.779600530,-57.075183704,1.092184510,2.055001528,-0.085217780,-170.336065779,44.134125947,-56.064260417,1.953759737,2.055183184,-0.087591213,-168.075889216,2.354525417,1.010923287,0.861575227,-2.489531486,-0.569911423,0.886285311,2.703343801,2.260178090,0.000181656,-0.002373432,2.260176563
241,0,41.143631149,-57.131496305,1.095871619,2.139661708,-0.023205878,-173.229847677,43.501209487,-56.145733018,1.960753139,2.139603850,-0.025712115,-170.975253367,2.357578338,0.985763287,0.864881520,-2.456996936,-0.668145912,0.891443783,2.697762947,2.254595679,-0.000057857,-0.002506237,2.254594310
242,0,40.523378760,-57.201982416,1.116051528,2.421058357,-0.065389915,-171.067679312,42.884457146,-56.240714929,1.984244779,2.420726731,-0.067250264,-168.819215912,2.361078386,0.961267487,0.868193251,-2.480705564,-0.545695506,0.894875504,2.693043974,2.248463810,-0.000331626,-0.001860350,2.248463400
243,0,40.002522790,-57.281523238,1.116144650,2.067057045,-0.063171813,-169.851061731,42.367455870,-56.340566907,1.987626137,2.066365247,-0.065570545,-167.607703719,2.364933080,0.940956331,0.871481487,-2.492770299,-0.477649863,0.892039302,2.690313601,2.243358624,-0.000691798,-0.002398732,2.243358012
244,0,39.467781399,-57.290044824,1.111396687,2.205905338,0.196851520,-175.615713101,41.833899040,-56.370059771,1.986641917,2.206468503,0.195110006,-173.379665355,2.366117641,0.919985053,0.875245230,-2.432515340,-0.702500576,0.894595698,2.685319236,2.236046569,0.000563165,-0.001741514,2.236047746
245,0,38.940837340,-57.342348525,1.122932734,2.567999307,-0.319699602,-173.701133468,41.309797827,-56.442958569,2.001485013,2.568216518,-0.321650291,-171.471729300,2.368960486,0.899389956,0.878552279,-2.448395302,-0.593437746,0.919740330,2.681926581,2.229406247,0.000217211,-0.001950688,2.229404167
246,0,38.403835830,-57.395625288,1.130191069,2.418478299,0.468946693,-172.100078395,40.775587366,-56.517191169,2.012044965,2.418572225,0.467123128,-169.876024279,2.371751537,0.878434119,0.881853896,-2.477112443,-0.507273660,0.883801745,2.678529101,2.224054098,0.000093927,-0.001823566,2.224054116
247,0,37.877472636,-57.450411341,1.139533440,2.759794949,0.119485557,-171.879346597,40.251890981,-56.592430062,2.024697404,2.760010620,0.117589822,-169.659285162,2.374418345,0.857981279,0.885163964,-2.473646945,-0.471004825,0.903733832,2.675352238,2.220061809,0.000215670,-0.001895734,2.220061435
248,0,37.358428011,-57.528599540,1.149897435,2.783444300,0.136231757,-169.776332021,39.736542838,-56.690725614,2.038352431,2.783496481,0.134495037,-167.561211008,2.378114827,0.837873926,0.888454997,-2.491176758,-0.359144105,0.901037733,2.673352788,2.215121571,0.000052181,-0.001736721,2.215121013
249,0,36.950609392,-57.510910718,1.153017900,2.801742310,0.522593548,-175.586463616,39.328429649,-56.688787259,2.044738310,2.801387975,0.520883418,-173.375092280,2.377820257,0.822123458,0.891720410,-2.442067240,-0.593439838,0.899565562,2.669284819,2.211375252,-0.000354335,-0.001710130,2.211371336
250,0,36.418126235,-57.524404481,1.156887592,2.603902884,0.631844360,-176.517489067,38.796895382,-56.722909851,2.051882071,2.603794999,0.630098246,-174.312004974,2.378769147,0.801494630,0.894994478,-2.432784614,-0.615397993,0.897104087,2.664948669,2.205485974,-0.000107885,-0.001746114,2.205484092
251,0,35.872835192,-57.571812479,1.148194572,2.735860104,0.851570833,-173.863081046,38.253863379,-56.791346288,2.046458390,2.736420691,0.849283177,-171.663496668,2.381028187,0.780466191,0.898263818,-2.463898156,-0.479723698,0.885647583,2.661822795,2.199577318,0.000560587,-0.002287655,2.199584377
252,0,35.328524874,-57.643717864,1.158098151,2.786205941,-0.212862993,-171.554084095,37.712885662,-56.884098862,2.059828096,2.785635743,-0.214996109,-169.361451941,2.384360788,0.759619002,0.901729945,-2.466704783,-0.356423593,0.929324500,2.659946294,2.192631137,-0.000570198,-0.002133116,2.192632155
253,0,34.773222873,-57.711196520,1.164384905,2.454546393,0.858472975,-170.806532141,37.160512569,-56.972791249,2.069383043,2.453869923,0.856232589,-168.613878970,2.387289696,0.738405271,0.904998138,-2.487879223,-0.310021210,0.881906961,2.657708800,2.192664542,-0.000676469,-0.002240386,2.192653171
254,0,34.228707160,-57.766352641,1.162552505,2.574405229,1.147508816,-171.851756714,36.618625044,-57.048729716,2.070833633,2.573452739,1.145347246,-169.655625500,2.389917884,0.717622925,0.908281128,-2.485197806,-0.332699436,0.874509986,2.655497084,2.196151541,-0.000952490,-0.002161570,2.196131214
255,0,33.665430967,-57.827973098,1.165199480,2.591091512,0.003999494,-170.851196191,36.058089079,-57.131834499,2.077032146,2.591097398,0.001243196,-168.658519009,2.392658112,0.696138599,0.911832666,-2.472969504,-0.265324659,0.924600054,2.653462003,2.192678915,0.000005885,-0.002756298,2.192677183
256,0,32.963820494,-57.917787387,1.166317603,2.279589153,0.401286451,-170.139588100,35.360748926,-57.248408673,2.081843681,2.279430230,0.399139447,-167.951353955,2.396928432,0.669378714,0.915526078,-2.482502116,-0.213098212,0.907355592,2.651701675,2.188236314,-0.000158924,-0.002147004,2.188234145
257,0,32.397437260,-57.951503112,1.173120169,2.216027102,0.070058215,-174.623602316,34.796244892,-57.303781629,2.092576956,2.215511496,0.067689519,-172.433298692,2.398807632,0.647721483,0.919456786,-2.450067196,-0.384356676,0.932020728,2.649381429,2.190305586,-0.000515606,-0.002368696,2.190303625
258,0,31.722330160,-58.027039496,1.172143870,2.367937958,-0.289085479,-171.342452010,34.124751988,-57.405109230,2.095891474,2.368802194,-0.291596328,-169.147432392,2.402421828,0.621930266,0.923747604,-2.463973874,-0.214314726,0.945853835,2.647968566,2.195025603,0.000864236,-0.002510849,2.195019618
259,0,31.187456043,-58.114349919,1.189235787,2.429477302,-0.099556303,-169.278280737,33.593823659,-57.512788729,2.116606837,2.428656545,-0.101688602,-167.078143674,2.406367616,0.601561190,0.927371050,-2.474656849,-0.103758751,0.936912822,2.648112164,2.200136808,-0.000820757,-0.002132299,2.200137063
260,0,30.642293485,-58.189617217,1.184762889,2.354264200,-0.079731332,-169.131934951,33.052118168,-57.609024383,2.116591103,2.355580011,-0.082033940,-166.929819445,2.409824683,0.580592834,0.931828214,-2.474772532,-0.077294444,0.939240834,2.648140265,2.202118960,0.001315811,-0.002302608,2.202115506
261,0,30.083311435,-58.243837976,1.173891212,2.674208553,0.239105237,-170.801417520,32.495765987,-57.684707929,2.109001534,2.674312670,0.237085648,-168.600661452,2.412454552,0.559130047,0.935110322,-2.474692490,-0.122963688,0.931542646,2.647072853,2.200756565,0.000104117,-0.002019589,2.200756068
262,0,29.562115365,-58.340595342,1.191187803,2.012860144,-0.283547493,-168.760532426,31.978805336,-57.801566668,2.129597640,2.013166615,-0.285196258,-166.557334599,2.416689971,0.539028674,0.938409837,-2.470728341,-0.024227629,0.952087095,2.647934166,2.203199987,0.000306471,-0.001648765,2.203197827
263,0,29.015875820,-58.446915002,1.191440333,1.587207715,-0.601941103,-167.341557856,31.437171516,-57.929064359,2.133867981,1.587640944,-0.603947769,-165.140724759,2.421295697,0.517850643,0.942427648,-2.465886658,0.052148745,0.967313553,2.649341807,2.200838613,0.000433229,-0.002006666,2.200833097
264,0,28.446034275,-58.527177053,1.212173060,2.338577955,0.870731701,-169.687141707,30.870939799,-58.031321825,2.157889410,2.338464113,0.868526077,-167.487724274,2.424905524,0.495855228,0.945716350,-2.488586282,-0.016635318,0.909439500,2.649607258,2.199420270,-0.000113842,-0.002205625,2.199417433
265,0,27.869417779,-58.608381629,1.217192956,2.270572066,0.241679923,-169.484294362,30.297942550,-58.134793503,2.166197951,2.270792493,0.238944991,-167.285335501,2.428524771,0.473588127,0.949004995,-2.478150703,0.014785875,0.938711472,2.650024293,2.198959648,0.000220427,-0.002734932,2.198958861
266,0,27.131198228,-58.734507996,1.227355870,2.460171218,-0.296533949,-167.462386366,29.565133659,-58.288979749,2.179658702,2.459685025,-0.298035818,-165.263430573,2.433935431,0.445528247,0.952302833,-2.467648855,0.134795960,0.960185901,2.651304922,2.198953837,-0.000486193,-0.001501869,2.198955793
267,0,26.819555625,-58.731633341,1.228346781,2.647013412,0.457742141,-172.544338208,29.253780473,-58.297998615,2.183900884,2.646714054,0.455297107,-170.344501773,2.434224848,0.433634725,0.955554103,-2.477467967,-0.070767097,0.940062669,2.650768441,2.199840199,-0.000299357,-0.002445034,2.199836435
268,0,26.078893832,-58.776930959,1.237559190,2.135516560,1.534276111,-173.949387616,28.515641905,-58.371764415,2.196409491,2.135445033,1.531616931,-171.748684719,2.436748073,0.405166543,0.958850300,-2.490669868,-0.112701112,0.897305448,2.649772632,2.200706418,-0.000071527,-0.002659180,2.200702897
269,0,25.482381413,-58.835541518,1.237655422,2.780228515,-0.248519409,-171.896443560,27.922123483,-58.453092086,2.200149950,2.780262685,-0.250807141,-169.697022490,2.439742070,0.382449432,0.962494528,-2.465094106,0.012527784,0.973734438,2.650472534,2.199422409,0.000034170,-0.002287732,2.199421071
270,0,24.880548902,-58.891614006,1.242783557,2.424269484,0.464721229,-172.622346868,27.323106816,-58.532031879,2.208561885,2.424030086,0.462401572,-170.422398406,2.442557914,0.359582128,0.965778329,-2.476262336,-0.002917776,0.946695611,2.651059458,2.199951635,-0.000239398,-0.002319657,2.199948462
271,0,24.284074046,-58.917805180,1.250491048,2.556770922,0.420212003,-174.357803102,26.728291427,-58.580955210,2.219632947,2.557143958,0.417864138,-172.154912693,2.444217380,0.336849970,0.969141899,-2.472534871,-0.052393348,0.954321108,2.650830535,2.202888964,0.000373037,-0.002347865,2.202890410
272,0,23.671791296,-58.972046135,1.260034801,2.125327726,0.532498729,-172.954451697,26.118936508,-58.658388578,2.232495214,2.125247457,0.530062784,-170.751277449,2.447145212,0.313657557,0.972460414,-2.476070655,0.024093581,0.949248976,2.651901206,2.203176341,-0.000080269,-0.002435945,2.203174248
273,0,22.918425817,-59.076088254,1.267232529,2.099616568,0.324481663,-170.505698683,25.370582575,-58.791123364,2.243024591,2.099223442,0.322097696,-168.301638972,2.452156758,0.284964890,0.975792063,-2.471058573,0.158575721,0.956645794,2.654514627,2.204063254,-0.000393127,-0.002383967,2.204059712
274,0,22.329788405,-59.178221923,1.279144508,2.439007738,-0.678860787,-168.653421092,24.786833239,-58.915562861,2.258263056,2.438983674,-0.681350137,-166.449530040,2.457044834,0.262659063,0.979118548,-2.448925001,0.268582022,0.997678440,2.657956401,2.203892172,-0.000024064,-0.002489349,2.203891052
275,0,21.743981121,-59.266607236,1.291072956,1.767761167,-0.479099417,-169.649499390,24.205475794,-59.026074921,2.273984548,1.767556650,-0.480587548,-167.446729690,2.461494674,0.240532315,0.982911592,-2.456350159,0.236495017,0.996664950,2.661376903,2.202768499,-0.000204516,-0.001488131,2.202769699
276,0,21.172752767,-59.342496387,1.296937675,1.682972677,1.561033905,-169.837822574,23.638000972,-59.123666989,2.283143512,1.683258199,1.558021399,-167.633089267,2.465248205,0.218829398,0.986205837,-2.491134415,0.246445905,0.911839194,2.664195370,2.204727613,0.000285522,-0.003012506,2.204733308
277,0,20.429446852,-59.451575422,1.286201489,2.253130680,0.567353269,-170.150501296,22.899977812,-59.260820522,2.275796003,2.252698564,0.565340720,-167.944077957,2.470530960,0.190754900,0.989594515,-2.476425255,0.272429313,0.955148253,2.668184394,2.206428571,-0.000432117,-0.002012550,2.206423340
278,0,19.838999741,-59.549722768,1.291714990,1.964061802,1.272716075,-168.531924675,22.314403283,-59.381326392,2.284669851,1.963406174,1.270024121,-166.321884161,2.475403542,0.168396376,0.992954861,-2.480912605,0.359088342,0.926319384,2.672440718,2.210056798,-0.000655629,-0.002691953,2.210040514
279,0,19.072709460,-59.617301012,1.292179102,2.060273464,0.796795761,-173.785901162,21.552096995,-59.478185370,2.288549320,2.060098347,0.794501323,-171.572994723,2.479387535,0.139115641,0.996370218,-2.493493962,0.164573504,0.956489804,2.675718468,2.212910067,-0.000175117,-0.002294438,2.212906439
280,0,18.473153886,-59.682732025,1.283848067,2.363831626,1.083298571,-171.920384054,20.956087869,-59.566530830,2.283561727,2.363568932,1.080657841,-169.702153443,2.482933983,0.116201195,0.999713660,-2.493077942,0.273023202,0.942290818,2.679158689,2.218237158,-0.000262694,-0.002640730,2.218230611
281,0,17.889351099,-59.777056790,1.286019819,1.854758369,0.792016531,-169.696153035,20.377247574,-59.683103855,2.289202934,1.853668280,0.789367413,-167.473468283,2.487896475,0.093952935,1.003183115,-2.478210833,0.383746556,0.957100848,2.684181884,2.222701641,-0.001090088,-0.002649119,2.222684753
282,0,17.267157618,-59.892163997,1.295624368,1.674568238,0.535791814,-167.254111236,19.760963057,-59.822163950,2.302257267,1.672324307,0.532344237,-165.028541877,2.493805438,0.070000047,1.006632899,-2.457103595,0.510467212,0.969195806,2.690218460,2.225594075,-0.002243931,-0.003447576,2.225569358
283,0,16.670522705,-60.027003604,1.295916177,0.980798825,0.434564006,-164.726416246,19.171536106,-59.980161142,2.307905238,0.981226497,0.433855057,-162.498965608,2.501013401,0.046842462,1.011989061,-2.432620356,0.630567118,0.982917812,2.698403993,2.227447551,0.000427672,-0.000708949,2.227450638
284,0,16.193096289,-60.026670363,1.292410364,1.174128003,0.552265118,-172.930412585,18.695237696,-59.998481940,2.307771601,1.173692643,0.551145529,-170.701473997,2.502141407,0.028188423,1.015361237,-2.496259171,0.300231125,0.985401478,2.700456378,2.228943103,-0.000435361,-0.001119588,2.228938588
285,0,15.900679027,-59.987418742,1.290309758,1.625084861,0.357557622,-179.694102617,18.402368178,-59.970724937,2.309270848,1.624773214,0.355218824,-177.459953946,2.501689151,0.016693805,1.018961090,-2.508052754,0.025117710,1.003020180,2.701297650,2.234151855,-0.000311647,-0.002338799,2.234148671
286,0,15.299668196,-59.998954114,1.302937156,1.766759852,0.303531663,-176.801381039,17.803201337,-60.005770484,2.325568809,1.767564363,0.301545544,-174.568193881,2.503533141,-0.006816370,1.022631653,-2.504635000,0.177546845,1.004380797,2.704348378,2.233183938,0.000804511,-0.001986119,2.233187158
287,0,14.668033846,-60.053882306,1.297606351,1.362456257,0.854881782,-173.474615577,17.175181936,-60.085342050,2.324362673,1.362638252,0.852877067,-171.245713930,2.507148090,-0.031459744,1.026756321,-2.502372891,0.339615560,0.981733667,2.709429794,2.228899844,0.000181995,-0.002004714,2.228901647
288,0,14.070868533,-60.146149332,1.311589237,1.734578305,0.829675456,-169.738845956,16.582991097,-60.200943279,2.342274314,1.735981587,0.827399773,-167.516026704,2.512122564,-0.054793947,1.030685077,-2.476849290,0.531300887,0.979290990,2.715892833,2.222800568,0.001403282,-0.002275683,2.222819252
289,0,13.435221836,-60.232825515,1.294887939,1.543213257,0.563037546,-169.056817188,15.952142127,-60.312059337,2.329399925,1.544321698,0.560870490,-166.838462181,2.516920290,-0.079233822,1.034511986,-2.466158261,0.582601269,0.994997482,2.722385130,2.218345471,0.001108441,-0.002167055,2.218355007
290,0,12.825358668,-60.352125243,1.314207672,1.456955718,-0.321783274,-166.976102327,15.348105075,-60.454871010,2.352096943,1.456695461,-0.324038338,-164.764531526,2.522746407,-0.102745767,1.037889272,-2.428829808,0.695142810,1.034206218,2.729838872,2.211570499,-0.000260257,-0.002255064,2.211570801
291,0,12.072832792,-60.468006142,1.322683239,1.346689518,0.532604321,-167.848338788,14.601255300,-60.599700000,2.363933350,1.347597991,0.530663439,-165.643256329,2.528422507,-0.131693857,1.041250112,-2.453622099,0.684730202,1.002670728,2.737602134,2.205075071,0.000908473,-0.001940882,2.205082459
292,0,11.481866858,-60.608772260,1.320938900,1.443401657,0.550268366,-165.497828686,14.016730942,-60.762969645,2.365538672,1.442748597,0.548092196,-163.303237456,2.534864084,-0.154197385,1.044599772,-2.425405808,0.809535202,1.001279615,2.745997349,2.194598666,-0.000653060,-0.002176170,2.194591230
293,0,10.857670370,-60.705429805,1.319007474,1.361925243,1.083590278,-169.721464589,13.397228656,-60.883415732,2.367046537,1.361093391,1.080730829,-167.534394623,2.539558286,-0.177985927,1.048039063,-2.486423042,0.651890969,0.985981629,2.753074854,2.187087704,-0.000831852,-0.002859449,2.187069966
294,0,10.241505630,-60.830978110,1.331217157,1.414189560,1.140322430,-167.046969194,12.786738974,-61.032205399,2.382582766,1.413191824,1.138889160,-164.863574257,2.545233344,-0.201227290,1.051365610,-2.455803145,0.791139265,0.983465515,2.761172729,2.183415479,-0.000997735,-0.001433270,2.183394937
295,0,9.621335618,-60.897819608,1.327295059,1.623407427,0.325982612,-170.909574045,12.169956576,-61.122580503,2.382631723,1.623232720,0.323179080,-168.734375658,2.548620958,-0.224760894,1.055336665,-2.487064295,0.653849005,1.023090607,2.767620227,2.175201191,-0.000174707,-0.002803532,2.175198388
296,0,9.006201402,-60.978080728,1.337512665,2.085345718,-0.313001512,-170.277922066,11.558539531,-61.226086214,2.396384725,2.085448614,-0.315874157,-168.110889498,2.552338130,-0.248005487,1.058872060,-2.467980763,0.714029226,1.047081614,2.774373206,2.167035039,0.000102896,-0.002872645,2.167032568
297,0,8.396168896,-61.073360969,1.345855346,2.483149390,0.447327217,-168.308479014,10.952817694,-61.344292170,2.408033923,2.482188661,0.445640705,-166.144786122,2.556648798,-0.270931201,1.062178576,-2.456921443,0.827849740,1.008108104,2.781740484,2.163701249,-0.000960729,-0.001686512,2.163692892
298,0,7.764313177,-61.135441754,1.356760429,1.785670190,0.943781713,-172.178499182,10.324152900,-61.430079461,2.422260087,1.785601265,0.940706895,-170.020234435,2.559839723,-0.294637707,1.065499658,-2.513140284,0.671863768,1.003795447,2.788347236,2.158268071,-0.000068925,-0.003074817,2.158264747
299,0,7.129710673,-61.239481019,1.357919067,2.008536188,1.073390176,-169.916071426,9.694259582,-61.557827484,2.426737783,2.008490991,1.070812547,-167.760434686,2.564548909,-0.318346465,1.068818717,-2.488782136,0.797821252,0.995024502,2.796538759,2.155639127,-0.000045198,-0.002577629,2.155636740
300,0,6.499862234,-61.249206179,1.363540990,2.077856748,0.630281370,-175.854472712,9.065569700,-61.591124799,2.435659896,2.078509679,0.628088564,-173.695667456,2.565707465,-0.341918620,1.072118906,-2.545917653,0.564012040,1.024400219,2.801642748,2.158799299,0.000652931,-0.002192806,2.158805256
301,0,5.870454041,-61.320788102,1.355986127,1.937011491,0.523247423,-172.737343761,8.439562996,-61.686252476,2.431385742,1.937473490,0.520880505,-170.576096887,2.569108954,-0.365464374,1.075399615,-2.512012297,0.722496824,1.028669976,2.808980128,2.161244011,0.000462000,-0.002366918,2.161246875
302,0,5.251015546,-61.412186697,1.359238554,1.953754580,0.404823527,-169.577882292,7.824269600,-61.800923573,2.437936490,1.954197000,0.403100300,-167.417157022,2.573254054,-0.388736876,1.078697936,-2.468037793,0.883511410,1.031765023,2.817151402,2.160722884,0.000442420,-0.001723226,2.160725271
303,0,4.753450297,-61.474349472,1.346550071,1.371283682,1.765164611,-170.371190508,7.329545070,-61.881782503,2.428513354,1.371960600,1.763127117,-168.210290362,2.576094773,-0.407433031,1.081963284,-2.503808729,0.856402244,0.985102810,2.823634272,2.160880374,0.000676918,-0.002037494,2.160900146
304,0,4.127426434,-61.561420357,1.335558259,1.774639313,1.692365977,-170.500965798,6.707532211,-61.992302012,2.420808429,1.774422654,1.689892392,-168.338460491,2.580105777,-0.430881655,1.085250170,-2.504591313,0.881694295,0.984890998,2.832026263,2.162513127,-0.000216659,-0.002473586,2.162505307
305,0,3.324343460,-61.568610310,1.342504535,1.562847673,1.825132996,-176.607845442,5.905569420,-62.029628864,2.431054600,1.562384225,1.822379833,-174.446548896,2.581225961,-0.461018554,1.088550065,-2.582801255,0.640172075,0.989709151,2.839050336,2.161313098,-0.000463448,-0.002753163,2.161296546
306,0,2.684050073,-61.601597764,1.345803797,2.034878578,0.645162525,-175.519484675,5.267268683,-62.086498864,2.437648612,2.035055655,0.642656411,-173.358520211,2.583218610,-0.484901100,1.091844815,-2.549576958,0.722540439,1.038202877,2.846097778,2.160963934,0.000177078,-0.002506114,2.160964464
307,0,1.857576410,-61.678703527,1.313634923,1.648053652,1.761883229,-172.498123356,4.444685165,-62.194507463,2.408783108,1.648261891,1.759229377,-170.337512217,2.587108755,-0.515803936,1.095148185,-2.530112385,0.878080211,0.992996184,2.856314926,2.160606381,0.000208240,-0.002653852,2.160611139
308,0,1.220962634,-61.762033038,1.320624377,1.524286300,1.051540719,-170.507655866,3.812045412,-62.301580331,2.419083726,1.524297469,1.049251867,-168.349621110,2.591082778,-0.539547293,1.098459349,-2.486368198,0.987141342,1.027112136,2.865560012,2.158035766,0.000011169,-0.002288852,2.158034757
309,0,0.593819423,-61.872396463,1.316839699,1.643830801,0.611428338,-168.808333474,3.189677107,-62.435409762,2.418574697,1.643821297,0.608907382,-166.650572853,2.595857683,-0.563013299,1.101734998,-2.448835192,1.086563266,1.044924669,2.875635772,2.157762195,-0.000009504,-0.002520956,2.157760621
310,0,-0.049621984,-61.970955644,1.313696208,1.541096356,0.806261346,-169.597727038,2.550773721,-62.557784010,2.418737875,1.540355760,0.803235341,-167.440668243,2.600395705,-0.586828366,1.105041667,-2.467006554,1.075115701,1.041896028,2.885748159,2.157071446,-0.000740595,-0.003026005,2.157058795
311,0,-0.856136910,-62.059237111,1.323746255,1.377034955,0.754644636,-171.496935801,1.748481518,-62.676247104,2.432188573,1.377261277,0.752262169,-169.340950061,2.604618428,-0.617009993,1.108442318,-2.499139221,1.020913967,1.051389884,2.897133559,2.155984093,0.000226323,-0.002382467,2.155985741
312,0,-1.502695587,-62.101917831,1.319261630,1.283439208,0.574602072,-173.190485944,1.104421444,-62.742996231,2.431017200,1.283322987,0.572435100,-171.035591711,2.607117032,-0.641078400,1.111755570,-2.523736982,0.969777592,1.065046594,2.905863242,2.154896489,-0.000116221,-0.002166972,2.154894233
313,0,-2.124084641,-62.178222929,1.327093944,1.481954705,1.307618996,-171.118085085,0.486742635,-62.842369885,2.442147230,1.481629192,1.305113800,-168.962896095,2.610827276,-0.664146956,1.115053285,-2.501777393,1.086304784,1.030488167,2.915622416,2.155197892,-0.000325513,-0.002505196,2.155188990
314,0,-2.758387007,-62.275546172,1.325306854,1.491228348,0.357662492,-169.065536756,-0.143053958,-62.963252646,2.444055776,1.491015973,0.356106694,-166.907322440,2.615333049,-0.687706474,1.118748922,-2.444338943,1.199634222,1.072656127,2.926517777,2.158216210,-0.000212375,-0.001555798,2.158214316
315,0,-3.217867641,-62.266611081,1.324944068,1.773008603,1.050135209,-175.299850355,-0.601979679,-62.971415644,2.446988472,1.772935911,1.047553724,-173.137729738,2.615887962,-0.704804563,1.122044404,-2.569474564,0.949608803,1.046253572,2.932337455,2.162123490,-0.000072692,-0.002581485,2.162120617
316,0,-3.865923645,-62.290703902,1.322388999,1.608111166,1.128892706,-175.349190506,-1.248228706,-63.019713158,2.447858885,1.608499488,1.127119164,-173.184932614,2.617694939,-0.729009256,1.125469885,-2.571644339,0.968657490,1.048242249,2.941167073,2.164251008,0.000388322,-0.001773543,2.164257891
317,0,-4.368489595,-62.327124526,1.323568220,1.332221464,0.581394111,-173.470699609,-1.748774303,-63.075059323,2.452314216,1.331733132,0.579150294,-171.305523944,2.619715292,-0.747934797,1.128745995,-2.528998592,1.066340952,1.078640480,2.948962901,2.165181829,-0.000488332,-0.002243817,2.165175666
318,0,-5.006551452,-62.395278081,1.326946399,1.577302548,1.070846000,-171.437763178,-2.383414752,-63.167190776,2.458985282,1.577025796,1.068225348,-169.270118858,2.623136700,-0.771912696,1.132038883,-2.499699338,1.183293860,1.053340520,2.959426869,2.167651087,-0.000276753,-0.002620652,2.167644320
319,0,-5.653333564,-62.411621881,1.321910607,1.068804137,0.830805609,-175.628516951,-3.028607679,-63.207858647,2.457382159,1.068912367,0.828012643,-173.461056296,2.624725885,-0.796236766,1.135471552,-2.572594040,1.014297693,1.079553011,2.968581245,2.167460890,0.000108231,-0.002792966,2.167460655
320,0,-6.307513951,-62.415487828,1.323737092,1.770439794,1.195770048,-176.698190743,-3.681782695,-63.236291943,2.462874246,1.770013241,1.193857070,-174.529848599,2.625731256,-0.820804115,1.139137154,-2.597309511,1.003735112,1.054664216,2.977552263,2.168351924,-0.000426553,-0.001912978,2.168342144
321,0,-6.936449440,-62.462455872,1.326333182,1.705729532,0.374764076,-174.419350972,-4.308126494,-63.306898668,2.469264661,1.705990542,0.372164673,-172.247251967,2.628322946,-0.844442797,1.142931479,-2.541167662,1.129077327,1.093210326,2.987885124,2.172098874,0.000261010,-0.002599403,2.172099005
322,0,-7.577629167,-62.521098940,1.328208053,1.766923677,1.315976715,-172.123190763,-4.946389653,-63.389611240,2.474696830,1.766816160,1.313628625,-169.950149070,2.631239513,-0.868512300,1.146488777,-2.513064054,1.253911802,1.050897598,2.998694968,2.173045431,-0.000107516,-0.002348089,2.173041693
323,0,-8.202473473,-62.577233941,1.329861263,1.830528597,1.383055282,-172.764468727,-5.568276614,-63.469235297,2.479654769,1.830345722,1.380876771,-170.589959102,2.634196859,-0.892001356,1.149793506,-2.527897437,1.250839642,1.049675834,3.009432607,2.174515135,-0.000182876,-0.002178511,2.174509625
324,0,-8.857532297,-62.606533674,1.323797150,1.960140248,1.430605213,-174.628762892,-6.221403713,-63.523237467,2.476876894,1.959929994,1.428249908,-172.450723826,2.636128584,-0.916703792,1.153079743,-2.566738930,1.196024244,1.049042382,3.019786855,2.178045595,-0.000210254,-0.002355305,2.178039066
325,0,-9.495157826,-62.663797122,1.313197108,2.186456786,1.660408902,-172.886230766,-6.856052398,-63.604518520,2.469570225,2.186539640,1.658105306,-170.705691071,2.639105428,-0.940721398,1.156373117,-2.534747130,1.300721827,1.034510857,3.031011876,2.180538514,0.000082853,-0.002303595,2.180539695
326,0,-10.134429980,-62.728885548,1.319211366,1.516628267,0.823644254,-171.873666747,-7.492001166,-63.693815549,2.478895432,1.515552502,0.822094180,-169.695208940,2.642428814,-0.964930002,1.159684066,-2.495910821,1.358046158,1.088359722,3.042759780,2.178474073,-0.001075765,-0.001550074,2.178457807
327,0,-10.446780896,-62.696457261,1.328586218,1.419980218,0.876026270,-178.035821777,-7.804978131,-63.673266884,2.491553223,1.420157035,0.873473489,-175.859375041,2.641802765,-0.976809623,1.162967006,-2.624246611,1.094283242,1.096195720,3.047256331,2.176445540,0.000176817,-0.002552781,2.176446735
328,0,-11.085896065,-62.654550679,1.318716396,1.702234555,1.437969169,179.360124163,-8.444803686,-63.655626016,2.485001950,1.702230634,1.435579902,-178.463239038,2.641092379,-1.001075337,1.166285554,-2.680539734,1.003746106,1.070020219,3.055772043,2.176638208,-0.000003921,-0.002389267,2.176636799
329,0,-11.732228735,-62.664231343,1.311540495,1.942439851,1.308458573,-177.726905503,-9.089951447,-63.689810370,2.481130296,1.942532496,1.306123382,-175.551532476,2.642277288,-1.025579027,1.169589800,-2.625550722,1.166543921,1.070999811,3.066167300,2.175372168,0.000092645,-0.002335191,2.175373026
330,0,-12.388307090,-62.706887844,1.309012518,2.109412103,0.902832829,-174.586006479,-9.743725138,-63.757287482,2.481893934,2.109953127,0.901026629,-172.412884365,2.644581952,-1.050399637,1.172881416,-2.551843861,1.336052662,1.084370835,3.077792052,2.173114415,0.000541025,-0.001806200,2.173122114
331,0,-12.888570274,-62.749054770,1.308530306,1.778791555,0.953908225,-172.057717663,-10.241876856,-63.818262970,2.484678076,1.778980738,0.951611489,-169.884608790,2.646693418,-1.069208199,1.176147770,-2.492805146,1.459198918,1.090035237,3.087315306,2.173106949,0.000189182,-0.002296736,2.173108872
332,0,-13.545912743,-62.866269351,1.310983325,1.916521044,0.542391780,-168.852688144,-10.894157045,-63.960294061,2.490409858,1.916200486,0.539750481,-166.677267113,2.651755698,-1.094024710,1.179426533,-2.401273562,1.623852196,1.103056946,3.101571424,2.175425686,-0.000320558,-0.002641299,2.175421032
333,0,-14.182416152,-62.983277428,1.309183497,2.150854911,0.749137180,-166.981211462,-11.525597322,-64.101279731,2.491907734,2.151028610,0.747643108,-164.803390798,2.656818830,-1.118002303,1.182724237,-2.351939453,1.729817494,1.087917421,3.115678428,2.177818914,0.000173698,-0.001494072,2.177820664
334,0,-14.688532503,-63.043625899,1.310907353,2.746460069,1.147453314,-169.478657096,-12.028794477,-64.180668253,2.496900012,2.746065052,1.144496729,-167.301115552,2.659738026,-1.137042354,1.185992658,-2.430661117,1.656263238,1.059400250,3.126283779,2.177551488,-0.000395016,-0.002956585,2.177541545
335,0,-15.352404553,-63.066504512,1.298295154,1.616005762,0.915190496,-174.789488429,-12.691191828,-64.228529582,2.487583491,1.616038375,0.912716923,-172.611079155,2.661212725,-1.162025070,1.189288338,-2.563357483,1.430734196,1.108584800,3.137955095,2.178410158,0.000032613,-0.002473574,2.178409274
336,0,-16.007075573,-63.061145877,1.302001299,1.542297208,0.453835956,-177.376652435,-13.345439228,-64.247914871,2.494568298,1.542070012,0.450779623,-175.197319245,2.661636345,-1.186768994,1.192567000,-2.613892908,1.338416468,1.136287794,3.148800522,2.179337138,-0.000227196,-0.003056332,2.179333190
337,0,-16.661718009,-63.112704347,1.295466815,1.819938211,1.146627147,-174.026103915,-13.997543511,-64.324127319,2.491407879,1.819268018,1.144048212,-171.846102733,2.664174498,-1.211422972,1.195941065,-2.547053945,1.517741453,1.097553410,3.161589221,2.180016206,-0.000670194,-0.002578935,2.180001182
338,0,-17.321726589,-63.109589199,1.290527746,2.143269792,0.965573720,-177.093680195,-14.657139801,-64.346033358,2.489766685,2.142210081,0.964167419,-174.912333635,2.664586787,-1.236444159,1.199238938,-2.618308132,1.412203866,1.103237827,3.172852177,2.181365115,-0.001059711,-0.001406300,2.181346560
339,0,-17.815202114,-63.059715718,1.289044069,1.943165545,1.024581515,177.176311718,-15.152070504,-64.314731725,2.491758127,1.942691610,1.021884250,179.357774661,2.663131610,-1.255016006,1.202714059,-2.742794685,1.160778805,1.115135030,3.180228963,2.181473125,-0.000473935,-0.002697265,2.181462943
340,0,-18.477815636,-63.037480361,1.285217272,2.095764685,0.945439224,179.712126947,-15.815001089,-64.317444976,2.491321587,2.095670435,0.944106222,-178.105135107,2.662814548,-1.279964615,1.206104315,-2.688749552,1.308212840,1.114801938,3.191171940,2.182739909,-0.000094250,-0.001333002,2.182737946
341,0,-18.955659287,-62.924673652,1.291586111,1.651758523,1.380890360,173.413402771,-16.296699785,-64.222724809,2.500952685,1.651419345,1.379641595,175.597313199,2.658959501,-1.298051157,1.209366574,-2.818635909,1.016990283,1.112920628,3.196493383,2.183918982,-0.000339179,-0.001248765,2.183910428
342,0,-19.255312844,-62.804612661,1.279000777,1.283406198,1.103707327,166.915691459,-16.600602035,-64.114132289,2.491619539,1.282020666,1.101410737,169.098633703,2.654710809,-1.309519628,1.212618762,-2.905067116,0.700278591,1.141477263,3.198870957,2.182970552,-0.001385532,-0.002296591,2.182942244
343,0,-19.848213373,-62.541732432,1.289755166,1.333496952,1.428835396,160.412338837,-17.202906522,-63.874001589,2.506010969,1.332815172,1.427470636,162.596102843,2.645306852,-1.332269157,1.216255803,-2.968277472,0.394825184,1.133714933,3.201853779,2.183781531,-0.000681780,-0.001364760,2.183764006
344,0,-20.098587933,-62.334237173,1.283966836,1.569945039,1.288122220,150.838894583,-17.460825860,-63.676122127,2.503484013,1.568582307,1.286457508,153.024055597,2.637762074,-1.341884954,1.219517177,-2.983957517,-0.081864969,1.155405467,3.200885211,2.185192687,-0.001362733,-0.001664712,2.185161014
345,0,-20.334690421,-62.093940695,1.280704721,1.946976748,0.978406839,142.737010167,-17.705740258,-63.444922983,2.503459601,1.944957724,0.975020480,144.924172502,2.628950162,-1.350982288,1.222754880,-2.930728961,-0.476416511,1.189754874,3.198696859,2.187200304,-0.002019024,-0.003386358,2.187162334
346,0,-20.882398523,-61.471005121,1.287433987,1.753451934,0.821727900,134.265022473,-18.276832041,-62.843442516,2.515111058,1.752637877,0.820807183,136.449869253,2.605566482,-1.372437396,1.227677071,-2.818775621,-0.871206829,1.214600654,3.190572376,2.184858793,-0.000814057,-0.000920717,2.184846779
347,0,-21.026157124,-61.161396078,1.295492433,1.437800126,1.126712626,126.499767920,-18.432219253,-62.539637909,2.527159051,1.438084949,1.125417956,128.680272541,2.593937871,-1.378241831,1.231666619,-2.674543820,-1.235366706,1.210682179,3.185132161,2.180499426,0.000284823,-0.001294670,2.180504621
348,0,-21.177479485,-60.871769593,1.291256992,1.555858367,1.497879198,120.158212213,-18.594299454,-62.256113599,2.526183939,1.554609276,1.495668064,122.335607305,2.583180031,-1.384344006,1.234926948,-2.526152097,-1.505729551,1.210622181,3.180294320,2.177429200,-0.001249092,-0.002211134,2.177395092
349,0,-21.443538490,-60.440657416,1.280995201,1.860203926,1.741191255,123.562394563,-18.876427221,-61.835706787,2.519544213,1.860606894,1.739286529,125.737089216,2.567111268,-1.395049371,1.238549012,-2.618127778,-1.329527276,1.203324903,3.173362044,2.174683287,0.000402968,-0.001904726,2.174694653
350,0,-21.626469891,-59.964964753,1.264814067,1.718483928,3.176544131,117.024658637,-19.076893562,-61.367308079,2.506664549,1.716390768,3.175942357,119.202308174,2.549576330,-1.402343326,1.241850482,-2.472798971,-1.600084346,1.155029964,3.163715993,2.177766600,-0.002093160,-0.000601774,2.177649537
351,0,-21.617108429,-59.791220673,1.271449443,1.851383632,2.905510452,109.862873183,-19.073886379,-61.193472664,2.516605938,1.851124509,2.904399842,112.043295164,2.543222050,-1.402251991,1.245156495,-2.243250461,-1.877877723,1.194196954,3.159858183,2.180435411,-0.000259123,-0.001110609,2.180421981
352,0,-21.610047203,-59.623535174,1.264052996,1.547975560,2.194082041,102.880692902,-19.072841807,-61.025753916,2.512509426,1.547517774,2.193660541,105.062514771,2.537205396,-1.402218742,1.248456429,-1.978911669,-2.128284241,1.231497818,3.156306715,2.181839482,-0.000457785,-0.000421500,2.181821869
353,0,-21.570349520,-59.458879454,1.251600869,1.648524652,2.507261301,96.370310812,-19.039182810,-60.859999494,2.503367713,1.648024429,2.506865550,98.553349501,2.531166710,-1.401120040,1.251766844,-1.726469797,-2.325230721,1.244775742,3.152278939,2.183060663,-0.000500223,-0.000395750,2.183038689
354,0,-21.545452289,-59.291527164,1.251506197,1.384058093,2.640192220,90.960779949,-19.020339709,-60.691954912,2.506518955,1.384603580,2.638307458,93.147010819,2.525112580,-1.400427748,1.255012758,-1.498851211,-2.471869077,1.247299785,3.148404110,2.186206632,0.000545486,-0.001884762,2.186230870
355,0,-21.625353044,-58.659685839,1.229047156,1.885769663,3.298595927,97.530200198,-19.123958133,-60.063870560,2.487387845,1.886620471,3.297542558,99.719930188,2.501394911,-1.404184721,1.258340689,-1.789434543,-2.256479627,1.232215985,3.132432365,2.189681461,0.000850808,-0.001053369,2.189729990
356,0,-21.710810493,-58.543094319,1.225609706,2.473355052,3.337196934,105.845261800,-19.213478620,-59.950904637,2.487381847,2.473770422,3.336759322,108.037946791,2.497331872,-1.407810317,1.261772141,-2.106186955,-1.966926821,1.227127009,3.132198159,2.192660895,0.000415370,-0.000437612,2.192684991
357,0,-21.801695210,-58.429352551,1.218805284,3.309666987,3.331167101,113.561601990,-19.308302465,-59.841072189,2.484294789,3.308688856,3.330062443,115.754532792,2.493392745,-1.411719638,1.265489505,-2.360385046,-1.653084553,1.227728511,3.132319173,2.192988124,-0.000978131,-0.001104657,2.192930802
358,0,-21.900841415,-58.321894952,1.216936833,4.773589812,3.249311017,120.375903052,-19.411160055,-59.737735364,2.486829197,4.772564868,3.246777444,122.567973836,2.489681359,-1.415840412,1.269892364,-2.548433329,-1.333188782,1.242513258,3.133008771,2.192130559,-0.001024945,-0.002533573,2.192070784
359,0,-22.091934747,-57.753288039,1.207159568,4.891171630,3.333513610,113.367114273,-19.623511221,-59.177179900,2.481740469,4.890344319,3.332875184,115.555324609,2.468423526,-1.423891861,1.274580901,-2.356382566,-1.597872002,1.280392704,3.121720553,2.188258687,-0.000827311,-0.000638426,2.188210336
360,0,-22.123226323,-57.428892464,1.188900863,3.937904497,3.960453552,103.555415961,-19.666756670,-58.854448930,2.468418027,3.938464932,3.958818076,105.744412349,2.456469653,-1.425556466,1.279517165,-2.045296317,-1.970705238,1.279336706,3.115063172,2.188958370,0.000560435,-0.001635476,2.188996388
361,0,-22.266710885,-56.912109078,1.161867655,3.132135785,3.592073096,106.938057796,-19.829308843,-58.343888463,2.445727320,3.131564125,3.590209699,109.130293898,2.437402042,-1.431779386,1.283859666,-2.156127271,-1.848785767,1.253923021,3.104708773,2.192272774,-0.000571660,-0.001863397,2.192236101
362,0,-22.432764993,-56.361664495,1.128126643,3.438504242,3.986012653,109.409588460,-20.015680521,-57.800540327,2.416093028,3.438138651,3.983222795,111.607266202,2.417084472,-1.438875832,1.287966385,-2.244647889,-1.730250588,1.240688184,3.093787066,2.197704947,-0.000365591,-0.002789857,2.197677742
363,0,-22.556492988,-55.721615084,1.088438182,4.048360473,3.830033297,104.341880716,-20.163371821,-57.165811623,2.381744496,4.048364999,3.828099357,106.536336351,2.393121167,-1.444196539,1.293306315,-2.073921492,-1.874201067,1.292901307,3.079833402,2.194456185,0.000004526,-0.001933940,2.194455635
364,0,-22.730929239,-55.092686935,1.059426030,3.685284362,3.461222628,107.839184659,-20.361492378,-56.544224890,2.357649437,3.684999132,3.459138205,110.030669669,2.369436862,-1.451537955,1.298223407,-2.182149709,-1.731982912,1.282589306,3.067014426,2.191503235,-0.000285229,-0.002084423,2.191485010
365,0,-22.814042094,-54.599277168,1.046112346,3.390290874,3.279365185,105.200082081,-20.462995773,-56.054698675,2.349368429,3.390232461,3.278204960,107.386839053,2.351046321,-1.455421507,1.303256083,-2.092170145,-1.813788849,1.295044816,3.056819750,2.186760622,-0.000058413,-0.001160225,2.186756972
366,0,-22.811143808,-54.260736064,1.025651208,2.892749208,3.372111166,97.680532187,-20.472721731,-55.716580118,2.333024059,2.893270327,3.369657447,99.866042896,2.338422076,-1.455844054,1.307372852,-1.829173150,-2.059511696,1.307463441,3.049085681,2.185481507,0.000521119,-0.002453719,2.185510709
367,0,-22.874934555,-53.634410980,1.004405594,3.414860930,3.167924275,98.990622363,-20.559813528,-55.093343340,2.316026154,3.414345013,3.165038125,101.176966847,2.315121027,-1.458932360,1.311620560,-1.872526833,-1.982957114,1.330466773,3.034570396,2.186374948,-0.000515917,-0.002886149,2.186344485
368,0,-22.966538225,-53.021287503,0.961100774,2.902483493,3.573503792,102.058783985,-20.674352240,-54.484240868,2.277342730,2.902475464,3.571293149,104.245068613,2.292185985,-1.462953366,1.316241957,-1.987871064,-1.872996233,1.291160630,3.021066373,2.186286246,-0.000008029,-0.002210643,2.186284629
369,0,-23.076762741,-52.408693456,0.941119110,2.852393407,3.401233549,103.130818192,-20.807486464,-53.876574556,2.262780510,2.852760138,3.399306382,105.318773419,2.269276276,-1.467881100,1.321661400,-2.020010235,-1.814240867,1.295826888,3.008501055,2.187934355,0.000366731,-0.001927167,2.187955227
370,0,-23.122912263,-51.792676294,0.896644011,2.732011274,3.899062622,99.409066852,-20.876348965,-53.262786185,2.223482094,2.732214703,3.896571158,101.601703624,2.246563298,-1.470109891,1.326838083,-1.903620901,-1.916550552,1.292992840,2.994790317,2.192624368,0.000203429,-0.002491463,2.192636772
371,0,-23.226750161,-51.190981637,0.872331144,2.919846623,4.696135015,101.749919005,-21.002556135,-52.665732774,2.203805030,2.919958471,4.693722533,103.951665898,2.224194025,-1.474751137,1.331473886,-1.999426333,-1.815146054,1.265816665,2.982407197,2.201739063,0.000111849,-0.002412482,2.201746893
372,0,-23.351354410,-50.568673169,0.821882427,2.830727804,3.903767636,104.191888484,-21.150516841,-52.048948992,2.158232997,2.830639364,3.902431620,106.405546384,2.200837569,-1.480275823,1.336350571,-2.061075860,-1.709384211,1.284798539,2.969972284,2.213664326,-0.000088440,-0.001336016,2.213657901
373,0,-23.430609985,-49.925757238,0.778256565,2.617355161,3.936092263,100.937165804,-21.254205426,-51.409826487,2.118245849,2.617380037,3.933550534,103.158241946,2.176404559,-1.484069249,1.339989284,-1.957617661,-1.798175470,1.291924028,2.955464366,2.221075890,0.000024876,-0.002541728,2.221076142
374,0,-23.532293472,-49.315373934,0.746451259,1.910954680,3.428970151,101.828538255,-21.379015488,-50.804246265,2.091099997,1.910807245,3.427467751,104.058183086,2.153277984,-1.488872332,1.344648737,-1.975669189,-1.760385311,1.288100127,2.943030262,2.229654158,-0.000147436,-0.001502400,2.229644831
375,0,-23.623523139,-48.769268802,0.742906574,1.979530062,4.096121314,101.855065177,-21.491261010,-50.262655919,2.092028198,1.979615783,4.094669385,104.087647821,2.132262129,-1.493387117,1.349121624,-1.991094107,-1.737127084,1.270751658,2.932042978,2.232576996,0.000085721,-0.001451929,2.232582644
376,0,-23.733135586,-48.223083980,0.709008729,1.427571175,4.097661146,104.709662682,-21.621896026,-49.721814407,2.061898215,1.427714821,4.095510320,106.948503377,2.111239560,-1.498730427,1.352889486,-2.077294672,-1.630884916,1.248557796,2.921272896,2.238831471,0.000143646,-0.002150827,2.238840695
377,0,-23.882078835,-47.691959982,0.687283715,1.317865441,3.262566276,106.197449786,-21.791350551,-49.197527871,2.044411743,1.317709761,3.260352608,108.443120522,2.090728284,-1.505567890,1.357128028,-2.102959209,-1.558837170,1.275643036,2.911988309,2.245680689,-0.000155680,-0.002213668,2.245670736
378,0,-23.991542327,-47.109757032,0.653708097,1.061162842,3.150173128,104.187822803,-21.923333317,-48.620496938,2.014771578,1.060828728,3.148481530,106.444206501,2.068209010,-1.510739906,1.361063481,-2.043394909,-1.611396706,1.280724512,2.900399520,2.256402712,-0.000334113,-0.001691597,2.256383698
379,0,-24.105178222,-46.507604367,0.630024045,1.147566800,3.701513310,103.420066074,-22.060571808,-48.023722603,1.994450623,1.147697090,3.699880079,105.685095769,2.044606414,-1.516118236,1.364426579,-2.033269148,-1.611826955,1.268274505,2.888025239,2.265021878,0.000130291,-0.001633230,2.265029695
380,0,-24.153664914,-45.997284686,0.590975690,1.342752251,4.513224854,99.961698479,-22.129041577,-47.516136477,1.958733019,1.342840006,4.511328214,102.235044442,2.024623337,-1.518851791,1.367757330,-1.948095248,-1.702330626,1.258477602,2.876937700,2.273339852,0.000087755,-0.001896640,2.273345963
381,0,-24.242375178,-45.496674074,0.557595532,1.611158868,4.461323548,101.684598871,-22.237520961,-47.019882741,1.928735916,1.611629240,4.459335764,103.966916738,2.004854217,-1.523208667,1.371140384,-1.998580764,-1.619883263,1.265418574,2.866989889,2.282282201,0.000470372,-0.001987784,2.282317867
382,0,-24.339308547,-44.974298474,0.527649175,0.929566439,3.515179625,102.990992560,-22.355078949,-46.502328793,1.902516477,0.928914386,3.513319633,105.282675246,1.984229597,-1.528030319,1.374867302,-2.015628343,-1.569398674,1.279270900,2.856974598,2.291723502,-0.000652053,-0.001859991,2.291682686
383,0,-24.437420982,-44.433562532,0.503831543,1.298037917,4.216485053,102.378652731,-22.474815299,-45.966423408,1.882064612,1.297857291,4.215438278,104.675887286,1.962605683,-1.532860876,1.378233068,-2.014095415,-1.560028027,1.269150166,2.846227314,2.297248080,-0.000180627,-0.001046775,2.297234555
384,0,-24.434047978,-44.035925631,0.477995526,1.074862486,3.913778454,96.505885213,-22.487446721,-45.569332874,1.859531201,1.074868065,3.911721916,98.808970173,1.946601257,-1.533407243,1.381535676,-1.834322221,-1.736390321,1.292070312,2.837117384,2.303085497,0.000005579,-0.002056538,2.303084959
385,0,-24.491541267,-43.492070073,0.448460907,1.040748662,4.381548629,97.420090020,-22.566603560,-45.028578379,1.833318362,1.041350383,4.379332982,99.733260737,1.924937706,-1.536508306,1.384857455,-1.872855044,-1.687485155,1.276276207,2.825610221,2.313125897,0.000601721,-0.002215647,2.313170717
386,0,-24.565116046,-42.943470211,0.412616340,1.152479882,4.033575311,99.810338096,-22.662095799,-44.483657723,1.800789256,1.152244679,4.031581135,102.132237987,1.903020247,-1.540187511,1.388172916,-1.934999185,-1.587192528,1.287356093,2.814371631,2.321917299,-0.000235203,-0.001994176,2.321899890
387,0,-24.666057009,-42.367652053,0.386876359,0.970680574,4.384054420,102.040016567,-22.786177304,-43.912854920,1.778368846,0.970432835,4.381845941,104.371209717,1.879879705,-1.545202867,1.391492487,-2.004143627,-1.494948353,1.267433900,2.803185857,2.331213142,-0.000247739,-0.002208479,2.331193150
388,0,-24.788186998,-41.801602974,0.354425468,1.162950101,3.997550144,104.238796168,-22.930973173,-43.352551044,1.749228609,1.162859448,3.995446170,106.578201162,1.857213825,-1.550948069,1.394803141,-2.052576903,-1.392922598,1.283297939,2.792876458,2.339412259,-0.000090653,-0.002103975,2.339404994
389,0,-24.925160586,-41.216676239,0.315169447,1.381367820,4.792087672,106.479121785,-23.091385833,-42.773950578,1.713275245,1.381158981,4.790443033,108.827838717,1.833774753,-1.557274339,1.398105798,-2.123245623,-1.286789294,1.256397378,2.782540752,2.348734960,-0.000208839,-0.001644638,2.348716932
390,0,-24.967455191,-40.758686696,0.284915826,1.815016561,4.594312964,100.060126264,-23.152254034,-42.318338820,1.686303444,1.814883529,4.592036134,102.416735373,1.815201157,-1.559652124,1.401387618,-1.959052503,-1.474547240,1.295832155,2.773329632,2.356620866,-0.000133032,-0.002276829,2.356609109
391,0,-25.048768805,-40.152978758,0.262598700,0.946873341,3.575887621,100.536208357,-23.258233575,-41.716793847,1.667286183,0.946894383,3.573587035,102.900330077,1.790535230,-1.563815089,1.404687483,-1.948840416,-1.452944743,1.309829598,2.761282486,2.364121527,0.000021041,-0.002300586,2.364121720
392,0,-25.145549596,-39.546594948,0.230273821,0.406709481,3.600926102,101.300644903,-23.379718171,-41.115326343,1.638289062,0.406483656,3.598874275,103.674952572,1.765831425,-1.568731395,1.408015241,-1.969057376,-1.415021441,1.296963030,2.749833764,2.374322746,-0.000225826,-0.002051827,2.374307669
393,0,-25.229137332,-38.929693437,0.198141197,0.307080956,3.433227071,99.989324615,-23.488586526,-40.502917214,1.609485180,0.306799042,3.430810320,102.371239687,1.740550806,-1.573223777,1.411343983,-1.932494065,-1.434288345,1.305651420,2.737963111,2.381933191,-0.000281914,-0.002416751,2.381915072
394,0,-25.247998727,-38.304093797,0.152768079,-0.008485358,4.554323665,95.590692841,-23.533203929,-39.879151838,1.567452280,-0.008597447,4.551942409,97.983159608,1.714794798,-1.575058041,1.414684200,-1.841478168,-1.553382265,1.272250806,2.724455985,2.392476852,-0.000112089,-0.002381256,2.392466766
395,0,-25.305946887,-37.677190513,0.118128106,0.441078797,4.633152201,97.562404415,-23.616947305,-39.255705652,1.536160494,0.441230553,4.630867733,99.966052499,1.688999581,-1.578515139,1.418032387,-1.895770713,-1.456754012,1.280299431,2.712055582,2.403636919,0.000151755,-0.002284468,2.403648084
396,0,-25.389072379,-37.034751211,0.080147597,1.160727992,4.310690642,99.625694800,-23.726699588,-38.617833820,1.501547622,1.160499660,4.308206722,102.045355208,1.662372791,-1.583082609,1.421400024,-1.940399095,-1.348065513,1.306745038,2.700002199,2.419678851,-0.000228331,-0.002483920,2.419660408
397,0,-25.501582777,-36.401514082,0.046173303,0.759688134,4.006115436,101.841041777,-23.865700888,-37.990359900,1.470896255,0.759652808,4.003444505,104.267647839,1.635881890,-1.588845819,1.424722952,-1.985630135,-1.257840215,1.305942971,2.688935864,2.426609999,-0.000035326,-0.002670931,2.426606062
398,0,-25.614137148,-35.757854993,0.008960831,0.518537791,4.748295450,102.576222828,-24.005269394,-37.352560109,1.437040973,0.518610246,4.746960727,105.010699669,1.608867755,-1.594705116,1.428080142,-2.018426062,-1.211536752,1.276357192,2.677863468,2.434471211,0.000072455,-0.001334724,2.434476841
399,0,-25.623844100,-35.262664273,-0.026108962,0.237548703,5.214742437,96.405734995,-24.035806559,-36.858823572,1.405305659,0.237435337,5.212423202,98.851243255,1.588037541,-1.596159299,1.431414621,-1.886169985,-1.394784467,1.271013232,2.668058387,2.445519664,-0.000113366,-0.002319236,2.445508260
400,0,-25.652073790,-34.749348525,-0.064967947,0.174177055,5.650134561,95.203028900,-24.085627837,-36.347756773,1.369803769,0.174098376,5.647853464,97.658772419,1.566445952,-1.598408248,1.434771715,-1.866710461,-1.411211510,1.261390445,2.658426550,2.455752325,-0.000078679,-0.002281098,2.455743520
401,0,-25.703735642,-34.097866330,-0.102971717,0.266789913,4.523204338,97.427464549,-24.164811394,-35.699602862,1.335175838,0.266297242,4.521282094,99.896105930,1.538924248,-1.601736532,1.438147555,-1.895085042,-1.312919973,1.298849483,2.646151195,2.468681023,-0.000492671,-0.001922243,2.468641380
402,0,-25.712490483,-33.585848568,-0.133418598,0.573263294,3.807006949,94.827257988,-24.195332909,-35.189097758,1.308107562,0.573215431,3.804777859,97.308178275,1.517157575,-1.603249190,1.441526161,-1.817138554,-1.363545925,1.337506161,2.636318028,2.480924465,-0.000047864,-0.002229089,2.480920286
403,0,-25.696705395,-33.068730067,-0.161275881,0.435787973,4.141596791,91.654203080,-24.201623444,-34.672232385,1.283587915,0.435193633,4.139578356,94.147589970,1.495081951,-1.603502318,1.444863796,-1.746045017,-1.438071662,1.333190837,2.625665842,2.493430691,-0.000594340,-0.002018435,2.493386890
404,0,-25.683159187,-32.557367043,-0.195785302,0.321737043,4.602484442,90.917313292,-24.210025729,-34.161330475,1.252441165,0.322529612,4.600859061,93.424430240,1.473133458,-1.603963431,1.448226467,-1.738303203,-1.439870464,1.321081299,2.615373926,2.507054013,0.000792569,-0.001625381,2.507116948
405,0,-25.694335851,-32.034181638,-0.236988286,0.274726274,4.548935317,92.717429555,-24.243789877,-33.639623506,1.214579338,0.274663068,4.546928216,95.241625893,1.450545975,-1.605441868,1.451567624,-1.782263814,-1.366482399,1.320922909,2.605489548,2.524202148,-0.000063206,-0.002007101,2.524196338
406,0,-25.718121937,-31.518584304,-0.266543899,0.722632281,4.602413464,94.528907617,-24.289985062,-33.126040659,1.188363089,0.722482435,4.600378268,97.064879712,1.428136875,-1.607456356,1.454906989,-1.826418284,-1.280092179,1.328836138,2.596198223,2.535984937,-0.000149847,-0.002035196,2.535972095
407,0,-25.742402296,-30.989689023,-0.303323633,1.348252573,4.130289666,95.225862560,-24.337375197,-32.599228231,1.154925836,1.348604577,4.128405811,97.773172778,1.405027099,-1.609539208,1.458249470,-1.831356617,-1.220950719,1.358904489,2.586737159,2.547285592,0.000352004,-0.001883855,2.547310218
408,0,-25.744027261,-30.463051780,-0.330878191,0.815642130,3.677294340,93.011921777,-24.362187405,-32.073722046,1.130719458,0.814815083,3.675383891,95.571403740,1.381839855,-1.610670266,1.461597649,-1.771333523,-1.275940680,1.369072939,2.576821255,2.559535839,-0.000827046,-0.001910449,2.559481962
409,0,-25.718765607,-29.945005480,-0.366441295,0.382518244,4.302686255,90.834065999,-24.359929710,-31.555731386,1.098533139,0.383243257,4.300708767,93.410100271,1.358835897,-1.610725905,1.464974434,-1.735650886,-1.326279114,1.347413353,2.566519633,2.575980751,0.000725013,-0.001977488,2.576034272
410,0,-25.725762289,-29.410735744,-0.403261339,0.892256207,4.707274185,92.316384703,-24.390665455,-31.022656107,1.065022455,0.892258006,4.704921043,94.906090011,1.335096835,-1.611920363,1.468283794,-1.779444691,-1.248042152,1.346326666,2.556683029,2.589706229,0.000001798,-0.002353142,2.589705308
411,0,-25.759587720,-28.905839167,-0.432294980,0.947197717,3.497600794,94.871335020,-24.447015374,-30.520240122,1.039339829,0.947209274,3.495695826,97.467566091,1.312572346,-1.614400954,1.471634808,-1.806607023,-1.148031241,1.383127236,2.548498698,2.596231064,0.000011557,-0.001904969,2.596231070
412,0,-25.807878349,-28.401496453,-0.458271834,1.927407828,4.402745089,97.171120878,-24.517872656,-30.019007636,1.016694166,1.927582020,4.401229997,99.780324340,1.290005693,-1.617511183,1.474966000,-1.873911481,-1.032483888,1.370552662,2.540862416,2.609190538,0.000174193,-0.001515092,2.609203462
413,0,-25.886499876,-27.861949773,-0.486610871,1.754423847,3.476004168,99.644407473,-24.620749865,-29.484132297,0.991695568,1.754354310,3.473724123,102.263720665,1.265750012,-1.622182524,1.478306439,-1.897608318,-0.933820143,1.395009595,2.533572411,2.619318400,-0.000069536,-0.002280044,2.619313192
414,0,-25.983756821,-27.348396127,-0.516744399,2.293617475,4.068311664,101.801327404,-24.741024932,-28.975981746,0.964925560,2.294102912,4.065703996,104.436174943,1.242731888,-1.627585619,1.481669959,-1.947807967,-0.828981610,1.381157838,2.527600316,2.634814445,0.000485437,-0.002607667,2.634847539
415,0,-26.140092037,-26.663745645,-0.559079833,2.415175878,4.289577059,104.764465612,-24.928144454,-28.299611191,0.925963022,2.414376209,4.287399696,107.412705551,1.211947583,-1.635865546,1.485042855,-1.996492921,-0.697921063,1.370090332,2.519965339,2.648300752,-0.000799669,-0.002177363,2.648239939
416,0,-26.238159565,-25.966851675,-0.599209278,1.812277160,4.461467410,100.029212652,-25.057868228,-27.608562838,0.889205730,1.812609978,4.459056140,102.693033725,1.180291337,-1.641711163,1.488415008,-1.932432725,-0.833466894,1.369203827,2.510713528,2.663796302,0.000332818,-0.002411270,2.663821072
417,0,-26.296872501,-25.452667871,-0.621024182,1.032170441,4.003447172,99.454842827,-25.140062085,-27.098274803,0.870790984,1.032048179,4.001553088,102.132536317,1.156810416,-1.645606933,1.491815166,-1.913010111,-0.846102882,1.377042932,2.504345225,2.677702697,-0.000122262,-0.001894085,2.677693490
418,0,-26.370351587,-24.933335708,-0.657746998,1.455764941,5.033632966,100.763949645,-25.237221567,-26.583608221,0.837509992,1.455382532,5.031785534,103.452454640,1.133130020,-1.650272514,1.495256990,-1.956988827,-0.770967339,1.348695878,2.498634923,2.688539203,-0.000382409,-0.001847432,2.688504994
419,0,-26.392220664,-24.406909567,-0.679952018,0.621599424,3.677744739,96.079064520,-25.283501350,-26.059378001,0.818667751,0.621409224,3.675517570,98.774994579,1.108719314,-1.652468434,1.498619770,-1.853093064,-0.912432963,1.392581718,2.491138627,2.695943181,-0.000190199,-0.002227169,2.695930058
420,0,-26.408944331,-23.864613881,-0.709268298,0.849022399,3.465646313,94.384427193,-25.325429557,-25.519074864,0.792731600,0.849577996,3.463403966,97.088900949,1.083514774,-1.654460983,1.501999898,-1.820079602,-0.933095273,1.408507208,2.483394673,2.704441167,0.000555598,-0.002242347,2.704473755
421,0,-26.452654459,-23.338627623,-0.737770193,1.009749230,4.518344016,96.031003176,-25.393742542,-24.996279650,0.767615774,1.009508858,4.516687754,98.743282918,1.058911917,-1.657652027,1.505385967,-1.872856236,-0.854747429,1.377355421,2.476952079,2.712299190,-0.000240372,-0.001656262,2.712279742
422,0,-26.509139089,-22.805351779,-0.772720251,1.289863295,4.590765144,97.577173607,-25.475250607,-24.466869130,0.736024234,1.289742220,4.588708538,100.297717877,1.033888482,-1.661517351,1.508744485,-1.898375269,-0.774925871,1.378962094,2.471006925,2.720554739,-0.000121075,-0.002056607,2.720544270
423,0,-26.583402288,-22.269211712,-0.805649051,0.920943544,4.137895799,99.285350386,-25.574656894,-23.935625149,0.706524555,0.920967271,4.136032738,102.017271643,1.008745394,-1.666413437,1.512173606,-1.911743890,-0.704410226,1.389320539,2.466002845,2.731920180,0.000023726,-0.001863061,2.731921257
424,0,-26.672999341,-21.733218576,-0.852942504,1.282121356,5.529080047,101.217993540,-25.689449721,-23.405248716,0.662644153,1.281825706,5.527106360,103.957653692,0.983549620,-1.672030140,1.515586657,-1.968933981,-0.609511474,1.346050631,2.461718416,2.739689360,-0.000295650,-0.001973687,2.739660152
425,0,-26.780409522,-21.202223041,-0.886557659,1.454406591,5.354896245,102.943102020,-25.821789910,-22.880844449,0.632464009,1.454190943,5.352614210,105.695638421,0.958619612,-1.678621409,1.519021668,-1.984372611,-0.524097883,1.353416039,2.458484945,2.752557476,-0.000215647,-0.002282036,2.752536401
426,0,-26.884323987,-20.676299892,-0.922219254,0.945475021,4.387754413,103.648328772,-25.950341313,-22.361399410,0.600268203,0.944954723,4.386119713,106.414070012,0.933982674,-1.685099518,1.522487457,-1.968934556,-0.487217145,1.384112800,2.455575712,2.765781570,-0.000520298,-0.001634699,2.765741240
427,0,-26.986631589,-20.158654230,-0.952099799,0.875474097,4.650812756,103.441199472,-26.077042966,-21.850079130,0.573771410,0.875683288,4.648833194,106.221004593,0.909588622,-1.691424900,1.525871210,-1.974135677,-0.470512019,1.377664463,2.452866202,2.779788875,0.000209191,-0.001979562,2.779805120
428,0,-27.042705947,-19.635811162,-0.976402433,0.851968426,4.937882257,99.745683910,-26.157900429,-21.331273331,0.552863153,0.851241113,4.935952845,102.538897232,0.884805518,-1.695462169,1.529265586,-1.945645264,-0.564648172,1.375413738,2.448698839,2.793276673,-0.000727314,-0.001929412,2.793213321
429,0,-27.066502063,-19.108615024,-1.013364498,0.147355995,4.442351244,96.290868582,-26.206958511,-20.806695331,0.519325986,0.147586944,4.440163926,99.094104159,0.859543553,-1.698080307,1.532690484,-1.895402871,-0.664721858,1.391770375,2.443651360,2.803218556,0.000230949,-0.002187319,2.803235577
430,0,-27.114610011,-18.570804324,-1.054977138,0.227328747,5.107781476,96.283786005,-26.280754893,-20.272349515,0.481086335,0.227343811,5.105657980,99.095686636,0.833855119,-1.701545191,1.536063472,-1.912266599,-0.637160313,1.373799322,2.439274767,2.811900092,0.000015065,-0.002123496,2.811900631
431,0,-27.170991564,-18.040339210,-1.083713568,0.964412636,4.635072562,97.856151978,-26.362565781,-19.746062580,0.455797683,0.964748081,4.632974973,100.680572654,0.808425783,-1.705723369,1.539511251,-1.918733980,-0.544229619,1.398360964,2.435803636,2.824394374,0.000335445,-0.002097589,2.824420676
432,0,-27.240050072,-17.515173499,-1.125358057,0.948811244,4.746671653,99.536843930,-26.456797562,-19.225477436,0.417575293,0.948791820,4.744717104,102.370340832,0.783252510,-1.710303936,1.542933350,-1.937885373,-0.466021110,1.395239040,2.432954453,2.833499182,-0.000019424,-0.001954549,2.833496901
433,0,-27.328926098,-16.983298693,-1.159070099,0.943587737,4.826633500,101.196748542,-26.571373985,-18.699355283,0.387301920,0.942923940,4.824764956,104.040390457,0.757552113,-1.716056591,1.546372019,-1.954116105,-0.387016894,1.393431023,2.431049536,2.843698448,-0.000663797,-0.001868544,2.843641915
434,0,-27.405860698,-16.450172690,-1.201505363,0.799995475,4.971007996,100.746449386,-26.674107716,-18.171540648,0.348356021,0.799783035,4.969304000,103.603990104,0.731752982,-1.721367957,1.549861385,-1.955047253,-0.378562179,1.391086373,2.429123378,2.857559639,-0.000212440,-0.001703996,2.857540718
435,0,-27.429239635,-15.924460571,-1.234029384,0.397798898,4.539539488,96.566276854,-26.723191550,-17.648406324,0.319281452,0.397616899,4.537999040,99.435673587,0.706048085,-1.723945753,1.553310835,-1.910689474,-0.494501910,1.409964895,2.425544765,2.869411555,-0.000181999,-0.001540448,2.869396733
436,0,-27.447881598,-15.405570618,-1.273406634,0.529521287,4.281407457,94.338298098,-26.767360839,-17.131816816,0.283331627,0.529469922,4.279223321,97.219666034,0.680520759,-1.726246198,1.556738261,-1.884049723,-0.534841456,1.425050775,2.422079365,2.881372599,-0.000051365,-0.002184136,2.881367937
437,0,-27.482965745,-14.880333327,-1.308773282,0.574761245,4.483190510,96.303068527,-26.828313365,-16.609622999,0.251400148,0.574738056,4.481243558,99.197915681,0.654652379,-1.729289672,1.560173430,-1.907183387,-0.446618829,1.419977742,2.419329171,2.894849621,-0.000023189,-0.001946952,2.894847154
438,0,-27.528717622,-14.351447241,-1.344312251,0.413116886,5.165647837,97.198440696,-26.900235484,-16.084277012,0.219242156,0.412904924,5.163335027,100.111360371,0.628482139,-1.732829771,1.563554407,-1.931397727,-0.396323008,1.398221045,2.417103886,2.912939681,-0.000211963,-0.002312810,2.912919676
439,0,-27.557163365,-13.812835196,-1.393198080,0.454520462,4.884686923,95.941617248,-26.955549377,-15.548274346,0.173771437,0.454675588,4.883190788,98.865068386,0.601613988,-1.735439150,1.566969517,-1.915325431,-0.407547583,1.412273119,2.414349167,2.923438317,0.000155126,-0.001496135,2.923451137
440,0,-27.610353990,-13.279997629,-1.423878888,0.515756804,4.415891311,97.309135884,-27.035362994,-15.019352241,0.146500031,0.514801406,4.414183827,100.246787977,0.574990996,-1.739354612,1.570378919,-1.913946480,-0.336171630,1.430334426,2.412894333,2.937726290,-0.000955398,-0.001707484,2.937652093
441,0,-27.598132575,-12.763382144,-1.461539744,0.508914886,4.688276909,93.403685757,-27.049366168,-14.503278441,0.112208567,0.509516531,4.685793771,96.355332631,0.548766406,-1.739896297,1.573748311,-1.892117187,-0.431835278,1.427752878,2.409370755,2.951598817,0.000601645,-0.002483138,2.951646874
442,0,-27.638369721,-12.246185708,-1.493961384,0.518008977,4.492482583,95.964791419,-27.115714268,-13.989271975,0.083200719,0.517761654,4.490989383,98.929238246,0.522655453,-1.743086267,1.577162103,-1.906005161,-0.325726189,1.435271938,2.408102730,2.964466582,-0.000247322,-0.001493200,2.964446827
443,0,-27.699417724,-11.708850179,-1.545734779,0.301697616,5.378015605,97.775013757,-27.204029002,-13.456241874,0.034788627,0.301155101,5.376172069,100.754736068,0.495388722,-1.747391695,1.580523406,-1.938566032,-0.247039555,1.406333942,2.407663174,2.979773769,-0.000542516,-0.001843536,2.979722311
444,0,-27.743711670,-11.179998561,-1.590048016,0.516195236,5.450615976,97.862118104,-27.275485872,-12.930860176,-0.006138175,0.515369535,5.449531361,100.854254444,0.468225798,-1.750861615,1.583909841,-1.940772414,-0.211649554,1.407881061,2.406973655,2.992215073,-0.000825701,-0.001084616,2.992136340
445,0,-27.689883964,-10.820328069,-1.613906250,-0.042673498,5.374709363,88.763342056,-27.240359538,-12.569393919,-0.026604148,-0.041569817,5.372580146,91.769203465,0.449524426,-1.749065850,1.587302102,-1.879992078,-0.488223759,1.417074052,2.404335983,3.005759003,0.001103681,-0.002129217,3.005861408
446,0,-27.660123920,-10.287480511,-1.656812249,-0.057258825,4.335867267,88.464857770,-27.238470832,-12.036192529,-0.066151390,-0.057258470,4.333567886,91.484095307,0.421653089,-1.748712019,1.590660859,-1.852076224,-0.469803515,1.454333297,2.401246972,3.019238385,0.000000355,-0.002299381,3.019237537
447,0,-27.662210007,-9.767329549,-1.692804775,0.273952994,4.519866110,92.227391522,-27.267827697,-11.517163539,-0.098810245,0.274021353,4.518348423,95.258644005,0.394382310,-1.749833990,1.593994529,-1.883968702,-0.319139231,1.451580876,2.399640589,3.031247477,0.000068359,-0.001517687,3.031252483
448,0,-27.650489585,-9.251475892,-1.711438157,0.391718587,4.047288763,91.259726027,-27.283418916,-11.001804702,-0.114099742,0.391329281,4.046341779,94.299889115,0.367070669,-1.750328809,1.597338415,-1.866331322,-0.318448957,1.471488867,2.397891121,3.040190735,-0.000389307,-0.000946983,3.040163088
449,0,-27.576735296,-8.911116154,-1.736364460,0.330443532,5.220011347,85.391768351,-27.227681430,-10.658328737,-0.135725981,0.330771607,5.217381861,88.444758143,0.349053865,-1.747212583,1.600638479,-1.852040935,-0.479998188,1.440895577,2.395127126,3.052961101,0.000328075,-0.002629485,3.052989792
450,0,-27.463624149,-8.392917676,-1.771963817,0.602083818,4.375403328,81.765579398,-27.142085607,-10.135131059,-0.167971541,0.602310013,4.373457977,84.831815585,0.321538542,-1.742213383,1.603992276,-1.795679133,-0.552257686,1.477170819,2.389871488,3.066219559,0.000226195,-0.001945351,3.066236187
451,0,-27.371872974,-7.879475375,-1.794327114,0.178080715,4.009125619,82.001969631,-27.077816654,-9.617835081,-0.186460751,0.177849955,4.007153674,85.078086755,0.294056321,-1.738359705,1.607866362,-1.788837862,-0.528447172,1.488086192,2.386126112,3.076133895,-0.000230760,-0.001971945,3.076117125
452,0,-27.263902256,-7.377255630,-1.814352878,0.009193923,5.276662568,80.787451576,-26.996924742,-9.110891713,-0.203092361,0.008620269,5.275082443,83.871925182,0.266977514,-1.733636083,1.611260517,-1.809640647,-0.540851584,1.451072640,2.381791660,3.084526812,-0.000573655,-0.001580125,3.084473606
453,0,-27.136897309,-7.047819794,-1.825405060,-0.025031100,3.858331346,75.432985205,-26.887838395,-8.775426815,-0.210557462,-0.026212973,3.856856525,78.526577399,0.249058914,-1.727607021,1.614847599,-1.714445034,-0.676223461,1.502594152,2.377895946,3.093672283,-0.001181874,-0.001474821,3.093592194
454,0,-26.911359075,-6.570686226,-1.855898059,-0.502245578,4.327631052,69.835662138,-26.688365870,-8.287091986,-0.237741021,-0.502212704,4.325641899,72.938899105,0.222993205,-1.716405760,1.618157038,-1.652065432,-0.814092745,1.490684311,2.369431768,3.103235125,0.000032874,-0.001989154,3.103236968
455,0,-26.749747848,-6.070678970,-1.880788333,-0.585070439,3.962222945,71.941994062,-26.554075969,-7.779440439,-0.259283901,-0.586437872,3.960302367,75.055545782,0.195671879,-1.708761469,1.621504432,-1.672244822,-0.731092211,1.502175522,2.363774496,3.113647076,-0.001367433,-0.001920578,3.113551720
456,0,-26.455709535,-5.594690081,-1.923474336,-0.165267036,4.349584986,64.862654912,-26.286375488,-7.288608010,-0.298636725,-0.165941184,4.348315596,67.987015717,0.169334046,-1.693917929,1.624837612,-1.580580150,-0.877205359,1.506786773,2.353323019,3.124412256,-0.000674148,-0.001269390,3.124360805
457,0,-26.224914541,-5.321457148,-1.929547127,-0.382306074,4.421228702,58.077845098,-26.070904112,-7.003592719,-0.301398723,-0.382574992,4.420014767,61.211803638,0.154010429,-1.682135570,1.628148404,-1.467811247,-1.030292277,1.512677917,2.346096015,3.133979514,-0.000268918,-0.001213935,3.133958540
458,0,-25.968578928,-5.057855988,-1.947812961,-0.559292840,2.782599046,52.084496260,-25.829525539,-6.726643993,-0.316387566,-0.560169294,2.780977875,55.226681273,0.139053389,-1.668788004,1.631425395,-1.308836824,-1.150438416,1.558581306,2.337891800,3.142228089,-0.000876453,-0.001621171,3.142185013
459,0,-25.684549932,-4.828611688,-1.970724392,-0.767147930,3.200183947,45.407887503,-25.558690903,-6.482501434,-0.336002523,-0.766944268,3.198516235,48.559551637,0.125859029,-1.653889745,1.634721869,-1.178971495,-1.271675238,1.554469580,2.328842497,3.151653215,0.000203662,-0.001667713,3.151664134
460,0,-25.301587479,-4.460293026,-1.975242750,-1.240703793,2.424474745,45.316076997,-25.196869371,-6.093988969,-0.337234156,-1.241342249,2.422421644,48.475605107,0.104718107,-1.633695943,1.638008594,-1.156233255,-1.257413671,1.563661085,2.315815293,3.159555839,-0.000638456,-0.002053101,3.159528111
461,0,-24.929613363,-4.097176645,-1.975067747,-1.283531931,2.306561617,46.528769072,-24.845749718,-5.711185300,-0.333768264,-1.284604340,2.304753793,49.695221175,0.083863644,-1.614008654,1.641299483,-1.178774688,-1.206721225,1.568513679,2.303458495,3.166495944,-0.001072409,-0.001807824,3.166452103
462,0,-24.584453747,-3.918542242,-1.986290319,-1.001262197,2.379634785,38.530055536,-24.511327128,-5.513950115,-0.341713340,-1.001959210,2.378094163,41.702611871,0.073126619,-1.595407872,1.644576980,-1.004089987,-1.321446654,1.581420015,2.292445686,3.172585717,-0.000697014,-0.001540622,3.172556335
463,0,-24.272395275,-3.754252952,-1.990194454,-0.801825977,1.338326065,32.111489088,-24.209114133,-5.332823020,-0.342207923,-0.801601953,1.336684153,35.288200138,0.063281143,-1.578570068,1.647986531,-0.823794134,-1.393376076,1.609849032,2.282925223,3.176706252,0.000224024,-0.001641912,3.176711049
464,0,-23.826443981,-3.457721265,-2.002440867,-0.980952178,1.649895721,35.233589725,-23.780480451,-5.012218047,-0.351190307,-0.981261447,1.647786836,38.415152884,0.045963530,-1.554496783,1.651250560,-0.906450180,-1.323884638,1.603396033,2.268303618,3.181572772,-0.000309268,-0.002108886,3.181563159
465,0,-23.345013306,-3.188375558,-2.010999184,-0.660150110,2.500938011,32.528076790,-23.315206476,-4.716739257,-0.356458143,-0.661235468,2.499320428,35.716299445,0.029806830,-1.528363700,1.654541040,-0.868128087,-1.323191390,1.603062154,2.252618498,3.188270595,-0.001085358,-0.001617584,3.188222655
466,0,-22.868454101,-2.963702103,-2.011260682,-1.405409719,1.373688891,28.335774596,-22.852422062,-4.466102022,-0.353433959,-1.405624604,1.371520294,31.529062342,0.016032039,-1.502399920,1.657826722,-0.738527159,-1.369831564,1.607479737,2.237376139,3.193293636,-0.000214885,-0.002168597,3.193287746
467,0,-22.382361318,-2.727831194,-2.015594906,-1.331176026,1.454062996,28.436035023,-22.380774380,-4.203638624,-0.354476973,-1.331953493,1.452032441,31.632747285,0.001586938,-1.475807430,1.661117933,-0.743276397,-1.336319474,1.612176584,2.222008748,3.196732716,-0.000777467,-0.002030555,3.196712262
468,0,-21.874691216,-2.522808946,-2.021790103,-1.475644548,1.357045924,25.509209340,-21.885848195,-3.970867437,-0.356978450,-1.475776160,1.354917148,28.708853634,-0.011156979,-1.448058492,1.664811653,-0.672934183,-1.344133172,1.615258900,2.206489455,3.199648119,-0.000131612,-0.002128776,3.199644294
469,0,-21.406620745,-2.295403124,-2.018577049,-1.506476074,1.466588714,27.134746255,-21.431777466,-3.717841371,-0.350402324,-1.506798653,1.464775181,30.339356257,-0.025156721,-1.422438247,1.668174725,-0.713615598,-1.297362636,1.616902381,2.192434797,3.204618782,-0.000322579,-0.001813533,3.204610002
470,0,-20.925937734,-2.037668129,-2.034185403,-1.287642253,1.626848890,29.195306010,-20.967064901,-3.433812866,-0.362203947,-1.288555940,1.624624881,32.402150157,-0.041127167,-1.396144737,1.671981456,-0.764103971,-1.235517066,1.623599785,2.178631121,3.206870970,-0.000913687,-0.002224009,3.206844148
471,0,-20.436352740,-1.805428004,-2.038042897,-2.075884865,1.263998182,27.887238268,-20.491743854,-3.174698727,-0.361721132,-2.076617405,1.261519032,31.094968790,-0.055391114,-1.369270722,1.676321764,-0.726222041,-1.243727499,1.616715373,2.165184783,3.207747707,-0.000732541,-0.002479150,3.207730522
472,0,-19.928453728,-1.643913292,-2.032558354,-2.197854307,1.575792081,21.108253753,-19.994498359,-2.985062363,-0.351459370,-2.197901628,1.574092024,24.313692485,-0.066044631,-1.341149071,1.681098984,-0.590625850,-1.290344629,1.617191505,2.151542823,3.205440483,-0.000047322,-0.001700057,3.205438732
473,0,-19.412384967,-1.470078304,-2.041612902,-3.733960649,1.157127688,20.958989051,-19.489423707,-2.782753777,-0.356727016,-3.734393512,1.155072239,24.167858508,-0.077038739,-1.312675472,1.684885887,-0.575399818,-1.304715759,1.592018892,2.137262809,3.208878878,-0.000432863,-0.002055450,3.208869457
474,0,-18.898608728,-1.327940373,-2.035713627,-4.921544983,1.571240769,17.853638387,-18.984993628,-2.612347680,-0.346918334,-4.921818556,1.569770899,21.068159411,-0.086384900,-1.284407307,1.688795294,-0.522134415,-1.335369786,1.566319639,2.123486290,3.214528870,-0.000273573,-0.001469870,3.214521025
475,0,-18.518350677,-1.290024937,-2.050392378,-3.984706896,1.057722072,12.656024862,-18.607937831,-2.553390112,-0.358325460,-3.985099283,1.056039527,15.876068168,-0.089587154,-1.263365175,1.692066918,-0.395383448,-1.327203350,1.596687533,2.113577035,3.220051006,-0.000392387,-0.001682545,3.220043306
476,0,-17.980034887,-1.262225686,-2.043693328,-2.826275660,0.338447467,6.684424317,-18.072648467,-2.495557457,-0.348333835,-2.826933161,0.335907528,9.907815329,-0.092613580,-1.233331771,1.695359494,-0.245555117,-1.296215228,1.632010144,2.098553870,3.223395949,-0.000657502,-0.002539939,3.223391013
477,0,-17.447975539,-1.233166832,-2.022849825,-2.455589841,-0.544317408,6.012147296,-17.543727729,-2.436733080,-0.323131214,-2.455792242,-0.546359052,9.239056331,-0.095752190,-1.203566248,1.699718611,-0.205128931,-1.258738601,1.649327986,2.084894134,3.226907760,-0.000202401,-0.002041643,3.226909035
478,0,-16.926024680,-1.187603251,-2.019933342,-2.089287774,-0.830471228,7.886813269,-17.026172957,-2.362041501,-0.315079436,-2.089417411,-0.832146268,11.118014421,-0.100148277,-1.174438250,1.704853906,-0.235615960,-1.211107783,1.665402287,2.072646068,3.231199708,-0.000129637,-0.001675040,3.231201152
479,0,-16.383945874,-1.191549788,-2.005401456,-2.431881333,-0.212223492,3.559934058,-16.485411823,-2.335793806,-0.295942104,-2.431538312,-0.213998429,6.801304751,-0.101465948,-1.144244018,1.709459352,-0.165986244,-1.207274588,1.660354668,2.059573011,3.241372473,0.000343021,-0.001774936,3.241370693
480,0,-15.862543001,-1.208632644,-1.984356539,-2.714013324,-0.364721539,0.402657058,-15.964470777,-2.323709512,-0.271289651,-2.713934432,-0.366462820,3.652805108,-0.101927776,-1.115076868,1.713066889,-0.098854776,-1.194229553,1.659044112,2.046554142,3.250149021,0.000078892,-0.001741281,3.250148050
481,0,-15.335637941,-1.236284061,-1.981578284,-1.876975547,0.668219360,-0.898366770,-15.437478263,-2.321709033,-0.265157457,-1.876718698,0.666407323,2.363254561,-0.101840321,-1.085424972,1.716420827,-0.104821381,-1.142487773,1.678795235,2.033376324,3.261618853,0.000256849,-0.001812037,3.261621331
482,0,-14.815100284,-1.239483943,-1.968130742,-2.144331285,0.387531735,0.725640572,-14.918286866,-2.295589285,-0.248194689,-2.144787634,0.385477007,3.999405223,-0.103186582,-1.056105342,1.719936053,-0.128183715,-1.118298984,1.678440439,2.020936909,3.273768406,-0.000456349,-0.002054728,3.273764651
483,0,-14.275935717,-1.241217110,-1.967815169,-1.554915152,0.385938850,1.933065797,-14.380517022,-2.266480736,-0.243650916,-1.555110782,0.383754128,5.210454129,-0.104581305,-1.025263626,1.724164254,-0.150716504,-1.067535229,1.694844593,2.008692392,3.277390380,-0.000195631,-0.002184722,3.277388333
484,0,-13.748543688,-1.217988514,-1.959371249,-1.666765604,-0.497744893,4.413906808,-13.856159680,-2.213214962,-0.229974845,-1.665989776,-0.499137452,7.701412298,-0.107615992,-0.995226448,1.729396404,-0.168859953,-1.033922703,1.701575437,1.998216406,3.287512625,0.000775828,-0.001392559,3.287505490
485,0,-13.215588367,-1.174817736,-1.942472132,-1.539882333,-0.651948507,6.249693587,-13.327215891,-2.139608283,-0.209491727,-1.540120984,-0.654091096,9.547060480,-0.111627524,-0.964790547,1.732980405,-0.196260185,-0.993195842,1.709253213,1.986580627,3.297364878,-0.000238651,-0.002142588,3.297366893
486,0,-12.697855874,-1.117709826,-1.917406814,-1.397636069,-0.660072436,8.241030070,-12.814486643,-2.052769218,-0.179895194,-1.397960438,-0.662456722,11.546657929,-0.116630769,-0.935059391,1.737511619,-0.229422665,-0.950862706,1.717588654,1.976584283,3.305624991,-0.000324369,-0.002384286,3.305627859
487,0,-12.180744923,-1.039776081,-1.909600907,-1.441474141,-0.589266558,10.405829940,-12.303348410,-1.945169251,-0.166755345,-1.440400584,-0.591077019,13.715227788,-0.122603487,-0.905393170,1.742845562,-0.266179200,-0.911996801,1.723278715,1.967810728,3.309409575,0.001073556,-0.001810461,3.309397848
488,0,-11.664852449,-0.974352435,-1.889897004,-1.654310841,-0.154210622,9.128982808,-11.792791287,-1.850109238,-0.142966584,-1.654643634,-0.156042476,12.445082578,-0.127938838,-0.875756804,1.746930420,-0.260560942,-0.894466634,1.722533499,1.958337105,3.316099392,-0.000332793,-0.001831854,3.316099770
489,0,-11.103703653,-0.963089655,-1.890792631,-2.140745560,0.534074281,4.773222417,-11.233767909,-1.806533284,-0.140570896,-2.141830130,0.531553051,8.100344373,-0.130064256,-0.843443629,1.750221735,-0.216103426,-0.894422480,1.716070431,1.947200552,3.327133173,-0.001084570,-0.002521230,3.327121956
490,0,-10.579909456,-0.914032939,-1.880879547,-1.854968434,0.791766721,6.648858073,-10.714740526,-1.727143161,-0.125969523,-1.855294163,0.789543812,9.985316551,-0.134831069,-0.813110223,1.754910024,-0.252298000,-0.848313592,1.725035250,1.938823572,3.336463729,-0.000325730,-0.002222910,3.336458478
491,0,-10.033546064,-0.855079170,-1.887922830,-1.662578935,0.657049571,8.754815459,-10.173492501,-1.636472627,-0.128430194,-1.662757596,0.655747966,12.097917800,-0.139946438,-0.781393457,1.759492635,-0.277408948,-0.801632250,1.733898810,1.930278496,3.343104646,-0.000178660,-0.001301605,3.343102341
492,0,-9.506019680,-0.761562499,-1.886355888,-1.483355817,0.927043167,10.804067326,-9.653425917,-1.512487320,-0.121924110,-1.483085963,0.925201959,14.158773567,-0.147406237,-0.750924821,1.764431779,-0.314064754,-0.755293987,1.740612108,1.923235864,3.354702394,0.000269854,-0.001841207,3.354706240
493,0,-8.957269783,-0.751308529,-1.874463702,-1.671701899,1.188472017,5.596578309,-9.106997887,-1.470296826,-0.106485984,-1.672354258,1.185792822,8.964408120,-0.149728104,-0.718988298,1.767977718,-0.255755563,-0.752093458,1.741853154,1.914447150,3.367844455,-0.000652359,-0.002679195,3.367829811
494,0,-8.408794644,-0.698588529,-1.875887029,-1.722264616,0.824149363,6.705843877,-8.563567100,-1.385411724,-0.102929338,-1.722407863,0.822419989,10.079851844,-0.154772456,-0.686823195,1.772957691,-0.259392718,-0.716930397,1.748652570,1.907631932,3.374010471,-0.000143248,-0.001729374,3.374007967
495,0,-7.880913059,-0.627891851,-1.870271220,-1.667278372,0.902142228,8.666427865,-8.041739093,-1.283943485,-0.092810497,-1.667193824,0.899517665,12.053545255,-0.160826034,-0.656051634,1.777460724,-0.285798310,-0.675654611,1.754264962,1.901482417,3.387117078,0.000084548,-0.002624563,3.387117390
496,0,-7.329164444,-0.546482017,-1.888897058,-1.812061209,1.520941382,10.409204454,-7.496843300,-1.170237305,-0.107258425,-1.811907749,1.519275453,13.812750884,-0.167678856,-0.623755287,1.781638632,-0.324808614,-0.638987062,1.754314103,1.895105030,3.403542770,0.000153461,-0.001665928,3.403546430
497,0,-6.811049340,-0.444373467,-1.878310720,-1.698790066,1.316097084,12.392733713,-6.986682001,-1.037555466,-0.092872586,-1.699185145,1.314714131,15.803789316,-0.175632661,-0.593181999,1.785438133,-0.339773466,-0.594141823,1.761263901,1.889576948,3.411064975,-0.000395079,-0.001382954,3.411055603
498,0,-6.268223144,-0.406325412,-1.878735020,-1.688448687,1.090936052,8.471295939,-6.447990248,-0.967299810,-0.089507978,-1.689216101,1.089092571,11.895052350,-0.179767104,-0.560974398,1.789227042,-0.294463519,-0.580705863,1.767601151,1.883704301,3.423771591,-0.000767414,-0.001843481,3.423756410
499,0,-5.723536541,-0.401704892,-1.871393435,-2.017294287,0.911723319,4.493237672,-5.905623944,-0.930207538,-0.077916231,-2.016616834,0.909555567,7.933285070,-0.182087404,-0.528502646,1.793477203,-0.251440839,-0.575295263,1.770549128,1.878571625,3.440037380,0.000677453,-0.002167752,3.440047398
500,0,-5.183257932,-0.366607453,-1.877683903,-2.296628265,1.693049833,5.248878701,-5.369430026,-0.862934670,-0.080425310,-2.296871009,1.690822693,8.706376946,-0.186172094,-0.496327216,1.797258594,-0.283795734,-0.548548072,1.769094175,1.873803407,3.457506137,-0.000242744,-0.002227141,3.457498245
501,0,-4.636906469,-0.306917581,-1.883697053,-2.217181517,0.961464947,7.109358658,-4.828822317,-0.770601448,-0.082020032,-2.217039664,0.959293638,10.582282078,-0.191915848,-0.463683867,1.801677022,-0.278024657,-0.505571684,1.779037401,1.870260546,3.472921724,0.000141853,-0.002171309,3.472923420
502,0,-4.126334780,-0.234658291,-1.875980681,-2.273311854,1.283145675,8.918772650,-4.324538803,-0.667774803,-0.069783705,-2.273588703,1.281542400,12.404868348,-0.198204023,-0.433116512,1.806196976,-0.303336054,-0.468232544,1.782685555,1.867946001,3.486102273,-0.000276848,-0.001603275,3.486095698
503,0,-3.613512054,-0.153348004,-1.889845436,-2.234257236,0.498403920,10.730008848,-3.818362256,-0.555754010,-0.078626782,-2.233589262,0.497348751,14.236232259,-0.204850202,-0.402406006,1.811218654,-0.291933692,-0.427473772,1.793445874,1.866656693,3.506217829,0.000667974,-0.001055169,3.506223411
504,0,-3.115192409,-0.062313647,-1.886785208,-2.220866588,0.902540790,12.377929588,-3.327633985,-0.434866403,-0.072219108,-2.220867346,0.900278325,15.906481641,-0.212441575,-0.372552756,1.814566100,-0.315910197,-0.388248271,1.796118353,1.864558154,3.528552790,-0.000000758,-0.002262465,3.528552053
505,0,-2.532628123,0.073496345,-1.892235096,-1.717535939,2.072455052,14.491752392,-2.755691859,-0.264039587,-0.074326418,-1.717403856,2.070259730,18.049986944,-0.223063736,-0.337535931,1.817908678,-0.365976896,-0.324980813,1.796921890,1.862385539,3.558230457,0.000132082,-0.002195322,3.558234552
506,0,-1.869752164,0.188433407,-1.901638214,-2.433368675,1.668436411,11.482083810,-2.102246576,-0.108718486,-0.080410491,-2.433784672,1.667073558,15.065582843,-0.232494413,-0.297151893,1.821227724,-0.339897461,-0.321640722,1.800066744,1.859898739,3.583511423,-0.000415997,-0.001362853,3.583499033
507,0,-1.537987902,0.179884416,-1.907418257,-2.649953365,0.886865174,6.219846705,-1.771597560,-0.096751551,-0.082851231,-2.649940957,0.884865838,9.816240521,-0.233609657,-0.276635968,1.824567026,-0.290415700,-0.333589544,1.806798965,1.860146705,3.596394179,0.000012408,-0.001999336,3.596393816
508,0,-0.918811666,0.226545753,-1.902479511,-2.021526492,1.399577647,6.306751388,-1.157429303,-0.011822091,-0.074590291,-2.020751862,1.397197146,9.921465093,-0.238617637,-0.238367844,1.827889220,-0.307925854,-0.274814221,1.812345282,1.858745977,3.614695667,0.000774630,-0.002380502,3.614713704
509,0,-0.336802721,0.288792956,-1.907609624,-2.158723176,1.066090799,8.509572425,-0.581236344,0.086719161,-0.076418145,-2.159518858,1.064523204,12.136505946,-0.244433623,-0.202073796,1.831191479,-0.305668105,-0.232337901,1.818359139,1.858452003,3.626948741,-0.000795682,-0.001567594,3.626933521
510,0,0.009336253,0.265260263,-1.896253184,-2.135874290,-0.376988712,2.907600125,-0.235062615,0.084755456,-0.061764032,-2.138016107,-0.379489527,6.547645348,-0.244398868,-0.180504808,1.834489152,-0.241164648,-0.236189507,1.828583433,1.859479293,3.640032572,-0.002141817,-0.002500815,3.640045223
511,0,0.540610545,0.243027054,-1.888771098,-2.165278588,0.984408773,1.355065570,0.295156584,0.096386259,-0.048052162,-2.163245927,0.982726317,5.012329356,-0.245453961,-0.146640795,1.840718936,-0.280440530,-0.210069422,1.829541286,1.862792895,3.657229846,0.002032661,-0.001682456,3.657263786
512,0,1.078516269,0.249976841,-1.881119128,-2.152007000,0.918021093,2.908888041,0.830838131,0.137507257,-0.036763227,-2.151518372,0.916684704,6.571958054,-0.247678138,-0.112469583,1.844355901,-0.282584024,-0.168781029,1.835020924,1.864307527,3.663062465,0.000488628,-0.001336389,3.663070012
513,0,1.447076637,0.202776010,-1.883483446,-1.697489465,0.781386812,-2.196864255,1.200991415,0.113927869,-0.035829962,-1.691894005,0.779049879,1.475826682,-0.246085221,-0.088848141,1.847653484,-0.267673072,-0.152801916,1.840455929,1.866085562,3.672619747,0.005595460,-0.002336933,3.672690936
514,0,2.035024599,0.191304212,-1.875424838,-1.925964912,1.081513001,1.465552764,1.787635945,0.141989296,-0.023967482,-1.813270911,1.078837741,5.168514058,-0.247388654,-0.049314916,1.851457356,-0.283470687,-0.105002512,1.843948560,1.868562937,3.702552025,0.112694000,-0.002675260,3.702961293
515,0,2.546654934,0.216176405,-1.883225325,-1.881236777,1.103244816,3.655373730,2.294867096,0.225639265,-0.033999128,-1.797561199,1.091108697,7.248153715,-0.251787837,0.009462860,1.849226198,-0.286230942,-0.035053864,1.843900015,1.866312994,3.592172270,0.083675577,-0.012136120,3.592779986
516,0,3.051101892,0.255435669,-1.891464478,-1.839731004,1.674740949,6.254016872,2.795721405,0.294763755,-0.042443261,-1.835799331,1.673763048,9.837509805,-0.255380487,0.039328086,1.849021216,-0.303508488,0.007778644,1.842136651,1.866988310,3.583380349,0.003931673,-0.000977901,3.583492933
